Delivery_ID,Purchase_ID,Supplier_ID,Order_Date,Expected_Date,Actual_Date,Quantity,Delivery_Status
DEL-00001,PO-00001,SUP05,2024-01-01,2024-01-07,2024-01-07,200,On-Time
DEL-00002,PO-00002,SUP15,2024-01-01,2024-01-07,2024-01-07,500,On-Time
DEL-00003,PO-00003,SUP13,2024-01-01,2024-01-21,2024-01-21,15,On-Time
DEL-00004,PO-00004,SUP15,2024-01-01,2024-01-15,2024-01-15,80,On-Time
DEL-00005,PO-00005,SUP12,2024-01-01,2024-01-16,2024-01-16,100,On-Time
DEL-00006,PO-00006,SUP14,2024-01-01,2024-01-16,2024-01-16,50,On-Time
DEL-00007,PO-00007,SUP14,2024-01-01,2024-01-11,2024-01-16,60,Delayed
DEL-00008,PO-00008,SUP15,2024-01-01,2024-01-21,2024-01-20,50,On-Time
DEL-00009,PO-00009,SUP15,2024-01-01,2024-01-21,2024-01-21,40,On-Time
DEL-00010,PO-00010,SUP02,2024-01-01,2024-01-22,2024-01-22,60,On-Time
DEL-00011,PO-00011,SUP15,2024-01-01,2024-01-08,2024-01-07,300,On-Time
DEL-00012,PO-00012,SUP13,2024-01-01,2024-01-13,2024-01-11,100,On-Time
DEL-00013,PO-00013,SUP12,2024-01-01,2024-01-09,2024-01-08,400,On-Time
DEL-00014,PO-00014,SUP01,2024-01-01,2024-01-25,2024-01-25,40,On-Time
DEL-00015,PO-00015,SUP05,2024-01-01,2024-01-09,2024-01-09,300,On-Time
DEL-00016,PO-00016,SUP05,2024-01-01,2024-01-08,2024-01-08,300,On-Time
DEL-00017,PO-00017,SUP06,2024-01-01,2024-01-15,2024-01-15,150,On-Time
DEL-00018,PO-00018,SUP05,2024-01-01,2024-01-13,2024-01-11,40,On-Time
DEL-00019,PO-00019,SUP15,2024-01-01,2024-01-08,2024-01-08,300,On-Time
DEL-00020,PO-00020,SUP05,2024-01-02,2024-01-09,2024-01-12,300,Delayed
DEL-00021,PO-00021,SUP15,2024-01-02,2024-01-18,2024-01-20,10,Delayed
DEL-00022,PO-00022,SUP14,2024-01-02,2024-01-10,2024-01-10,400,On-Time
DEL-00023,PO-00023,SUP10,2024-01-02,2024-01-12,2024-01-12,500,On-Time
DEL-00024,PO-00024,SUP03,2024-01-02,2024-01-11,2024-01-11,250,On-Time
DEL-00025,PO-00025,SUP09,2024-01-02,2024-01-14,2024-01-21,60,Delayed
DEL-00026,PO-00026,SUP09,2024-01-02,2024-01-11,2024-01-11,40,On-Time
DEL-00027,PO-00027,SUP06,2024-01-02,2024-01-10,2024-01-10,40,On-Time
DEL-00028,PO-00028,SUP03,2024-01-02,2024-01-11,2024-01-11,300,On-Time
DEL-00029,PO-00029,SUP09,2024-01-02,2024-01-09,2024-01-09,100,On-Time
DEL-00030,PO-00030,SUP08,2024-01-02,2024-01-12,2024-01-12,200,On-Time
DEL-00031,PO-00031,SUP01,2024-01-02,2024-01-16,2024-01-16,40,On-Time
DEL-00032,PO-00032,SUP07,2024-01-02,2024-01-12,2024-01-12,120,On-Time
DEL-00033,PO-00033,SUP14,2024-01-02,2024-01-10,2024-01-10,60,On-Time
DEL-00034,PO-00034,SUP06,2024-01-02,2024-01-14,2024-01-14,250,On-Time
DEL-00035,PO-00035,SUP11,2024-01-03,2024-01-17,2024-01-17,200,On-Time
DEL-00036,PO-00036,SUP14,2024-01-03,2024-01-12,2024-01-12,100,On-Time
DEL-00037,PO-00037,SUP15,2024-01-03,2024-01-11,2024-01-11,50,On-Time
DEL-00038,PO-00038,SUP15,2024-01-03,2024-01-11,2024-01-20,60,Delayed
DEL-00039,PO-00039,SUP15,2024-01-03,2024-01-09,2024-01-09,200,On-Time
DEL-00040,PO-00040,SUP02,2024-01-03,2024-01-10,2024-01-10,300,On-Time
DEL-00041,PO-00041,SUP14,2024-01-03,2024-01-08,2024-01-08,500,On-Time
DEL-00042,PO-00042,SUP01,2024-01-03,2024-01-10,2024-01-10,400,On-Time
DEL-00043,PO-00043,SUP15,2024-01-03,2024-01-15,2024-01-19,200,Delayed
DEL-00044,PO-00044,SUP06,2024-01-03,2024-01-10,2024-01-09,100,On-Time
DEL-00045,PO-00045,SUP07,2024-01-03,2024-01-18,2024-01-18,100,On-Time
DEL-00046,PO-00046,SUP06,2024-01-03,2024-01-21,2024-01-21,100,On-Time
DEL-00047,PO-00047,SUP14,2024-01-04,2024-01-10,2024-01-10,200,On-Time
DEL-00048,PO-00048,SUP15,2024-01-04,2024-01-18,2024-01-18,100,On-Time
DEL-00049,PO-00049,SUP14,2024-01-04,2024-01-16,2024-01-15,150,On-Time
DEL-00050,PO-00050,SUP13,2024-01-04,2024-01-18,2024-01-18,100,On-Time
DEL-00051,PO-00051,SUP13,2024-01-04,2024-01-16,2024-01-16,400,On-Time
DEL-00052,PO-00052,SUP04,2024-01-04,2024-01-12,2024-01-12,120,On-Time
DEL-00053,PO-00053,SUP15,2024-01-04,2024-01-19,2024-01-17,100,On-Time
DEL-00054,PO-00054,SUP14,2024-01-04,2024-01-12,2024-01-12,150,On-Time
DEL-00055,PO-00055,SUP06,2024-01-04,2024-01-18,2024-01-18,60,On-Time
DEL-00056,PO-00056,SUP02,2024-01-05,2024-01-15,2024-01-15,200,On-Time
DEL-00057,PO-00057,SUP14,2024-01-05,2024-01-19,2024-01-23,100,Delayed
DEL-00058,PO-00058,SUP06,2024-01-05,2024-01-13,2024-01-13,60,On-Time
DEL-00059,PO-00059,SUP05,2024-01-05,2024-01-17,2024-01-17,100,On-Time
DEL-00060,PO-00060,SUP14,2024-01-05,2024-01-11,2024-01-11,500,On-Time
DEL-00061,PO-00061,SUP15,2024-01-05,2024-01-15,2024-01-15,400,On-Time
DEL-00062,PO-00062,SUP06,2024-01-05,2024-01-17,2024-01-15,400,On-Time
DEL-00063,PO-00063,SUP13,2024-01-05,2024-01-19,2024-01-18,100,On-Time
DEL-00064,PO-00064,SUP06,2024-01-05,2024-01-23,2024-01-23,40,On-Time
DEL-00065,PO-00065,SUP01,2024-01-05,2024-01-23,2024-01-23,50,On-Time
DEL-00066,PO-00066,SUP13,2024-01-06,2024-01-26,2024-01-26,30,On-Time
DEL-00067,PO-00067,SUP06,2024-01-06,2024-01-31,2024-01-31,15,On-Time
DEL-00068,PO-00068,SUP01,2024-01-06,2024-01-21,2024-01-21,80,On-Time
DEL-00069,PO-00069,SUP04,2024-01-06,2024-01-20,2024-01-19,50,On-Time
DEL-00070,PO-00070,SUP14,2024-01-06,2024-01-13,2024-01-12,500,On-Time
DEL-00071,PO-00071,SUP01,2024-01-06,2024-01-21,2024-01-21,50,On-Time
DEL-00072,PO-00072,SUP09,2024-01-06,2024-01-18,2024-01-18,120,On-Time
DEL-00073,PO-00073,SUP03,2024-01-06,2024-01-15,2024-01-15,200,On-Time
DEL-00074,PO-00074,SUP14,2024-01-06,2024-01-16,2024-01-16,40,On-Time
DEL-00075,PO-00075,SUP15,2024-01-06,2024-01-17,2024-01-17,300,On-Time
DEL-00076,PO-00076,SUP08,2024-01-06,2024-01-22,2024-01-22,20,On-Time
DEL-00077,PO-00077,SUP01,2024-01-07,2024-01-21,2024-01-21,30,On-Time
DEL-00078,PO-00078,SUP07,2024-01-07,2024-01-22,2024-01-20,100,On-Time
DEL-00079,PO-00079,SUP03,2024-01-07,2024-01-17,2024-01-17,250,On-Time
DEL-00080,PO-00080,SUP09,2024-01-07,2024-01-13,2024-01-13,100,On-Time
DEL-00081,PO-00081,SUP14,2024-01-07,2024-01-13,2024-01-11,300,On-Time
DEL-00082,PO-00082,SUP07,2024-01-07,2024-01-21,2024-02-02,400,Delayed
DEL-00083,PO-00083,SUP01,2024-01-07,2024-01-16,2024-01-16,250,On-Time
DEL-00084,PO-00084,SUP15,2024-01-07,2024-01-27,2024-02-04,40,Delayed
DEL-00085,PO-00085,SUP04,2024-01-07,2024-01-19,2024-01-19,400,On-Time
DEL-00086,PO-00086,SUP05,2024-01-07,2024-01-15,2024-01-14,200,On-Time
DEL-00087,PO-00087,SUP02,2024-01-07,2024-01-15,2024-01-15,40,On-Time
DEL-00088,PO-00088,SUP02,2024-01-07,2024-02-01,2024-02-01,40,On-Time
DEL-00089,PO-00089,SUP03,2024-01-07,2024-01-23,2024-01-23,100,On-Time
DEL-00090,PO-00090,SUP02,2024-01-07,2024-01-14,2024-01-14,150,On-Time
DEL-00091,PO-00091,SUP14,2024-01-07,2024-01-17,2024-01-16,40,On-Time
DEL-00092,PO-00092,SUP11,2024-01-07,2024-01-21,2024-01-21,400,On-Time
DEL-00093,PO-00093,SUP04,2024-01-07,2024-01-19,2024-01-19,250,On-Time
DEL-00094,PO-00094,SUP03,2024-01-07,2024-01-19,2024-01-19,100,On-Time
DEL-00095,PO-00095,SUP15,2024-01-07,2024-01-13,2024-01-18,300,Delayed
DEL-00096,PO-00096,SUP15,2024-01-08,2024-01-16,2024-01-16,80,On-Time
DEL-00097,PO-00097,SUP14,2024-01-08,2024-01-15,2024-01-15,250,On-Time
DEL-00098,PO-00098,SUP15,2024-01-08,2024-01-14,2024-01-14,500,On-Time
DEL-00099,PO-00099,SUP04,2024-01-08,2024-01-22,2024-01-22,40,On-Time
DEL-00100,PO-00100,SUP11,2024-01-08,2024-01-18,2024-01-18,400,On-Time
DEL-00101,PO-00101,SUP06,2024-01-08,2024-01-29,2024-01-28,40,On-Time
DEL-00102,PO-00102,SUP05,2024-01-08,2024-01-18,2024-01-18,80,On-Time
DEL-00103,PO-00103,SUP01,2024-01-08,2024-01-17,2024-01-15,500,On-Time
DEL-00104,PO-00104,SUP08,2024-01-08,2024-01-15,2024-01-15,400,On-Time
DEL-00105,PO-00105,SUP11,2024-01-08,2024-01-26,2024-01-26,120,On-Time
DEL-00106,PO-00106,SUP02,2024-01-08,2024-01-15,2024-01-15,500,On-Time
DEL-00107,PO-00107,SUP14,2024-01-08,2024-01-26,2024-01-28,20,Delayed
DEL-00108,PO-00108,SUP11,2024-01-08,2024-01-16,2024-01-16,100,On-Time
DEL-00109,PO-00109,SUP14,2024-01-08,2024-01-15,2024-01-15,150,On-Time
DEL-00110,PO-00110,SUP02,2024-01-09,2024-01-23,2024-01-23,200,On-Time
DEL-00111,PO-00111,SUP15,2024-01-09,2024-01-23,2024-01-23,500,On-Time
DEL-00112,PO-00112,SUP14,2024-01-09,2024-01-24,2024-01-24,50,On-Time
DEL-00113,PO-00113,SUP14,2024-01-09,2024-01-14,2024-01-18,100,Delayed
DEL-00114,PO-00114,SUP07,2024-01-09,2024-01-23,2024-01-23,150,On-Time
DEL-00115,PO-00115,SUP05,2024-01-09,2024-01-17,2024-01-15,400,On-Time
DEL-00116,PO-00116,SUP11,2024-01-09,2024-01-19,2024-01-19,250,On-Time
DEL-00117,PO-00117,SUP15,2024-01-09,2024-01-14,2024-01-14,100,On-Time
DEL-00118,PO-00118,SUP09,2024-01-09,2024-01-19,2024-01-18,120,On-Time
DEL-00119,PO-00119,SUP13,2024-01-09,2024-01-17,2024-01-17,80,On-Time
DEL-00120,PO-00120,SUP11,2024-01-10,2024-01-30,2024-01-30,100,On-Time
DEL-00121,PO-00121,SUP14,2024-01-10,2024-01-16,2024-01-24,150,Delayed
DEL-00122,PO-00122,SUP15,2024-01-10,2024-01-20,2024-02-05,120,Delayed
DEL-00123,PO-00123,SUP03,2024-01-10,2024-01-24,2024-01-24,50,On-Time
DEL-00124,PO-00124,SUP14,2024-01-10,2024-01-22,2024-01-22,40,On-Time
DEL-00125,PO-00125,SUP11,2024-01-10,2024-01-17,2024-01-17,500,On-Time
DEL-00126,PO-00126,SUP01,2024-01-10,2024-01-20,2024-01-20,400,On-Time
DEL-00127,PO-00127,SUP12,2024-01-10,2024-01-18,2024-01-18,100,On-Time
DEL-00128,PO-00128,SUP01,2024-01-10,2024-01-19,2024-01-19,250,On-Time
DEL-00129,PO-00129,SUP05,2024-01-10,2024-01-19,2024-01-19,40,On-Time
DEL-00130,PO-00130,SUP10,2024-01-10,2024-02-03,2024-02-03,10,On-Time
DEL-00131,PO-00131,SUP11,2024-01-10,2024-01-20,2024-01-20,200,On-Time
DEL-00132,PO-00132,SUP15,2024-01-10,2024-01-17,2024-01-21,250,Delayed
DEL-00133,PO-00133,SUP14,2024-01-10,2024-01-17,2024-01-17,150,On-Time
DEL-00134,PO-00134,SUP09,2024-01-10,2024-01-16,2024-01-16,250,On-Time
DEL-00135,PO-00135,SUP14,2024-01-10,2024-01-17,2024-01-17,100,On-Time
DEL-00136,PO-00136,SUP13,2024-01-10,2024-01-18,2024-01-18,50,On-Time
DEL-00137,PO-00137,SUP15,2024-01-11,2024-01-20,2024-01-20,60,On-Time
DEL-00138,PO-00138,SUP14,2024-01-11,2024-01-17,2024-01-17,500,On-Time
DEL-00139,PO-00139,SUP02,2024-01-11,2024-01-19,2024-01-19,40,On-Time
DEL-00140,PO-00140,SUP05,2024-01-11,2024-01-17,2024-01-17,400,On-Time
DEL-00141,PO-00141,SUP04,2024-01-11,2024-01-22,2024-01-22,300,On-Time
DEL-00142,PO-00142,SUP14,2024-01-11,2024-01-19,2024-01-20,150,Delayed
DEL-00143,PO-00143,SUP06,2024-01-11,2024-01-26,2024-01-26,40,On-Time
DEL-00144,PO-00144,SUP12,2024-01-11,2024-01-18,2024-01-18,250,On-Time
DEL-00145,PO-00145,SUP14,2024-01-11,2024-01-19,2024-01-19,300,On-Time
DEL-00146,PO-00146,SUP12,2024-01-11,2024-01-19,2024-01-19,120,On-Time
DEL-00147,PO-00147,SUP15,2024-01-11,2024-01-17,2024-01-17,200,On-Time
DEL-00148,PO-00148,SUP06,2024-01-12,2024-01-22,2024-01-22,200,On-Time
DEL-00149,PO-00149,SUP06,2024-01-12,2024-01-30,2024-01-30,100,On-Time
DEL-00150,PO-00150,SUP10,2024-01-12,2024-01-22,2024-01-21,300,On-Time
DEL-00151,PO-00151,SUP15,2024-01-12,2024-01-23,2024-01-23,150,On-Time
DEL-00152,PO-00152,SUP05,2024-01-12,2024-01-20,2024-01-19,200,On-Time
DEL-00153,PO-00153,SUP02,2024-01-12,2024-01-22,2024-01-21,300,On-Time
DEL-00154,PO-00154,SUP07,2024-01-12,2024-01-24,2024-02-03,250,Delayed
DEL-00155,PO-00155,SUP15,2024-01-12,2024-01-21,2024-01-19,80,On-Time
DEL-00156,PO-00156,SUP05,2024-01-12,2024-01-21,2024-01-21,50,On-Time
DEL-00157,PO-00157,SUP03,2024-01-12,2024-01-21,2024-01-27,200,Delayed
DEL-00158,PO-00158,SUP14,2024-01-12,2024-01-26,2024-01-26,100,On-Time
DEL-00159,PO-00159,SUP15,2024-01-12,2024-01-27,2024-01-27,60,On-Time
DEL-00160,PO-00160,SUP02,2024-01-12,2024-01-26,2024-01-26,150,On-Time
DEL-00161,PO-00161,SUP14,2024-01-12,2024-01-20,2024-01-20,300,On-Time
DEL-00162,PO-00162,SUP15,2024-01-12,2024-01-18,2024-01-18,250,On-Time
DEL-00163,PO-00163,SUP01,2024-01-12,2024-01-26,2024-01-26,10,On-Time
DEL-00164,PO-00164,SUP14,2024-01-12,2024-01-24,2024-01-24,500,On-Time
DEL-00165,PO-00165,SUP01,2024-01-12,2024-02-09,2024-02-09,30,On-Time
DEL-00166,PO-00166,SUP05,2024-01-12,2024-01-19,2024-01-19,250,On-Time
DEL-00167,PO-00167,SUP04,2024-01-12,2024-01-23,2024-02-01,150,Delayed
DEL-00168,PO-00168,SUP03,2024-01-12,2024-01-21,2024-01-21,200,On-Time
DEL-00169,PO-00169,SUP15,2024-01-12,2024-02-02,2024-02-03,50,Delayed
DEL-00170,PO-00170,SUP14,2024-01-12,2024-01-30,2024-02-04,30,Delayed
DEL-00171,PO-00171,SUP15,2024-01-12,2024-02-01,2024-02-01,50,On-Time
DEL-00172,PO-00172,SUP11,2024-01-13,2024-01-25,2024-01-25,400,On-Time
DEL-00173,PO-00173,SUP07,2024-01-13,2024-01-29,2024-01-29,20,On-Time
DEL-00174,PO-00174,SUP13,2024-01-13,2024-01-24,2024-01-24,500,On-Time
DEL-00175,PO-00175,SUP01,2024-01-13,2024-01-23,2024-01-23,400,On-Time
DEL-00176,PO-00176,SUP15,2024-01-13,2024-02-02,2024-02-03,80,Delayed
DEL-00177,PO-00177,SUP15,2024-01-13,2024-01-20,2024-01-20,400,On-Time
DEL-00178,PO-00178,SUP06,2024-01-13,2024-01-29,2024-01-29,40,On-Time
DEL-00179,PO-00179,SUP13,2024-01-13,2024-01-27,2024-01-28,500,Delayed
DEL-00180,PO-00180,SUP15,2024-01-13,2024-01-22,2024-01-23,50,Delayed
DEL-00181,PO-00181,SUP15,2024-01-13,2024-01-18,2024-01-18,100,On-Time
DEL-00182,PO-00182,SUP13,2024-01-13,2024-01-23,2024-01-25,40,Delayed
DEL-00183,PO-00183,SUP15,2024-01-13,2024-01-27,2024-01-25,300,On-Time
DEL-00184,PO-00184,SUP12,2024-01-13,2024-01-28,2024-01-28,40,On-Time
DEL-00185,PO-00185,SUP07,2024-01-13,2024-01-23,2024-01-23,120,On-Time
DEL-00186,PO-00186,SUP06,2024-01-13,2024-01-20,2024-01-20,150,On-Time
DEL-00187,PO-00187,SUP14,2024-01-13,2024-01-18,2024-01-18,250,On-Time
DEL-00188,PO-00188,SUP15,2024-01-13,2024-01-25,2024-01-25,400,On-Time
DEL-00189,PO-00189,SUP11,2024-01-13,2024-01-25,2024-01-25,400,On-Time
DEL-00190,PO-00190,SUP03,2024-01-13,2024-02-06,2024-02-06,40,On-Time
DEL-00191,PO-00191,SUP05,2024-01-13,2024-01-18,2024-01-18,300,On-Time
DEL-00192,PO-00192,SUP08,2024-01-14,2024-01-23,2024-01-21,500,On-Time
DEL-00193,PO-00193,SUP12,2024-01-14,2024-01-21,2024-01-21,100,On-Time
DEL-00194,PO-00194,SUP06,2024-01-14,2024-01-24,2024-01-22,150,On-Time
DEL-00195,PO-00195,SUP01,2024-01-14,2024-01-29,2024-01-29,100,On-Time
DEL-00196,PO-00196,SUP14,2024-01-14,2024-01-29,2024-01-29,120,On-Time
DEL-00197,PO-00197,SUP14,2024-01-14,2024-01-19,2024-01-19,400,On-Time
DEL-00198,PO-00198,SUP08,2024-01-14,2024-02-05,2024-02-05,10,On-Time
DEL-00199,PO-00199,SUP14,2024-01-14,2024-01-24,2024-01-23,40,On-Time
DEL-00200,PO-00200,SUP01,2024-01-14,2024-02-01,2024-02-03,50,Delayed
DEL-00201,PO-00201,SUP01,2024-01-14,2024-01-22,2024-01-24,400,Delayed
DEL-00202,PO-00202,SUP13,2024-01-14,2024-01-28,2024-01-28,60,On-Time
DEL-00203,PO-00203,SUP15,2024-01-14,2024-01-29,2024-01-29,60,On-Time
DEL-00204,PO-00204,SUP14,2024-01-14,2024-01-19,2024-01-18,300,On-Time
DEL-00205,PO-00205,SUP15,2024-01-14,2024-01-24,2024-01-24,60,On-Time
DEL-00206,PO-00206,SUP08,2024-01-14,2024-01-24,2024-01-24,250,On-Time
DEL-00207,PO-00207,SUP12,2024-01-15,2024-01-23,2024-01-27,40,Delayed
DEL-00208,PO-00208,SUP01,2024-01-15,2024-01-22,2024-01-22,200,On-Time
DEL-00209,PO-00209,SUP15,2024-01-15,2024-01-23,2024-01-23,200,On-Time
DEL-00210,PO-00210,SUP15,2024-01-15,2024-02-02,2024-02-02,10,On-Time
DEL-00211,PO-00211,SUP05,2024-01-15,2024-01-23,2024-02-03,250,Delayed
DEL-00212,PO-00212,SUP15,2024-01-15,2024-01-27,2024-01-27,300,On-Time
DEL-00213,PO-00213,SUP07,2024-01-15,2024-01-29,2024-01-29,50,On-Time
DEL-00214,PO-00214,SUP15,2024-01-15,2024-01-23,2024-01-23,100,On-Time
DEL-00215,PO-00215,SUP05,2024-01-15,2024-01-25,2024-01-24,50,On-Time
DEL-00216,PO-00216,SUP14,2024-01-15,2024-01-27,2024-01-27,100,On-Time
DEL-00217,PO-00217,SUP14,2024-01-15,2024-01-20,2024-01-20,250,On-Time
DEL-00218,PO-00218,SUP08,2024-01-16,2024-01-28,2024-01-28,100,On-Time
DEL-00219,PO-00219,SUP14,2024-01-16,2024-01-27,2024-01-27,500,On-Time
DEL-00220,PO-00220,SUP15,2024-01-16,2024-01-21,2024-01-21,500,On-Time
DEL-00221,PO-00221,SUP10,2024-01-16,2024-02-01,2024-02-01,50,On-Time
DEL-00222,PO-00222,SUP01,2024-01-16,2024-02-01,2024-01-30,30,On-Time
DEL-00223,PO-00223,SUP10,2024-01-16,2024-01-30,2024-01-30,50,On-Time
DEL-00224,PO-00224,SUP06,2024-01-16,2024-01-23,2024-01-23,100,On-Time
DEL-00225,PO-00225,SUP02,2024-01-16,2024-02-10,2024-02-10,10,On-Time
DEL-00226,PO-00226,SUP11,2024-01-16,2024-02-03,2024-02-03,100,On-Time
DEL-00227,PO-00227,SUP01,2024-01-16,2024-01-25,2024-01-25,200,On-Time
DEL-00228,PO-00228,SUP15,2024-01-16,2024-01-21,2024-01-21,250,On-Time
DEL-00229,PO-00229,SUP07,2024-01-16,2024-01-28,2024-01-28,250,On-Time
DEL-00230,PO-00230,SUP13,2024-01-16,2024-01-30,2024-02-05,400,Delayed
DEL-00231,PO-00231,SUP15,2024-01-16,2024-02-05,2024-02-05,40,On-Time
DEL-00232,PO-00232,SUP15,2024-01-16,2024-01-21,2024-01-20,250,On-Time
DEL-00233,PO-00233,SUP06,2024-01-17,2024-02-02,2024-02-02,120,On-Time
DEL-00234,PO-00234,SUP13,2024-01-17,2024-01-28,2024-01-31,200,Delayed
DEL-00235,PO-00235,SUP08,2024-01-17,2024-01-24,2024-01-24,200,On-Time
DEL-00236,PO-00236,SUP04,2024-01-17,2024-01-31,2024-02-04,150,Delayed
DEL-00237,PO-00237,SUP15,2024-01-17,2024-01-28,2024-01-31,200,Delayed
DEL-00238,PO-00238,SUP01,2024-01-17,2024-01-27,2024-01-27,300,On-Time
DEL-00239,PO-00239,SUP08,2024-01-17,2024-02-02,2024-02-01,20,On-Time
DEL-00240,PO-00240,SUP08,2024-01-17,2024-01-27,2024-01-27,60,On-Time
DEL-00241,PO-00241,SUP15,2024-01-17,2024-01-23,2024-01-23,150,On-Time
DEL-00242,PO-00242,SUP02,2024-01-17,2024-01-29,2024-01-29,200,On-Time
DEL-00243,PO-00243,SUP15,2024-01-17,2024-01-31,2024-01-31,200,On-Time
DEL-00244,PO-00244,SUP15,2024-01-17,2024-01-24,2024-01-24,400,On-Time
DEL-00245,PO-00245,SUP04,2024-01-17,2024-01-31,2024-01-31,80,On-Time
DEL-00246,PO-00246,SUP08,2024-01-17,2024-01-29,2024-01-29,80,On-Time
DEL-00247,PO-00247,SUP09,2024-01-17,2024-01-23,2024-01-22,100,On-Time
DEL-00248,PO-00248,SUP12,2024-01-17,2024-02-01,2024-02-01,100,On-Time
DEL-00249,PO-00249,SUP07,2024-01-17,2024-01-31,2024-01-31,60,On-Time
DEL-00250,PO-00250,SUP01,2024-01-17,2024-01-24,2024-01-24,250,On-Time
DEL-00251,PO-00251,SUP08,2024-01-17,2024-01-29,2024-01-29,80,On-Time
DEL-00252,PO-00252,SUP08,2024-01-18,2024-01-27,2024-01-27,200,On-Time
DEL-00253,PO-00253,SUP04,2024-01-18,2024-02-02,2024-02-02,120,On-Time
DEL-00254,PO-00254,SUP15,2024-01-18,2024-01-25,2024-01-25,200,On-Time
DEL-00255,PO-00255,SUP04,2024-01-18,2024-02-07,2024-02-06,30,On-Time
DEL-00256,PO-00256,SUP15,2024-01-18,2024-01-30,2024-02-07,100,Delayed
DEL-00257,PO-00257,SUP06,2024-01-18,2024-02-15,2024-02-15,30,On-Time
DEL-00258,PO-00258,SUP09,2024-01-18,2024-01-27,2024-01-27,100,On-Time
DEL-00259,PO-00259,SUP05,2024-01-18,2024-01-25,2024-01-25,100,On-Time
DEL-00260,PO-00260,SUP12,2024-01-19,2024-01-26,2024-01-26,400,On-Time
DEL-00261,PO-00261,SUP10,2024-01-19,2024-01-28,2024-01-30,100,Delayed
DEL-00262,PO-00262,SUP15,2024-01-19,2024-01-25,2024-01-25,150,On-Time
DEL-00263,PO-00263,SUP02,2024-01-19,2024-02-02,2024-02-02,200,On-Time
DEL-00264,PO-00264,SUP08,2024-01-19,2024-01-27,2024-01-27,250,On-Time
DEL-00265,PO-00265,SUP07,2024-01-19,2024-01-31,2024-01-31,300,On-Time
DEL-00266,PO-00266,SUP11,2024-01-19,2024-02-06,2024-02-06,120,On-Time
DEL-00267,PO-00267,SUP14,2024-01-19,2024-01-24,2024-01-24,500,On-Time
DEL-00268,PO-00268,SUP05,2024-01-19,2024-01-31,2024-01-31,80,On-Time
DEL-00269,PO-00269,SUP09,2024-01-19,2024-01-25,2024-01-25,500,On-Time
DEL-00270,PO-00270,SUP01,2024-01-19,2024-01-28,2024-01-28,300,On-Time
DEL-00271,PO-00271,SUP15,2024-01-19,2024-02-08,2024-02-09,40,Delayed
DEL-00272,PO-00272,SUP09,2024-01-19,2024-01-26,2024-01-27,250,Delayed
DEL-00273,PO-00273,SUP14,2024-01-19,2024-01-28,2024-01-28,50,On-Time
DEL-00274,PO-00274,SUP15,2024-01-19,2024-01-29,2024-01-29,40,On-Time
DEL-00275,PO-00275,SUP06,2024-01-19,2024-02-08,2024-02-08,80,On-Time
DEL-00276,PO-00276,SUP09,2024-01-19,2024-01-24,2024-01-24,400,On-Time
DEL-00277,PO-00277,SUP11,2024-01-19,2024-02-03,2024-02-03,100,On-Time
DEL-00278,PO-00278,SUP03,2024-01-19,2024-01-29,2024-01-29,300,On-Time
DEL-00279,PO-00279,SUP14,2024-01-20,2024-01-26,2024-01-25,500,On-Time
DEL-00280,PO-00280,SUP01,2024-01-20,2024-01-28,2024-01-28,120,On-Time
DEL-00281,PO-00281,SUP01,2024-01-20,2024-02-01,2024-02-01,500,On-Time
DEL-00282,PO-00282,SUP11,2024-01-20,2024-01-27,2024-01-27,500,On-Time
DEL-00283,PO-00283,SUP15,2024-01-20,2024-01-28,2024-02-04,80,Delayed
DEL-00284,PO-00284,SUP14,2024-01-20,2024-01-27,2024-01-27,200,On-Time
DEL-00285,PO-00285,SUP02,2024-01-20,2024-02-07,2024-02-07,50,On-Time
DEL-00286,PO-00286,SUP01,2024-01-20,2024-02-03,2024-02-03,100,On-Time
DEL-00287,PO-00287,SUP01,2024-01-20,2024-01-30,2024-01-30,500,On-Time
DEL-00288,PO-00288,SUP09,2024-01-20,2024-02-01,2024-01-30,120,On-Time
DEL-00289,PO-00289,SUP14,2024-01-20,2024-01-31,2024-01-31,500,On-Time
DEL-00290,PO-00290,SUP15,2024-01-20,2024-01-25,2024-01-25,300,On-Time
DEL-00291,PO-00291,SUP01,2024-01-20,2024-01-28,2024-01-28,200,On-Time
DEL-00292,PO-00292,SUP15,2024-01-20,2024-02-09,2024-02-09,100,On-Time
DEL-00293,PO-00293,SUP15,2024-01-20,2024-01-25,2024-01-25,150,On-Time
DEL-00294,PO-00294,SUP05,2024-01-21,2024-01-26,2024-01-26,150,On-Time
DEL-00295,PO-00295,SUP14,2024-01-21,2024-01-27,2024-01-27,150,On-Time
DEL-00296,PO-00296,SUP13,2024-01-21,2024-01-31,2024-01-31,40,On-Time
DEL-00297,PO-00297,SUP01,2024-01-21,2024-02-04,2024-02-04,40,On-Time
DEL-00298,PO-00298,SUP10,2024-01-21,2024-02-02,2024-02-05,60,Delayed
DEL-00299,PO-00299,SUP15,2024-01-21,2024-01-27,2024-02-01,250,Delayed
DEL-00300,PO-00300,SUP13,2024-01-21,2024-02-10,2024-02-10,10,On-Time
DEL-00301,PO-00301,SUP14,2024-01-21,2024-01-27,2024-01-27,250,On-Time
DEL-00302,PO-00302,SUP15,2024-01-21,2024-02-04,2024-02-04,150,On-Time
DEL-00303,PO-00303,SUP05,2024-01-21,2024-01-27,2024-01-27,100,On-Time
DEL-00304,PO-00304,SUP15,2024-01-21,2024-01-28,2024-01-27,400,On-Time
DEL-00305,PO-00305,SUP06,2024-01-21,2024-01-31,2024-01-31,400,On-Time
DEL-00306,PO-00306,SUP06,2024-01-21,2024-02-04,2024-02-04,80,On-Time
DEL-00307,PO-00307,SUP08,2024-01-21,2024-02-02,2024-02-02,120,On-Time
DEL-00308,PO-00308,SUP03,2024-01-21,2024-02-06,2024-02-06,120,On-Time
DEL-00309,PO-00309,SUP04,2024-01-22,2024-02-02,2024-02-02,400,On-Time
DEL-00310,PO-00310,SUP03,2024-01-22,2024-02-09,2024-02-09,50,On-Time
DEL-00311,PO-00311,SUP14,2024-01-22,2024-02-09,2024-02-11,30,Delayed
DEL-00312,PO-00312,SUP01,2024-01-22,2024-02-01,2024-02-01,300,On-Time
DEL-00313,PO-00313,SUP15,2024-01-22,2024-02-06,2024-02-06,80,On-Time
DEL-00314,PO-00314,SUP08,2024-01-22,2024-02-05,2024-02-11,60,Delayed
DEL-00315,PO-00315,SUP13,2024-01-22,2024-02-05,2024-02-05,50,On-Time
DEL-00316,PO-00316,SUP15,2024-01-22,2024-02-06,2024-02-06,50,On-Time
DEL-00317,PO-00317,SUP09,2024-01-22,2024-01-28,2024-01-28,300,On-Time
DEL-00318,PO-00318,SUP15,2024-01-22,2024-02-03,2024-02-04,400,Delayed
DEL-00319,PO-00319,SUP04,2024-01-22,2024-02-06,2024-02-06,60,On-Time
DEL-00320,PO-00320,SUP13,2024-01-22,2024-02-01,2024-01-31,50,On-Time
DEL-00321,PO-00321,SUP09,2024-01-22,2024-01-28,2024-01-28,300,On-Time
DEL-00322,PO-00322,SUP14,2024-01-22,2024-01-28,2024-01-28,200,On-Time
DEL-00323,PO-00323,SUP13,2024-01-22,2024-02-02,2024-02-05,500,Delayed
DEL-00324,PO-00324,SUP05,2024-01-22,2024-01-27,2024-01-27,100,On-Time
DEL-00325,PO-00325,SUP14,2024-01-22,2024-01-30,2024-01-30,250,On-Time
DEL-00326,PO-00326,SUP09,2024-01-22,2024-01-30,2024-01-30,400,On-Time
DEL-00327,PO-00327,SUP14,2024-01-23,2024-01-29,2024-01-29,150,On-Time
DEL-00328,PO-00328,SUP15,2024-01-23,2024-02-06,2024-02-06,400,On-Time
DEL-00329,PO-00329,SUP07,2024-01-23,2024-02-03,2024-02-03,500,On-Time
DEL-00330,PO-00330,SUP15,2024-01-23,2024-01-31,2024-02-04,80,Delayed
DEL-00331,PO-00331,SUP05,2024-01-23,2024-01-28,2024-01-28,150,On-Time
DEL-00332,PO-00332,SUP08,2024-01-23,2024-02-16,2024-02-16,20,On-Time
DEL-00333,PO-00333,SUP10,2024-01-23,2024-02-06,2024-02-07,80,Delayed
DEL-00334,PO-00334,SUP15,2024-01-23,2024-02-13,2024-02-13,80,On-Time
DEL-00335,PO-00335,SUP13,2024-01-23,2024-02-06,2024-02-06,100,On-Time
DEL-00336,PO-00336,SUP05,2024-01-23,2024-01-28,2024-01-28,400,On-Time
DEL-00337,PO-00337,SUP14,2024-01-23,2024-01-31,2024-01-31,250,On-Time
DEL-00338,PO-00338,SUP11,2024-01-23,2024-02-12,2024-02-12,120,On-Time
DEL-00339,PO-00339,SUP14,2024-01-23,2024-01-31,2024-01-31,120,On-Time
DEL-00340,PO-00340,SUP06,2024-01-23,2024-01-30,2024-01-30,400,On-Time
DEL-00341,PO-00341,SUP04,2024-01-24,2024-02-07,2024-02-07,300,On-Time
DEL-00342,PO-00342,SUP06,2024-01-24,2024-02-11,2024-02-11,60,On-Time
DEL-00343,PO-00343,SUP14,2024-01-24,2024-02-03,2024-02-03,40,On-Time
DEL-00344,PO-00344,SUP13,2024-01-24,2024-02-01,2024-02-01,120,On-Time
DEL-00345,PO-00345,SUP11,2024-01-24,2024-02-03,2024-02-03,250,On-Time
DEL-00346,PO-00346,SUP11,2024-01-24,2024-02-11,2024-02-11,60,On-Time
DEL-00347,PO-00347,SUP06,2024-01-25,2024-02-08,2024-02-07,500,On-Time
DEL-00348,PO-00348,SUP15,2024-01-25,2024-02-02,2024-02-05,100,Delayed
DEL-00349,PO-00349,SUP14,2024-01-25,2024-02-06,2024-02-06,80,On-Time
DEL-00350,PO-00350,SUP06,2024-01-25,2024-02-03,2024-02-03,100,On-Time
DEL-00351,PO-00351,SUP07,2024-01-25,2024-02-08,2024-02-08,40,On-Time
DEL-00352,PO-00352,SUP02,2024-01-25,2024-02-12,2024-02-12,50,On-Time
DEL-00353,PO-00353,SUP01,2024-01-25,2024-02-15,2024-02-15,80,On-Time
DEL-00354,PO-00354,SUP15,2024-01-25,2024-02-15,2024-02-15,80,On-Time
DEL-00355,PO-00355,SUP15,2024-01-25,2024-01-30,2024-02-02,300,Delayed
DEL-00356,PO-00356,SUP15,2024-01-25,2024-02-14,2024-02-14,100,On-Time
DEL-00357,PO-00357,SUP01,2024-01-25,2024-02-02,2024-02-01,100,On-Time
DEL-00358,PO-00358,SUP11,2024-01-25,2024-02-04,2024-02-04,100,On-Time
DEL-00359,PO-00359,SUP15,2024-01-25,2024-02-01,2024-02-04,150,Delayed
DEL-00360,PO-00360,SUP10,2024-01-25,2024-02-08,2024-02-07,120,On-Time
DEL-00361,PO-00361,SUP14,2024-01-25,2024-02-01,2024-02-01,500,On-Time
DEL-00362,PO-00362,SUP02,2024-01-25,2024-02-14,2024-02-13,100,On-Time
DEL-00363,PO-00363,SUP14,2024-01-25,2024-02-01,2024-02-01,150,On-Time
DEL-00364,PO-00364,SUP14,2024-01-25,2024-02-01,2024-02-01,200,On-Time
DEL-00365,PO-00365,SUP05,2024-01-25,2024-01-31,2024-01-31,400,On-Time
DEL-00366,PO-00366,SUP04,2024-01-26,2024-02-09,2024-02-07,100,On-Time
DEL-00367,PO-00367,SUP05,2024-01-26,2024-02-02,2024-02-02,100,On-Time
DEL-00368,PO-00368,SUP01,2024-01-26,2024-02-04,2024-02-04,150,On-Time
DEL-00369,PO-00369,SUP02,2024-01-26,2024-02-02,2024-02-02,100,On-Time
DEL-00370,PO-00370,SUP15,2024-01-26,2024-02-07,2024-02-14,80,Delayed
DEL-00371,PO-00371,SUP03,2024-01-26,2024-02-05,2024-02-05,250,On-Time
DEL-00372,PO-00372,SUP08,2024-01-26,2024-02-10,2024-02-09,80,On-Time
DEL-00373,PO-00373,SUP01,2024-01-26,2024-02-10,2024-02-10,60,On-Time
DEL-00374,PO-00374,SUP14,2024-01-26,2024-02-05,2024-02-05,60,On-Time
DEL-00375,PO-00375,SUP14,2024-01-26,2024-02-02,2024-02-02,500,On-Time
DEL-00376,PO-00376,SUP09,2024-01-26,2024-02-02,2024-02-02,100,On-Time
DEL-00377,PO-00377,SUP06,2024-01-26,2024-02-02,2024-02-02,250,On-Time
DEL-00378,PO-00378,SUP01,2024-01-26,2024-02-05,2024-02-05,300,On-Time
DEL-00379,PO-00379,SUP15,2024-01-26,2024-02-03,2024-02-02,100,On-Time
DEL-00380,PO-00380,SUP09,2024-01-26,2024-01-31,2024-01-30,400,On-Time
DEL-00381,PO-00381,SUP04,2024-01-27,2024-02-10,2024-02-10,300,On-Time
DEL-00382,PO-00382,SUP09,2024-01-27,2024-02-01,2024-02-01,250,On-Time
DEL-00383,PO-00383,SUP14,2024-01-27,2024-02-04,2024-02-04,400,On-Time
DEL-00384,PO-00384,SUP03,2024-01-27,2024-02-06,2024-02-06,500,On-Time
DEL-00385,PO-00385,SUP01,2024-01-27,2024-02-08,2024-02-08,150,On-Time
DEL-00386,PO-00386,SUP12,2024-01-27,2024-02-03,2024-02-03,250,On-Time
DEL-00387,PO-00387,SUP01,2024-01-27,2024-02-11,2024-02-11,50,On-Time
DEL-00388,PO-00388,SUP14,2024-01-27,2024-02-08,2024-02-18,100,Delayed
DEL-00389,PO-00389,SUP15,2024-01-27,2024-02-16,2024-02-23,10,Delayed
DEL-00390,PO-00390,SUP12,2024-01-27,2024-02-04,2024-02-04,100,On-Time
DEL-00391,PO-00391,SUP03,2024-01-28,2024-02-13,2024-02-17,40,Delayed
DEL-00392,PO-00392,SUP11,2024-01-28,2024-02-11,2024-02-11,300,On-Time
DEL-00393,PO-00393,SUP08,2024-01-28,2024-02-06,2024-02-06,200,On-Time
DEL-00394,PO-00394,SUP15,2024-01-28,2024-02-18,2024-03-05,100,Delayed
DEL-00395,PO-00395,SUP07,2024-01-28,2024-02-11,2024-02-11,100,On-Time
DEL-00396,PO-00396,SUP07,2024-01-28,2024-02-07,2024-02-07,40,On-Time
DEL-00397,PO-00397,SUP05,2024-01-28,2024-02-09,2024-02-09,120,On-Time
DEL-00398,PO-00398,SUP12,2024-01-28,2024-02-05,2024-02-04,120,On-Time
DEL-00399,PO-00399,SUP15,2024-01-28,2024-02-07,2024-02-06,100,On-Time
DEL-00400,PO-00400,SUP06,2024-01-28,2024-02-25,2024-02-25,20,On-Time
DEL-00401,PO-00401,SUP14,2024-01-28,2024-02-07,2024-02-07,60,On-Time
DEL-00402,PO-00402,SUP09,2024-01-28,2024-02-07,2024-02-07,50,On-Time
DEL-00403,PO-00403,SUP14,2024-01-28,2024-02-12,2024-02-18,60,Delayed
DEL-00404,PO-00404,SUP09,2024-01-29,2024-02-04,2024-02-04,300,On-Time
DEL-00405,PO-00405,SUP05,2024-01-29,2024-02-06,2024-02-06,150,On-Time
DEL-00406,PO-00406,SUP13,2024-01-29,2024-02-08,2024-02-08,80,On-Time
DEL-00407,PO-00407,SUP07,2024-01-29,2024-02-06,2024-02-06,40,On-Time
DEL-00408,PO-00408,SUP03,2024-01-29,2024-02-10,2024-02-10,50,On-Time
DEL-00409,PO-00409,SUP12,2024-01-29,2024-02-14,2024-02-14,10,On-Time
DEL-00410,PO-00410,SUP06,2024-01-29,2024-02-19,2024-02-19,120,On-Time
DEL-00411,PO-00411,SUP07,2024-01-29,2024-02-13,2024-02-12,40,On-Time
DEL-00412,PO-00412,SUP02,2024-01-29,2024-02-10,2024-02-10,200,On-Time
DEL-00413,PO-00413,SUP02,2024-01-29,2024-02-05,2024-02-05,500,On-Time
DEL-00414,PO-00414,SUP07,2024-01-29,2024-02-06,2024-02-06,50,On-Time
DEL-00415,PO-00415,SUP13,2024-01-29,2024-02-13,2024-02-13,40,On-Time
DEL-00416,PO-00416,SUP11,2024-01-29,2024-02-05,2024-02-04,300,On-Time
DEL-00417,PO-00417,SUP06,2024-01-29,2024-02-10,2024-02-10,60,On-Time
DEL-00418,PO-00418,SUP06,2024-01-29,2024-02-10,2024-02-09,100,On-Time
DEL-00419,PO-00419,SUP10,2024-01-29,2024-02-12,2024-02-12,60,On-Time
DEL-00420,PO-00420,SUP15,2024-01-29,2024-02-04,2024-02-04,100,On-Time
DEL-00421,PO-00421,SUP06,2024-01-30,2024-02-06,2024-02-06,100,On-Time
DEL-00422,PO-00422,SUP14,2024-01-30,2024-02-19,2024-02-21,15,Delayed
DEL-00423,PO-00423,SUP08,2024-01-30,2024-02-06,2024-02-06,200,On-Time
DEL-00424,PO-00424,SUP01,2024-01-30,2024-02-13,2024-02-13,120,On-Time
DEL-00425,PO-00425,SUP09,2024-01-30,2024-02-06,2024-02-06,300,On-Time
DEL-00426,PO-00426,SUP09,2024-01-30,2024-02-04,2024-02-04,300,On-Time
DEL-00427,PO-00427,SUP15,2024-01-30,2024-02-06,2024-02-06,150,On-Time
DEL-00428,PO-00428,SUP14,2024-01-30,2024-02-17,2024-02-17,40,On-Time
DEL-00429,PO-00429,SUP01,2024-01-30,2024-02-21,2024-02-21,15,On-Time
DEL-00430,PO-00430,SUP10,2024-01-31,2024-02-18,2024-02-18,50,On-Time
DEL-00431,PO-00431,SUP04,2024-01-31,2024-02-10,2024-02-09,100,On-Time
DEL-00432,PO-00432,SUP14,2024-01-31,2024-02-08,2024-02-08,40,On-Time
DEL-00433,PO-00433,SUP01,2024-01-31,2024-02-20,2024-02-20,120,On-Time
DEL-00434,PO-00434,SUP06,2024-01-31,2024-02-14,2024-02-14,250,On-Time
DEL-00435,PO-00435,SUP02,2024-01-31,2024-02-08,2024-02-08,50,On-Time
DEL-00436,PO-00436,SUP01,2024-01-31,2024-02-09,2024-02-09,150,On-Time
DEL-00437,PO-00437,SUP15,2024-01-31,2024-02-07,2024-02-07,400,On-Time
DEL-00438,PO-00438,SUP04,2024-01-31,2024-02-16,2024-02-16,20,On-Time
DEL-00439,PO-00439,SUP05,2024-01-31,2024-02-05,2024-02-05,300,On-Time
DEL-00440,PO-00440,SUP10,2024-01-31,2024-02-15,2024-02-15,40,On-Time
DEL-00441,PO-00441,SUP14,2024-01-31,2024-02-08,2024-02-08,60,On-Time
DEL-00442,PO-00442,SUP01,2024-02-01,2024-02-29,2024-02-29,10,On-Time
DEL-00443,PO-00443,SUP14,2024-02-01,2024-02-06,2024-02-06,150,On-Time
DEL-00444,PO-00444,SUP14,2024-02-01,2024-02-08,2024-02-08,200,On-Time
DEL-00445,PO-00445,SUP06,2024-02-01,2024-02-08,2024-02-06,500,On-Time
DEL-00446,PO-00446,SUP13,2024-02-01,2024-02-12,2024-02-12,250,On-Time
DEL-00447,PO-00447,SUP14,2024-02-01,2024-02-09,2024-02-09,50,On-Time
DEL-00448,PO-00448,SUP04,2024-02-01,2024-02-09,2024-02-09,40,On-Time
DEL-00449,PO-00449,SUP08,2024-02-01,2024-02-15,2024-02-17,120,Delayed
DEL-00450,PO-00450,SUP01,2024-02-01,2024-02-26,2024-02-26,10,On-Time
DEL-00451,PO-00451,SUP07,2024-02-02,2024-02-16,2024-02-14,200,On-Time
DEL-00452,PO-00452,SUP14,2024-02-02,2024-02-12,2024-02-12,120,On-Time
DEL-00453,PO-00453,SUP14,2024-02-02,2024-02-09,2024-02-09,100,On-Time
DEL-00454,PO-00454,SUP09,2024-02-02,2024-02-08,2024-02-08,300,On-Time
DEL-00455,PO-00455,SUP09,2024-02-02,2024-02-08,2024-02-08,150,On-Time
DEL-00456,PO-00456,SUP14,2024-02-02,2024-02-13,2024-02-14,100,Delayed
DEL-00457,PO-00457,SUP01,2024-02-02,2024-02-20,2024-02-27,120,Delayed
DEL-00458,PO-00458,SUP07,2024-02-03,2024-02-14,2024-02-14,300,On-Time
DEL-00459,PO-00459,SUP06,2024-02-03,2024-02-13,2024-02-11,100,On-Time
DEL-00460,PO-00460,SUP15,2024-02-03,2024-02-15,2024-02-15,400,On-Time
DEL-00461,PO-00461,SUP04,2024-02-03,2024-02-14,2024-02-12,100,On-Time
DEL-00462,PO-00462,SUP05,2024-02-03,2024-02-12,2024-02-12,120,On-Time
DEL-00463,PO-00463,SUP09,2024-02-03,2024-02-10,2024-02-10,150,On-Time
DEL-00464,PO-00464,SUP01,2024-02-04,2024-02-18,2024-02-18,80,On-Time
DEL-00465,PO-00465,SUP07,2024-02-04,2024-02-18,2024-02-19,120,Delayed
DEL-00466,PO-00466,SUP09,2024-02-04,2024-02-12,2024-02-12,500,On-Time
DEL-00467,PO-00467,SUP09,2024-02-04,2024-02-16,2024-02-16,50,On-Time
DEL-00468,PO-00468,SUP15,2024-02-04,2024-02-12,2024-02-18,100,Delayed
DEL-00469,PO-00469,SUP13,2024-02-04,2024-02-15,2024-02-17,250,Delayed
DEL-00470,PO-00470,SUP09,2024-02-04,2024-02-09,2024-02-09,250,On-Time
DEL-00471,PO-00471,SUP12,2024-02-04,2024-02-11,2024-02-12,400,Delayed
DEL-00472,PO-00472,SUP06,2024-02-04,2024-02-24,2024-02-24,50,On-Time
DEL-00473,PO-00473,SUP04,2024-02-04,2024-02-22,2024-02-22,15,On-Time
DEL-00474,PO-00474,SUP15,2024-02-04,2024-02-12,2024-02-10,500,On-Time
DEL-00475,PO-00475,SUP14,2024-02-04,2024-02-11,2024-02-11,500,On-Time
DEL-00476,PO-00476,SUP15,2024-02-05,2024-02-26,2024-02-26,120,On-Time
DEL-00477,PO-00477,SUP15,2024-02-05,2024-02-10,2024-02-10,250,On-Time
DEL-00478,PO-00478,SUP07,2024-02-05,2024-02-25,2024-02-25,10,On-Time
DEL-00479,PO-00479,SUP08,2024-02-05,2024-02-15,2024-02-15,250,On-Time
DEL-00480,PO-00480,SUP14,2024-02-05,2024-02-11,2024-02-10,300,On-Time
DEL-00481,PO-00481,SUP11,2024-02-05,2024-02-19,2024-02-19,250,On-Time
DEL-00482,PO-00482,SUP03,2024-02-05,2024-02-20,2024-02-19,60,On-Time
DEL-00483,PO-00483,SUP14,2024-02-06,2024-02-13,2024-02-13,250,On-Time
DEL-00484,PO-00484,SUP14,2024-02-06,2024-02-12,2024-02-12,250,On-Time
DEL-00485,PO-00485,SUP12,2024-02-06,2024-02-22,2024-02-25,10,Delayed
DEL-00486,PO-00486,SUP01,2024-02-06,2024-02-13,2024-02-13,100,On-Time
DEL-00487,PO-00487,SUP08,2024-02-06,2024-02-16,2024-02-16,150,On-Time
DEL-00488,PO-00488,SUP01,2024-02-06,2024-02-21,2024-02-21,120,On-Time
DEL-00489,PO-00489,SUP14,2024-02-06,2024-02-13,2024-02-13,100,On-Time
DEL-00490,PO-00490,SUP15,2024-02-06,2024-02-20,2024-02-20,300,On-Time
DEL-00491,PO-00491,SUP14,2024-02-06,2024-02-14,2024-02-14,50,On-Time
DEL-00492,PO-00492,SUP14,2024-02-07,2024-02-14,2024-02-12,400,On-Time
DEL-00493,PO-00493,SUP15,2024-02-07,2024-02-13,2024-02-13,100,On-Time
DEL-00494,PO-00494,SUP05,2024-02-07,2024-02-14,2024-02-14,400,On-Time
DEL-00495,PO-00495,SUP13,2024-02-07,2024-02-21,2024-02-21,200,On-Time
DEL-00496,PO-00496,SUP05,2024-02-07,2024-02-12,2024-02-12,300,On-Time
DEL-00497,PO-00497,SUP07,2024-02-07,2024-02-17,2024-02-17,50,On-Time
DEL-00498,PO-00498,SUP01,2024-02-07,2024-02-25,2024-02-25,50,On-Time
DEL-00499,PO-00499,SUP15,2024-02-07,2024-02-25,2024-02-24,120,On-Time
DEL-00500,PO-00500,SUP05,2024-02-07,2024-02-13,2024-02-13,300,On-Time
DEL-00501,PO-00501,SUP11,2024-02-07,2024-02-15,2024-02-13,50,On-Time
DEL-00502,PO-00502,SUP05,2024-02-08,2024-02-15,2024-02-15,250,On-Time
DEL-00503,PO-00503,SUP09,2024-02-08,2024-02-14,2024-02-14,100,On-Time
DEL-00504,PO-00504,SUP11,2024-02-08,2024-02-28,2024-03-13,80,Delayed
DEL-00505,PO-00505,SUP04,2024-02-08,2024-02-19,2024-02-17,100,On-Time
DEL-00506,PO-00506,SUP05,2024-02-08,2024-02-14,2024-02-14,500,On-Time
DEL-00507,PO-00507,SUP01,2024-02-08,2024-02-22,2024-02-22,60,On-Time
DEL-00508,PO-00508,SUP06,2024-02-08,2024-02-20,2024-02-20,100,On-Time
DEL-00509,PO-00509,SUP15,2024-02-08,2024-02-14,2024-02-14,300,On-Time
DEL-00510,PO-00510,SUP12,2024-02-08,2024-02-15,2024-02-15,500,On-Time
DEL-00511,PO-00511,SUP01,2024-02-08,2024-02-22,2024-02-22,250,On-Time
DEL-00512,PO-00512,SUP04,2024-02-08,2024-02-23,2024-02-23,80,On-Time
DEL-00513,PO-00513,SUP14,2024-02-08,2024-02-16,2024-02-15,500,On-Time
DEL-00514,PO-00514,SUP15,2024-02-08,2024-02-19,2024-02-22,250,Delayed
DEL-00515,PO-00515,SUP14,2024-02-08,2024-02-22,2024-02-22,40,On-Time
DEL-00516,PO-00516,SUP11,2024-02-08,2024-02-20,2024-02-20,300,On-Time
DEL-00517,PO-00517,SUP06,2024-02-08,2024-02-16,2024-02-16,80,On-Time
DEL-00518,PO-00518,SUP04,2024-02-08,2024-02-26,2024-02-25,30,On-Time
DEL-00519,PO-00519,SUP13,2024-02-08,2024-02-20,2024-02-20,100,On-Time
DEL-00520,PO-00520,SUP02,2024-02-08,2024-02-20,2024-02-20,500,On-Time
DEL-00521,PO-00521,SUP14,2024-02-08,2024-02-16,2024-02-16,150,On-Time
DEL-00522,PO-00522,SUP13,2024-02-08,2024-02-16,2024-02-16,80,On-Time
DEL-00523,PO-00523,SUP01,2024-02-08,2024-02-22,2024-02-22,250,On-Time
DEL-00524,PO-00524,SUP05,2024-02-08,2024-02-15,2024-02-15,300,On-Time
DEL-00525,PO-00525,SUP15,2024-02-08,2024-02-15,2024-02-13,250,On-Time
DEL-00526,PO-00526,SUP15,2024-02-09,2024-02-18,2024-02-20,100,Delayed
DEL-00527,PO-00527,SUP02,2024-02-09,2024-02-17,2024-02-17,120,On-Time
DEL-00528,PO-00528,SUP01,2024-02-09,2024-02-27,2024-02-27,100,On-Time
DEL-00529,PO-00529,SUP15,2024-02-09,2024-02-17,2024-02-17,400,On-Time
DEL-00530,PO-00530,SUP05,2024-02-09,2024-02-15,2024-02-15,250,On-Time
DEL-00531,PO-00531,SUP14,2024-02-09,2024-02-14,2024-02-14,400,On-Time
DEL-00532,PO-00532,SUP04,2024-02-09,2024-02-20,2024-02-20,200,On-Time
DEL-00533,PO-00533,SUP06,2024-02-09,2024-02-18,2024-02-18,400,On-Time
DEL-00534,PO-00534,SUP01,2024-02-09,2024-02-19,2024-02-19,150,On-Time
DEL-00535,PO-00535,SUP14,2024-02-09,2024-02-20,2024-02-20,100,On-Time
DEL-00536,PO-00536,SUP12,2024-02-09,2024-02-24,2024-02-24,40,On-Time
DEL-00537,PO-00537,SUP14,2024-02-09,2024-02-17,2024-02-18,60,Delayed
DEL-00538,PO-00538,SUP08,2024-02-10,2024-02-19,2024-02-20,200,Delayed
DEL-00539,PO-00539,SUP08,2024-02-10,2024-02-20,2024-02-20,60,On-Time
DEL-00540,PO-00540,SUP07,2024-02-10,2024-02-24,2024-03-03,50,Delayed
DEL-00541,PO-00541,SUP01,2024-02-10,2024-02-20,2024-02-20,300,On-Time
DEL-00542,PO-00542,SUP06,2024-02-10,2024-02-22,2024-02-22,300,On-Time
DEL-00543,PO-00543,SUP05,2024-02-10,2024-02-20,2024-02-20,80,On-Time
DEL-00544,PO-00544,SUP14,2024-02-10,2024-02-16,2024-02-16,200,On-Time
DEL-00545,PO-00545,SUP06,2024-02-10,2024-02-24,2024-02-24,250,On-Time
DEL-00546,PO-00546,SUP01,2024-02-10,2024-02-25,2024-02-24,100,On-Time
DEL-00547,PO-00547,SUP14,2024-02-10,2024-02-24,2024-02-24,100,On-Time
DEL-00548,PO-00548,SUP01,2024-02-10,2024-02-20,2024-02-20,400,On-Time
DEL-00549,PO-00549,SUP08,2024-02-10,2024-02-20,2024-02-20,300,On-Time
DEL-00550,PO-00550,SUP06,2024-02-10,2024-02-19,2024-02-17,500,On-Time
DEL-00551,PO-00551,SUP14,2024-02-10,2024-02-20,2024-02-18,120,On-Time
DEL-00552,PO-00552,SUP14,2024-02-11,2024-02-26,2024-02-25,40,On-Time
DEL-00553,PO-00553,SUP07,2024-02-11,2024-02-29,2024-02-29,30,On-Time
DEL-00554,PO-00554,SUP04,2024-02-11,2024-02-23,2024-02-23,200,On-Time
DEL-00555,PO-00555,SUP06,2024-02-11,2024-02-18,2024-02-18,500,On-Time
DEL-00556,PO-00556,SUP14,2024-02-11,2024-02-26,2024-02-26,120,On-Time
DEL-00557,PO-00557,SUP01,2024-02-11,2024-02-19,2024-02-22,500,Delayed
DEL-00558,PO-00558,SUP15,2024-02-11,2024-02-18,2024-02-25,250,Delayed
DEL-00559,PO-00559,SUP15,2024-02-11,2024-02-23,2024-02-24,120,Delayed
DEL-00560,PO-00560,SUP15,2024-02-11,2024-02-19,2024-02-28,100,Delayed
DEL-00561,PO-00561,SUP07,2024-02-11,2024-02-25,2024-02-25,300,On-Time
DEL-00562,PO-00562,SUP04,2024-02-11,2024-02-19,2024-02-19,120,On-Time
DEL-00563,PO-00563,SUP08,2024-02-11,2024-02-19,2024-02-19,500,On-Time
DEL-00564,PO-00564,SUP14,2024-02-11,2024-02-26,2024-02-25,100,On-Time
DEL-00565,PO-00565,SUP09,2024-02-11,2024-02-16,2024-02-16,250,On-Time
DEL-00566,PO-00566,SUP06,2024-02-11,2024-02-18,2024-02-18,250,On-Time
DEL-00567,PO-00567,SUP06,2024-02-11,2024-02-20,2024-02-20,200,On-Time
DEL-00568,PO-00568,SUP01,2024-02-12,2024-02-19,2024-02-19,400,On-Time
DEL-00569,PO-00569,SUP03,2024-02-12,2024-02-28,2024-02-27,60,On-Time
DEL-00570,PO-00570,SUP09,2024-02-12,2024-02-18,2024-02-18,150,On-Time
DEL-00571,PO-00571,SUP09,2024-02-12,2024-02-18,2024-02-18,100,On-Time
DEL-00572,PO-00572,SUP01,2024-02-12,2024-02-28,2024-02-28,50,On-Time
DEL-00573,PO-00573,SUP01,2024-02-12,2024-03-07,2024-03-07,40,On-Time
DEL-00574,PO-00574,SUP12,2024-02-12,2024-02-20,2024-02-20,500,On-Time
DEL-00575,PO-00575,SUP02,2024-02-12,2024-02-24,2024-02-24,400,On-Time
DEL-00576,PO-00576,SUP14,2024-02-12,2024-02-24,2024-02-24,50,On-Time
DEL-00577,PO-00577,SUP06,2024-02-12,2024-02-21,2024-02-21,100,On-Time
DEL-00578,PO-00578,SUP06,2024-02-12,2024-02-24,2024-02-24,150,On-Time
DEL-00579,PO-00579,SUP06,2024-02-12,2024-03-01,2024-03-01,80,On-Time
DEL-00580,PO-00580,SUP03,2024-02-12,2024-02-27,2024-02-27,50,On-Time
DEL-00581,PO-00581,SUP06,2024-02-12,2024-02-24,2024-02-24,400,On-Time
DEL-00582,PO-00582,SUP04,2024-02-12,2024-02-26,2024-02-26,120,On-Time
DEL-00583,PO-00583,SUP02,2024-02-12,2024-02-20,2024-02-20,40,On-Time
DEL-00584,PO-00584,SUP04,2024-02-13,2024-02-21,2024-02-20,80,On-Time
DEL-00585,PO-00585,SUP14,2024-02-13,2024-02-20,2024-02-20,400,On-Time
DEL-00586,PO-00586,SUP14,2024-02-13,2024-02-28,2024-02-28,60,On-Time
DEL-00587,PO-00587,SUP14,2024-02-13,2024-02-20,2024-02-20,150,On-Time
DEL-00588,PO-00588,SUP06,2024-02-13,2024-02-22,2024-02-22,150,On-Time
DEL-00589,PO-00589,SUP15,2024-02-13,2024-02-19,2024-02-22,100,Delayed
DEL-00590,PO-00590,SUP01,2024-02-13,2024-02-29,2024-02-29,20,On-Time
DEL-00591,PO-00591,SUP14,2024-02-13,2024-02-20,2024-02-20,200,On-Time
DEL-00592,PO-00592,SUP14,2024-02-13,2024-02-27,2024-02-28,15,Delayed
DEL-00593,PO-00593,SUP10,2024-02-13,2024-02-23,2024-02-26,100,Delayed
DEL-00594,PO-00594,SUP08,2024-02-13,2024-02-23,2024-02-23,50,On-Time
DEL-00595,PO-00595,SUP12,2024-02-13,2024-02-20,2024-02-20,250,On-Time
DEL-00596,PO-00596,SUP04,2024-02-13,2024-02-24,2024-02-24,150,On-Time
DEL-00597,PO-00597,SUP06,2024-02-14,2024-03-06,2024-03-06,80,On-Time
DEL-00598,PO-00598,SUP09,2024-02-14,2024-02-21,2024-02-21,100,On-Time
DEL-00599,PO-00599,SUP11,2024-02-14,2024-02-21,2024-02-21,150,On-Time
DEL-00600,PO-00600,SUP01,2024-02-14,2024-02-22,2024-02-22,100,On-Time
DEL-00601,PO-00601,SUP15,2024-02-14,2024-02-22,2024-02-22,500,On-Time
DEL-00602,PO-00602,SUP14,2024-02-14,2024-02-25,2024-02-26,100,Delayed
DEL-00603,PO-00603,SUP11,2024-02-14,2024-02-21,2024-02-20,400,On-Time
DEL-00604,PO-00604,SUP08,2024-02-14,2024-02-22,2024-02-22,100,On-Time
DEL-00605,PO-00605,SUP15,2024-02-14,2024-02-24,2024-02-29,100,Delayed
DEL-00606,PO-00606,SUP01,2024-02-14,2024-02-24,2024-02-23,80,On-Time
DEL-00607,PO-00607,SUP07,2024-02-15,2024-02-27,2024-02-27,250,On-Time
DEL-00608,PO-00608,SUP13,2024-02-15,2024-02-27,2024-02-27,300,On-Time
DEL-00609,PO-00609,SUP14,2024-02-15,2024-02-22,2024-02-22,300,On-Time
DEL-00610,PO-00610,SUP10,2024-02-15,2024-02-29,2024-02-29,50,On-Time
DEL-00611,PO-00611,SUP15,2024-02-15,2024-03-06,2024-03-06,20,On-Time
DEL-00612,PO-00612,SUP14,2024-02-15,2024-02-23,2024-02-23,500,On-Time
DEL-00613,PO-00613,SUP06,2024-02-15,2024-02-22,2024-02-22,500,On-Time
DEL-00614,PO-00614,SUP01,2024-02-15,2024-03-02,2024-03-02,10,On-Time
DEL-00615,PO-00615,SUP07,2024-02-15,2024-03-01,2024-03-03,120,Delayed
DEL-00616,PO-00616,SUP14,2024-02-15,2024-03-14,2024-03-14,15,On-Time
DEL-00617,PO-00617,SUP14,2024-02-15,2024-02-22,2024-02-22,250,On-Time
DEL-00618,PO-00618,SUP06,2024-02-15,2024-02-29,2024-02-29,100,On-Time
DEL-00619,PO-00619,SUP09,2024-02-15,2024-02-20,2024-02-20,150,On-Time
DEL-00620,PO-00620,SUP01,2024-02-16,2024-03-05,2024-03-05,120,On-Time
DEL-00621,PO-00621,SUP01,2024-02-16,2024-02-25,2024-02-24,250,On-Time
DEL-00622,PO-00622,SUP03,2024-02-16,2024-02-25,2024-02-24,300,On-Time
DEL-00623,PO-00623,SUP06,2024-02-16,2024-02-23,2024-02-23,100,On-Time
DEL-00624,PO-00624,SUP15,2024-02-16,2024-02-21,2024-02-21,500,On-Time
DEL-00625,PO-00625,SUP14,2024-02-16,2024-02-26,2024-02-26,80,On-Time
DEL-00626,PO-00626,SUP09,2024-02-16,2024-02-26,2024-02-26,100,On-Time
DEL-00627,PO-00627,SUP15,2024-02-16,2024-02-23,2024-02-23,100,On-Time
DEL-00628,PO-00628,SUP15,2024-02-16,2024-02-25,2024-02-25,40,On-Time
DEL-00629,PO-00629,SUP15,2024-02-16,2024-02-24,2024-03-11,40,Delayed
DEL-00630,PO-00630,SUP05,2024-02-16,2024-02-23,2024-02-23,200,On-Time
DEL-00631,PO-00631,SUP08,2024-02-16,2024-02-24,2024-02-24,60,On-Time
DEL-00632,PO-00632,SUP06,2024-02-16,2024-03-01,2024-03-01,400,On-Time
DEL-00633,PO-00633,SUP11,2024-02-16,2024-02-23,2024-02-23,150,On-Time
DEL-00634,PO-00634,SUP06,2024-02-16,2024-03-05,2024-03-05,40,On-Time
DEL-00635,PO-00635,SUP08,2024-02-16,2024-02-23,2024-02-23,400,On-Time
DEL-00636,PO-00636,SUP05,2024-02-16,2024-02-28,2024-02-28,100,On-Time
DEL-00637,PO-00637,SUP15,2024-02-16,2024-03-01,2024-03-01,100,On-Time
DEL-00638,PO-00638,SUP08,2024-02-16,2024-02-24,2024-02-24,80,On-Time
DEL-00639,PO-00639,SUP14,2024-02-16,2024-02-26,2024-02-26,50,On-Time
DEL-00640,PO-00640,SUP12,2024-02-16,2024-02-24,2024-02-24,100,On-Time
DEL-00641,PO-00641,SUP06,2024-02-17,2024-03-13,2024-03-13,30,On-Time
DEL-00642,PO-00642,SUP04,2024-02-17,2024-03-04,2024-03-02,20,On-Time
DEL-00643,PO-00643,SUP06,2024-02-17,2024-03-03,2024-03-01,100,On-Time
DEL-00644,PO-00644,SUP09,2024-02-17,2024-02-24,2024-02-23,400,On-Time
DEL-00645,PO-00645,SUP07,2024-02-17,2024-02-29,2024-02-28,100,On-Time
DEL-00646,PO-00646,SUP09,2024-02-17,2024-02-24,2024-02-24,150,On-Time
DEL-00647,PO-00647,SUP10,2024-02-17,2024-02-29,2024-02-29,60,On-Time
DEL-00648,PO-00648,SUP15,2024-02-17,2024-02-29,2024-02-28,80,On-Time
DEL-00649,PO-00649,SUP01,2024-02-17,2024-02-26,2024-02-26,100,On-Time
DEL-00650,PO-00650,SUP02,2024-02-17,2024-03-03,2024-03-21,50,Delayed
DEL-00651,PO-00651,SUP05,2024-02-18,2024-02-25,2024-02-25,300,On-Time
DEL-00652,PO-00652,SUP15,2024-02-18,2024-02-26,2024-02-26,200,On-Time
DEL-00653,PO-00653,SUP06,2024-02-18,2024-03-09,2024-03-09,80,On-Time
DEL-00654,PO-00654,SUP09,2024-02-18,2024-02-27,2024-02-27,100,On-Time
DEL-00655,PO-00655,SUP14,2024-02-18,2024-03-01,2024-03-01,100,On-Time
DEL-00656,PO-00656,SUP12,2024-02-18,2024-02-26,2024-02-26,500,On-Time
DEL-00657,PO-00657,SUP05,2024-02-18,2024-02-24,2024-02-24,100,On-Time
DEL-00658,PO-00658,SUP06,2024-02-18,2024-02-28,2024-02-27,300,On-Time
DEL-00659,PO-00659,SUP14,2024-02-18,2024-03-03,2024-03-03,30,On-Time
DEL-00660,PO-00660,SUP03,2024-02-18,2024-03-03,2024-03-03,120,On-Time
DEL-00661,PO-00661,SUP07,2024-02-18,2024-02-29,2024-02-29,200,On-Time
DEL-00662,PO-00662,SUP08,2024-02-18,2024-03-11,2024-03-11,20,On-Time
DEL-00663,PO-00663,SUP15,2024-02-18,2024-03-04,2024-03-04,120,On-Time
DEL-00664,PO-00664,SUP09,2024-02-18,2024-02-24,2024-02-24,100,On-Time
DEL-00665,PO-00665,SUP09,2024-02-18,2024-02-26,2024-02-24,200,On-Time
DEL-00666,PO-00666,SUP11,2024-02-18,2024-02-25,2024-02-24,100,On-Time
DEL-00667,PO-00667,SUP15,2024-02-18,2024-02-28,2024-03-04,50,Delayed
DEL-00668,PO-00668,SUP15,2024-02-18,2024-02-29,2024-03-02,250,Delayed
DEL-00669,PO-00669,SUP02,2024-02-19,2024-02-26,2024-02-26,400,On-Time
DEL-00670,PO-00670,SUP13,2024-02-19,2024-03-01,2024-03-02,200,Delayed
DEL-00671,PO-00671,SUP12,2024-02-19,2024-02-26,2024-02-26,250,On-Time
DEL-00672,PO-00672,SUP05,2024-02-19,2024-02-26,2024-02-26,250,On-Time
DEL-00673,PO-00673,SUP06,2024-02-19,2024-03-02,2024-03-02,150,On-Time
DEL-00674,PO-00674,SUP05,2024-02-19,2024-02-25,2024-02-25,500,On-Time
DEL-00675,PO-00675,SUP15,2024-02-19,2024-02-29,2024-02-28,60,On-Time
DEL-00676,PO-00676,SUP13,2024-02-19,2024-03-04,2024-03-04,500,On-Time
DEL-00677,PO-00677,SUP12,2024-02-19,2024-03-05,2024-03-05,50,On-Time
DEL-00678,PO-00678,SUP08,2024-02-19,2024-02-27,2024-02-26,300,On-Time
DEL-00679,PO-00679,SUP07,2024-02-20,2024-03-02,2024-03-05,500,Delayed
DEL-00680,PO-00680,SUP07,2024-02-20,2024-03-03,2024-03-03,250,On-Time
DEL-00681,PO-00681,SUP01,2024-02-20,2024-03-05,2024-03-05,500,On-Time
DEL-00682,PO-00682,SUP11,2024-02-20,2024-03-01,2024-03-10,250,Delayed
DEL-00683,PO-00683,SUP10,2024-02-20,2024-03-13,2024-03-13,10,On-Time
DEL-00684,PO-00684,SUP01,2024-02-20,2024-03-03,2024-03-02,50,On-Time
DEL-00685,PO-00685,SUP02,2024-02-20,2024-02-28,2024-02-28,50,On-Time
DEL-00686,PO-00686,SUP01,2024-02-20,2024-03-03,2024-03-03,40,On-Time
DEL-00687,PO-00687,SUP09,2024-02-20,2024-02-25,2024-02-25,100,On-Time
DEL-00688,PO-00688,SUP15,2024-02-20,2024-03-05,2024-03-08,250,Delayed
DEL-00689,PO-00689,SUP09,2024-02-20,2024-02-26,2024-02-26,250,On-Time
DEL-00690,PO-00690,SUP06,2024-02-20,2024-03-03,2024-03-03,300,On-Time
DEL-00691,PO-00691,SUP15,2024-02-20,2024-03-06,2024-03-06,60,On-Time
DEL-00692,PO-00692,SUP01,2024-02-20,2024-03-07,2024-03-07,30,On-Time
DEL-00693,PO-00693,SUP08,2024-02-21,2024-03-10,2024-03-08,120,On-Time
DEL-00694,PO-00694,SUP08,2024-02-21,2024-03-06,2024-03-08,120,Delayed
DEL-00695,PO-00695,SUP13,2024-02-21,2024-03-03,2024-03-06,200,Delayed
DEL-00696,PO-00696,SUP04,2024-02-21,2024-03-04,2024-03-04,250,On-Time
DEL-00697,PO-00697,SUP05,2024-02-21,2024-02-27,2024-02-27,300,On-Time
DEL-00698,PO-00698,SUP08,2024-02-21,2024-03-16,2024-03-16,20,On-Time
DEL-00699,PO-00699,SUP07,2024-02-21,2024-03-03,2024-03-03,400,On-Time
DEL-00700,PO-00700,SUP08,2024-02-21,2024-03-10,2024-03-15,100,Delayed
DEL-00701,PO-00701,SUP08,2024-02-21,2024-02-29,2024-02-29,400,On-Time
DEL-00702,PO-00702,SUP01,2024-02-21,2024-03-06,2024-03-06,150,On-Time
DEL-00703,PO-00703,SUP15,2024-02-21,2024-02-27,2024-02-27,250,On-Time
DEL-00704,PO-00704,SUP05,2024-02-21,2024-02-27,2024-02-25,200,On-Time
DEL-00705,PO-00705,SUP11,2024-02-22,2024-03-14,2024-03-14,60,On-Time
DEL-00706,PO-00706,SUP15,2024-02-22,2024-03-05,2024-03-05,200,On-Time
DEL-00707,PO-00707,SUP14,2024-02-22,2024-03-05,2024-03-09,80,Delayed
DEL-00708,PO-00708,SUP09,2024-02-22,2024-02-29,2024-02-29,300,On-Time
DEL-00709,PO-00709,SUP14,2024-02-22,2024-02-28,2024-02-28,400,On-Time
DEL-00710,PO-00710,SUP07,2024-02-22,2024-03-03,2024-03-03,120,On-Time
DEL-00711,PO-00711,SUP08,2024-02-22,2024-03-02,2024-03-02,300,On-Time
DEL-00712,PO-00712,SUP05,2024-02-22,2024-02-29,2024-02-29,150,On-Time
DEL-00713,PO-00713,SUP05,2024-02-22,2024-02-28,2024-02-28,400,On-Time
DEL-00714,PO-00714,SUP10,2024-02-22,2024-03-15,2024-03-15,30,On-Time
DEL-00715,PO-00715,SUP05,2024-02-22,2024-02-27,2024-02-27,500,On-Time
DEL-00716,PO-00716,SUP13,2024-02-22,2024-03-07,2024-03-07,40,On-Time
DEL-00717,PO-00717,SUP14,2024-02-22,2024-03-01,2024-03-01,400,On-Time
DEL-00718,PO-00718,SUP15,2024-02-22,2024-02-28,2024-02-28,150,On-Time
DEL-00719,PO-00719,SUP13,2024-02-22,2024-03-07,2024-03-07,500,On-Time
DEL-00720,PO-00720,SUP09,2024-02-22,2024-02-27,2024-02-27,200,On-Time
DEL-00721,PO-00721,SUP05,2024-02-22,2024-02-27,2024-02-29,300,Delayed
DEL-00722,PO-00722,SUP01,2024-02-23,2024-03-03,2024-03-02,200,On-Time
DEL-00723,PO-00723,SUP10,2024-02-23,2024-03-03,2024-03-06,100,Delayed
DEL-00724,PO-00724,SUP01,2024-02-23,2024-03-06,2024-03-06,200,On-Time
DEL-00725,PO-00725,SUP12,2024-02-23,2024-03-01,2024-03-03,300,Delayed
DEL-00726,PO-00726,SUP02,2024-02-23,2024-03-12,2024-03-11,80,On-Time
DEL-00727,PO-00727,SUP13,2024-02-23,2024-03-08,2024-03-08,80,On-Time
DEL-00728,PO-00728,SUP08,2024-02-23,2024-03-04,2024-03-04,400,On-Time
DEL-00729,PO-00729,SUP09,2024-02-23,2024-02-29,2024-02-28,500,On-Time
DEL-00730,PO-00730,SUP15,2024-02-23,2024-03-06,2024-03-06,200,On-Time
DEL-00731,PO-00731,SUP14,2024-02-23,2024-02-28,2024-02-28,100,On-Time
DEL-00732,PO-00732,SUP02,2024-02-23,2024-03-06,2024-03-04,200,On-Time
DEL-00733,PO-00733,SUP15,2024-02-23,2024-03-12,2024-03-24,100,Delayed
DEL-00734,PO-00734,SUP05,2024-02-23,2024-03-04,2024-03-03,80,On-Time
DEL-00735,PO-00735,SUP09,2024-02-23,2024-03-01,2024-02-29,500,On-Time
DEL-00736,PO-00736,SUP06,2024-02-23,2024-03-12,2024-03-12,60,On-Time
DEL-00737,PO-00737,SUP10,2024-02-24,2024-03-09,2024-03-09,80,On-Time
DEL-00738,PO-00738,SUP06,2024-02-24,2024-03-13,2024-03-13,50,On-Time
DEL-00739,PO-00739,SUP11,2024-02-24,2024-03-02,2024-03-14,200,Delayed
DEL-00740,PO-00740,SUP15,2024-02-24,2024-03-13,2024-03-13,100,On-Time
DEL-00741,PO-00741,SUP06,2024-02-24,2024-03-09,2024-03-09,60,On-Time
DEL-00742,PO-00742,SUP08,2024-02-24,2024-03-05,2024-03-05,50,On-Time
DEL-00743,PO-00743,SUP01,2024-02-24,2024-03-05,2024-03-04,400,On-Time
DEL-00744,PO-00744,SUP08,2024-02-24,2024-03-05,2024-03-05,50,On-Time
DEL-00745,PO-00745,SUP06,2024-02-24,2024-03-10,2024-03-10,100,On-Time
DEL-00746,PO-00746,SUP03,2024-02-25,2024-03-14,2024-03-14,50,On-Time
DEL-00747,PO-00747,SUP01,2024-02-25,2024-03-14,2024-03-16,80,Delayed
DEL-00748,PO-00748,SUP09,2024-02-25,2024-03-02,2024-03-02,500,On-Time
DEL-00749,PO-00749,SUP02,2024-02-25,2024-03-04,2024-03-03,60,On-Time
DEL-00750,PO-00750,SUP08,2024-02-25,2024-03-04,2024-03-04,100,On-Time
DEL-00751,PO-00751,SUP01,2024-02-25,2024-03-11,2024-03-11,40,On-Time
DEL-00752,PO-00752,SUP01,2024-02-25,2024-03-17,2024-03-16,40,On-Time
DEL-00753,PO-00753,SUP03,2024-02-25,2024-03-08,2024-03-08,80,On-Time
DEL-00754,PO-00754,SUP14,2024-02-25,2024-03-04,2024-03-04,120,On-Time
DEL-00755,PO-00755,SUP15,2024-02-25,2024-03-04,2024-03-04,300,On-Time
DEL-00756,PO-00756,SUP08,2024-02-25,2024-03-04,2024-03-04,100,On-Time
DEL-00757,PO-00757,SUP14,2024-02-25,2024-03-06,2024-03-06,120,On-Time
DEL-00758,PO-00758,SUP06,2024-02-25,2024-03-06,2024-03-05,100,On-Time
DEL-00759,PO-00759,SUP13,2024-02-25,2024-03-07,2024-03-07,500,On-Time
DEL-00760,PO-00760,SUP15,2024-02-25,2024-03-10,2024-03-10,250,On-Time
DEL-00761,PO-00761,SUP03,2024-02-25,2024-03-11,2024-03-11,100,On-Time
DEL-00762,PO-00762,SUP05,2024-02-25,2024-03-02,2024-03-02,250,On-Time
DEL-00763,PO-00763,SUP15,2024-02-26,2024-03-05,2024-03-05,400,On-Time
DEL-00764,PO-00764,SUP14,2024-02-26,2024-03-11,2024-03-09,40,On-Time
DEL-00765,PO-00765,SUP05,2024-02-26,2024-03-07,2024-03-07,80,On-Time
DEL-00766,PO-00766,SUP11,2024-02-26,2024-03-18,2024-03-18,60,On-Time
DEL-00767,PO-00767,SUP08,2024-02-26,2024-03-05,2024-03-12,100,Delayed
DEL-00768,PO-00768,SUP01,2024-02-26,2024-03-22,2024-03-22,30,On-Time
DEL-00769,PO-00769,SUP15,2024-02-26,2024-03-09,2024-03-09,100,On-Time
DEL-00770,PO-00770,SUP08,2024-02-26,2024-03-04,2024-03-04,400,On-Time
DEL-00771,PO-00771,SUP14,2024-02-26,2024-03-03,2024-03-03,150,On-Time
DEL-00772,PO-00772,SUP06,2024-02-26,2024-03-04,2024-03-03,500,On-Time
DEL-00773,PO-00773,SUP15,2024-02-26,2024-03-08,2024-03-08,500,On-Time
DEL-00774,PO-00774,SUP01,2024-02-26,2024-03-07,2024-03-06,100,On-Time
DEL-00775,PO-00775,SUP06,2024-02-26,2024-03-05,2024-03-05,120,On-Time
DEL-00776,PO-00776,SUP14,2024-02-26,2024-03-04,2024-03-04,150,On-Time
DEL-00777,PO-00777,SUP14,2024-02-26,2024-03-09,2024-03-09,150,On-Time
DEL-00778,PO-00778,SUP01,2024-02-27,2024-03-13,2024-03-13,100,On-Time
DEL-00779,PO-00779,SUP10,2024-02-27,2024-03-08,2024-03-11,250,Delayed
DEL-00780,PO-00780,SUP03,2024-02-27,2024-03-08,2024-03-08,500,On-Time
DEL-00781,PO-00781,SUP11,2024-02-27,2024-03-12,2024-03-12,500,On-Time
DEL-00782,PO-00782,SUP13,2024-02-27,2024-03-13,2024-03-13,80,On-Time
DEL-00783,PO-00783,SUP14,2024-02-27,2024-03-08,2024-03-08,120,On-Time
DEL-00784,PO-00784,SUP15,2024-02-27,2024-03-05,2024-03-05,200,On-Time
DEL-00785,PO-00785,SUP12,2024-02-27,2024-03-13,2024-03-13,100,On-Time
DEL-00786,PO-00786,SUP15,2024-02-27,2024-03-04,2024-03-04,250,On-Time
DEL-00787,PO-00787,SUP10,2024-02-27,2024-03-20,2024-03-22,10,Delayed
DEL-00788,PO-00788,SUP05,2024-02-27,2024-03-08,2024-03-08,60,On-Time
DEL-00789,PO-00789,SUP08,2024-02-27,2024-03-05,2024-03-05,300,On-Time
DEL-00790,PO-00790,SUP08,2024-02-27,2024-03-08,2024-03-08,40,On-Time
DEL-00791,PO-00791,SUP15,2024-02-27,2024-03-08,2024-03-08,150,On-Time
DEL-00792,PO-00792,SUP07,2024-02-27,2024-03-09,2024-03-09,150,On-Time
DEL-00793,PO-00793,SUP15,2024-02-27,2024-03-12,2024-03-20,250,Delayed
DEL-00794,PO-00794,SUP06,2024-02-27,2024-03-06,2024-03-06,120,On-Time
DEL-00795,PO-00795,SUP14,2024-02-27,2024-03-09,2024-03-09,150,On-Time
DEL-00796,PO-00796,SUP02,2024-02-27,2024-03-19,2024-03-17,100,On-Time
DEL-00797,PO-00797,SUP15,2024-02-28,2024-03-13,2024-03-31,10,Delayed
DEL-00798,PO-00798,SUP05,2024-02-28,2024-03-05,2024-03-05,400,On-Time
DEL-00799,PO-00799,SUP14,2024-02-28,2024-03-04,2024-03-04,200,On-Time
DEL-00800,PO-00800,SUP01,2024-02-28,2024-03-09,2024-03-09,150,On-Time
DEL-00801,PO-00801,SUP15,2024-02-28,2024-03-06,2024-03-07,100,Delayed
DEL-00802,PO-00802,SUP05,2024-02-28,2024-03-06,2024-03-06,300,On-Time
DEL-00803,PO-00803,SUP11,2024-02-28,2024-03-09,2024-03-09,150,On-Time
DEL-00804,PO-00804,SUP01,2024-02-28,2024-03-09,2024-03-08,100,On-Time
DEL-00805,PO-00805,SUP11,2024-02-28,2024-03-09,2024-03-09,200,On-Time
DEL-00806,PO-00806,SUP02,2024-02-28,2024-03-17,2024-03-19,100,Delayed
DEL-00807,PO-00807,SUP15,2024-02-28,2024-03-06,2024-03-06,200,On-Time
DEL-00808,PO-00808,SUP01,2024-02-28,2024-03-19,2024-03-19,40,On-Time
DEL-00809,PO-00809,SUP03,2024-02-28,2024-03-17,2024-03-17,50,On-Time
DEL-00810,PO-00810,SUP15,2024-02-28,2024-03-13,2024-03-13,300,On-Time
DEL-00811,PO-00811,SUP11,2024-02-28,2024-03-07,2024-03-07,100,On-Time
DEL-00812,PO-00812,SUP08,2024-02-28,2024-03-13,2024-03-16,100,Delayed
DEL-00813,PO-00813,SUP05,2024-02-28,2024-03-06,2024-03-07,100,Delayed
DEL-00814,PO-00814,SUP02,2024-02-28,2024-03-06,2024-03-06,500,On-Time
DEL-00815,PO-00815,SUP14,2024-02-29,2024-03-14,2024-03-14,40,On-Time
DEL-00816,PO-00816,SUP14,2024-02-29,2024-03-06,2024-03-06,500,On-Time
DEL-00817,PO-00817,SUP15,2024-02-29,2024-03-10,2024-03-10,200,On-Time
DEL-00818,PO-00818,SUP08,2024-02-29,2024-03-22,2024-03-22,20,On-Time
DEL-00819,PO-00819,SUP02,2024-02-29,2024-03-10,2024-03-10,200,On-Time
DEL-00820,PO-00820,SUP07,2024-02-29,2024-03-14,2024-03-14,400,On-Time
DEL-00821,PO-00821,SUP15,2024-02-29,2024-03-12,2024-03-21,80,Delayed
DEL-00822,PO-00822,SUP15,2024-02-29,2024-03-07,2024-03-08,400,Delayed
DEL-00823,PO-00823,SUP12,2024-02-29,2024-03-28,2024-03-28,20,On-Time
DEL-00824,PO-00824,SUP05,2024-02-29,2024-03-08,2024-03-08,250,On-Time
DEL-00825,PO-00825,SUP05,2024-02-29,2024-03-05,2024-03-05,250,On-Time
DEL-00826,PO-00826,SUP14,2024-03-01,2024-03-13,2024-03-13,80,On-Time
DEL-00827,PO-00827,SUP14,2024-03-01,2024-03-15,2024-03-15,50,On-Time
DEL-00828,PO-00828,SUP15,2024-03-01,2024-03-15,2024-03-15,250,On-Time
DEL-00829,PO-00829,SUP05,2024-03-01,2024-03-07,2024-03-08,500,Delayed
DEL-00830,PO-00830,SUP02,2024-03-01,2024-03-13,2024-03-12,400,On-Time
DEL-00831,PO-00831,SUP07,2024-03-01,2024-03-11,2024-03-11,100,On-Time
DEL-00832,PO-00832,SUP01,2024-03-01,2024-03-15,2024-03-15,400,On-Time
DEL-00833,PO-00833,SUP14,2024-03-01,2024-03-07,2024-03-18,200,Delayed
DEL-00834,PO-00834,SUP10,2024-03-01,2024-03-29,2024-04-01,15,Delayed
DEL-00835,PO-00835,SUP13,2024-03-02,2024-03-16,2024-03-16,400,On-Time
DEL-00836,PO-00836,SUP15,2024-03-02,2024-03-14,2024-03-18,100,Delayed
DEL-00837,PO-00837,SUP05,2024-03-02,2024-03-12,2024-03-12,50,On-Time
DEL-00838,PO-00838,SUP07,2024-03-02,2024-03-14,2024-03-21,250,Delayed
DEL-00839,PO-00839,SUP04,2024-03-02,2024-03-16,2024-03-16,50,On-Time
DEL-00840,PO-00840,SUP06,2024-03-02,2024-03-09,2024-03-09,100,On-Time
DEL-00841,PO-00841,SUP07,2024-03-02,2024-03-16,2024-03-16,200,On-Time
DEL-00842,PO-00842,SUP04,2024-03-02,2024-03-10,2024-03-09,100,On-Time
DEL-00843,PO-00843,SUP09,2024-03-02,2024-03-10,2024-03-15,200,Delayed
DEL-00844,PO-00844,SUP13,2024-03-02,2024-03-13,2024-03-13,200,On-Time
DEL-00845,PO-00845,SUP11,2024-03-02,2024-03-12,2024-03-11,300,On-Time
DEL-00846,PO-00846,SUP14,2024-03-03,2024-03-21,2024-03-23,20,Delayed
DEL-00847,PO-00847,SUP05,2024-03-03,2024-03-08,2024-03-06,400,On-Time
DEL-00848,PO-00848,SUP03,2024-03-03,2024-03-18,2024-03-18,40,On-Time
DEL-00849,PO-00849,SUP04,2024-03-03,2024-03-21,2024-03-21,10,On-Time
DEL-00850,PO-00850,SUP10,2024-03-03,2024-03-15,2024-03-14,80,On-Time
DEL-00851,PO-00851,SUP14,2024-03-03,2024-03-21,2024-03-20,20,On-Time
DEL-00852,PO-00852,SUP15,2024-03-03,2024-03-08,2024-03-08,200,On-Time
DEL-00853,PO-00853,SUP15,2024-03-03,2024-03-31,2024-03-31,20,On-Time
DEL-00854,PO-00854,SUP05,2024-03-03,2024-03-08,2024-03-07,150,On-Time
DEL-00855,PO-00855,SUP15,2024-03-03,2024-03-11,2024-03-11,200,On-Time
DEL-00856,PO-00856,SUP14,2024-03-03,2024-03-18,2024-03-18,40,On-Time
DEL-00857,PO-00857,SUP01,2024-03-03,2024-03-18,2024-03-18,80,On-Time
DEL-00858,PO-00858,SUP11,2024-03-03,2024-03-17,2024-03-17,300,On-Time
DEL-00859,PO-00859,SUP06,2024-03-03,2024-03-13,2024-03-13,400,On-Time
DEL-00860,PO-00860,SUP11,2024-03-04,2024-03-11,2024-03-11,250,On-Time
DEL-00861,PO-00861,SUP09,2024-03-04,2024-03-16,2024-03-15,120,On-Time
DEL-00862,PO-00862,SUP08,2024-03-04,2024-03-22,2024-03-22,60,On-Time
DEL-00863,PO-00863,SUP08,2024-03-04,2024-03-14,2024-03-14,50,On-Time
DEL-00864,PO-00864,SUP08,2024-03-04,2024-03-14,2024-03-14,50,On-Time
DEL-00865,PO-00865,SUP10,2024-03-04,2024-03-18,2024-03-18,50,On-Time
DEL-00866,PO-00866,SUP05,2024-03-04,2024-03-12,2024-03-12,300,On-Time
DEL-00867,PO-00867,SUP06,2024-03-04,2024-03-18,2024-03-18,400,On-Time
DEL-00868,PO-00868,SUP14,2024-03-04,2024-03-11,2024-03-11,300,On-Time
DEL-00869,PO-00869,SUP15,2024-03-04,2024-03-09,2024-03-09,500,On-Time
DEL-00870,PO-00870,SUP14,2024-03-05,2024-03-10,2024-03-10,400,On-Time
DEL-00871,PO-00871,SUP01,2024-03-05,2024-03-13,2024-03-13,150,On-Time
DEL-00872,PO-00872,SUP09,2024-03-05,2024-03-10,2024-03-10,250,On-Time
DEL-00873,PO-00873,SUP07,2024-03-05,2024-03-19,2024-03-26,60,Delayed
DEL-00874,PO-00874,SUP05,2024-03-05,2024-03-12,2024-03-12,200,On-Time
DEL-00875,PO-00875,SUP01,2024-03-05,2024-03-13,2024-03-13,400,On-Time
DEL-00876,PO-00876,SUP12,2024-03-05,2024-03-13,2024-03-13,500,On-Time
DEL-00877,PO-00877,SUP02,2024-03-05,2024-03-19,2024-03-19,100,On-Time
DEL-00878,PO-00878,SUP15,2024-03-05,2024-03-26,2024-03-26,80,On-Time
DEL-00879,PO-00879,SUP04,2024-03-05,2024-03-19,2024-03-19,400,On-Time
DEL-00880,PO-00880,SUP14,2024-03-05,2024-03-11,2024-03-17,300,Delayed
DEL-00881,PO-00881,SUP05,2024-03-05,2024-03-10,2024-03-17,150,Delayed
DEL-00882,PO-00882,SUP08,2024-03-05,2024-03-20,2024-03-20,50,On-Time
DEL-00883,PO-00883,SUP11,2024-03-05,2024-03-12,2024-03-12,400,On-Time
DEL-00884,PO-00884,SUP15,2024-03-05,2024-03-19,2024-03-26,15,Delayed
DEL-00885,PO-00885,SUP09,2024-03-05,2024-03-12,2024-03-10,200,On-Time
DEL-00886,PO-00886,SUP06,2024-03-05,2024-03-23,2024-03-28,80,Delayed
DEL-00887,PO-00887,SUP07,2024-03-05,2024-03-17,2024-03-17,400,On-Time
DEL-00888,PO-00888,SUP06,2024-03-05,2024-03-15,2024-03-15,200,On-Time
DEL-00889,PO-00889,SUP05,2024-03-05,2024-03-10,2024-03-10,150,On-Time
DEL-00890,PO-00890,SUP15,2024-03-06,2024-03-18,2024-03-18,100,On-Time
DEL-00891,PO-00891,SUP01,2024-03-06,2024-03-16,2024-03-16,300,On-Time
DEL-00892,PO-00892,SUP11,2024-03-06,2024-03-26,2024-03-26,50,On-Time
DEL-00893,PO-00893,SUP01,2024-03-06,2024-03-18,2024-03-18,60,On-Time
DEL-00894,PO-00894,SUP10,2024-03-06,2024-03-18,2024-03-18,80,On-Time
DEL-00895,PO-00895,SUP01,2024-03-06,2024-03-13,2024-03-13,150,On-Time
DEL-00896,PO-00896,SUP04,2024-03-06,2024-03-26,2024-03-26,30,On-Time
DEL-00897,PO-00897,SUP13,2024-03-06,2024-03-20,2024-03-20,60,On-Time
DEL-00898,PO-00898,SUP15,2024-03-06,2024-03-18,2024-03-18,500,On-Time
DEL-00899,PO-00899,SUP14,2024-03-06,2024-03-14,2024-03-14,400,On-Time
DEL-00900,PO-00900,SUP12,2024-03-06,2024-03-16,2024-03-14,40,On-Time
DEL-00901,PO-00901,SUP15,2024-03-06,2024-03-21,2024-03-21,40,On-Time
DEL-00902,PO-00902,SUP09,2024-03-06,2024-03-12,2024-03-17,150,Delayed
DEL-00903,PO-00903,SUP07,2024-03-06,2024-03-21,2024-03-21,50,On-Time
DEL-00904,PO-00904,SUP01,2024-03-06,2024-03-27,2024-03-27,120,On-Time
DEL-00905,PO-00905,SUP14,2024-03-07,2024-03-19,2024-03-19,100,On-Time
DEL-00906,PO-00906,SUP06,2024-03-07,2024-03-17,2024-03-17,250,On-Time
DEL-00907,PO-00907,SUP09,2024-03-07,2024-03-14,2024-03-14,400,On-Time
DEL-00908,PO-00908,SUP01,2024-03-07,2024-03-15,2024-03-15,40,On-Time
DEL-00909,PO-00909,SUP01,2024-03-07,2024-03-17,2024-03-17,200,On-Time
DEL-00910,PO-00910,SUP05,2024-03-07,2024-03-17,2024-03-17,120,On-Time
DEL-00911,PO-00911,SUP14,2024-03-07,2024-03-21,2024-03-21,100,On-Time
DEL-00912,PO-00912,SUP11,2024-03-07,2024-03-17,2024-03-17,300,On-Time
DEL-00913,PO-00913,SUP15,2024-03-08,2024-03-14,2024-03-13,400,On-Time
DEL-00914,PO-00914,SUP14,2024-03-08,2024-03-20,2024-03-20,120,On-Time
DEL-00915,PO-00915,SUP14,2024-03-08,2024-03-13,2024-03-13,200,On-Time
DEL-00916,PO-00916,SUP14,2024-03-08,2024-03-16,2024-03-16,250,On-Time
DEL-00917,PO-00917,SUP01,2024-03-08,2024-03-20,2024-03-19,60,On-Time
DEL-00918,PO-00918,SUP02,2024-03-08,2024-03-28,2024-03-26,40,On-Time
DEL-00919,PO-00919,SUP06,2024-03-08,2024-03-28,2024-03-27,120,On-Time
DEL-00920,PO-00920,SUP08,2024-03-08,2024-03-22,2024-03-22,40,On-Time
DEL-00921,PO-00921,SUP14,2024-03-08,2024-03-14,2024-03-14,400,On-Time
DEL-00922,PO-00922,SUP15,2024-03-08,2024-03-22,2024-03-25,150,Delayed
DEL-00923,PO-00923,SUP08,2024-03-08,2024-03-16,2024-03-16,400,On-Time
DEL-00924,PO-00924,SUP15,2024-03-08,2024-03-18,2024-03-18,50,On-Time
DEL-00925,PO-00925,SUP11,2024-03-08,2024-03-16,2024-03-16,40,On-Time
DEL-00926,PO-00926,SUP13,2024-03-09,2024-03-17,2024-03-17,100,On-Time
DEL-00927,PO-00927,SUP14,2024-03-09,2024-03-14,2024-03-14,150,On-Time
DEL-00928,PO-00928,SUP01,2024-03-09,2024-03-21,2024-03-21,150,On-Time
DEL-00929,PO-00929,SUP08,2024-03-09,2024-03-27,2024-03-27,50,On-Time
DEL-00930,PO-00930,SUP13,2024-03-09,2024-03-21,2024-03-21,100,On-Time
DEL-00931,PO-00931,SUP07,2024-03-09,2024-03-17,2024-03-17,40,On-Time
DEL-00932,PO-00932,SUP15,2024-03-09,2024-03-21,2024-03-20,200,On-Time
DEL-00933,PO-00933,SUP09,2024-03-09,2024-03-16,2024-03-15,250,On-Time
DEL-00934,PO-00934,SUP03,2024-03-09,2024-03-27,2024-03-27,40,On-Time
DEL-00935,PO-00935,SUP01,2024-03-09,2024-03-29,2024-03-31,40,Delayed
DEL-00936,PO-00936,SUP14,2024-03-09,2024-03-17,2024-03-25,100,Delayed
DEL-00937,PO-00937,SUP01,2024-03-09,2024-03-18,2024-03-18,300,On-Time
DEL-00938,PO-00938,SUP04,2024-03-09,2024-03-19,2024-03-20,60,Delayed
DEL-00939,PO-00939,SUP15,2024-03-09,2024-03-21,2024-03-26,200,Delayed
DEL-00940,PO-00940,SUP14,2024-03-09,2024-03-16,2024-03-16,400,On-Time
DEL-00941,PO-00941,SUP01,2024-03-09,2024-03-19,2024-03-19,100,On-Time
DEL-00942,PO-00942,SUP15,2024-03-09,2024-03-17,2024-03-17,60,On-Time
DEL-00943,PO-00943,SUP13,2024-03-09,2024-03-27,2024-03-27,15,On-Time
DEL-00944,PO-00944,SUP08,2024-03-09,2024-03-27,2024-03-27,50,On-Time
DEL-00945,PO-00945,SUP15,2024-03-09,2024-03-25,2024-03-25,10,On-Time
DEL-00946,PO-00946,SUP05,2024-03-09,2024-03-14,2024-03-14,500,On-Time
DEL-00947,PO-00947,SUP14,2024-03-09,2024-03-21,2024-03-21,300,On-Time
DEL-00948,PO-00948,SUP02,2024-03-09,2024-03-19,2024-03-19,400,On-Time
DEL-00949,PO-00949,SUP12,2024-03-10,2024-04-07,2024-04-07,15,On-Time
DEL-00950,PO-00950,SUP05,2024-03-10,2024-03-17,2024-03-17,400,On-Time
DEL-00951,PO-00951,SUP15,2024-03-10,2024-03-18,2024-03-18,100,On-Time
DEL-00952,PO-00952,SUP02,2024-03-10,2024-03-20,2024-03-20,500,On-Time
DEL-00953,PO-00953,SUP15,2024-03-10,2024-03-19,2024-03-19,120,On-Time
DEL-00954,PO-00954,SUP14,2024-03-10,2024-03-16,2024-03-16,250,On-Time
DEL-00955,PO-00955,SUP01,2024-03-10,2024-03-28,2024-03-28,30,On-Time
DEL-00956,PO-00956,SUP09,2024-03-10,2024-03-22,2024-03-22,80,On-Time
DEL-00957,PO-00957,SUP12,2024-03-10,2024-03-18,2024-03-18,300,On-Time
DEL-00958,PO-00958,SUP10,2024-03-10,2024-03-22,2024-03-20,40,On-Time
DEL-00959,PO-00959,SUP15,2024-03-10,2024-03-20,2024-03-19,50,On-Time
DEL-00960,PO-00960,SUP06,2024-03-10,2024-03-19,2024-03-19,200,On-Time
DEL-00961,PO-00961,SUP15,2024-03-11,2024-03-25,2024-03-23,500,On-Time
DEL-00962,PO-00962,SUP06,2024-03-11,2024-03-20,2024-03-20,400,On-Time
DEL-00963,PO-00963,SUP14,2024-03-11,2024-03-23,2024-03-23,80,On-Time
DEL-00964,PO-00964,SUP08,2024-03-11,2024-03-19,2024-03-19,100,On-Time
DEL-00965,PO-00965,SUP11,2024-03-11,2024-03-25,2024-03-23,100,On-Time
DEL-00966,PO-00966,SUP03,2024-03-11,2024-03-26,2024-03-26,60,On-Time
DEL-00967,PO-00967,SUP09,2024-03-11,2024-03-18,2024-03-18,300,On-Time
DEL-00968,PO-00968,SUP09,2024-03-11,2024-03-16,2024-03-17,150,Delayed
DEL-00969,PO-00969,SUP14,2024-03-11,2024-03-16,2024-03-16,100,On-Time
DEL-00970,PO-00970,SUP06,2024-03-11,2024-03-18,2024-03-18,300,On-Time
DEL-00971,PO-00971,SUP01,2024-03-11,2024-03-18,2024-03-18,500,On-Time
DEL-00972,PO-00972,SUP06,2024-03-11,2024-03-25,2024-03-25,100,On-Time
DEL-00973,PO-00973,SUP03,2024-03-12,2024-03-24,2024-03-24,50,On-Time
DEL-00974,PO-00974,SUP14,2024-03-12,2024-03-26,2024-03-26,40,On-Time
DEL-00975,PO-00975,SUP03,2024-03-12,2024-03-24,2024-03-23,40,On-Time
DEL-00976,PO-00976,SUP14,2024-03-12,2024-03-27,2024-03-27,60,On-Time
DEL-00977,PO-00977,SUP03,2024-03-12,2024-03-28,2024-03-28,40,On-Time
DEL-00978,PO-00978,SUP01,2024-03-12,2024-03-19,2024-03-18,250,On-Time
DEL-00979,PO-00979,SUP02,2024-03-12,2024-03-27,2024-03-26,80,On-Time
DEL-00980,PO-00980,SUP09,2024-03-12,2024-03-19,2024-03-19,200,On-Time
DEL-00981,PO-00981,SUP14,2024-03-12,2024-03-22,2024-03-22,100,On-Time
DEL-00982,PO-00982,SUP04,2024-03-12,2024-03-23,2024-03-23,100,On-Time
DEL-00983,PO-00983,SUP01,2024-03-12,2024-04-09,2024-04-09,40,On-Time
DEL-00984,PO-00984,SUP15,2024-03-12,2024-03-20,2024-03-20,150,On-Time
DEL-00985,PO-00985,SUP07,2024-03-12,2024-03-27,2024-03-30,60,Delayed
DEL-00986,PO-00986,SUP03,2024-03-12,2024-03-22,2024-03-22,200,On-Time
DEL-00987,PO-00987,SUP14,2024-03-13,2024-03-23,2024-03-23,120,On-Time
DEL-00988,PO-00988,SUP15,2024-03-13,2024-03-23,2024-03-23,150,On-Time
DEL-00989,PO-00989,SUP08,2024-03-13,2024-03-22,2024-03-22,200,On-Time
DEL-00990,PO-00990,SUP10,2024-03-13,2024-03-23,2024-03-23,200,On-Time
DEL-00991,PO-00991,SUP14,2024-03-13,2024-03-31,2024-03-31,20,On-Time
DEL-00992,PO-00992,SUP15,2024-03-13,2024-03-20,2024-03-26,150,Delayed
DEL-00993,PO-00993,SUP09,2024-03-13,2024-03-19,2024-03-20,300,Delayed
DEL-00994,PO-00994,SUP13,2024-03-13,2024-03-25,2024-03-25,150,On-Time
DEL-00995,PO-00995,SUP08,2024-03-13,2024-03-28,2024-03-28,60,On-Time
DEL-00996,PO-00996,SUP02,2024-03-13,2024-03-20,2024-03-20,500,On-Time
DEL-00997,PO-00997,SUP01,2024-03-13,2024-04-03,2024-04-03,80,On-Time
DEL-00998,PO-00998,SUP11,2024-03-13,2024-03-23,2024-03-22,250,On-Time
DEL-00999,PO-00999,SUP09,2024-03-13,2024-03-19,2024-03-19,100,On-Time
DEL-01000,PO-01000,SUP03,2024-03-13,2024-03-31,2024-03-31,40,On-Time
DEL-01001,PO-01001,SUP14,2024-03-13,2024-03-20,2024-03-20,300,On-Time
DEL-01002,PO-01002,SUP07,2024-03-13,2024-03-25,2024-03-25,100,On-Time
DEL-01003,PO-01003,SUP09,2024-03-13,2024-03-20,2024-03-20,250,On-Time
DEL-01004,PO-01004,SUP15,2024-03-13,2024-03-20,2024-03-20,300,On-Time
DEL-01005,PO-01005,SUP09,2024-03-13,2024-03-18,2024-03-18,100,On-Time
DEL-01006,PO-01006,SUP15,2024-03-13,2024-03-19,2024-03-18,250,On-Time
DEL-01007,PO-01007,SUP03,2024-03-13,2024-03-28,2024-03-28,60,On-Time
DEL-01008,PO-01008,SUP06,2024-03-13,2024-03-25,2024-03-24,100,On-Time
DEL-01009,PO-01009,SUP05,2024-03-13,2024-03-20,2024-03-20,150,On-Time
DEL-01010,PO-01010,SUP01,2024-03-13,2024-03-27,2024-03-27,500,On-Time
DEL-01011,PO-01011,SUP09,2024-03-13,2024-03-21,2024-03-21,400,On-Time
DEL-01012,PO-01012,SUP15,2024-03-13,2024-03-21,2024-03-21,60,On-Time
DEL-01013,PO-01013,SUP03,2024-03-13,2024-03-25,2024-03-25,40,On-Time
DEL-01014,PO-01014,SUP09,2024-03-14,2024-03-21,2024-03-22,500,Delayed
DEL-01015,PO-01015,SUP15,2024-03-14,2024-03-26,2024-03-26,300,On-Time
DEL-01016,PO-01016,SUP11,2024-03-14,2024-03-28,2024-03-31,500,Delayed
DEL-01017,PO-01017,SUP04,2024-03-14,2024-04-03,2024-04-05,30,Delayed
DEL-01018,PO-01018,SUP11,2024-03-14,2024-04-01,2024-03-31,120,On-Time
DEL-01019,PO-01019,SUP15,2024-03-14,2024-04-04,2024-04-04,80,On-Time
DEL-01020,PO-01020,SUP15,2024-03-14,2024-03-22,2024-03-21,250,On-Time
DEL-01021,PO-01021,SUP12,2024-03-14,2024-03-22,2024-03-22,100,On-Time
DEL-01022,PO-01022,SUP04,2024-03-14,2024-03-24,2024-03-27,60,Delayed
DEL-01023,PO-01023,SUP06,2024-03-14,2024-03-23,2024-03-23,400,On-Time
DEL-01024,PO-01024,SUP15,2024-03-14,2024-03-22,2024-03-22,150,On-Time
DEL-01025,PO-01025,SUP06,2024-03-14,2024-03-23,2024-03-23,300,On-Time
DEL-01026,PO-01026,SUP01,2024-03-14,2024-03-21,2024-03-24,100,Delayed
DEL-01027,PO-01027,SUP15,2024-03-14,2024-03-20,2024-03-20,100,On-Time
DEL-01028,PO-01028,SUP05,2024-03-15,2024-03-21,2024-03-21,500,On-Time
DEL-01029,PO-01029,SUP03,2024-03-15,2024-03-24,2024-03-24,400,On-Time
DEL-01030,PO-01030,SUP11,2024-03-15,2024-03-22,2024-03-21,200,On-Time
DEL-01031,PO-01031,SUP08,2024-03-15,2024-03-22,2024-03-22,300,On-Time
DEL-01032,PO-01032,SUP15,2024-03-15,2024-03-20,2024-03-20,500,On-Time
DEL-01033,PO-01033,SUP09,2024-03-15,2024-03-25,2024-04-12,80,Delayed
DEL-01034,PO-01034,SUP02,2024-03-15,2024-03-25,2024-03-25,200,On-Time
DEL-01035,PO-01035,SUP15,2024-03-15,2024-03-23,2024-03-22,100,On-Time
DEL-01036,PO-01036,SUP14,2024-03-15,2024-03-29,2024-03-29,120,On-Time
DEL-01037,PO-01037,SUP05,2024-03-15,2024-03-21,2024-03-21,400,On-Time
DEL-01038,PO-01038,SUP09,2024-03-15,2024-03-20,2024-03-20,200,On-Time
DEL-01039,PO-01039,SUP01,2024-03-15,2024-03-22,2024-03-22,500,On-Time
DEL-01040,PO-01040,SUP06,2024-03-15,2024-03-25,2024-03-25,300,On-Time
DEL-01041,PO-01041,SUP09,2024-03-15,2024-03-22,2024-03-22,400,On-Time
DEL-01042,PO-01042,SUP01,2024-03-15,2024-03-23,2024-03-23,50,On-Time
DEL-01043,PO-01043,SUP15,2024-03-15,2024-03-23,2024-03-23,150,On-Time
DEL-01044,PO-01044,SUP15,2024-03-15,2024-03-29,2024-03-28,500,On-Time
DEL-01045,PO-01045,SUP15,2024-03-15,2024-03-21,2024-03-21,300,On-Time
DEL-01046,PO-01046,SUP06,2024-03-15,2024-03-27,2024-03-27,100,On-Time
DEL-01047,PO-01047,SUP01,2024-03-15,2024-03-25,2024-03-25,500,On-Time
DEL-01048,PO-01048,SUP14,2024-03-15,2024-03-27,2024-03-27,200,On-Time
DEL-01049,PO-01049,SUP11,2024-03-15,2024-03-25,2024-03-24,100,On-Time
DEL-01050,PO-01050,SUP01,2024-03-16,2024-04-13,2024-04-13,15,On-Time
DEL-01051,PO-01051,SUP06,2024-03-16,2024-03-26,2024-04-01,200,Delayed
DEL-01052,PO-01052,SUP06,2024-03-16,2024-04-05,2024-04-05,80,On-Time
DEL-01053,PO-01053,SUP14,2024-03-16,2024-03-23,2024-03-27,400,Delayed
DEL-01054,PO-01054,SUP12,2024-03-16,2024-03-31,2024-03-31,120,On-Time
DEL-01055,PO-01055,SUP03,2024-03-16,2024-03-26,2024-03-26,150,On-Time
DEL-01056,PO-01056,SUP04,2024-03-16,2024-03-28,2024-03-28,100,On-Time
DEL-01057,PO-01057,SUP04,2024-03-16,2024-03-31,2024-03-29,80,On-Time
DEL-01058,PO-01058,SUP05,2024-03-16,2024-03-21,2024-03-21,250,On-Time
DEL-01059,PO-01059,SUP15,2024-03-16,2024-03-24,2024-03-24,150,On-Time
DEL-01060,PO-01060,SUP06,2024-03-16,2024-04-03,2024-04-03,80,On-Time
DEL-01061,PO-01061,SUP09,2024-03-16,2024-03-23,2024-03-21,150,On-Time
DEL-01062,PO-01062,SUP03,2024-03-16,2024-04-13,2024-04-13,20,On-Time
DEL-01063,PO-01063,SUP04,2024-03-16,2024-03-26,2024-03-30,50,Delayed
DEL-01064,PO-01064,SUP09,2024-03-16,2024-03-22,2024-03-24,200,Delayed
DEL-01065,PO-01065,SUP11,2024-03-16,2024-03-23,2024-03-23,400,On-Time
DEL-01066,PO-01066,SUP10,2024-03-16,2024-03-25,2024-03-25,250,On-Time
DEL-01067,PO-01067,SUP10,2024-03-16,2024-03-25,2024-04-12,200,Delayed
DEL-01068,PO-01068,SUP15,2024-03-17,2024-03-24,2024-03-24,200,On-Time
DEL-01069,PO-01069,SUP05,2024-03-17,2024-03-24,2024-03-23,300,On-Time
DEL-01070,PO-01070,SUP15,2024-03-17,2024-03-25,2024-03-25,100,On-Time
DEL-01071,PO-01071,SUP07,2024-03-17,2024-03-31,2024-03-31,100,On-Time
DEL-01072,PO-01072,SUP14,2024-03-17,2024-03-25,2024-03-24,500,On-Time
DEL-01073,PO-01073,SUP14,2024-03-17,2024-03-25,2024-03-24,50,On-Time
DEL-01074,PO-01074,SUP15,2024-03-17,2024-03-22,2024-03-22,150,On-Time
DEL-01075,PO-01075,SUP15,2024-03-17,2024-03-29,2024-03-31,120,Delayed
DEL-01076,PO-01076,SUP15,2024-03-18,2024-03-30,2024-04-04,100,Delayed
DEL-01077,PO-01077,SUP07,2024-03-18,2024-04-01,2024-04-01,150,On-Time
DEL-01078,PO-01078,SUP08,2024-03-18,2024-04-01,2024-04-01,80,On-Time
DEL-01079,PO-01079,SUP02,2024-03-18,2024-03-30,2024-03-30,400,On-Time
DEL-01080,PO-01080,SUP13,2024-03-18,2024-03-28,2024-03-28,50,On-Time
DEL-01081,PO-01081,SUP08,2024-03-18,2024-03-25,2024-03-25,250,On-Time
DEL-01082,PO-01082,SUP05,2024-03-18,2024-03-23,2024-03-23,100,On-Time
DEL-01083,PO-01083,SUP15,2024-03-18,2024-03-29,2024-03-29,300,On-Time
DEL-01084,PO-01084,SUP02,2024-03-18,2024-03-28,2024-03-28,300,On-Time
DEL-01085,PO-01085,SUP12,2024-03-18,2024-03-26,2024-03-26,60,On-Time
DEL-01086,PO-01086,SUP04,2024-03-18,2024-04-01,2024-04-01,250,On-Time
DEL-01087,PO-01087,SUP10,2024-03-18,2024-03-27,2024-03-27,100,On-Time
DEL-01088,PO-01088,SUP06,2024-03-18,2024-03-28,2024-03-27,250,On-Time
DEL-01089,PO-01089,SUP06,2024-03-19,2024-03-29,2024-03-29,100,On-Time
DEL-01090,PO-01090,SUP13,2024-03-19,2024-03-31,2024-04-06,250,Delayed
DEL-01091,PO-01091,SUP05,2024-03-19,2024-03-27,2024-03-27,150,On-Time
DEL-01092,PO-01092,SUP08,2024-03-19,2024-03-29,2024-03-28,200,On-Time
DEL-01093,PO-01093,SUP09,2024-03-19,2024-03-26,2024-03-26,150,On-Time
DEL-01094,PO-01094,SUP05,2024-03-19,2024-03-24,2024-03-23,300,On-Time
DEL-01095,PO-01095,SUP04,2024-03-19,2024-03-29,2024-03-29,50,On-Time
DEL-01096,PO-01096,SUP01,2024-03-19,2024-03-26,2024-03-26,400,On-Time
DEL-01097,PO-01097,SUP03,2024-03-19,2024-03-28,2024-03-28,400,On-Time
DEL-01098,PO-01098,SUP14,2024-03-19,2024-03-27,2024-03-27,40,On-Time
DEL-01099,PO-01099,SUP14,2024-03-19,2024-03-31,2024-03-31,120,On-Time
DEL-01100,PO-01100,SUP14,2024-03-19,2024-03-27,2024-03-27,150,On-Time
DEL-01101,PO-01101,SUP14,2024-03-19,2024-03-31,2024-03-31,60,On-Time
DEL-01102,PO-01102,SUP14,2024-03-19,2024-03-24,2024-03-24,300,On-Time
DEL-01103,PO-01103,SUP15,2024-03-19,2024-04-02,2024-04-02,500,On-Time
DEL-01104,PO-01104,SUP02,2024-03-19,2024-03-29,2024-03-27,400,On-Time
DEL-01105,PO-01105,SUP15,2024-03-19,2024-03-28,2024-03-28,50,On-Time
DEL-01106,PO-01106,SUP15,2024-03-19,2024-03-29,2024-03-28,120,On-Time
DEL-01107,PO-01107,SUP14,2024-03-19,2024-03-29,2024-03-29,100,On-Time
DEL-01108,PO-01108,SUP09,2024-03-19,2024-03-25,2024-03-25,150,On-Time
DEL-01109,PO-01109,SUP01,2024-03-20,2024-03-27,2024-03-27,150,On-Time
DEL-01110,PO-01110,SUP14,2024-03-20,2024-03-25,2024-03-25,400,On-Time
DEL-01111,PO-01111,SUP15,2024-03-20,2024-03-28,2024-03-28,500,On-Time
DEL-01112,PO-01112,SUP15,2024-03-20,2024-03-27,2024-03-27,300,On-Time
DEL-01113,PO-01113,SUP01,2024-03-20,2024-04-01,2024-04-01,40,On-Time
DEL-01114,PO-01114,SUP04,2024-03-20,2024-04-03,2024-04-05,250,Delayed
DEL-01115,PO-01115,SUP14,2024-03-20,2024-04-04,2024-04-04,40,On-Time
DEL-01116,PO-01116,SUP12,2024-03-20,2024-04-03,2024-04-03,15,On-Time
DEL-01117,PO-01117,SUP08,2024-03-20,2024-04-01,2024-04-01,100,On-Time
DEL-01118,PO-01118,SUP14,2024-03-21,2024-03-27,2024-03-27,300,On-Time
DEL-01119,PO-01119,SUP08,2024-03-21,2024-04-04,2024-04-09,10,Delayed
DEL-01120,PO-01120,SUP15,2024-03-21,2024-03-28,2024-03-28,150,On-Time
DEL-01121,PO-01121,SUP13,2024-03-21,2024-04-05,2024-04-05,100,On-Time
DEL-01122,PO-01122,SUP02,2024-03-21,2024-03-28,2024-03-27,500,On-Time
DEL-01123,PO-01123,SUP06,2024-03-21,2024-04-02,2024-04-02,100,On-Time
DEL-01124,PO-01124,SUP11,2024-03-21,2024-04-04,2024-04-04,250,On-Time
DEL-01125,PO-01125,SUP05,2024-03-21,2024-03-29,2024-03-27,500,On-Time
DEL-01126,PO-01126,SUP15,2024-03-21,2024-03-27,2024-03-27,300,On-Time
DEL-01127,PO-01127,SUP14,2024-03-21,2024-03-30,2024-03-30,60,On-Time
DEL-01128,PO-01128,SUP10,2024-03-22,2024-04-07,2024-04-07,50,On-Time
DEL-01129,PO-01129,SUP15,2024-03-22,2024-03-29,2024-03-29,150,On-Time
DEL-01130,PO-01130,SUP15,2024-03-22,2024-04-06,2024-04-06,100,On-Time
DEL-01131,PO-01131,SUP04,2024-03-22,2024-03-30,2024-03-29,100,On-Time
DEL-01132,PO-01132,SUP15,2024-03-22,2024-03-29,2024-03-29,500,On-Time
DEL-01133,PO-01133,SUP11,2024-03-22,2024-03-29,2024-03-29,250,On-Time
DEL-01134,PO-01134,SUP14,2024-03-22,2024-03-27,2024-03-29,200,Delayed
DEL-01135,PO-01135,SUP15,2024-03-22,2024-03-30,2024-03-30,400,On-Time
DEL-01136,PO-01136,SUP09,2024-03-22,2024-03-29,2024-03-29,250,On-Time
DEL-01137,PO-01137,SUP15,2024-03-22,2024-04-09,2024-04-09,80,On-Time
DEL-01138,PO-01138,SUP11,2024-03-22,2024-04-06,2024-04-06,80,On-Time
DEL-01139,PO-01139,SUP06,2024-03-22,2024-04-03,2024-04-03,150,On-Time
DEL-01140,PO-01140,SUP06,2024-03-22,2024-04-11,2024-04-11,120,On-Time
DEL-01141,PO-01141,SUP05,2024-03-22,2024-03-27,2024-03-27,300,On-Time
DEL-01142,PO-01142,SUP15,2024-03-22,2024-04-01,2024-04-01,100,On-Time
DEL-01143,PO-01143,SUP13,2024-03-22,2024-04-07,2024-04-07,30,On-Time
DEL-01144,PO-01144,SUP14,2024-03-22,2024-04-01,2024-03-31,120,On-Time
DEL-01145,PO-01145,SUP11,2024-03-22,2024-04-06,2024-04-06,100,On-Time
DEL-01146,PO-01146,SUP01,2024-03-23,2024-03-31,2024-03-30,50,On-Time
DEL-01147,PO-01147,SUP08,2024-03-23,2024-04-06,2024-04-06,40,On-Time
DEL-01148,PO-01148,SUP08,2024-03-23,2024-04-08,2024-04-11,60,Delayed
DEL-01149,PO-01149,SUP07,2024-03-23,2024-04-03,2024-04-03,300,On-Time
DEL-01150,PO-01150,SUP09,2024-03-23,2024-03-29,2024-03-28,500,On-Time
DEL-01151,PO-01151,SUP01,2024-03-23,2024-04-04,2024-04-04,100,On-Time
DEL-01152,PO-01152,SUP13,2024-03-23,2024-04-06,2024-04-06,400,On-Time
DEL-01153,PO-01153,SUP14,2024-03-23,2024-03-29,2024-03-29,400,On-Time
DEL-01154,PO-01154,SUP15,2024-03-23,2024-03-30,2024-03-30,250,On-Time
DEL-01155,PO-01155,SUP09,2024-03-23,2024-03-30,2024-03-30,250,On-Time
DEL-01156,PO-01156,SUP14,2024-03-23,2024-04-04,2024-04-04,400,On-Time
DEL-01157,PO-01157,SUP12,2024-03-23,2024-03-31,2024-03-31,80,On-Time
DEL-01158,PO-01158,SUP14,2024-03-23,2024-03-31,2024-03-31,300,On-Time
DEL-01159,PO-01159,SUP01,2024-03-23,2024-04-07,2024-04-07,80,On-Time
DEL-01160,PO-01160,SUP08,2024-03-24,2024-04-03,2024-04-12,200,Delayed
DEL-01161,PO-01161,SUP13,2024-03-24,2024-04-05,2024-04-04,200,On-Time
DEL-01162,PO-01162,SUP01,2024-03-24,2024-03-31,2024-03-31,400,On-Time
DEL-01163,PO-01163,SUP06,2024-03-24,2024-04-05,2024-04-05,120,On-Time
DEL-01164,PO-01164,SUP12,2024-03-24,2024-03-31,2024-03-31,150,On-Time
DEL-01165,PO-01165,SUP01,2024-03-24,2024-04-03,2024-04-03,300,On-Time
DEL-01166,PO-01166,SUP08,2024-03-24,2024-04-08,2024-04-08,120,On-Time
DEL-01167,PO-01167,SUP15,2024-03-24,2024-03-30,2024-03-30,250,On-Time
DEL-01168,PO-01168,SUP11,2024-03-24,2024-04-11,2024-04-11,80,On-Time
DEL-01169,PO-01169,SUP06,2024-03-24,2024-04-13,2024-04-13,100,On-Time
DEL-01170,PO-01170,SUP08,2024-03-24,2024-04-05,2024-04-05,80,On-Time
DEL-01171,PO-01171,SUP15,2024-03-24,2024-04-01,2024-04-03,250,Delayed
DEL-01172,PO-01172,SUP15,2024-03-24,2024-03-31,2024-03-31,250,On-Time
DEL-01173,PO-01173,SUP06,2024-03-24,2024-04-11,2024-04-11,40,On-Time
DEL-01174,PO-01174,SUP14,2024-03-24,2024-04-11,2024-04-11,15,On-Time
DEL-01175,PO-01175,SUP14,2024-03-24,2024-03-31,2024-04-07,500,Delayed
DEL-01176,PO-01176,SUP09,2024-03-24,2024-03-30,2024-03-29,150,On-Time
DEL-01177,PO-01177,SUP04,2024-03-24,2024-04-05,2024-04-05,150,On-Time
DEL-01178,PO-01178,SUP15,2024-03-24,2024-03-31,2024-04-03,500,Delayed
DEL-01179,PO-01179,SUP03,2024-03-24,2024-04-21,2024-04-23,15,Delayed
DEL-01180,PO-01180,SUP08,2024-03-25,2024-04-04,2024-04-04,200,On-Time
DEL-01181,PO-01181,SUP07,2024-03-25,2024-04-06,2024-04-09,500,Delayed
DEL-01182,PO-01182,SUP12,2024-03-25,2024-04-02,2024-04-02,120,On-Time
DEL-01183,PO-01183,SUP06,2024-03-25,2024-04-04,2024-04-04,200,On-Time
DEL-01184,PO-01184,SUP15,2024-03-25,2024-04-12,2024-04-25,100,Delayed
DEL-01185,PO-01185,SUP01,2024-03-25,2024-04-22,2024-04-22,10,On-Time
DEL-01186,PO-01186,SUP05,2024-03-25,2024-04-03,2024-04-03,120,On-Time
DEL-01187,PO-01187,SUP08,2024-03-25,2024-04-09,2024-04-08,100,On-Time
DEL-01188,PO-01188,SUP09,2024-03-25,2024-03-31,2024-04-01,250,Delayed
DEL-01189,PO-01189,SUP03,2024-03-25,2024-04-12,2024-04-12,50,On-Time
DEL-01190,PO-01190,SUP09,2024-03-25,2024-04-01,2024-04-01,250,On-Time
DEL-01191,PO-01191,SUP15,2024-03-25,2024-04-08,2024-04-08,100,On-Time
DEL-01192,PO-01192,SUP15,2024-03-25,2024-04-08,2024-04-08,30,On-Time
DEL-01193,PO-01193,SUP15,2024-03-26,2024-04-02,2024-04-05,100,Delayed
DEL-01194,PO-01194,SUP13,2024-03-26,2024-04-09,2024-04-10,100,Delayed
DEL-01195,PO-01195,SUP03,2024-03-26,2024-04-04,2024-04-04,400,On-Time
DEL-01196,PO-01196,SUP01,2024-03-26,2024-04-05,2024-04-05,300,On-Time
DEL-01197,PO-01197,SUP09,2024-03-26,2024-04-01,2024-03-30,500,On-Time
DEL-01198,PO-01198,SUP09,2024-03-26,2024-04-02,2024-04-03,150,Delayed
DEL-01199,PO-01199,SUP14,2024-03-26,2024-04-03,2024-04-05,400,Delayed
DEL-01200,PO-01200,SUP07,2024-03-26,2024-04-09,2024-04-09,80,On-Time
DEL-01201,PO-01201,SUP02,2024-03-26,2024-04-02,2024-03-31,250,On-Time
DEL-01202,PO-01202,SUP15,2024-03-26,2024-03-31,2024-04-01,100,Delayed
DEL-01203,PO-01203,SUP02,2024-03-26,2024-04-07,2024-04-06,250,On-Time
DEL-01204,PO-01204,SUP01,2024-03-26,2024-04-09,2024-04-12,500,Delayed
DEL-01205,PO-01205,SUP15,2024-03-26,2024-04-01,2024-04-01,200,On-Time
DEL-01206,PO-01206,SUP06,2024-03-26,2024-04-03,2024-04-03,40,On-Time
DEL-01207,PO-01207,SUP15,2024-03-26,2024-03-31,2024-04-11,300,Delayed
DEL-01208,PO-01208,SUP14,2024-03-27,2024-04-02,2024-04-02,150,On-Time
DEL-01209,PO-01209,SUP06,2024-03-27,2024-04-16,2024-04-16,50,On-Time
DEL-01210,PO-01210,SUP03,2024-03-27,2024-04-11,2024-04-11,60,On-Time
DEL-01211,PO-01211,SUP08,2024-03-27,2024-04-18,2024-04-18,20,On-Time
DEL-01212,PO-01212,SUP14,2024-03-27,2024-04-01,2024-03-31,200,On-Time
DEL-01213,PO-01213,SUP06,2024-03-27,2024-04-10,2024-04-10,80,On-Time
DEL-01214,PO-01214,SUP09,2024-03-27,2024-04-06,2024-04-06,120,On-Time
DEL-01215,PO-01215,SUP02,2024-03-27,2024-04-10,2024-04-09,300,On-Time
DEL-01216,PO-01216,SUP04,2024-03-27,2024-04-10,2024-04-08,200,On-Time
DEL-01217,PO-01217,SUP11,2024-03-27,2024-04-04,2024-04-04,100,On-Time
DEL-01218,PO-01218,SUP13,2024-03-27,2024-04-16,2024-04-16,15,On-Time
DEL-01219,PO-01219,SUP14,2024-03-27,2024-04-08,2024-04-08,120,On-Time
DEL-01220,PO-01220,SUP14,2024-03-27,2024-04-06,2024-04-09,40,Delayed
DEL-01221,PO-01221,SUP06,2024-03-28,2024-04-04,2024-04-04,150,On-Time
DEL-01222,PO-01222,SUP15,2024-03-28,2024-04-04,2024-04-04,250,On-Time
DEL-01223,PO-01223,SUP08,2024-03-28,2024-04-04,2024-04-04,400,On-Time
DEL-01224,PO-01224,SUP15,2024-03-28,2024-04-03,2024-04-03,100,On-Time
DEL-01225,PO-01225,SUP15,2024-03-28,2024-04-07,2024-04-08,400,Delayed
DEL-01226,PO-01226,SUP14,2024-03-28,2024-04-11,2024-04-11,40,On-Time
DEL-01227,PO-01227,SUP15,2024-03-28,2024-04-05,2024-04-05,40,On-Time
DEL-01228,PO-01228,SUP06,2024-03-28,2024-04-25,2024-04-29,10,Delayed
DEL-01229,PO-01229,SUP07,2024-03-28,2024-04-12,2024-04-12,80,On-Time
DEL-01230,PO-01230,SUP06,2024-03-28,2024-04-11,2024-04-11,200,On-Time
DEL-01231,PO-01231,SUP09,2024-03-28,2024-04-02,2024-04-02,400,On-Time
DEL-01232,PO-01232,SUP06,2024-03-28,2024-04-07,2024-04-05,300,On-Time
DEL-01233,PO-01233,SUP06,2024-03-28,2024-04-09,2024-04-09,120,On-Time
DEL-01234,PO-01234,SUP11,2024-03-28,2024-04-12,2024-04-11,100,On-Time
DEL-01235,PO-01235,SUP07,2024-03-28,2024-04-05,2024-04-05,80,On-Time
DEL-01236,PO-01236,SUP15,2024-03-28,2024-04-04,2024-04-02,150,On-Time
DEL-01237,PO-01237,SUP15,2024-03-28,2024-04-06,2024-04-12,60,Delayed
DEL-01238,PO-01238,SUP05,2024-03-28,2024-04-05,2024-04-05,150,On-Time
DEL-01239,PO-01239,SUP08,2024-03-29,2024-04-14,2024-04-14,15,On-Time
DEL-01240,PO-01240,SUP11,2024-03-29,2024-04-18,2024-04-18,50,On-Time
DEL-01241,PO-01241,SUP01,2024-03-29,2024-04-10,2024-04-09,150,On-Time
DEL-01242,PO-01242,SUP01,2024-03-29,2024-04-08,2024-04-08,400,On-Time
DEL-01243,PO-01243,SUP01,2024-03-29,2024-04-12,2024-04-12,100,On-Time
DEL-01244,PO-01244,SUP14,2024-03-29,2024-04-04,2024-04-04,500,On-Time
DEL-01245,PO-01245,SUP14,2024-03-29,2024-04-06,2024-04-06,100,On-Time
DEL-01246,PO-01246,SUP10,2024-03-29,2024-04-08,2024-04-11,400,Delayed
DEL-01247,PO-01247,SUP08,2024-03-29,2024-04-06,2024-04-06,150,On-Time
DEL-01248,PO-01248,SUP08,2024-03-29,2024-04-05,2024-04-05,200,On-Time
DEL-01249,PO-01249,SUP14,2024-03-30,2024-04-13,2024-04-14,500,Delayed
DEL-01250,PO-01250,SUP15,2024-03-30,2024-04-05,2024-04-05,100,On-Time
DEL-01251,PO-01251,SUP06,2024-03-30,2024-04-06,2024-04-06,400,On-Time
DEL-01252,PO-01252,SUP05,2024-03-30,2024-04-06,2024-04-06,100,On-Time
DEL-01253,PO-01253,SUP14,2024-03-30,2024-04-13,2024-04-11,400,On-Time
DEL-01254,PO-01254,SUP15,2024-03-30,2024-04-07,2024-04-07,150,On-Time
DEL-01255,PO-01255,SUP06,2024-03-30,2024-04-14,2024-04-14,80,On-Time
DEL-01256,PO-01256,SUP09,2024-03-30,2024-04-05,2024-04-05,300,On-Time
DEL-01257,PO-01257,SUP04,2024-03-30,2024-04-13,2024-04-13,400,On-Time
DEL-01258,PO-01258,SUP08,2024-03-30,2024-04-07,2024-04-07,100,On-Time
DEL-01259,PO-01259,SUP08,2024-03-30,2024-04-08,2024-04-08,500,On-Time
DEL-01260,PO-01260,SUP01,2024-03-30,2024-04-15,2024-04-15,120,On-Time
DEL-01261,PO-01261,SUP09,2024-03-30,2024-04-07,2024-04-07,400,On-Time
DEL-01262,PO-01262,SUP14,2024-03-30,2024-04-13,2024-04-13,150,On-Time
DEL-01263,PO-01263,SUP13,2024-03-30,2024-04-17,2024-04-17,20,On-Time
DEL-01264,PO-01264,SUP05,2024-03-30,2024-04-04,2024-04-04,200,On-Time
DEL-01265,PO-01265,SUP14,2024-03-30,2024-04-04,2024-04-04,500,On-Time
DEL-01266,PO-01266,SUP15,2024-03-30,2024-04-09,2024-04-11,150,Delayed
DEL-01267,PO-01267,SUP01,2024-03-30,2024-04-07,2024-04-07,50,On-Time
DEL-01268,PO-01268,SUP14,2024-03-31,2024-04-06,2024-04-07,500,Delayed
DEL-01269,PO-01269,SUP01,2024-03-31,2024-04-18,2024-04-16,120,On-Time
DEL-01270,PO-01270,SUP15,2024-03-31,2024-04-07,2024-04-07,400,On-Time
DEL-01271,PO-01271,SUP15,2024-03-31,2024-04-06,2024-04-07,500,Delayed
DEL-01272,PO-01272,SUP02,2024-03-31,2024-04-08,2024-04-08,50,On-Time
DEL-01273,PO-01273,SUP15,2024-03-31,2024-04-05,2024-04-05,400,On-Time
DEL-01274,PO-01274,SUP11,2024-03-31,2024-04-18,2024-04-18,120,On-Time
DEL-01275,PO-01275,SUP06,2024-03-31,2024-04-22,2024-04-22,20,On-Time
DEL-01276,PO-01276,SUP01,2024-03-31,2024-04-08,2024-04-08,250,On-Time
DEL-01277,PO-01277,SUP14,2024-03-31,2024-04-14,2024-04-14,100,On-Time
DEL-01278,PO-01278,SUP14,2024-04-01,2024-04-06,2024-04-10,200,Delayed
DEL-01279,PO-01279,SUP05,2024-04-01,2024-04-09,2024-04-09,100,On-Time
DEL-01280,PO-01280,SUP05,2024-04-01,2024-04-08,2024-04-08,150,On-Time
DEL-01281,PO-01281,SUP06,2024-04-01,2024-04-19,2024-04-18,120,On-Time
DEL-01282,PO-01282,SUP15,2024-04-01,2024-04-06,2024-04-06,100,On-Time
DEL-01283,PO-01283,SUP14,2024-04-01,2024-04-08,2024-04-07,150,On-Time
DEL-01284,PO-01284,SUP14,2024-04-01,2024-04-13,2024-04-13,200,On-Time
DEL-01285,PO-01285,SUP10,2024-04-01,2024-04-15,2024-04-18,40,Delayed
DEL-01286,PO-01286,SUP15,2024-04-01,2024-04-06,2024-04-07,200,Delayed
DEL-01287,PO-01287,SUP08,2024-04-01,2024-04-08,2024-04-08,100,On-Time
DEL-01288,PO-01288,SUP15,2024-04-01,2024-04-09,2024-04-09,500,On-Time
DEL-01289,PO-01289,SUP01,2024-04-01,2024-04-11,2024-04-11,250,On-Time
DEL-01290,PO-01290,SUP07,2024-04-01,2024-04-15,2024-04-22,200,Delayed
DEL-01291,PO-01291,SUP06,2024-04-01,2024-04-11,2024-04-11,500,On-Time
DEL-01292,PO-01292,SUP14,2024-04-01,2024-04-11,2024-04-11,50,On-Time
DEL-01293,PO-01293,SUP06,2024-04-01,2024-04-13,2024-04-13,400,On-Time
DEL-01294,PO-01294,SUP13,2024-04-02,2024-04-10,2024-04-10,120,On-Time
DEL-01295,PO-01295,SUP07,2024-04-02,2024-04-13,2024-04-13,400,On-Time
DEL-01296,PO-01296,SUP14,2024-04-02,2024-04-10,2024-04-10,50,On-Time
DEL-01297,PO-01297,SUP15,2024-04-02,2024-04-10,2024-04-11,250,Delayed
DEL-01298,PO-01298,SUP15,2024-04-02,2024-04-07,2024-04-07,400,On-Time
DEL-01299,PO-01299,SUP14,2024-04-02,2024-04-09,2024-04-09,100,On-Time
DEL-01300,PO-01300,SUP14,2024-04-02,2024-04-14,2024-04-15,400,Delayed
DEL-01301,PO-01301,SUP12,2024-04-02,2024-04-10,2024-04-10,200,On-Time
DEL-01302,PO-01302,SUP15,2024-04-02,2024-04-14,2024-04-14,100,On-Time
DEL-01303,PO-01303,SUP06,2024-04-02,2024-04-16,2024-04-14,60,On-Time
DEL-01304,PO-01304,SUP10,2024-04-02,2024-04-11,2024-04-18,200,Delayed
DEL-01305,PO-01305,SUP15,2024-04-02,2024-04-07,2024-04-05,150,On-Time
DEL-01306,PO-01306,SUP15,2024-04-02,2024-04-09,2024-04-14,300,Delayed
DEL-01307,PO-01307,SUP14,2024-04-02,2024-04-09,2024-04-09,400,On-Time
DEL-01308,PO-01308,SUP15,2024-04-02,2024-04-10,2024-04-14,300,Delayed
DEL-01309,PO-01309,SUP03,2024-04-02,2024-04-17,2024-04-19,40,Delayed
DEL-01310,PO-01310,SUP15,2024-04-02,2024-04-11,2024-04-11,60,On-Time
DEL-01311,PO-01311,SUP05,2024-04-02,2024-04-09,2024-04-07,200,On-Time
DEL-01312,PO-01312,SUP10,2024-04-03,2024-04-13,2024-04-17,250,Delayed
DEL-01313,PO-01313,SUP06,2024-04-03,2024-04-23,2024-04-23,100,On-Time
DEL-01314,PO-01314,SUP14,2024-04-03,2024-04-11,2024-04-11,500,On-Time
DEL-01315,PO-01315,SUP14,2024-04-03,2024-04-09,2024-04-09,100,On-Time
DEL-01316,PO-01316,SUP04,2024-04-03,2024-04-17,2024-04-17,400,On-Time
DEL-01317,PO-01317,SUP11,2024-04-03,2024-04-10,2024-04-10,250,On-Time
DEL-01318,PO-01318,SUP07,2024-04-03,2024-04-11,2024-04-11,120,On-Time
DEL-01319,PO-01319,SUP06,2024-04-04,2024-04-16,2024-04-16,200,On-Time
DEL-01320,PO-01320,SUP10,2024-04-04,2024-04-22,2024-04-24,80,Delayed
DEL-01321,PO-01321,SUP07,2024-04-04,2024-04-15,2024-04-15,500,On-Time
DEL-01322,PO-01322,SUP14,2024-04-04,2024-04-10,2024-04-10,500,On-Time
DEL-01323,PO-01323,SUP15,2024-04-04,2024-04-11,2024-04-13,400,Delayed
DEL-01324,PO-01324,SUP15,2024-04-04,2024-04-16,2024-04-16,150,On-Time
DEL-01325,PO-01325,SUP12,2024-04-04,2024-04-11,2024-04-09,400,On-Time
DEL-01326,PO-01326,SUP11,2024-04-04,2024-04-14,2024-04-14,150,On-Time
DEL-01327,PO-01327,SUP11,2024-04-04,2024-04-22,2024-04-22,100,On-Time
DEL-01328,PO-01328,SUP13,2024-04-04,2024-04-15,2024-04-15,300,On-Time
DEL-01329,PO-01329,SUP15,2024-04-05,2024-04-25,2024-04-25,120,On-Time
DEL-01330,PO-01330,SUP05,2024-04-05,2024-04-11,2024-04-16,300,Delayed
DEL-01331,PO-01331,SUP15,2024-04-05,2024-04-12,2024-04-12,500,On-Time
DEL-01332,PO-01332,SUP10,2024-04-05,2024-04-21,2024-04-20,40,On-Time
DEL-01333,PO-01333,SUP05,2024-04-05,2024-04-11,2024-04-11,100,On-Time
DEL-01334,PO-01334,SUP07,2024-04-05,2024-04-16,2024-04-14,250,On-Time
DEL-01335,PO-01335,SUP15,2024-04-05,2024-04-19,2024-04-19,80,On-Time
DEL-01336,PO-01336,SUP10,2024-04-05,2024-04-14,2024-04-17,200,Delayed
DEL-01337,PO-01337,SUP04,2024-04-05,2024-04-15,2024-04-15,120,On-Time
DEL-01338,PO-01338,SUP05,2024-04-05,2024-04-11,2024-04-11,300,On-Time
DEL-01339,PO-01339,SUP03,2024-04-05,2024-04-21,2024-04-21,60,On-Time
DEL-01340,PO-01340,SUP15,2024-04-05,2024-04-10,2024-04-08,100,On-Time
DEL-01341,PO-01341,SUP14,2024-04-05,2024-04-19,2024-04-19,400,On-Time
DEL-01342,PO-01342,SUP07,2024-04-05,2024-04-17,2024-04-20,500,Delayed
DEL-01343,PO-01343,SUP11,2024-04-05,2024-04-23,2024-04-23,60,On-Time
DEL-01344,PO-01344,SUP11,2024-04-06,2024-04-13,2024-04-13,250,On-Time
DEL-01345,PO-01345,SUP01,2024-04-06,2024-04-24,2024-04-24,100,On-Time
DEL-01346,PO-01346,SUP02,2024-04-06,2024-04-16,2024-04-14,300,On-Time
DEL-01347,PO-01347,SUP15,2024-04-06,2024-04-13,2024-04-11,400,On-Time
DEL-01348,PO-01348,SUP15,2024-04-06,2024-04-12,2024-04-23,200,Delayed
DEL-01349,PO-01349,SUP15,2024-04-06,2024-05-04,2024-05-05,20,Delayed
DEL-01350,PO-01350,SUP03,2024-04-06,2024-04-22,2024-04-22,120,On-Time
DEL-01351,PO-01351,SUP06,2024-04-06,2024-04-15,2024-04-15,150,On-Time
DEL-01352,PO-01352,SUP14,2024-04-06,2024-04-13,2024-04-16,300,Delayed
DEL-01353,PO-01353,SUP04,2024-04-06,2024-04-26,2024-04-26,10,On-Time
DEL-01354,PO-01354,SUP15,2024-04-07,2024-04-22,2024-04-22,100,On-Time
DEL-01355,PO-01355,SUP13,2024-04-07,2024-04-18,2024-04-18,250,On-Time
DEL-01356,PO-01356,SUP15,2024-04-07,2024-04-14,2024-04-13,400,On-Time
DEL-01357,PO-01357,SUP15,2024-04-07,2024-04-13,2024-04-13,400,On-Time
DEL-01358,PO-01358,SUP08,2024-04-07,2024-05-01,2024-05-01,40,On-Time
DEL-01359,PO-01359,SUP11,2024-04-07,2024-04-27,2024-04-29,50,Delayed
DEL-01360,PO-01360,SUP07,2024-04-07,2024-04-15,2024-04-14,50,On-Time
DEL-01361,PO-01361,SUP08,2024-04-07,2024-04-21,2024-04-21,15,On-Time
DEL-01362,PO-01362,SUP02,2024-04-07,2024-04-28,2024-04-28,100,On-Time
DEL-01363,PO-01363,SUP08,2024-04-07,2024-04-22,2024-04-22,60,On-Time
DEL-01364,PO-01364,SUP14,2024-04-08,2024-04-14,2024-04-12,500,On-Time
DEL-01365,PO-01365,SUP06,2024-04-08,2024-05-02,2024-05-02,20,On-Time
DEL-01366,PO-01366,SUP09,2024-04-08,2024-04-14,2024-04-13,300,On-Time
DEL-01367,PO-01367,SUP11,2024-04-08,2024-04-15,2024-04-15,150,On-Time
DEL-01368,PO-01368,SUP05,2024-04-08,2024-04-13,2024-04-13,400,On-Time
DEL-01369,PO-01369,SUP12,2024-04-08,2024-04-16,2024-04-16,300,On-Time
DEL-01370,PO-01370,SUP15,2024-04-08,2024-04-16,2024-04-16,100,On-Time
DEL-01371,PO-01371,SUP15,2024-04-08,2024-04-14,2024-04-14,150,On-Time
DEL-01372,PO-01372,SUP05,2024-04-08,2024-04-16,2024-04-16,150,On-Time
DEL-01373,PO-01373,SUP15,2024-04-08,2024-04-18,2024-04-18,300,On-Time
DEL-01374,PO-01374,SUP15,2024-04-08,2024-04-14,2024-04-14,500,On-Time
DEL-01375,PO-01375,SUP10,2024-04-08,2024-04-17,2024-04-17,150,On-Time
DEL-01376,PO-01376,SUP13,2024-04-08,2024-04-20,2024-04-20,500,On-Time
DEL-01377,PO-01377,SUP14,2024-04-08,2024-04-16,2024-04-16,60,On-Time
DEL-01378,PO-01378,SUP05,2024-04-08,2024-04-14,2024-04-13,300,On-Time
DEL-01379,PO-01379,SUP11,2024-04-08,2024-04-22,2024-04-22,400,On-Time
DEL-01380,PO-01380,SUP15,2024-04-08,2024-04-16,2024-04-25,150,Delayed
DEL-01381,PO-01381,SUP14,2024-04-08,2024-04-20,2024-04-20,400,On-Time
DEL-01382,PO-01382,SUP15,2024-04-08,2024-04-17,2024-04-21,80,Delayed
DEL-01383,PO-01383,SUP06,2024-04-08,2024-04-20,2024-04-20,50,On-Time
DEL-01384,PO-01384,SUP15,2024-04-08,2024-04-18,2024-04-18,100,On-Time
DEL-01385,PO-01385,SUP14,2024-04-08,2024-04-16,2024-04-16,500,On-Time
DEL-01386,PO-01386,SUP04,2024-04-09,2024-04-20,2024-04-21,300,Delayed
DEL-01387,PO-01387,SUP15,2024-04-09,2024-04-30,2024-05-05,40,Delayed
DEL-01388,PO-01388,SUP14,2024-04-09,2024-04-17,2024-04-17,400,On-Time
DEL-01389,PO-01389,SUP14,2024-04-09,2024-04-16,2024-04-16,250,On-Time
DEL-01390,PO-01390,SUP14,2024-04-09,2024-04-27,2024-04-27,10,On-Time
DEL-01391,PO-01391,SUP14,2024-04-09,2024-04-20,2024-04-20,150,On-Time
DEL-01392,PO-01392,SUP05,2024-04-09,2024-04-15,2024-04-15,150,On-Time
DEL-01393,PO-01393,SUP09,2024-04-09,2024-04-17,2024-04-17,400,On-Time
DEL-01394,PO-01394,SUP01,2024-04-09,2024-04-18,2024-04-18,250,On-Time
DEL-01395,PO-01395,SUP15,2024-04-09,2024-04-16,2024-04-16,200,On-Time
DEL-01396,PO-01396,SUP09,2024-04-09,2024-04-18,2024-04-17,100,On-Time
DEL-01397,PO-01397,SUP04,2024-04-10,2024-04-18,2024-04-18,80,On-Time
DEL-01398,PO-01398,SUP15,2024-04-10,2024-04-18,2024-04-18,50,On-Time
DEL-01399,PO-01399,SUP13,2024-04-10,2024-04-21,2024-04-21,500,On-Time
DEL-01400,PO-01400,SUP06,2024-04-10,2024-04-22,2024-04-22,40,On-Time
DEL-01401,PO-01401,SUP11,2024-04-10,2024-04-24,2024-04-24,100,On-Time
DEL-01402,PO-01402,SUP07,2024-04-10,2024-04-22,2024-04-24,500,Delayed
DEL-01403,PO-01403,SUP01,2024-04-10,2024-04-25,2024-04-25,120,On-Time
DEL-01404,PO-01404,SUP11,2024-04-10,2024-05-01,2024-04-30,50,On-Time
DEL-01405,PO-01405,SUP14,2024-04-10,2024-04-21,2024-04-21,300,On-Time
DEL-01406,PO-01406,SUP02,2024-04-10,2024-04-24,2024-04-24,100,On-Time
DEL-01407,PO-01407,SUP03,2024-04-10,2024-05-02,2024-05-02,40,On-Time
DEL-01408,PO-01408,SUP15,2024-04-10,2024-04-15,2024-04-15,300,On-Time
DEL-01409,PO-01409,SUP14,2024-04-10,2024-04-17,2024-04-16,500,On-Time
DEL-01410,PO-01410,SUP14,2024-04-10,2024-04-22,2024-04-22,200,On-Time
DEL-01411,PO-01411,SUP10,2024-04-10,2024-04-19,2024-04-27,200,Delayed
DEL-01412,PO-01412,SUP08,2024-04-10,2024-05-04,2024-05-04,30,On-Time
DEL-01413,PO-01413,SUP08,2024-04-10,2024-04-19,2024-04-19,100,On-Time
DEL-01414,PO-01414,SUP08,2024-04-10,2024-04-25,2024-04-25,120,On-Time
DEL-01415,PO-01415,SUP15,2024-04-10,2024-04-17,2024-04-21,500,Delayed
DEL-01416,PO-01416,SUP08,2024-04-11,2024-04-23,2024-04-24,80,Delayed
DEL-01417,PO-01417,SUP10,2024-04-11,2024-04-23,2024-04-23,120,On-Time
DEL-01418,PO-01418,SUP05,2024-04-11,2024-04-18,2024-04-18,500,On-Time
DEL-01419,PO-01419,SUP02,2024-04-11,2024-04-23,2024-04-23,150,On-Time
DEL-01420,PO-01420,SUP14,2024-04-11,2024-04-18,2024-04-20,400,Delayed
DEL-01421,PO-01421,SUP15,2024-04-11,2024-04-18,2024-04-23,100,Delayed
DEL-01422,PO-01422,SUP05,2024-04-11,2024-04-16,2024-04-16,200,On-Time
DEL-01423,PO-01423,SUP14,2024-04-11,2024-04-18,2024-04-18,400,On-Time
DEL-01424,PO-01424,SUP08,2024-04-11,2024-04-21,2024-04-21,400,On-Time
DEL-01425,PO-01425,SUP06,2024-04-11,2024-04-18,2024-04-18,200,On-Time
DEL-01426,PO-01426,SUP06,2024-04-11,2024-05-02,2024-05-01,80,On-Time
DEL-01427,PO-01427,SUP14,2024-04-11,2024-04-16,2024-04-16,100,On-Time
DEL-01428,PO-01428,SUP10,2024-04-11,2024-04-25,2024-04-25,40,On-Time
DEL-01429,PO-01429,SUP03,2024-04-11,2024-04-29,2024-04-28,120,On-Time
DEL-01430,PO-01430,SUP13,2024-04-12,2024-04-23,2024-04-22,200,On-Time
DEL-01431,PO-01431,SUP01,2024-04-12,2024-04-22,2024-04-22,500,On-Time
DEL-01432,PO-01432,SUP01,2024-04-12,2024-04-26,2024-04-26,150,On-Time
DEL-01433,PO-01433,SUP01,2024-04-12,2024-04-30,2024-04-30,80,On-Time
DEL-01434,PO-01434,SUP13,2024-04-12,2024-04-26,2024-04-26,400,On-Time
DEL-01435,PO-01435,SUP07,2024-04-12,2024-04-27,2024-04-27,40,On-Time
DEL-01436,PO-01436,SUP15,2024-04-12,2024-04-19,2024-04-19,150,On-Time
DEL-01437,PO-01437,SUP04,2024-04-12,2024-04-24,2024-04-24,100,On-Time
DEL-01438,PO-01438,SUP09,2024-04-12,2024-04-20,2024-04-20,500,On-Time
DEL-01439,PO-01439,SUP01,2024-04-12,2024-04-19,2024-04-18,300,On-Time
DEL-01440,PO-01440,SUP14,2024-04-12,2024-04-24,2024-04-24,400,On-Time
DEL-01441,PO-01441,SUP15,2024-04-12,2024-04-19,2024-04-19,150,On-Time
DEL-01442,PO-01442,SUP15,2024-04-12,2024-04-23,2024-05-01,500,Delayed
DEL-01443,PO-01443,SUP09,2024-04-12,2024-04-17,2024-04-17,200,On-Time
DEL-01444,PO-01444,SUP09,2024-04-12,2024-04-18,2024-04-18,200,On-Time
DEL-01445,PO-01445,SUP13,2024-04-12,2024-04-26,2024-04-26,400,On-Time
DEL-01446,PO-01446,SUP10,2024-04-13,2024-04-27,2024-04-28,80,Delayed
DEL-01447,PO-01447,SUP10,2024-04-13,2024-05-01,2024-05-01,100,On-Time
DEL-01448,PO-01448,SUP01,2024-04-13,2024-04-22,2024-04-21,250,On-Time
DEL-01449,PO-01449,SUP01,2024-04-13,2024-04-22,2024-04-22,400,On-Time
DEL-01450,PO-01450,SUP15,2024-04-13,2024-04-23,2024-04-23,500,On-Time
DEL-01451,PO-01451,SUP15,2024-04-13,2024-04-25,2024-04-25,40,On-Time
DEL-01452,PO-01452,SUP08,2024-04-13,2024-04-23,2024-04-23,400,On-Time
DEL-01453,PO-01453,SUP09,2024-04-13,2024-04-20,2024-04-20,100,On-Time
DEL-01454,PO-01454,SUP04,2024-04-13,2024-04-27,2024-05-02,40,Delayed
DEL-01455,PO-01455,SUP10,2024-04-13,2024-05-01,2024-05-01,50,On-Time
DEL-01456,PO-01456,SUP06,2024-04-13,2024-04-25,2024-04-23,50,On-Time
DEL-01457,PO-01457,SUP07,2024-04-13,2024-04-25,2024-04-25,500,On-Time
DEL-01458,PO-01458,SUP04,2024-04-13,2024-04-27,2024-04-27,300,On-Time
DEL-01459,PO-01459,SUP15,2024-04-13,2024-05-03,2024-05-01,50,On-Time
DEL-01460,PO-01460,SUP06,2024-04-13,2024-05-04,2024-05-03,120,On-Time
DEL-01461,PO-01461,SUP15,2024-04-13,2024-04-27,2024-04-27,250,On-Time
DEL-01462,PO-01462,SUP06,2024-04-13,2024-04-27,2024-04-27,500,On-Time
DEL-01463,PO-01463,SUP12,2024-04-13,2024-04-27,2024-04-26,20,On-Time
DEL-01464,PO-01464,SUP01,2024-04-13,2024-04-29,2024-04-29,100,On-Time
DEL-01465,PO-01465,SUP08,2024-04-13,2024-04-29,2024-04-28,50,On-Time
DEL-01466,PO-01466,SUP08,2024-04-13,2024-05-11,2024-05-11,30,On-Time
DEL-01467,PO-01467,SUP14,2024-04-13,2024-04-18,2024-04-17,500,On-Time
DEL-01468,PO-01468,SUP14,2024-04-14,2024-04-26,2024-05-03,150,Delayed
DEL-01469,PO-01469,SUP15,2024-04-14,2024-04-22,2024-05-02,300,Delayed
DEL-01470,PO-01470,SUP14,2024-04-14,2024-04-26,2024-04-26,100,On-Time
DEL-01471,PO-01471,SUP06,2024-04-14,2024-04-28,2024-04-28,120,On-Time
DEL-01472,PO-01472,SUP08,2024-04-14,2024-04-22,2024-04-26,200,Delayed
DEL-01473,PO-01473,SUP15,2024-04-14,2024-04-22,2024-05-04,120,Delayed
DEL-01474,PO-01474,SUP01,2024-04-14,2024-05-02,2024-05-02,120,On-Time
DEL-01475,PO-01475,SUP14,2024-04-14,2024-04-25,2024-04-27,200,Delayed
DEL-01476,PO-01476,SUP05,2024-04-14,2024-04-24,2024-04-24,80,On-Time
DEL-01477,PO-01477,SUP03,2024-04-14,2024-04-29,2024-04-29,100,On-Time
DEL-01478,PO-01478,SUP05,2024-04-14,2024-04-21,2024-04-19,300,On-Time
DEL-01479,PO-01479,SUP08,2024-04-14,2024-04-23,2024-04-23,100,On-Time
DEL-01480,PO-01480,SUP15,2024-04-14,2024-04-21,2024-04-23,300,Delayed
DEL-01481,PO-01481,SUP05,2024-04-14,2024-04-20,2024-04-20,100,On-Time
DEL-01482,PO-01482,SUP03,2024-04-14,2024-04-23,2024-04-28,150,Delayed
DEL-01483,PO-01483,SUP06,2024-04-15,2024-04-22,2024-04-22,150,On-Time
DEL-01484,PO-01484,SUP06,2024-04-15,2024-04-25,2024-04-25,100,On-Time
DEL-01485,PO-01485,SUP06,2024-04-15,2024-05-05,2024-05-05,50,On-Time
DEL-01486,PO-01486,SUP03,2024-04-15,2024-04-24,2024-04-24,500,On-Time
DEL-01487,PO-01487,SUP08,2024-04-15,2024-05-03,2024-05-03,10,On-Time
DEL-01488,PO-01488,SUP02,2024-04-15,2024-05-06,2024-05-06,120,On-Time
DEL-01489,PO-01489,SUP08,2024-04-15,2024-04-23,2024-04-23,200,On-Time
DEL-01490,PO-01490,SUP09,2024-04-15,2024-04-20,2024-04-24,250,Delayed
DEL-01491,PO-01491,SUP02,2024-04-15,2024-05-05,2024-05-05,40,On-Time
DEL-01492,PO-01492,SUP01,2024-04-15,2024-05-10,2024-05-10,20,On-Time
DEL-01493,PO-01493,SUP01,2024-04-15,2024-04-29,2024-04-29,300,On-Time
DEL-01494,PO-01494,SUP15,2024-04-15,2024-04-20,2024-04-19,100,On-Time
DEL-01495,PO-01495,SUP06,2024-04-15,2024-05-05,2024-05-05,40,On-Time
DEL-01496,PO-01496,SUP09,2024-04-15,2024-04-22,2024-04-22,200,On-Time
DEL-01497,PO-01497,SUP10,2024-04-15,2024-04-27,2024-04-27,40,On-Time
DEL-01498,PO-01498,SUP14,2024-04-15,2024-04-29,2024-04-29,300,On-Time
DEL-01499,PO-01499,SUP13,2024-04-15,2024-04-27,2024-04-27,500,On-Time
DEL-01500,PO-01500,SUP15,2024-04-15,2024-04-20,2024-04-21,100,Delayed
DEL-01501,PO-01501,SUP04,2024-04-15,2024-04-25,2024-04-25,50,On-Time
DEL-01502,PO-01502,SUP14,2024-04-15,2024-04-22,2024-04-22,500,On-Time
DEL-01503,PO-01503,SUP06,2024-04-15,2024-05-03,2024-05-02,40,On-Time
DEL-01504,PO-01504,SUP14,2024-04-16,2024-04-30,2024-05-02,250,Delayed
DEL-01505,PO-01505,SUP14,2024-04-16,2024-04-22,2024-04-22,400,On-Time
DEL-01506,PO-01506,SUP06,2024-04-16,2024-04-28,2024-04-28,250,On-Time
DEL-01507,PO-01507,SUP09,2024-04-16,2024-04-24,2024-04-24,250,On-Time
DEL-01508,PO-01508,SUP06,2024-04-16,2024-05-04,2024-05-04,100,On-Time
DEL-01509,PO-01509,SUP01,2024-04-16,2024-05-14,2024-05-14,15,On-Time
DEL-01510,PO-01510,SUP01,2024-04-16,2024-05-01,2024-05-01,50,On-Time
DEL-01511,PO-01511,SUP08,2024-04-16,2024-04-28,2024-04-27,40,On-Time
DEL-01512,PO-01512,SUP05,2024-04-16,2024-04-22,2024-04-22,500,On-Time
DEL-01513,PO-01513,SUP09,2024-04-16,2024-04-21,2024-04-23,400,Delayed
DEL-01514,PO-01514,SUP10,2024-04-17,2024-04-29,2024-04-29,40,On-Time
DEL-01515,PO-01515,SUP02,2024-04-17,2024-04-27,2024-04-27,150,On-Time
DEL-01516,PO-01516,SUP12,2024-04-17,2024-04-27,2024-04-27,40,On-Time
DEL-01517,PO-01517,SUP05,2024-04-17,2024-04-23,2024-04-23,500,On-Time
DEL-01518,PO-01518,SUP01,2024-04-17,2024-05-01,2024-04-30,10,On-Time
DEL-01519,PO-01519,SUP03,2024-04-17,2024-05-15,2024-05-15,30,On-Time
DEL-01520,PO-01520,SUP01,2024-04-17,2024-05-03,2024-05-03,40,On-Time
DEL-01521,PO-01521,SUP07,2024-04-17,2024-04-27,2024-04-25,40,On-Time
DEL-01522,PO-01522,SUP15,2024-04-17,2024-04-23,2024-04-30,200,Delayed
DEL-01523,PO-01523,SUP03,2024-04-17,2024-04-27,2024-05-05,500,Delayed
DEL-01524,PO-01524,SUP01,2024-04-17,2024-04-27,2024-04-26,80,On-Time
DEL-01525,PO-01525,SUP03,2024-04-17,2024-05-03,2024-05-03,120,On-Time
DEL-01526,PO-01526,SUP05,2024-04-17,2024-04-22,2024-04-22,300,On-Time
DEL-01527,PO-01527,SUP03,2024-04-18,2024-04-28,2024-04-27,400,On-Time
DEL-01528,PO-01528,SUP14,2024-04-18,2024-05-02,2024-05-02,80,On-Time
DEL-01529,PO-01529,SUP05,2024-04-18,2024-04-24,2024-04-24,300,On-Time
DEL-01530,PO-01530,SUP14,2024-04-18,2024-04-28,2024-04-26,120,On-Time
DEL-01531,PO-01531,SUP09,2024-04-18,2024-04-27,2024-04-25,100,On-Time
DEL-01532,PO-01532,SUP06,2024-04-18,2024-04-28,2024-04-28,100,On-Time
DEL-01533,PO-01533,SUP01,2024-04-18,2024-04-25,2024-04-23,300,On-Time
DEL-01534,PO-01534,SUP07,2024-04-18,2024-04-26,2024-04-26,80,On-Time
DEL-01535,PO-01535,SUP05,2024-04-18,2024-04-24,2024-04-24,500,On-Time
DEL-01536,PO-01536,SUP01,2024-04-18,2024-04-26,2024-04-26,50,On-Time
DEL-01537,PO-01537,SUP08,2024-04-18,2024-04-26,2024-04-26,300,On-Time
DEL-01538,PO-01538,SUP15,2024-04-18,2024-04-26,2024-05-02,40,Delayed
DEL-01539,PO-01539,SUP09,2024-04-18,2024-04-23,2024-04-27,100,Delayed
DEL-01540,PO-01540,SUP07,2024-04-18,2024-05-03,2024-05-03,50,On-Time
DEL-01541,PO-01541,SUP05,2024-04-18,2024-04-24,2024-04-24,200,On-Time
DEL-01542,PO-01542,SUP14,2024-04-18,2024-05-03,2024-05-03,120,On-Time
DEL-01543,PO-01543,SUP15,2024-04-18,2024-04-26,2024-04-26,300,On-Time
DEL-01544,PO-01544,SUP02,2024-04-18,2024-04-28,2024-04-28,100,On-Time
DEL-01545,PO-01545,SUP08,2024-04-18,2024-04-25,2024-05-02,500,Delayed
DEL-01546,PO-01546,SUP14,2024-04-18,2024-04-24,2024-04-24,300,On-Time
DEL-01547,PO-01547,SUP14,2024-04-18,2024-04-28,2024-04-28,60,On-Time
DEL-01548,PO-01548,SUP15,2024-04-18,2024-04-26,2024-04-26,100,On-Time
DEL-01549,PO-01549,SUP07,2024-04-19,2024-04-27,2024-05-01,40,Delayed
DEL-01550,PO-01550,SUP02,2024-04-19,2024-05-03,2024-05-03,500,On-Time
DEL-01551,PO-01551,SUP01,2024-04-19,2024-05-04,2024-05-04,40,On-Time
DEL-01552,PO-01552,SUP09,2024-04-19,2024-04-26,2024-04-26,150,On-Time
DEL-01553,PO-01553,SUP15,2024-04-19,2024-05-03,2024-05-03,200,On-Time
DEL-01554,PO-01554,SUP04,2024-04-19,2024-05-03,2024-05-03,200,On-Time
DEL-01555,PO-01555,SUP15,2024-04-19,2024-04-26,2024-04-26,150,On-Time
DEL-01556,PO-01556,SUP03,2024-04-19,2024-05-04,2024-05-03,40,On-Time
DEL-01557,PO-01557,SUP06,2024-04-20,2024-04-30,2024-04-30,400,On-Time
DEL-01558,PO-01558,SUP15,2024-04-20,2024-04-28,2024-04-27,80,On-Time
DEL-01559,PO-01559,SUP02,2024-04-20,2024-05-04,2024-05-04,250,On-Time
DEL-01560,PO-01560,SUP01,2024-04-20,2024-05-11,2024-05-11,40,On-Time
DEL-01561,PO-01561,SUP14,2024-04-20,2024-04-27,2024-04-27,500,On-Time
DEL-01562,PO-01562,SUP06,2024-04-20,2024-04-29,2024-04-29,150,On-Time
DEL-01563,PO-01563,SUP14,2024-04-20,2024-04-27,2024-04-27,150,On-Time
DEL-01564,PO-01564,SUP15,2024-04-20,2024-04-30,2024-04-30,60,On-Time
DEL-01565,PO-01565,SUP01,2024-04-20,2024-05-02,2024-04-30,250,On-Time
DEL-01566,PO-01566,SUP11,2024-04-20,2024-05-08,2024-05-07,40,On-Time
DEL-01567,PO-01567,SUP05,2024-04-20,2024-04-28,2024-04-28,400,On-Time
DEL-01568,PO-01568,SUP12,2024-04-20,2024-04-27,2024-04-27,250,On-Time
DEL-01569,PO-01569,SUP03,2024-04-20,2024-05-14,2024-05-16,10,Delayed
DEL-01570,PO-01570,SUP11,2024-04-20,2024-04-30,2024-05-01,500,Delayed
DEL-01571,PO-01571,SUP09,2024-04-20,2024-04-28,2024-04-28,500,On-Time
DEL-01572,PO-01572,SUP03,2024-04-20,2024-04-30,2024-04-30,200,On-Time
DEL-01573,PO-01573,SUP06,2024-04-20,2024-05-05,2024-05-05,40,On-Time
DEL-01574,PO-01574,SUP12,2024-04-20,2024-04-27,2024-04-27,100,On-Time
DEL-01575,PO-01575,SUP13,2024-04-20,2024-05-04,2024-05-02,150,On-Time
DEL-01576,PO-01576,SUP06,2024-04-20,2024-04-27,2024-04-27,250,On-Time
DEL-01577,PO-01577,SUP01,2024-04-21,2024-04-28,2024-04-27,400,On-Time
DEL-01578,PO-01578,SUP01,2024-04-21,2024-05-05,2024-05-05,50,On-Time
DEL-01579,PO-01579,SUP15,2024-04-21,2024-04-27,2024-04-28,400,Delayed
DEL-01580,PO-01580,SUP11,2024-04-21,2024-04-28,2024-04-28,150,On-Time
DEL-01581,PO-01581,SUP12,2024-04-21,2024-04-28,2024-05-07,100,Delayed
DEL-01582,PO-01582,SUP05,2024-04-21,2024-04-28,2024-04-28,300,On-Time
DEL-01583,PO-01583,SUP09,2024-04-21,2024-04-28,2024-04-28,200,On-Time
DEL-01584,PO-01584,SUP02,2024-04-21,2024-04-28,2024-04-28,150,On-Time
DEL-01585,PO-01585,SUP10,2024-04-21,2024-05-07,2024-05-07,40,On-Time
DEL-01586,PO-01586,SUP02,2024-04-21,2024-05-01,2024-05-01,250,On-Time
DEL-01587,PO-01587,SUP11,2024-04-21,2024-05-12,2024-05-12,50,On-Time
DEL-01588,PO-01588,SUP08,2024-04-21,2024-05-09,2024-05-08,120,On-Time
DEL-01589,PO-01589,SUP02,2024-04-21,2024-04-28,2024-04-28,100,On-Time
DEL-01590,PO-01590,SUP01,2024-04-21,2024-05-03,2024-05-03,60,On-Time
DEL-01591,PO-01591,SUP04,2024-04-21,2024-05-02,2024-05-02,300,On-Time
DEL-01592,PO-01592,SUP15,2024-04-21,2024-05-03,2024-05-03,300,On-Time
DEL-01593,PO-01593,SUP04,2024-04-21,2024-05-01,2024-05-01,60,On-Time
DEL-01594,PO-01594,SUP02,2024-04-21,2024-05-11,2024-05-12,100,Delayed
DEL-01595,PO-01595,SUP01,2024-04-21,2024-05-06,2024-05-06,50,On-Time
DEL-01596,PO-01596,SUP11,2024-04-22,2024-05-02,2024-05-02,200,On-Time
DEL-01597,PO-01597,SUP09,2024-04-22,2024-04-28,2024-04-28,300,On-Time
DEL-01598,PO-01598,SUP15,2024-04-22,2024-05-06,2024-05-08,300,Delayed
DEL-01599,PO-01599,SUP06,2024-04-22,2024-05-16,2024-05-16,30,On-Time
DEL-01600,PO-01600,SUP03,2024-04-22,2024-05-14,2024-05-14,10,On-Time
DEL-01601,PO-01601,SUP14,2024-04-22,2024-04-29,2024-04-29,300,On-Time
DEL-01602,PO-01602,SUP07,2024-04-22,2024-05-06,2024-05-06,400,On-Time
DEL-01603,PO-01603,SUP14,2024-04-22,2024-04-30,2024-04-29,100,On-Time
DEL-01604,PO-01604,SUP02,2024-04-22,2024-05-02,2024-05-02,250,On-Time
DEL-01605,PO-01605,SUP09,2024-04-22,2024-04-28,2024-04-28,150,On-Time
DEL-01606,PO-01606,SUP14,2024-04-22,2024-05-06,2024-05-05,150,On-Time
DEL-01607,PO-01607,SUP15,2024-04-22,2024-05-06,2024-05-09,250,Delayed
DEL-01608,PO-01608,SUP09,2024-04-22,2024-04-27,2024-04-26,400,On-Time
DEL-01609,PO-01609,SUP01,2024-04-22,2024-04-29,2024-04-27,300,On-Time
DEL-01610,PO-01610,SUP10,2024-04-22,2024-05-10,2024-05-10,120,On-Time
DEL-01611,PO-01611,SUP15,2024-04-22,2024-04-27,2024-04-27,150,On-Time
DEL-01612,PO-01612,SUP12,2024-04-22,2024-04-29,2024-04-29,250,On-Time
DEL-01613,PO-01613,SUP15,2024-04-22,2024-05-06,2024-05-06,500,On-Time
DEL-01614,PO-01614,SUP01,2024-04-22,2024-05-04,2024-05-02,60,On-Time
DEL-01615,PO-01615,SUP01,2024-04-22,2024-05-12,2024-05-12,100,On-Time
DEL-01616,PO-01616,SUP09,2024-04-22,2024-04-28,2024-04-28,150,On-Time
DEL-01617,PO-01617,SUP14,2024-04-22,2024-04-27,2024-04-27,400,On-Time
DEL-01618,PO-01618,SUP14,2024-04-23,2024-05-01,2024-04-29,250,On-Time
DEL-01619,PO-01619,SUP03,2024-04-23,2024-05-05,2024-05-05,80,On-Time
DEL-01620,PO-01620,SUP15,2024-04-23,2024-04-30,2024-04-30,100,On-Time
DEL-01621,PO-01621,SUP08,2024-04-23,2024-05-03,2024-05-03,150,On-Time
DEL-01622,PO-01622,SUP05,2024-04-23,2024-04-30,2024-04-28,100,On-Time
DEL-01623,PO-01623,SUP14,2024-04-23,2024-05-07,2024-05-07,80,On-Time
DEL-01624,PO-01624,SUP10,2024-04-23,2024-05-09,2024-05-09,40,On-Time
DEL-01625,PO-01625,SUP06,2024-04-23,2024-05-03,2024-05-03,250,On-Time
DEL-01626,PO-01626,SUP15,2024-04-23,2024-04-30,2024-04-30,200,On-Time
DEL-01627,PO-01627,SUP14,2024-04-23,2024-04-30,2024-04-29,100,On-Time
DEL-01628,PO-01628,SUP15,2024-04-23,2024-05-01,2024-05-06,300,Delayed
DEL-01629,PO-01629,SUP08,2024-04-23,2024-05-01,2024-04-30,120,On-Time
DEL-01630,PO-01630,SUP15,2024-04-23,2024-05-01,2024-04-30,200,On-Time
DEL-01631,PO-01631,SUP14,2024-04-23,2024-04-28,2024-04-28,400,On-Time
DEL-01632,PO-01632,SUP03,2024-04-23,2024-05-02,2024-05-02,200,On-Time
DEL-01633,PO-01633,SUP11,2024-04-23,2024-05-05,2024-05-04,100,On-Time
DEL-01634,PO-01634,SUP01,2024-04-23,2024-05-03,2024-05-02,250,On-Time
DEL-01635,PO-01635,SUP08,2024-04-24,2024-05-04,2024-05-04,250,On-Time
DEL-01636,PO-01636,SUP06,2024-04-24,2024-05-01,2024-05-01,100,On-Time
DEL-01637,PO-01637,SUP07,2024-04-24,2024-05-06,2024-05-07,500,Delayed
DEL-01638,PO-01638,SUP04,2024-04-24,2024-05-09,2024-05-12,100,Delayed
DEL-01639,PO-01639,SUP01,2024-04-24,2024-05-04,2024-05-02,100,On-Time
DEL-01640,PO-01640,SUP07,2024-04-24,2024-05-08,2024-05-08,300,On-Time
DEL-01641,PO-01641,SUP10,2024-04-24,2024-05-09,2024-05-09,50,On-Time
DEL-01642,PO-01642,SUP14,2024-04-24,2024-04-30,2024-04-30,150,On-Time
DEL-01643,PO-01643,SUP08,2024-04-24,2024-05-02,2024-05-02,150,On-Time
DEL-01644,PO-01644,SUP09,2024-04-24,2024-04-29,2024-04-29,300,On-Time
DEL-01645,PO-01645,SUP07,2024-04-24,2024-05-09,2024-05-19,40,Delayed
DEL-01646,PO-01646,SUP14,2024-04-24,2024-05-09,2024-05-09,40,On-Time
DEL-01647,PO-01647,SUP01,2024-04-24,2024-05-06,2024-05-05,50,On-Time
DEL-01648,PO-01648,SUP15,2024-04-24,2024-04-30,2024-04-30,150,On-Time
DEL-01649,PO-01649,SUP14,2024-04-25,2024-05-01,2024-05-01,200,On-Time
DEL-01650,PO-01650,SUP01,2024-04-25,2024-05-03,2024-05-03,500,On-Time
DEL-01651,PO-01651,SUP05,2024-04-25,2024-05-03,2024-05-03,100,On-Time
DEL-01652,PO-01652,SUP14,2024-04-25,2024-05-09,2024-05-09,50,On-Time
DEL-01653,PO-01653,SUP15,2024-04-25,2024-05-03,2024-05-03,300,On-Time
DEL-01654,PO-01654,SUP15,2024-04-25,2024-05-09,2024-05-09,40,On-Time
DEL-01655,PO-01655,SUP14,2024-04-25,2024-05-03,2024-05-03,50,On-Time
DEL-01656,PO-01656,SUP05,2024-04-25,2024-04-30,2024-04-30,250,On-Time
DEL-01657,PO-01657,SUP12,2024-04-25,2024-05-02,2024-05-02,150,On-Time
DEL-01658,PO-01658,SUP09,2024-04-25,2024-05-05,2024-05-04,120,On-Time
DEL-01659,PO-01659,SUP03,2024-04-25,2024-05-13,2024-05-13,80,On-Time
DEL-01660,PO-01660,SUP08,2024-04-25,2024-05-23,2024-05-23,10,On-Time
DEL-01661,PO-01661,SUP08,2024-04-25,2024-05-13,2024-05-13,40,On-Time
DEL-01662,PO-01662,SUP13,2024-04-26,2024-05-10,2024-05-10,300,On-Time
DEL-01663,PO-01663,SUP15,2024-04-26,2024-05-06,2024-05-06,120,On-Time
DEL-01664,PO-01664,SUP15,2024-04-26,2024-05-03,2024-05-10,400,Delayed
DEL-01665,PO-01665,SUP07,2024-04-26,2024-05-08,2024-05-15,300,Delayed
DEL-01666,PO-01666,SUP09,2024-04-26,2024-05-08,2024-05-08,50,On-Time
DEL-01667,PO-01667,SUP01,2024-04-26,2024-05-18,2024-05-18,30,On-Time
DEL-01668,PO-01668,SUP14,2024-04-26,2024-05-01,2024-05-01,400,On-Time
DEL-01669,PO-01669,SUP14,2024-04-26,2024-05-02,2024-05-02,500,On-Time
DEL-01670,PO-01670,SUP14,2024-04-26,2024-05-07,2024-05-07,400,On-Time
DEL-01671,PO-01671,SUP03,2024-04-26,2024-05-14,2024-05-12,60,On-Time
DEL-01672,PO-01672,SUP14,2024-04-26,2024-05-02,2024-05-04,250,Delayed
DEL-01673,PO-01673,SUP14,2024-04-26,2024-05-06,2024-05-06,80,On-Time
DEL-01674,PO-01674,SUP03,2024-04-26,2024-05-12,2024-05-12,40,On-Time
DEL-01675,PO-01675,SUP03,2024-04-26,2024-05-11,2024-05-11,100,On-Time
DEL-01676,PO-01676,SUP15,2024-04-26,2024-05-02,2024-05-05,250,Delayed
DEL-01677,PO-01677,SUP15,2024-04-26,2024-05-03,2024-05-03,300,On-Time
DEL-01678,PO-01678,SUP13,2024-04-26,2024-05-12,2024-05-11,10,On-Time
DEL-01679,PO-01679,SUP07,2024-04-26,2024-05-07,2024-05-07,150,On-Time
DEL-01680,PO-01680,SUP01,2024-04-27,2024-05-11,2024-05-11,500,On-Time
DEL-01681,PO-01681,SUP12,2024-04-27,2024-05-12,2024-05-12,80,On-Time
DEL-01682,PO-01682,SUP15,2024-04-27,2024-05-05,2024-05-05,50,On-Time
DEL-01683,PO-01683,SUP08,2024-04-27,2024-05-15,2024-05-15,40,On-Time
DEL-01684,PO-01684,SUP02,2024-04-27,2024-05-22,2024-05-22,30,On-Time
DEL-01685,PO-01685,SUP06,2024-04-27,2024-05-06,2024-05-06,400,On-Time
DEL-01686,PO-01686,SUP15,2024-04-27,2024-05-04,2024-05-02,250,On-Time
DEL-01687,PO-01687,SUP02,2024-04-27,2024-05-09,2024-05-09,400,On-Time
DEL-01688,PO-01688,SUP06,2024-04-27,2024-05-12,2024-05-11,100,On-Time
DEL-01689,PO-01689,SUP10,2024-04-27,2024-05-15,2024-05-19,50,Delayed
DEL-01690,PO-01690,SUP04,2024-04-27,2024-05-08,2024-05-08,500,On-Time
DEL-01691,PO-01691,SUP09,2024-04-27,2024-05-02,2024-05-02,100,On-Time
DEL-01692,PO-01692,SUP14,2024-04-27,2024-05-05,2024-05-05,100,On-Time
DEL-01693,PO-01693,SUP03,2024-04-27,2024-05-13,2024-05-13,40,On-Time
DEL-01694,PO-01694,SUP14,2024-04-27,2024-05-05,2024-05-05,120,On-Time
DEL-01695,PO-01695,SUP07,2024-04-27,2024-05-05,2024-05-05,40,On-Time
DEL-01696,PO-01696,SUP14,2024-04-27,2024-05-12,2024-05-12,80,On-Time
DEL-01697,PO-01697,SUP15,2024-04-27,2024-05-03,2024-05-02,250,On-Time
DEL-01698,PO-01698,SUP09,2024-04-27,2024-05-02,2024-05-02,250,On-Time
DEL-01699,PO-01699,SUP15,2024-04-27,2024-05-04,2024-05-13,400,Delayed
DEL-01700,PO-01700,SUP14,2024-04-27,2024-05-04,2024-05-04,200,On-Time
DEL-01701,PO-01701,SUP02,2024-04-27,2024-05-18,2024-05-18,120,On-Time
DEL-01702,PO-01702,SUP06,2024-04-27,2024-05-06,2024-05-06,500,On-Time
DEL-01703,PO-01703,SUP15,2024-04-28,2024-05-10,2024-05-08,250,On-Time
DEL-01704,PO-01704,SUP14,2024-04-28,2024-05-14,2024-05-14,30,On-Time
DEL-01705,PO-01705,SUP04,2024-04-28,2024-05-09,2024-05-09,100,On-Time
DEL-01706,PO-01706,SUP02,2024-04-28,2024-05-05,2024-05-05,500,On-Time
DEL-01707,PO-01707,SUP15,2024-04-28,2024-05-10,2024-05-09,300,On-Time
DEL-01708,PO-01708,SUP09,2024-04-28,2024-05-05,2024-05-05,500,On-Time
DEL-01709,PO-01709,SUP13,2024-04-28,2024-05-10,2024-05-09,500,On-Time
DEL-01710,PO-01710,SUP09,2024-04-28,2024-05-10,2024-05-10,100,On-Time
DEL-01711,PO-01711,SUP14,2024-04-28,2024-05-12,2024-05-12,200,On-Time
DEL-01712,PO-01712,SUP06,2024-04-28,2024-05-08,2024-05-08,150,On-Time
DEL-01713,PO-01713,SUP01,2024-04-28,2024-05-05,2024-05-05,200,On-Time
DEL-01714,PO-01714,SUP14,2024-04-28,2024-05-04,2024-05-04,250,On-Time
DEL-01715,PO-01715,SUP14,2024-04-29,2024-05-13,2024-05-13,400,On-Time
DEL-01716,PO-01716,SUP01,2024-04-29,2024-05-17,2024-05-29,60,Delayed
DEL-01717,PO-01717,SUP01,2024-04-29,2024-05-08,2024-05-08,200,On-Time
DEL-01718,PO-01718,SUP15,2024-04-29,2024-05-06,2024-05-16,150,Delayed
DEL-01719,PO-01719,SUP13,2024-04-29,2024-05-09,2024-05-09,120,On-Time
DEL-01720,PO-01720,SUP01,2024-04-29,2024-05-06,2024-05-06,500,On-Time
DEL-01721,PO-01721,SUP06,2024-04-29,2024-05-06,2024-05-06,400,On-Time
DEL-01722,PO-01722,SUP09,2024-04-29,2024-05-06,2024-05-05,200,On-Time
DEL-01723,PO-01723,SUP05,2024-04-29,2024-05-05,2024-05-10,200,Delayed
DEL-01724,PO-01724,SUP13,2024-04-29,2024-05-17,2024-05-22,30,Delayed
DEL-01725,PO-01725,SUP01,2024-04-29,2024-05-15,2024-05-16,120,Delayed
DEL-01726,PO-01726,SUP04,2024-04-29,2024-05-13,2024-05-13,500,On-Time
DEL-01727,PO-01727,SUP01,2024-04-30,2024-05-09,2024-05-09,100,On-Time
DEL-01728,PO-01728,SUP10,2024-04-30,2024-05-09,2024-05-07,250,On-Time
DEL-01729,PO-01729,SUP05,2024-04-30,2024-05-07,2024-05-07,500,On-Time
DEL-01730,PO-01730,SUP05,2024-04-30,2024-05-07,2024-05-07,100,On-Time
DEL-01731,PO-01731,SUP03,2024-04-30,2024-05-10,2024-05-10,200,On-Time
DEL-01732,PO-01732,SUP11,2024-04-30,2024-05-18,2024-05-18,120,On-Time
DEL-01733,PO-01733,SUP09,2024-04-30,2024-05-05,2024-05-17,100,Delayed
DEL-01734,PO-01734,SUP10,2024-04-30,2024-05-09,2024-05-09,300,On-Time
DEL-01735,PO-01735,SUP13,2024-04-30,2024-05-11,2024-05-11,300,On-Time
DEL-01736,PO-01736,SUP01,2024-05-01,2024-05-15,2024-05-15,250,On-Time
DEL-01737,PO-01737,SUP12,2024-05-01,2024-05-16,2024-05-16,50,On-Time
DEL-01738,PO-01738,SUP06,2024-05-01,2024-05-10,2024-05-10,100,On-Time
DEL-01739,PO-01739,SUP14,2024-05-01,2024-05-07,2024-05-07,400,On-Time
DEL-01740,PO-01740,SUP15,2024-05-01,2024-05-06,2024-05-06,200,On-Time
DEL-01741,PO-01741,SUP15,2024-05-01,2024-05-12,2024-05-12,200,On-Time
DEL-01742,PO-01742,SUP09,2024-05-01,2024-05-06,2024-05-06,250,On-Time
DEL-01743,PO-01743,SUP05,2024-05-01,2024-05-06,2024-05-06,150,On-Time
DEL-01744,PO-01744,SUP11,2024-05-01,2024-05-21,2024-05-21,40,On-Time
DEL-01745,PO-01745,SUP09,2024-05-01,2024-05-10,2024-05-10,80,On-Time
DEL-01746,PO-01746,SUP14,2024-05-01,2024-05-10,2024-05-09,80,On-Time
DEL-01747,PO-01747,SUP14,2024-05-01,2024-05-16,2024-05-16,120,On-Time
DEL-01748,PO-01748,SUP03,2024-05-01,2024-05-10,2024-05-10,300,On-Time
DEL-01749,PO-01749,SUP14,2024-05-01,2024-05-13,2024-05-13,150,On-Time
DEL-01750,PO-01750,SUP15,2024-05-01,2024-05-08,2024-05-08,200,On-Time
DEL-01751,PO-01751,SUP09,2024-05-02,2024-05-12,2024-05-13,50,Delayed
DEL-01752,PO-01752,SUP01,2024-05-02,2024-05-12,2024-05-11,200,On-Time
DEL-01753,PO-01753,SUP15,2024-05-02,2024-05-17,2024-05-17,120,On-Time
DEL-01754,PO-01754,SUP15,2024-05-02,2024-05-10,2024-05-10,100,On-Time
DEL-01755,PO-01755,SUP15,2024-05-02,2024-05-14,2024-05-14,100,On-Time
DEL-01756,PO-01756,SUP09,2024-05-02,2024-05-12,2024-05-12,40,On-Time
DEL-01757,PO-01757,SUP05,2024-05-02,2024-05-14,2024-05-15,50,Delayed
DEL-01758,PO-01758,SUP11,2024-05-02,2024-05-12,2024-05-12,400,On-Time
DEL-01759,PO-01759,SUP06,2024-05-02,2024-05-23,2024-05-23,50,On-Time
DEL-01760,PO-01760,SUP14,2024-05-02,2024-05-08,2024-05-08,100,On-Time
DEL-01761,PO-01761,SUP08,2024-05-02,2024-05-10,2024-05-10,150,On-Time
DEL-01762,PO-01762,SUP11,2024-05-02,2024-05-09,2024-05-09,150,On-Time
DEL-01763,PO-01763,SUP15,2024-05-02,2024-05-07,2024-05-10,400,Delayed
DEL-01764,PO-01764,SUP12,2024-05-03,2024-05-19,2024-05-19,15,On-Time
DEL-01765,PO-01765,SUP15,2024-05-03,2024-05-10,2024-05-10,100,On-Time
DEL-01766,PO-01766,SUP13,2024-05-03,2024-05-19,2024-05-19,10,On-Time
DEL-01767,PO-01767,SUP11,2024-05-03,2024-05-11,2024-05-11,100,On-Time
DEL-01768,PO-01768,SUP02,2024-05-03,2024-05-24,2024-05-23,80,On-Time
DEL-01769,PO-01769,SUP06,2024-05-03,2024-05-23,2024-05-22,80,On-Time
DEL-01770,PO-01770,SUP14,2024-05-03,2024-05-10,2024-05-10,300,On-Time
DEL-01771,PO-01771,SUP09,2024-05-03,2024-05-10,2024-05-12,400,Delayed
DEL-01772,PO-01772,SUP04,2024-05-03,2024-05-18,2024-05-23,40,Delayed
DEL-01773,PO-01773,SUP06,2024-05-03,2024-05-15,2024-05-15,500,On-Time
DEL-01774,PO-01774,SUP03,2024-05-03,2024-05-17,2024-05-17,50,On-Time
DEL-01775,PO-01775,SUP10,2024-05-03,2024-05-18,2024-05-18,60,On-Time
DEL-01776,PO-01776,SUP09,2024-05-03,2024-05-09,2024-05-09,200,On-Time
DEL-01777,PO-01777,SUP04,2024-05-04,2024-05-15,2024-05-21,500,Delayed
DEL-01778,PO-01778,SUP05,2024-05-04,2024-05-11,2024-05-11,200,On-Time
DEL-01779,PO-01779,SUP14,2024-05-04,2024-05-19,2024-05-19,50,On-Time
DEL-01780,PO-01780,SUP15,2024-05-04,2024-05-09,2024-05-09,250,On-Time
DEL-01781,PO-01781,SUP14,2024-05-04,2024-05-12,2024-05-12,100,On-Time
DEL-01782,PO-01782,SUP01,2024-05-04,2024-05-13,2024-05-13,100,On-Time
DEL-01783,PO-01783,SUP15,2024-05-04,2024-05-11,2024-05-12,250,Delayed
DEL-01784,PO-01784,SUP07,2024-05-04,2024-05-24,2024-05-30,20,Delayed
DEL-01785,PO-01785,SUP06,2024-05-04,2024-05-19,2024-05-19,60,On-Time
DEL-01786,PO-01786,SUP14,2024-05-04,2024-05-18,2024-05-18,60,On-Time
DEL-01787,PO-01787,SUP06,2024-05-04,2024-05-13,2024-05-13,100,On-Time
DEL-01788,PO-01788,SUP01,2024-05-04,2024-05-16,2024-05-16,120,On-Time
DEL-01789,PO-01789,SUP11,2024-05-04,2024-05-22,2024-05-22,120,On-Time
DEL-01790,PO-01790,SUP01,2024-05-05,2024-05-13,2024-05-14,100,Delayed
DEL-01791,PO-01791,SUP15,2024-05-05,2024-05-10,2024-05-10,250,On-Time
DEL-01792,PO-01792,SUP06,2024-05-05,2024-05-20,2024-05-20,100,On-Time
DEL-01793,PO-01793,SUP14,2024-05-05,2024-05-10,2024-05-10,150,On-Time
DEL-01794,PO-01794,SUP14,2024-05-05,2024-05-12,2024-05-12,200,On-Time
DEL-01795,PO-01795,SUP12,2024-05-05,2024-05-13,2024-05-12,80,On-Time
DEL-01796,PO-01796,SUP02,2024-05-05,2024-05-15,2024-05-23,250,Delayed
DEL-01797,PO-01797,SUP08,2024-05-05,2024-05-20,2024-05-19,50,On-Time
DEL-01798,PO-01798,SUP01,2024-05-05,2024-05-13,2024-05-13,200,On-Time
DEL-01799,PO-01799,SUP15,2024-05-05,2024-05-10,2024-05-10,150,On-Time
DEL-01800,PO-01800,SUP09,2024-05-05,2024-05-11,2024-05-10,400,On-Time
DEL-01801,PO-01801,SUP08,2024-05-05,2024-05-20,2024-05-20,100,On-Time
DEL-01802,PO-01802,SUP04,2024-05-05,2024-05-19,2024-05-19,40,On-Time
DEL-01803,PO-01803,SUP09,2024-05-05,2024-05-10,2024-05-12,250,Delayed
DEL-01804,PO-01804,SUP05,2024-05-05,2024-05-10,2024-05-10,150,On-Time
DEL-01805,PO-01805,SUP05,2024-05-05,2024-05-12,2024-05-12,250,On-Time
DEL-01806,PO-01806,SUP09,2024-05-06,2024-05-11,2024-05-11,100,On-Time
DEL-01807,PO-01807,SUP06,2024-05-06,2024-05-16,2024-05-16,400,On-Time
DEL-01808,PO-01808,SUP13,2024-05-06,2024-05-16,2024-05-16,100,On-Time
DEL-01809,PO-01809,SUP01,2024-05-06,2024-05-16,2024-05-15,250,On-Time
DEL-01810,PO-01810,SUP14,2024-05-06,2024-05-20,2024-05-19,100,On-Time
DEL-01811,PO-01811,SUP09,2024-05-06,2024-05-18,2024-05-17,100,On-Time
DEL-01812,PO-01812,SUP06,2024-05-06,2024-05-20,2024-05-18,100,On-Time
DEL-01813,PO-01813,SUP15,2024-05-06,2024-05-13,2024-05-13,300,On-Time
DEL-01814,PO-01814,SUP10,2024-05-06,2024-05-24,2024-05-24,100,On-Time
DEL-01815,PO-01815,SUP15,2024-05-06,2024-05-13,2024-05-13,100,On-Time
DEL-01816,PO-01816,SUP14,2024-05-06,2024-05-13,2024-05-13,300,On-Time
DEL-01817,PO-01817,SUP05,2024-05-06,2024-05-12,2024-05-12,200,On-Time
DEL-01818,PO-01818,SUP04,2024-05-06,2024-05-16,2024-05-16,50,On-Time
DEL-01819,PO-01819,SUP01,2024-05-06,2024-05-31,2024-05-31,40,On-Time
DEL-01820,PO-01820,SUP14,2024-05-07,2024-05-14,2024-05-14,200,On-Time
DEL-01821,PO-01821,SUP06,2024-05-07,2024-05-21,2024-05-21,150,On-Time
DEL-01822,PO-01822,SUP02,2024-05-07,2024-05-17,2024-05-17,500,On-Time
DEL-01823,PO-01823,SUP08,2024-05-07,2024-05-17,2024-05-17,100,On-Time
DEL-01824,PO-01824,SUP06,2024-05-07,2024-05-25,2024-05-25,80,On-Time
DEL-01825,PO-01825,SUP01,2024-05-07,2024-05-19,2024-05-19,500,On-Time
DEL-01826,PO-01826,SUP10,2024-05-07,2024-05-23,2024-05-24,100,Delayed
DEL-01827,PO-01827,SUP14,2024-05-07,2024-05-22,2024-05-22,60,On-Time
DEL-01828,PO-01828,SUP06,2024-05-07,2024-05-25,2024-05-25,80,On-Time
DEL-01829,PO-01829,SUP06,2024-05-07,2024-05-16,2024-05-16,500,On-Time
DEL-01830,PO-01830,SUP07,2024-05-07,2024-05-21,2024-05-21,60,On-Time
DEL-01831,PO-01831,SUP06,2024-05-07,2024-05-14,2024-05-14,200,On-Time
DEL-01832,PO-01832,SUP15,2024-05-07,2024-05-15,2024-05-15,300,On-Time
DEL-01833,PO-01833,SUP03,2024-05-07,2024-05-19,2024-05-19,60,On-Time
DEL-01834,PO-01834,SUP06,2024-05-07,2024-05-17,2024-05-18,200,Delayed
DEL-01835,PO-01835,SUP15,2024-05-07,2024-05-22,2024-05-22,40,On-Time
DEL-01836,PO-01836,SUP07,2024-05-07,2024-05-18,2024-05-18,250,On-Time
DEL-01837,PO-01837,SUP05,2024-05-07,2024-05-16,2024-05-16,100,On-Time
DEL-01838,PO-01838,SUP15,2024-05-07,2024-05-27,2024-06-02,10,Delayed
DEL-01839,PO-01839,SUP11,2024-05-07,2024-05-25,2024-05-24,60,On-Time
DEL-01840,PO-01840,SUP13,2024-05-08,2024-05-23,2024-05-23,80,On-Time
DEL-01841,PO-01841,SUP15,2024-05-08,2024-05-13,2024-05-12,400,On-Time
DEL-01842,PO-01842,SUP09,2024-05-08,2024-05-15,2024-05-14,300,On-Time
DEL-01843,PO-01843,SUP05,2024-05-08,2024-05-16,2024-05-16,200,On-Time
DEL-01844,PO-01844,SUP09,2024-05-08,2024-05-17,2024-05-17,50,On-Time
DEL-01845,PO-01845,SUP02,2024-05-08,2024-05-28,2024-05-28,60,On-Time
DEL-01846,PO-01846,SUP09,2024-05-08,2024-05-14,2024-05-14,500,On-Time
DEL-01847,PO-01847,SUP03,2024-05-08,2024-05-17,2024-05-17,200,On-Time
DEL-01848,PO-01848,SUP01,2024-05-08,2024-05-20,2024-05-20,80,On-Time
DEL-01849,PO-01849,SUP14,2024-05-08,2024-05-14,2024-05-12,500,On-Time
DEL-01850,PO-01850,SUP06,2024-05-08,2024-05-23,2024-05-23,80,On-Time
DEL-01851,PO-01851,SUP13,2024-05-08,2024-05-19,2024-05-19,250,On-Time
DEL-01852,PO-01852,SUP01,2024-05-08,2024-05-20,2024-05-20,80,On-Time
DEL-01853,PO-01853,SUP14,2024-05-08,2024-05-20,2024-05-22,200,Delayed
DEL-01854,PO-01854,SUP09,2024-05-08,2024-05-14,2024-05-14,150,On-Time
DEL-01855,PO-01855,SUP03,2024-05-08,2024-05-22,2024-05-22,40,On-Time
DEL-01856,PO-01856,SUP07,2024-05-08,2024-05-22,2024-05-22,80,On-Time
DEL-01857,PO-01857,SUP09,2024-05-08,2024-05-15,2024-05-15,200,On-Time
DEL-01858,PO-01858,SUP14,2024-05-08,2024-05-16,2024-05-16,50,On-Time
DEL-01859,PO-01859,SUP14,2024-05-09,2024-05-15,2024-05-15,400,On-Time
DEL-01860,PO-01860,SUP14,2024-05-09,2024-05-15,2024-05-15,150,On-Time
DEL-01861,PO-01861,SUP06,2024-05-09,2024-05-23,2024-05-23,50,On-Time
DEL-01862,PO-01862,SUP15,2024-05-09,2024-05-21,2024-05-21,80,On-Time
DEL-01863,PO-01863,SUP01,2024-05-09,2024-05-19,2024-05-19,500,On-Time
DEL-01864,PO-01864,SUP02,2024-05-09,2024-05-29,2024-05-29,80,On-Time
DEL-01865,PO-01865,SUP07,2024-05-09,2024-05-23,2024-05-23,400,On-Time
DEL-01866,PO-01866,SUP15,2024-05-09,2024-05-21,2024-05-21,400,On-Time
DEL-01867,PO-01867,SUP09,2024-05-09,2024-05-15,2024-05-16,150,Delayed
DEL-01868,PO-01868,SUP15,2024-05-09,2024-05-15,2024-05-20,300,Delayed
DEL-01869,PO-01869,SUP11,2024-05-09,2024-05-29,2024-05-29,50,On-Time
DEL-01870,PO-01870,SUP03,2024-05-09,2024-05-23,2024-05-21,40,On-Time
DEL-01871,PO-01871,SUP08,2024-05-09,2024-05-19,2024-05-19,500,On-Time
DEL-01872,PO-01872,SUP01,2024-05-09,2024-05-18,2024-05-18,200,On-Time
DEL-01873,PO-01873,SUP01,2024-05-09,2024-05-19,2024-05-19,200,On-Time
DEL-01874,PO-01874,SUP04,2024-05-09,2024-05-20,2024-05-20,150,On-Time
DEL-01875,PO-01875,SUP09,2024-05-09,2024-05-16,2024-05-16,500,On-Time
DEL-01876,PO-01876,SUP04,2024-05-09,2024-05-17,2024-05-20,100,Delayed
DEL-01877,PO-01877,SUP15,2024-05-09,2024-05-15,2024-05-15,300,On-Time
DEL-01878,PO-01878,SUP06,2024-05-09,2024-05-27,2024-05-27,100,On-Time
DEL-01879,PO-01879,SUP08,2024-05-09,2024-05-19,2024-05-19,50,On-Time
DEL-01880,PO-01880,SUP07,2024-05-09,2024-05-17,2024-05-17,40,On-Time
DEL-01881,PO-01881,SUP04,2024-05-09,2024-05-23,2024-05-25,500,Delayed
DEL-01882,PO-01882,SUP15,2024-05-09,2024-05-15,2024-05-18,200,Delayed
DEL-01883,PO-01883,SUP15,2024-05-09,2024-05-17,2024-05-17,150,On-Time
DEL-01884,PO-01884,SUP15,2024-05-10,2024-05-20,2024-05-20,80,On-Time
DEL-01885,PO-01885,SUP11,2024-05-10,2024-05-24,2024-05-24,100,On-Time
DEL-01886,PO-01886,SUP01,2024-05-10,2024-05-18,2024-05-18,100,On-Time
DEL-01887,PO-01887,SUP01,2024-05-10,2024-05-20,2024-05-20,250,On-Time
DEL-01888,PO-01888,SUP12,2024-05-10,2024-05-18,2024-05-18,400,On-Time
DEL-01889,PO-01889,SUP15,2024-05-10,2024-05-22,2024-05-22,200,On-Time
DEL-01890,PO-01890,SUP14,2024-05-10,2024-05-17,2024-05-16,300,On-Time
DEL-01891,PO-01891,SUP09,2024-05-10,2024-05-18,2024-05-18,150,On-Time
DEL-01892,PO-01892,SUP04,2024-05-10,2024-05-20,2024-05-21,40,Delayed
DEL-01893,PO-01893,SUP14,2024-05-10,2024-05-20,2024-05-20,60,On-Time
DEL-01894,PO-01894,SUP14,2024-05-10,2024-05-16,2024-05-24,400,Delayed
DEL-01895,PO-01895,SUP05,2024-05-10,2024-05-16,2024-05-16,500,On-Time
DEL-01896,PO-01896,SUP04,2024-05-10,2024-05-22,2024-05-22,150,On-Time
DEL-01897,PO-01897,SUP15,2024-05-11,2024-05-25,2024-05-25,150,On-Time
DEL-01898,PO-01898,SUP11,2024-05-11,2024-06-05,2024-06-05,15,On-Time
DEL-01899,PO-01899,SUP14,2024-05-11,2024-05-17,2024-05-27,100,Delayed
DEL-01900,PO-01900,SUP05,2024-05-11,2024-05-17,2024-05-17,200,On-Time
DEL-01901,PO-01901,SUP04,2024-05-11,2024-05-22,2024-05-22,200,On-Time
DEL-01902,PO-01902,SUP15,2024-05-11,2024-05-21,2024-05-21,120,On-Time
DEL-01903,PO-01903,SUP05,2024-05-11,2024-05-17,2024-05-17,100,On-Time
DEL-01904,PO-01904,SUP02,2024-05-11,2024-05-21,2024-05-21,500,On-Time
DEL-01905,PO-01905,SUP06,2024-05-11,2024-05-23,2024-05-23,250,On-Time
DEL-01906,PO-01906,SUP11,2024-05-11,2024-05-21,2024-05-20,250,On-Time
DEL-01907,PO-01907,SUP09,2024-05-11,2024-05-21,2024-05-25,80,Delayed
DEL-01908,PO-01908,SUP06,2024-05-11,2024-05-21,2024-05-21,150,On-Time
DEL-01909,PO-01909,SUP02,2024-05-11,2024-06-01,2024-06-01,60,On-Time
DEL-01910,PO-01910,SUP09,2024-05-11,2024-05-17,2024-05-29,250,Delayed
DEL-01911,PO-01911,SUP01,2024-05-11,2024-05-26,2024-05-26,40,On-Time
DEL-01912,PO-01912,SUP15,2024-05-12,2024-05-17,2024-05-24,150,Delayed
DEL-01913,PO-01913,SUP14,2024-05-12,2024-05-17,2024-05-17,100,On-Time
DEL-01914,PO-01914,SUP01,2024-05-12,2024-05-22,2024-05-26,100,Delayed
DEL-01915,PO-01915,SUP05,2024-05-12,2024-05-18,2024-05-18,200,On-Time
DEL-01916,PO-01916,SUP06,2024-05-12,2024-06-05,2024-06-05,15,On-Time
DEL-01917,PO-01917,SUP15,2024-05-12,2024-05-22,2024-05-22,100,On-Time
DEL-01918,PO-01918,SUP14,2024-05-12,2024-05-28,2024-05-28,15,On-Time
DEL-01919,PO-01919,SUP15,2024-05-12,2024-05-24,2024-05-24,300,On-Time
DEL-01920,PO-01920,SUP11,2024-05-12,2024-05-19,2024-05-19,400,On-Time
DEL-01921,PO-01921,SUP10,2024-05-12,2024-05-21,2024-05-22,300,Delayed
DEL-01922,PO-01922,SUP15,2024-05-12,2024-05-24,2024-05-24,120,On-Time
DEL-01923,PO-01923,SUP07,2024-05-12,2024-05-26,2024-05-26,100,On-Time
DEL-01924,PO-01924,SUP14,2024-05-12,2024-05-22,2024-05-22,120,On-Time
DEL-01925,PO-01925,SUP01,2024-05-12,2024-05-20,2024-05-20,150,On-Time
DEL-01926,PO-01926,SUP15,2024-05-12,2024-05-22,2024-05-22,40,On-Time
DEL-01927,PO-01927,SUP05,2024-05-13,2024-05-25,2024-05-25,80,On-Time
DEL-01928,PO-01928,SUP06,2024-05-13,2024-05-23,2024-05-23,300,On-Time
DEL-01929,PO-01929,SUP03,2024-05-13,2024-05-22,2024-05-21,500,On-Time
DEL-01930,PO-01930,SUP15,2024-05-13,2024-05-21,2024-05-20,300,On-Time
DEL-01931,PO-01931,SUP08,2024-05-13,2024-05-22,2024-05-22,400,On-Time
DEL-01932,PO-01932,SUP14,2024-05-13,2024-05-18,2024-05-18,250,On-Time
DEL-01933,PO-01933,SUP12,2024-05-13,2024-05-21,2024-05-20,60,On-Time
DEL-01934,PO-01934,SUP01,2024-05-13,2024-05-23,2024-05-23,200,On-Time
DEL-01935,PO-01935,SUP01,2024-05-13,2024-05-22,2024-05-21,500,On-Time
DEL-01936,PO-01936,SUP03,2024-05-13,2024-05-28,2024-05-27,50,On-Time
DEL-01937,PO-01937,SUP01,2024-05-13,2024-05-20,2024-05-20,300,On-Time
DEL-01938,PO-01938,SUP02,2024-05-13,2024-06-03,2024-06-03,40,On-Time
DEL-01939,PO-01939,SUP14,2024-05-13,2024-05-28,2024-05-28,80,On-Time
DEL-01940,PO-01940,SUP09,2024-05-14,2024-05-19,2024-05-17,200,On-Time
DEL-01941,PO-01941,SUP08,2024-05-14,2024-05-28,2024-05-28,80,On-Time
DEL-01942,PO-01942,SUP15,2024-05-14,2024-05-25,2024-05-25,100,On-Time
DEL-01943,PO-01943,SUP11,2024-05-14,2024-05-28,2024-05-28,150,On-Time
DEL-01944,PO-01944,SUP13,2024-05-14,2024-05-28,2024-05-27,400,On-Time
DEL-01945,PO-01945,SUP10,2024-05-14,2024-06-05,2024-06-05,10,On-Time
DEL-01946,PO-01946,SUP04,2024-05-14,2024-05-28,2024-05-28,200,On-Time
DEL-01947,PO-01947,SUP07,2024-05-14,2024-05-28,2024-05-28,200,On-Time
DEL-01948,PO-01948,SUP06,2024-05-14,2024-05-24,2024-05-23,250,On-Time
DEL-01949,PO-01949,SUP11,2024-05-15,2024-05-30,2024-05-30,120,On-Time
DEL-01950,PO-01950,SUP14,2024-05-15,2024-05-22,2024-05-22,150,On-Time
DEL-01951,PO-01951,SUP14,2024-05-15,2024-05-21,2024-05-21,400,On-Time
DEL-01952,PO-01952,SUP15,2024-05-15,2024-06-02,2024-06-12,40,Delayed
DEL-01953,PO-01953,SUP09,2024-05-15,2024-05-21,2024-05-21,300,On-Time
DEL-01954,PO-01954,SUP14,2024-05-15,2024-05-30,2024-05-30,40,On-Time
DEL-01955,PO-01955,SUP09,2024-05-15,2024-05-23,2024-05-23,500,On-Time
DEL-01956,PO-01956,SUP02,2024-05-15,2024-05-22,2024-05-22,250,On-Time
DEL-01957,PO-01957,SUP02,2024-05-16,2024-05-30,2024-05-30,400,On-Time
DEL-01958,PO-01958,SUP15,2024-05-16,2024-05-30,2024-05-28,80,On-Time
DEL-01959,PO-01959,SUP10,2024-05-16,2024-05-25,2024-05-25,200,On-Time
DEL-01960,PO-01960,SUP05,2024-05-16,2024-05-21,2024-05-21,500,On-Time
DEL-01961,PO-01961,SUP01,2024-05-16,2024-05-26,2024-05-26,400,On-Time
DEL-01962,PO-01962,SUP14,2024-05-16,2024-05-21,2024-05-20,300,On-Time
DEL-01963,PO-01963,SUP05,2024-05-16,2024-05-23,2024-05-23,200,On-Time
DEL-01964,PO-01964,SUP07,2024-05-16,2024-05-28,2024-05-28,400,On-Time
DEL-01965,PO-01965,SUP14,2024-05-16,2024-05-28,2024-05-28,300,On-Time
DEL-01966,PO-01966,SUP14,2024-05-16,2024-05-22,2024-05-22,100,On-Time
DEL-01967,PO-01967,SUP12,2024-05-16,2024-06-03,2024-06-03,15,On-Time
DEL-01968,PO-01968,SUP03,2024-05-16,2024-06-07,2024-06-09,10,Delayed
DEL-01969,PO-01969,SUP14,2024-05-16,2024-05-22,2024-05-22,150,On-Time
DEL-01970,PO-01970,SUP08,2024-05-16,2024-05-23,2024-05-23,300,On-Time
DEL-01971,PO-01971,SUP09,2024-05-16,2024-05-23,2024-05-23,300,On-Time
DEL-01972,PO-01972,SUP14,2024-05-16,2024-05-26,2024-05-26,80,On-Time
DEL-01973,PO-01973,SUP01,2024-05-17,2024-05-27,2024-05-27,60,On-Time
DEL-01974,PO-01974,SUP14,2024-05-17,2024-05-27,2024-05-26,50,On-Time
DEL-01975,PO-01975,SUP09,2024-05-17,2024-05-24,2024-05-24,300,On-Time
DEL-01976,PO-01976,SUP05,2024-05-17,2024-05-27,2024-05-27,80,On-Time
DEL-01977,PO-01977,SUP10,2024-05-17,2024-06-10,2024-06-10,20,On-Time
DEL-01978,PO-01978,SUP04,2024-05-17,2024-05-28,2024-05-28,300,On-Time
DEL-01979,PO-01979,SUP07,2024-05-17,2024-05-27,2024-06-02,80,Delayed
DEL-01980,PO-01980,SUP08,2024-05-17,2024-06-04,2024-06-06,100,Delayed
DEL-01981,PO-01981,SUP11,2024-05-17,2024-05-31,2024-05-31,100,On-Time
DEL-01982,PO-01982,SUP09,2024-05-17,2024-05-22,2024-05-22,250,On-Time
DEL-01983,PO-01983,SUP09,2024-05-17,2024-05-22,2024-05-22,100,On-Time
DEL-01984,PO-01984,SUP04,2024-05-17,2024-05-31,2024-05-31,200,On-Time
DEL-01985,PO-01985,SUP15,2024-05-17,2024-06-04,2024-06-04,40,On-Time
DEL-01986,PO-01986,SUP15,2024-05-18,2024-06-01,2024-06-01,250,On-Time
DEL-01987,PO-01987,SUP06,2024-05-18,2024-06-11,2024-06-10,15,On-Time
DEL-01988,PO-01988,SUP10,2024-05-18,2024-05-28,2024-05-28,500,On-Time
DEL-01989,PO-01989,SUP06,2024-05-18,2024-06-01,2024-05-30,100,On-Time
DEL-01990,PO-01990,SUP01,2024-05-18,2024-05-27,2024-05-27,150,On-Time
DEL-01991,PO-01991,SUP15,2024-05-18,2024-05-26,2024-05-26,100,On-Time
DEL-01992,PO-01992,SUP14,2024-05-18,2024-05-26,2024-05-26,400,On-Time
DEL-01993,PO-01993,SUP03,2024-05-18,2024-05-28,2024-05-27,300,On-Time
DEL-01994,PO-01994,SUP09,2024-05-18,2024-05-23,2024-05-23,400,On-Time
DEL-01995,PO-01995,SUP03,2024-05-18,2024-06-01,2024-06-01,40,On-Time
DEL-01996,PO-01996,SUP15,2024-05-18,2024-06-01,2024-06-03,15,Delayed
DEL-01997,PO-01997,SUP15,2024-05-18,2024-05-26,2024-05-26,400,On-Time
DEL-01998,PO-01998,SUP14,2024-05-18,2024-05-26,2024-05-26,120,On-Time
DEL-01999,PO-01999,SUP11,2024-05-18,2024-05-28,2024-05-28,300,On-Time
DEL-02000,PO-02000,SUP13,2024-05-18,2024-06-02,2024-06-20,80,Delayed
DEL-02001,PO-02001,SUP05,2024-05-18,2024-05-25,2024-05-25,400,On-Time
DEL-02002,PO-02002,SUP14,2024-05-18,2024-05-26,2024-05-27,250,Delayed
DEL-02003,PO-02003,SUP06,2024-05-19,2024-06-02,2024-06-02,100,On-Time
DEL-02004,PO-02004,SUP01,2024-05-19,2024-06-04,2024-06-03,120,On-Time
DEL-02005,PO-02005,SUP06,2024-05-19,2024-05-28,2024-05-26,300,On-Time
DEL-02006,PO-02006,SUP08,2024-05-19,2024-05-31,2024-06-03,100,Delayed
DEL-02007,PO-02007,SUP04,2024-05-19,2024-05-31,2024-05-31,200,On-Time
DEL-02008,PO-02008,SUP15,2024-05-19,2024-06-13,2024-06-13,30,On-Time
DEL-02009,PO-02009,SUP14,2024-05-19,2024-05-26,2024-05-26,150,On-Time
DEL-02010,PO-02010,SUP08,2024-05-19,2024-05-26,2024-05-25,150,On-Time
DEL-02011,PO-02011,SUP05,2024-05-19,2024-05-28,2024-05-28,120,On-Time
DEL-02012,PO-02012,SUP14,2024-05-19,2024-05-27,2024-05-30,250,Delayed
DEL-02013,PO-02013,SUP15,2024-05-19,2024-05-28,2024-05-28,40,On-Time
DEL-02014,PO-02014,SUP01,2024-05-19,2024-06-12,2024-06-10,15,On-Time
DEL-02015,PO-02015,SUP11,2024-05-20,2024-05-30,2024-05-30,300,On-Time
DEL-02016,PO-02016,SUP15,2024-05-20,2024-06-01,2024-06-01,80,On-Time
DEL-02017,PO-02017,SUP15,2024-05-20,2024-05-27,2024-05-27,100,On-Time
DEL-02018,PO-02018,SUP09,2024-05-20,2024-05-30,2024-05-30,100,On-Time
DEL-02019,PO-02019,SUP05,2024-05-20,2024-05-28,2024-05-28,500,On-Time
DEL-02020,PO-02020,SUP01,2024-05-20,2024-06-05,2024-06-05,40,On-Time
DEL-02021,PO-02021,SUP07,2024-05-20,2024-06-03,2024-06-03,80,On-Time
DEL-02022,PO-02022,SUP15,2024-05-20,2024-05-26,2024-05-24,400,On-Time
DEL-02023,PO-02023,SUP05,2024-05-20,2024-05-27,2024-05-27,100,On-Time
DEL-02024,PO-02024,SUP11,2024-05-20,2024-05-28,2024-05-28,50,On-Time
DEL-02025,PO-02025,SUP04,2024-05-20,2024-06-03,2024-06-03,500,On-Time
DEL-02026,PO-02026,SUP14,2024-05-20,2024-05-27,2024-05-27,200,On-Time
DEL-02027,PO-02027,SUP01,2024-05-20,2024-06-07,2024-06-07,100,On-Time
DEL-02028,PO-02028,SUP03,2024-05-20,2024-06-05,2024-06-05,80,On-Time
DEL-02029,PO-02029,SUP01,2024-05-20,2024-06-07,2024-06-07,120,On-Time
DEL-02030,PO-02030,SUP08,2024-05-20,2024-06-13,2024-06-13,10,On-Time
DEL-02031,PO-02031,SUP05,2024-05-20,2024-05-28,2024-05-28,500,On-Time
DEL-02032,PO-02032,SUP15,2024-05-20,2024-05-26,2024-05-26,400,On-Time
DEL-02033,PO-02033,SUP11,2024-05-20,2024-06-01,2024-05-30,100,On-Time
DEL-02034,PO-02034,SUP15,2024-05-20,2024-06-04,2024-06-10,120,Delayed
DEL-02035,PO-02035,SUP08,2024-05-20,2024-05-29,2024-05-27,200,On-Time
DEL-02036,PO-02036,SUP14,2024-05-21,2024-05-30,2024-05-29,60,On-Time
DEL-02037,PO-02037,SUP04,2024-05-21,2024-06-02,2024-06-02,200,On-Time
DEL-02038,PO-02038,SUP15,2024-05-21,2024-06-11,2024-06-16,100,Delayed
DEL-02039,PO-02039,SUP07,2024-05-21,2024-06-10,2024-06-10,15,On-Time
DEL-02040,PO-02040,SUP14,2024-05-21,2024-05-31,2024-05-31,60,On-Time
DEL-02041,PO-02041,SUP02,2024-05-21,2024-06-02,2024-06-02,150,On-Time
DEL-02042,PO-02042,SUP01,2024-05-22,2024-06-11,2024-06-11,60,On-Time
DEL-02043,PO-02043,SUP01,2024-05-22,2024-06-01,2024-06-01,300,On-Time
DEL-02044,PO-02044,SUP09,2024-05-22,2024-05-27,2024-05-28,150,Delayed
DEL-02045,PO-02045,SUP15,2024-05-22,2024-05-29,2024-05-28,150,On-Time
DEL-02046,PO-02046,SUP04,2024-05-22,2024-06-02,2024-06-02,150,On-Time
DEL-02047,PO-02047,SUP03,2024-05-22,2024-06-07,2024-06-07,40,On-Time
DEL-02048,PO-02048,SUP05,2024-05-22,2024-05-29,2024-05-29,250,On-Time
DEL-02049,PO-02049,SUP14,2024-05-22,2024-05-28,2024-05-28,300,On-Time
DEL-02050,PO-02050,SUP14,2024-05-22,2024-05-31,2024-05-31,120,On-Time
DEL-02051,PO-02051,SUP15,2024-05-22,2024-05-27,2024-05-27,250,On-Time
DEL-02052,PO-02052,SUP12,2024-05-22,2024-06-05,2024-06-05,15,On-Time
DEL-02053,PO-02053,SUP04,2024-05-22,2024-06-03,2024-06-03,200,On-Time
DEL-02054,PO-02054,SUP06,2024-05-22,2024-06-06,2024-06-06,80,On-Time
DEL-02055,PO-02055,SUP15,2024-05-22,2024-06-03,2024-06-03,150,On-Time
DEL-02056,PO-02056,SUP04,2024-05-22,2024-05-30,2024-05-30,100,On-Time
DEL-02057,PO-02057,SUP15,2024-05-23,2024-06-10,2024-06-12,10,Delayed
DEL-02058,PO-02058,SUP01,2024-05-23,2024-06-01,2024-06-01,500,On-Time
DEL-02059,PO-02059,SUP01,2024-05-23,2024-05-31,2024-05-31,60,On-Time
DEL-02060,PO-02060,SUP05,2024-05-23,2024-05-28,2024-05-26,500,On-Time
DEL-02061,PO-02061,SUP15,2024-05-23,2024-06-02,2024-06-02,50,On-Time
DEL-02062,PO-02062,SUP14,2024-05-23,2024-06-01,2024-06-03,120,Delayed
DEL-02063,PO-02063,SUP14,2024-05-23,2024-06-04,2024-06-04,400,On-Time
DEL-02064,PO-02064,SUP09,2024-05-23,2024-05-28,2024-05-28,400,On-Time
DEL-02065,PO-02065,SUP15,2024-05-23,2024-05-28,2024-05-28,250,On-Time
DEL-02066,PO-02066,SUP11,2024-05-23,2024-06-13,2024-06-30,50,Delayed
DEL-02067,PO-02067,SUP01,2024-05-23,2024-06-07,2024-06-07,40,On-Time
DEL-02068,PO-02068,SUP01,2024-05-23,2024-05-31,2024-05-31,150,On-Time
DEL-02069,PO-02069,SUP06,2024-05-23,2024-06-12,2024-06-12,100,On-Time
DEL-02070,PO-02070,SUP08,2024-05-23,2024-06-01,2024-06-01,150,On-Time
DEL-02071,PO-02071,SUP01,2024-05-23,2024-06-02,2024-06-02,300,On-Time
DEL-02072,PO-02072,SUP05,2024-05-23,2024-05-30,2024-05-30,400,On-Time
DEL-02073,PO-02073,SUP15,2024-05-23,2024-05-30,2024-05-30,300,On-Time
DEL-02074,PO-02074,SUP15,2024-05-23,2024-06-06,2024-06-07,500,Delayed
DEL-02075,PO-02075,SUP06,2024-05-23,2024-06-02,2024-06-02,300,On-Time
DEL-02076,PO-02076,SUP15,2024-05-24,2024-05-30,2024-05-30,300,On-Time
DEL-02077,PO-02077,SUP14,2024-05-24,2024-06-07,2024-06-07,100,On-Time
DEL-02078,PO-02078,SUP09,2024-05-24,2024-05-29,2024-06-02,100,Delayed
DEL-02079,PO-02079,SUP13,2024-05-24,2024-06-07,2024-06-07,400,On-Time
DEL-02080,PO-02080,SUP08,2024-05-24,2024-06-07,2024-06-07,40,On-Time
DEL-02081,PO-02081,SUP10,2024-05-24,2024-06-08,2024-06-13,120,Delayed
DEL-02082,PO-02082,SUP03,2024-05-24,2024-06-07,2024-06-07,100,On-Time
DEL-02083,PO-02083,SUP06,2024-05-24,2024-06-01,2024-06-01,100,On-Time
DEL-02084,PO-02084,SUP14,2024-05-24,2024-05-31,2024-05-31,250,On-Time
DEL-02085,PO-02085,SUP04,2024-05-24,2024-06-07,2024-06-14,500,Delayed
DEL-02086,PO-02086,SUP10,2024-05-24,2024-06-05,2024-06-05,120,On-Time
DEL-02087,PO-02087,SUP09,2024-05-24,2024-05-29,2024-05-29,250,On-Time
DEL-02088,PO-02088,SUP05,2024-05-24,2024-05-29,2024-05-29,150,On-Time
DEL-02089,PO-02089,SUP01,2024-05-24,2024-06-01,2024-06-01,500,On-Time
DEL-02090,PO-02090,SUP14,2024-05-25,2024-05-30,2024-05-30,200,On-Time
DEL-02091,PO-02091,SUP08,2024-05-25,2024-06-02,2024-06-01,250,On-Time
DEL-02092,PO-02092,SUP09,2024-05-25,2024-05-30,2024-06-07,300,Delayed
DEL-02093,PO-02093,SUP13,2024-05-25,2024-06-10,2024-06-10,10,On-Time
DEL-02094,PO-02094,SUP15,2024-05-25,2024-06-02,2024-06-02,250,On-Time
DEL-02095,PO-02095,SUP01,2024-05-25,2024-06-06,2024-06-06,60,On-Time
DEL-02096,PO-02096,SUP12,2024-05-25,2024-06-01,2024-06-01,100,On-Time
DEL-02097,PO-02097,SUP11,2024-05-25,2024-06-08,2024-06-08,300,On-Time
DEL-02098,PO-02098,SUP09,2024-05-25,2024-06-06,2024-06-06,100,On-Time
DEL-02099,PO-02099,SUP06,2024-05-25,2024-06-06,2024-06-06,150,On-Time
DEL-02100,PO-02100,SUP15,2024-05-25,2024-06-06,2024-06-06,250,On-Time
DEL-02101,PO-02101,SUP14,2024-05-25,2024-06-08,2024-06-08,100,On-Time
DEL-02102,PO-02102,SUP02,2024-05-25,2024-06-12,2024-06-12,50,On-Time
DEL-02103,PO-02103,SUP05,2024-05-25,2024-05-31,2024-06-04,500,Delayed
DEL-02104,PO-02104,SUP08,2024-05-25,2024-06-04,2024-06-04,100,On-Time
DEL-02105,PO-02105,SUP13,2024-05-25,2024-06-02,2024-06-02,50,On-Time
DEL-02106,PO-02106,SUP06,2024-05-25,2024-06-06,2024-06-06,500,On-Time
DEL-02107,PO-02107,SUP14,2024-05-26,2024-06-01,2024-06-01,400,On-Time
DEL-02108,PO-02108,SUP03,2024-05-26,2024-06-13,2024-06-13,60,On-Time
DEL-02109,PO-02109,SUP09,2024-05-26,2024-05-31,2024-05-31,150,On-Time
DEL-02110,PO-02110,SUP08,2024-05-26,2024-06-07,2024-06-07,80,On-Time
DEL-02111,PO-02111,SUP01,2024-05-26,2024-06-13,2024-06-13,120,On-Time
DEL-02112,PO-02112,SUP13,2024-05-26,2024-06-09,2024-06-09,80,On-Time
DEL-02113,PO-02113,SUP13,2024-05-26,2024-06-09,2024-06-09,400,On-Time
DEL-02114,PO-02114,SUP05,2024-05-26,2024-06-02,2024-06-16,150,Delayed
DEL-02115,PO-02115,SUP03,2024-05-26,2024-06-04,2024-06-04,250,On-Time
DEL-02116,PO-02116,SUP06,2024-05-26,2024-06-03,2024-06-02,100,On-Time
DEL-02117,PO-02117,SUP10,2024-05-26,2024-06-11,2024-06-11,60,On-Time
DEL-02118,PO-02118,SUP13,2024-05-26,2024-06-07,2024-06-06,500,On-Time
DEL-02119,PO-02119,SUP14,2024-05-26,2024-06-02,2024-06-02,300,On-Time
DEL-02120,PO-02120,SUP09,2024-05-26,2024-06-02,2024-06-02,400,On-Time
DEL-02121,PO-02121,SUP06,2024-05-26,2024-06-04,2024-06-04,500,On-Time
DEL-02122,PO-02122,SUP14,2024-05-26,2024-05-31,2024-05-29,150,On-Time
DEL-02123,PO-02123,SUP14,2024-05-26,2024-06-03,2024-06-03,300,On-Time
DEL-02124,PO-02124,SUP15,2024-05-26,2024-06-02,2024-06-02,400,On-Time
DEL-02125,PO-02125,SUP09,2024-05-26,2024-05-31,2024-05-31,300,On-Time
DEL-02126,PO-02126,SUP11,2024-05-27,2024-06-10,2024-06-10,200,On-Time
DEL-02127,PO-02127,SUP12,2024-05-27,2024-06-03,2024-06-05,400,Delayed
DEL-02128,PO-02128,SUP14,2024-05-27,2024-06-04,2024-06-04,80,On-Time
DEL-02129,PO-02129,SUP15,2024-05-27,2024-06-14,2024-06-14,15,On-Time
DEL-02130,PO-02130,SUP13,2024-05-27,2024-06-10,2024-06-10,400,On-Time
DEL-02131,PO-02131,SUP10,2024-05-27,2024-06-06,2024-06-06,200,On-Time
DEL-02132,PO-02132,SUP02,2024-05-27,2024-06-10,2024-06-11,400,Delayed
DEL-02133,PO-02133,SUP05,2024-05-27,2024-06-08,2024-06-08,40,On-Time
DEL-02134,PO-02134,SUP15,2024-05-27,2024-06-03,2024-06-03,200,On-Time
DEL-02135,PO-02135,SUP14,2024-05-27,2024-06-06,2024-06-06,80,On-Time
DEL-02136,PO-02136,SUP06,2024-05-27,2024-06-06,2024-06-06,150,On-Time
DEL-02137,PO-02137,SUP03,2024-05-27,2024-06-06,2024-06-06,250,On-Time
DEL-02138,PO-02138,SUP08,2024-05-27,2024-06-04,2024-06-03,250,On-Time
DEL-02139,PO-02139,SUP08,2024-05-27,2024-06-11,2024-06-11,60,On-Time
DEL-02140,PO-02140,SUP03,2024-05-28,2024-06-07,2024-06-07,250,On-Time
DEL-02141,PO-02141,SUP09,2024-05-28,2024-06-03,2024-06-03,250,On-Time
DEL-02142,PO-02142,SUP04,2024-05-28,2024-06-05,2024-06-05,80,On-Time
DEL-02143,PO-02143,SUP01,2024-05-28,2024-06-07,2024-06-07,100,On-Time
DEL-02144,PO-02144,SUP05,2024-05-28,2024-06-03,2024-06-03,100,On-Time
DEL-02145,PO-02145,SUP15,2024-05-28,2024-06-04,2024-06-08,400,Delayed
DEL-02146,PO-02146,SUP01,2024-05-28,2024-06-04,2024-06-04,300,On-Time
DEL-02147,PO-02147,SUP15,2024-05-28,2024-06-05,2024-06-05,100,On-Time
DEL-02148,PO-02148,SUP15,2024-05-28,2024-06-11,2024-06-11,300,On-Time
DEL-02149,PO-02149,SUP09,2024-05-28,2024-06-05,2024-06-05,500,On-Time
DEL-02150,PO-02150,SUP15,2024-05-28,2024-06-09,2024-06-09,50,On-Time
DEL-02151,PO-02151,SUP07,2024-05-28,2024-06-08,2024-06-08,400,On-Time
DEL-02152,PO-02152,SUP14,2024-05-28,2024-06-04,2024-06-04,100,On-Time
DEL-02153,PO-02153,SUP11,2024-05-28,2024-06-12,2024-06-12,60,On-Time
DEL-02154,PO-02154,SUP08,2024-05-28,2024-06-25,2024-06-24,15,On-Time
DEL-02155,PO-02155,SUP03,2024-05-28,2024-06-06,2024-06-05,400,On-Time
DEL-02156,PO-02156,SUP02,2024-05-28,2024-06-07,2024-06-07,150,On-Time
DEL-02157,PO-02157,SUP08,2024-05-29,2024-06-13,2024-06-13,80,On-Time
DEL-02158,PO-02158,SUP14,2024-05-29,2024-06-03,2024-06-03,300,On-Time
DEL-02159,PO-02159,SUP01,2024-05-29,2024-06-08,2024-06-08,500,On-Time
DEL-02160,PO-02160,SUP04,2024-05-29,2024-06-12,2024-06-12,120,On-Time
DEL-02161,PO-02161,SUP07,2024-05-29,2024-06-12,2024-06-12,300,On-Time
DEL-02162,PO-02162,SUP12,2024-05-29,2024-06-05,2024-06-05,100,On-Time
DEL-02163,PO-02163,SUP14,2024-05-29,2024-06-05,2024-06-05,150,On-Time
DEL-02164,PO-02164,SUP14,2024-05-29,2024-06-08,2024-06-08,50,On-Time
DEL-02165,PO-02165,SUP14,2024-05-29,2024-06-05,2024-06-05,200,On-Time
DEL-02166,PO-02166,SUP14,2024-05-30,2024-06-10,2024-06-11,400,Delayed
DEL-02167,PO-02167,SUP09,2024-05-30,2024-06-11,2024-06-12,120,Delayed
DEL-02168,PO-02168,SUP14,2024-05-30,2024-06-06,2024-06-06,400,On-Time
DEL-02169,PO-02169,SUP02,2024-05-30,2024-06-11,2024-06-11,500,On-Time
DEL-02170,PO-02170,SUP09,2024-05-30,2024-06-06,2024-06-06,400,On-Time
DEL-02171,PO-02171,SUP14,2024-05-30,2024-06-09,2024-06-09,80,On-Time
DEL-02172,PO-02172,SUP14,2024-05-30,2024-06-04,2024-06-03,100,On-Time
DEL-02173,PO-02173,SUP07,2024-05-30,2024-06-07,2024-06-08,80,Delayed
DEL-02174,PO-02174,SUP08,2024-05-30,2024-06-11,2024-06-11,80,On-Time
DEL-02175,PO-02175,SUP04,2024-05-30,2024-06-13,2024-06-20,50,Delayed
DEL-02176,PO-02176,SUP09,2024-05-31,2024-06-08,2024-06-08,300,On-Time
DEL-02177,PO-02177,SUP04,2024-05-31,2024-06-11,2024-06-10,150,On-Time
DEL-02178,PO-02178,SUP11,2024-05-31,2024-06-07,2024-06-06,300,On-Time
DEL-02179,PO-02179,SUP01,2024-05-31,2024-06-07,2024-06-05,150,On-Time
DEL-02180,PO-02180,SUP06,2024-05-31,2024-06-12,2024-06-12,300,On-Time
DEL-02181,PO-02181,SUP01,2024-05-31,2024-06-07,2024-06-07,400,On-Time
DEL-02182,PO-02182,SUP11,2024-05-31,2024-06-15,2024-06-14,100,On-Time
DEL-02183,PO-02183,SUP13,2024-05-31,2024-06-14,2024-06-14,250,On-Time
DEL-02184,PO-02184,SUP09,2024-05-31,2024-06-12,2024-06-12,100,On-Time
DEL-02185,PO-02185,SUP06,2024-05-31,2024-06-09,2024-06-09,250,On-Time
DEL-02186,PO-02186,SUP15,2024-05-31,2024-06-15,2024-06-15,100,On-Time
DEL-02187,PO-02187,SUP06,2024-05-31,2024-06-14,2024-06-12,400,On-Time
DEL-02188,PO-02188,SUP05,2024-06-01,2024-06-09,2024-06-09,200,On-Time
DEL-02189,PO-02189,SUP14,2024-06-01,2024-06-06,2024-06-06,300,On-Time
DEL-02190,PO-02190,SUP02,2024-06-01,2024-06-13,2024-06-13,250,On-Time
DEL-02191,PO-02191,SUP13,2024-06-01,2024-06-16,2024-06-14,40,On-Time
DEL-02192,PO-02192,SUP14,2024-06-01,2024-06-15,2024-06-15,120,On-Time
DEL-02193,PO-02193,SUP09,2024-06-01,2024-06-06,2024-06-05,300,On-Time
DEL-02194,PO-02194,SUP14,2024-06-01,2024-06-07,2024-06-07,100,On-Time
DEL-02195,PO-02195,SUP10,2024-06-01,2024-06-11,2024-06-11,300,On-Time
DEL-02196,PO-02196,SUP11,2024-06-01,2024-06-11,2024-06-10,250,On-Time
DEL-02197,PO-02197,SUP14,2024-06-01,2024-06-09,2024-06-07,120,On-Time
DEL-02198,PO-02198,SUP14,2024-06-01,2024-06-07,2024-06-07,500,On-Time
DEL-02199,PO-02199,SUP03,2024-06-01,2024-06-10,2024-06-10,150,On-Time
DEL-02200,PO-02200,SUP14,2024-06-01,2024-06-06,2024-06-06,400,On-Time
DEL-02201,PO-02201,SUP05,2024-06-02,2024-06-14,2024-06-14,40,On-Time
DEL-02202,PO-02202,SUP06,2024-06-02,2024-06-17,2024-06-17,100,On-Time
DEL-02203,PO-02203,SUP15,2024-06-02,2024-06-12,2024-06-27,50,Delayed
DEL-02204,PO-02204,SUP05,2024-06-02,2024-06-14,2024-06-17,120,Delayed
DEL-02205,PO-02205,SUP15,2024-06-02,2024-06-10,2024-06-10,60,On-Time
DEL-02206,PO-02206,SUP14,2024-06-02,2024-06-10,2024-06-10,100,On-Time
DEL-02207,PO-02207,SUP05,2024-06-02,2024-06-08,2024-06-08,200,On-Time
DEL-02208,PO-02208,SUP05,2024-06-02,2024-06-09,2024-06-09,400,On-Time
DEL-02209,PO-02209,SUP15,2024-06-02,2024-06-08,2024-06-08,100,On-Time
DEL-02210,PO-02210,SUP14,2024-06-02,2024-06-10,2024-06-10,250,On-Time
DEL-02211,PO-02211,SUP05,2024-06-02,2024-06-10,2024-06-10,400,On-Time
DEL-02212,PO-02212,SUP08,2024-06-02,2024-06-09,2024-06-09,250,On-Time
DEL-02213,PO-02213,SUP09,2024-06-02,2024-06-09,2024-06-07,100,On-Time
DEL-02214,PO-02214,SUP15,2024-06-02,2024-06-16,2024-06-17,500,Delayed
DEL-02215,PO-02215,SUP03,2024-06-02,2024-06-20,2024-06-20,80,On-Time
DEL-02216,PO-02216,SUP09,2024-06-02,2024-06-07,2024-06-07,500,On-Time
DEL-02217,PO-02217,SUP11,2024-06-02,2024-06-14,2024-06-14,500,On-Time
DEL-02218,PO-02218,SUP07,2024-06-02,2024-06-17,2024-06-17,60,On-Time
DEL-02219,PO-02219,SUP01,2024-06-02,2024-06-09,2024-06-09,150,On-Time
DEL-02220,PO-02220,SUP05,2024-06-02,2024-06-07,2024-06-07,250,On-Time
DEL-02221,PO-02221,SUP14,2024-06-02,2024-06-18,2024-06-30,15,Delayed
DEL-02222,PO-02222,SUP11,2024-06-03,2024-06-17,2024-06-17,250,On-Time
DEL-02223,PO-02223,SUP02,2024-06-03,2024-06-23,2024-07-11,60,Delayed
DEL-02224,PO-02224,SUP14,2024-06-03,2024-06-17,2024-06-17,40,On-Time
DEL-02225,PO-02225,SUP04,2024-06-03,2024-06-14,2024-06-14,250,On-Time
DEL-02226,PO-02226,SUP01,2024-06-03,2024-06-17,2024-06-17,10,On-Time
DEL-02227,PO-02227,SUP15,2024-06-03,2024-06-11,2024-06-12,500,Delayed
DEL-02228,PO-02228,SUP15,2024-06-03,2024-06-10,2024-06-08,300,On-Time
DEL-02229,PO-02229,SUP15,2024-06-03,2024-06-15,2024-06-15,400,On-Time
DEL-02230,PO-02230,SUP07,2024-06-03,2024-06-14,2024-06-15,500,Delayed
DEL-02231,PO-02231,SUP11,2024-06-03,2024-06-10,2024-06-10,100,On-Time
DEL-02232,PO-02232,SUP15,2024-06-03,2024-06-18,2024-06-26,40,Delayed
DEL-02233,PO-02233,SUP15,2024-06-03,2024-06-19,2024-06-19,40,On-Time
DEL-02234,PO-02234,SUP05,2024-06-03,2024-06-08,2024-06-10,400,Delayed
DEL-02235,PO-02235,SUP15,2024-06-03,2024-06-12,2024-06-16,80,Delayed
DEL-02236,PO-02236,SUP05,2024-06-04,2024-06-09,2024-06-09,100,On-Time
DEL-02237,PO-02237,SUP08,2024-06-04,2024-06-12,2024-06-30,400,Delayed
DEL-02238,PO-02238,SUP07,2024-06-04,2024-06-16,2024-06-16,400,On-Time
DEL-02239,PO-02239,SUP08,2024-06-04,2024-06-12,2024-06-12,100,On-Time
DEL-02240,PO-02240,SUP01,2024-06-04,2024-06-14,2024-06-12,250,On-Time
DEL-02241,PO-02241,SUP07,2024-06-04,2024-06-20,2024-06-20,10,On-Time
DEL-02242,PO-02242,SUP10,2024-06-04,2024-06-13,2024-06-13,500,On-Time
DEL-02243,PO-02243,SUP15,2024-06-04,2024-06-24,2024-06-25,60,Delayed
DEL-02244,PO-02244,SUP09,2024-06-04,2024-06-11,2024-06-21,250,Delayed
DEL-02245,PO-02245,SUP02,2024-06-04,2024-06-11,2024-06-10,500,On-Time
DEL-02246,PO-02246,SUP11,2024-06-04,2024-06-12,2024-06-12,60,On-Time
DEL-02247,PO-02247,SUP08,2024-06-04,2024-06-19,2024-06-19,60,On-Time
DEL-02248,PO-02248,SUP15,2024-06-04,2024-06-16,2024-06-16,50,On-Time
DEL-02249,PO-02249,SUP15,2024-06-04,2024-06-13,2024-06-17,120,Delayed
DEL-02250,PO-02250,SUP14,2024-06-04,2024-06-19,2024-06-19,120,On-Time
DEL-02251,PO-02251,SUP04,2024-06-04,2024-06-19,2024-06-19,40,On-Time
DEL-02252,PO-02252,SUP11,2024-06-04,2024-06-18,2024-06-18,500,On-Time
DEL-02253,PO-02253,SUP03,2024-06-04,2024-06-14,2024-06-14,300,On-Time
DEL-02254,PO-02254,SUP06,2024-06-04,2024-06-11,2024-06-11,200,On-Time
DEL-02255,PO-02255,SUP06,2024-06-05,2024-06-17,2024-06-17,400,On-Time
DEL-02256,PO-02256,SUP10,2024-06-05,2024-06-21,2024-06-20,40,On-Time
DEL-02257,PO-02257,SUP15,2024-06-05,2024-06-15,2024-06-15,80,On-Time
DEL-02258,PO-02258,SUP02,2024-06-05,2024-06-19,2024-06-20,250,Delayed
DEL-02259,PO-02259,SUP06,2024-06-05,2024-06-23,2024-06-23,80,On-Time
DEL-02260,PO-02260,SUP05,2024-06-05,2024-06-17,2024-06-17,80,On-Time
DEL-02261,PO-02261,SUP08,2024-06-05,2024-06-15,2024-06-15,200,On-Time
DEL-02262,PO-02262,SUP05,2024-06-05,2024-06-11,2024-06-11,200,On-Time
DEL-02263,PO-02263,SUP15,2024-06-05,2024-06-26,2024-06-26,100,On-Time
DEL-02264,PO-02264,SUP14,2024-06-05,2024-06-15,2024-06-14,80,On-Time
DEL-02265,PO-02265,SUP10,2024-06-05,2024-06-21,2024-06-23,40,Delayed
DEL-02266,PO-02266,SUP01,2024-06-05,2024-06-19,2024-06-19,300,On-Time
DEL-02267,PO-02267,SUP06,2024-06-05,2024-06-21,2024-06-21,60,On-Time
DEL-02268,PO-02268,SUP12,2024-06-06,2024-06-20,2024-06-20,15,On-Time
DEL-02269,PO-02269,SUP15,2024-06-06,2024-06-11,2024-06-10,500,On-Time
DEL-02270,PO-02270,SUP07,2024-06-06,2024-06-20,2024-06-23,300,Delayed
DEL-02271,PO-02271,SUP15,2024-06-06,2024-06-11,2024-06-11,200,On-Time
DEL-02272,PO-02272,SUP01,2024-06-06,2024-06-15,2024-06-13,150,On-Time
DEL-02273,PO-02273,SUP15,2024-06-06,2024-06-18,2024-06-22,120,Delayed
DEL-02274,PO-02274,SUP15,2024-06-06,2024-06-14,2024-06-14,400,On-Time
DEL-02275,PO-02275,SUP14,2024-06-06,2024-06-11,2024-06-11,100,On-Time
DEL-02276,PO-02276,SUP15,2024-06-06,2024-06-15,2024-06-14,80,On-Time
DEL-02277,PO-02277,SUP14,2024-06-06,2024-06-20,2024-06-21,250,Delayed
DEL-02278,PO-02278,SUP13,2024-06-06,2024-06-26,2024-06-26,10,On-Time
DEL-02279,PO-02279,SUP12,2024-06-06,2024-06-16,2024-06-17,60,Delayed
DEL-02280,PO-02280,SUP09,2024-06-06,2024-06-12,2024-06-12,150,On-Time
DEL-02281,PO-02281,SUP15,2024-06-06,2024-06-20,2024-06-23,250,Delayed
DEL-02282,PO-02282,SUP09,2024-06-07,2024-06-15,2024-06-15,200,On-Time
DEL-02283,PO-02283,SUP02,2024-06-07,2024-06-15,2024-06-15,100,On-Time
DEL-02284,PO-02284,SUP07,2024-06-07,2024-06-19,2024-06-17,400,On-Time
DEL-02285,PO-02285,SUP15,2024-06-07,2024-06-12,2024-06-12,400,On-Time
DEL-02286,PO-02286,SUP01,2024-06-07,2024-06-28,2024-06-28,80,On-Time
DEL-02287,PO-02287,SUP06,2024-06-07,2024-06-17,2024-06-17,500,On-Time
DEL-02288,PO-02288,SUP15,2024-06-07,2024-06-14,2024-06-14,150,On-Time
DEL-02289,PO-02289,SUP10,2024-06-07,2024-06-25,2024-06-25,40,On-Time
DEL-02290,PO-02290,SUP11,2024-06-07,2024-06-22,2024-06-22,100,On-Time
DEL-02291,PO-02291,SUP14,2024-06-07,2024-06-15,2024-06-15,300,On-Time
DEL-02292,PO-02292,SUP10,2024-06-07,2024-06-21,2024-06-21,50,On-Time
DEL-02293,PO-02293,SUP07,2024-06-07,2024-06-19,2024-06-19,250,On-Time
DEL-02294,PO-02294,SUP13,2024-06-08,2024-06-20,2024-06-20,200,On-Time
DEL-02295,PO-02295,SUP15,2024-06-08,2024-06-16,2024-06-16,300,On-Time
DEL-02296,PO-02296,SUP12,2024-06-08,2024-06-26,2024-06-26,30,On-Time
DEL-02297,PO-02297,SUP01,2024-06-08,2024-06-16,2024-06-15,60,On-Time
DEL-02298,PO-02298,SUP13,2024-06-08,2024-06-18,2024-06-18,120,On-Time
DEL-02299,PO-02299,SUP05,2024-06-08,2024-06-15,2024-06-15,200,On-Time
DEL-02300,PO-02300,SUP08,2024-06-08,2024-06-18,2024-06-17,400,On-Time
DEL-02301,PO-02301,SUP14,2024-06-08,2024-06-23,2024-06-23,100,On-Time
DEL-02302,PO-02302,SUP05,2024-06-08,2024-06-15,2024-06-15,400,On-Time
DEL-02303,PO-02303,SUP14,2024-06-08,2024-06-13,2024-06-13,400,On-Time
DEL-02304,PO-02304,SUP01,2024-06-08,2024-06-23,2024-06-23,100,On-Time
DEL-02305,PO-02305,SUP14,2024-06-09,2024-06-25,2024-06-25,10,On-Time
DEL-02306,PO-02306,SUP14,2024-06-09,2024-06-16,2024-06-14,200,On-Time
DEL-02307,PO-02307,SUP01,2024-06-09,2024-06-17,2024-06-17,120,On-Time
DEL-02308,PO-02308,SUP12,2024-06-09,2024-06-17,2024-06-17,300,On-Time
DEL-02309,PO-02309,SUP09,2024-06-09,2024-06-16,2024-06-16,150,On-Time
DEL-02310,PO-02310,SUP11,2024-06-09,2024-06-16,2024-06-16,400,On-Time
DEL-02311,PO-02311,SUP15,2024-06-09,2024-06-21,2024-06-21,250,On-Time
DEL-02312,PO-02312,SUP07,2024-06-09,2024-06-17,2024-06-17,100,On-Time
DEL-02313,PO-02313,SUP15,2024-06-09,2024-06-20,2024-06-20,250,On-Time
DEL-02314,PO-02314,SUP13,2024-06-09,2024-06-21,2024-06-21,500,On-Time
DEL-02315,PO-02315,SUP13,2024-06-09,2024-06-20,2024-06-20,300,On-Time
DEL-02316,PO-02316,SUP10,2024-06-09,2024-06-21,2024-06-21,100,On-Time
DEL-02317,PO-02317,SUP14,2024-06-09,2024-06-16,2024-06-14,150,On-Time
DEL-02318,PO-02318,SUP15,2024-06-09,2024-06-15,2024-06-15,500,On-Time
DEL-02319,PO-02319,SUP01,2024-06-09,2024-06-17,2024-06-17,250,On-Time
DEL-02320,PO-02320,SUP07,2024-06-09,2024-06-23,2024-06-23,100,On-Time
DEL-02321,PO-02321,SUP07,2024-06-09,2024-06-23,2024-06-25,100,Delayed
DEL-02322,PO-02322,SUP15,2024-06-09,2024-06-23,2024-06-23,40,On-Time
DEL-02323,PO-02323,SUP15,2024-06-09,2024-06-27,2024-06-27,15,On-Time
DEL-02324,PO-02324,SUP06,2024-06-09,2024-06-24,2024-06-24,40,On-Time
DEL-02325,PO-02325,SUP12,2024-06-09,2024-06-16,2024-06-16,500,On-Time
DEL-02326,PO-02326,SUP07,2024-06-09,2024-06-19,2024-06-19,60,On-Time
DEL-02327,PO-02327,SUP05,2024-06-10,2024-06-16,2024-06-16,400,On-Time
DEL-02328,PO-02328,SUP04,2024-06-10,2024-06-26,2024-06-26,40,On-Time
DEL-02329,PO-02329,SUP15,2024-06-10,2024-06-16,2024-06-26,500,Delayed
DEL-02330,PO-02330,SUP03,2024-06-10,2024-06-26,2024-06-26,60,On-Time
DEL-02331,PO-02331,SUP10,2024-06-10,2024-07-08,2024-07-11,10,Delayed
DEL-02332,PO-02332,SUP14,2024-06-10,2024-06-22,2024-06-21,400,On-Time
DEL-02333,PO-02333,SUP09,2024-06-10,2024-06-18,2024-06-16,200,On-Time
DEL-02334,PO-02334,SUP06,2024-06-10,2024-06-28,2024-06-28,60,On-Time
DEL-02335,PO-02335,SUP14,2024-06-10,2024-06-16,2024-06-16,150,On-Time
DEL-02336,PO-02336,SUP06,2024-06-10,2024-06-30,2024-06-30,50,On-Time
DEL-02337,PO-02337,SUP09,2024-06-10,2024-06-17,2024-06-17,500,On-Time
DEL-02338,PO-02338,SUP01,2024-06-10,2024-06-28,2024-06-28,60,On-Time
DEL-02339,PO-02339,SUP06,2024-06-10,2024-06-18,2024-06-17,50,On-Time
DEL-02340,PO-02340,SUP15,2024-06-10,2024-06-17,2024-06-17,150,On-Time
DEL-02341,PO-02341,SUP15,2024-06-10,2024-06-24,2024-06-24,40,On-Time
DEL-02342,PO-02342,SUP11,2024-06-10,2024-06-24,2024-06-30,200,Delayed
DEL-02343,PO-02343,SUP02,2024-06-10,2024-06-20,2024-06-20,150,On-Time
DEL-02344,PO-02344,SUP09,2024-06-11,2024-06-16,2024-06-17,500,Delayed
DEL-02345,PO-02345,SUP14,2024-06-11,2024-06-16,2024-06-15,250,On-Time
DEL-02346,PO-02346,SUP15,2024-06-11,2024-06-18,2024-06-18,400,On-Time
DEL-02347,PO-02347,SUP02,2024-06-11,2024-06-21,2024-06-21,500,On-Time
DEL-02348,PO-02348,SUP10,2024-06-11,2024-06-29,2024-07-03,80,Delayed
DEL-02349,PO-02349,SUP06,2024-06-11,2024-06-21,2024-06-21,100,On-Time
DEL-02350,PO-02350,SUP10,2024-06-11,2024-06-20,2024-06-20,200,On-Time
DEL-02351,PO-02351,SUP06,2024-06-11,2024-06-23,2024-06-21,50,On-Time
DEL-02352,PO-02352,SUP10,2024-06-11,2024-06-25,2024-06-24,120,On-Time
DEL-02353,PO-02353,SUP06,2024-06-11,2024-06-19,2024-06-19,50,On-Time
DEL-02354,PO-02354,SUP02,2024-06-11,2024-06-21,2024-06-23,150,Delayed
DEL-02355,PO-02355,SUP11,2024-06-11,2024-07-01,2024-07-01,40,On-Time
DEL-02356,PO-02356,SUP13,2024-06-11,2024-06-23,2024-06-23,200,On-Time
DEL-02357,PO-02357,SUP14,2024-06-11,2024-06-25,2024-06-25,10,On-Time
DEL-02358,PO-02358,SUP07,2024-06-12,2024-06-30,2024-06-30,30,On-Time
DEL-02359,PO-02359,SUP10,2024-06-12,2024-06-26,2024-06-26,80,On-Time
DEL-02360,PO-02360,SUP15,2024-06-12,2024-06-26,2024-07-06,200,Delayed
DEL-02361,PO-02361,SUP11,2024-06-12,2024-07-03,2024-07-03,80,On-Time
DEL-02362,PO-02362,SUP03,2024-06-12,2024-06-27,2024-06-27,100,On-Time
DEL-02363,PO-02363,SUP08,2024-06-12,2024-06-22,2024-06-22,100,On-Time
DEL-02364,PO-02364,SUP01,2024-06-12,2024-06-24,2024-06-27,400,Delayed
DEL-02365,PO-02365,SUP11,2024-06-12,2024-06-24,2024-06-24,400,On-Time
DEL-02366,PO-02366,SUP01,2024-06-12,2024-06-22,2024-06-22,200,On-Time
DEL-02367,PO-02367,SUP05,2024-06-12,2024-06-19,2024-06-19,150,On-Time
DEL-02368,PO-02368,SUP01,2024-06-12,2024-06-27,2024-06-27,60,On-Time
DEL-02369,PO-02369,SUP03,2024-06-12,2024-06-30,2024-06-30,120,On-Time
DEL-02370,PO-02370,SUP04,2024-06-12,2024-06-20,2024-06-20,50,On-Time
DEL-02371,PO-02371,SUP02,2024-06-12,2024-06-22,2024-06-22,300,On-Time
DEL-02372,PO-02372,SUP14,2024-06-12,2024-06-19,2024-06-19,400,On-Time
DEL-02373,PO-02373,SUP01,2024-06-12,2024-06-26,2024-06-25,15,On-Time
DEL-02374,PO-02374,SUP10,2024-06-13,2024-06-28,2024-07-05,80,Delayed
DEL-02375,PO-02375,SUP09,2024-06-13,2024-06-18,2024-06-24,500,Delayed
DEL-02376,PO-02376,SUP06,2024-06-13,2024-06-28,2024-06-27,50,On-Time
DEL-02377,PO-02377,SUP10,2024-06-13,2024-06-22,2024-06-22,100,On-Time
DEL-02378,PO-02378,SUP12,2024-06-13,2024-06-20,2024-06-20,300,On-Time
DEL-02379,PO-02379,SUP15,2024-06-13,2024-07-03,2024-07-01,60,On-Time
DEL-02380,PO-02380,SUP09,2024-06-13,2024-06-19,2024-06-19,500,On-Time
DEL-02381,PO-02381,SUP03,2024-06-13,2024-06-29,2024-06-30,80,Delayed
DEL-02382,PO-02382,SUP09,2024-06-13,2024-06-19,2024-06-18,500,On-Time
DEL-02383,PO-02383,SUP08,2024-06-13,2024-06-28,2024-06-28,120,On-Time
DEL-02384,PO-02384,SUP09,2024-06-13,2024-06-19,2024-06-19,150,On-Time
DEL-02385,PO-02385,SUP13,2024-06-13,2024-06-25,2024-06-25,200,On-Time
DEL-02386,PO-02386,SUP15,2024-06-13,2024-06-27,2024-06-27,250,On-Time
DEL-02387,PO-02387,SUP08,2024-06-13,2024-06-22,2024-06-26,100,Delayed
DEL-02388,PO-02388,SUP05,2024-06-13,2024-06-19,2024-06-19,500,On-Time
DEL-02389,PO-02389,SUP05,2024-06-14,2024-06-19,2024-06-19,200,On-Time
DEL-02390,PO-02390,SUP01,2024-06-14,2024-06-26,2024-06-26,400,On-Time
DEL-02391,PO-02391,SUP08,2024-06-14,2024-07-02,2024-07-02,40,On-Time
DEL-02392,PO-02392,SUP02,2024-06-14,2024-07-05,2024-07-04,50,On-Time
DEL-02393,PO-02393,SUP15,2024-06-14,2024-06-19,2024-06-19,200,On-Time
DEL-02394,PO-02394,SUP06,2024-06-14,2024-06-29,2024-06-29,120,On-Time
DEL-02395,PO-02395,SUP09,2024-06-14,2024-06-20,2024-06-20,500,On-Time
DEL-02396,PO-02396,SUP03,2024-06-14,2024-06-28,2024-06-28,100,On-Time
DEL-02397,PO-02397,SUP15,2024-06-14,2024-06-22,2024-06-22,100,On-Time
DEL-02398,PO-02398,SUP09,2024-06-14,2024-06-21,2024-06-25,400,Delayed
DEL-02399,PO-02399,SUP15,2024-06-14,2024-06-28,2024-06-28,80,On-Time
DEL-02400,PO-02400,SUP15,2024-06-14,2024-06-29,2024-06-29,40,On-Time
DEL-02401,PO-02401,SUP15,2024-06-14,2024-06-28,2024-06-28,500,On-Time
DEL-02402,PO-02402,SUP14,2024-06-14,2024-06-20,2024-06-20,400,On-Time
DEL-02403,PO-02403,SUP06,2024-06-14,2024-07-02,2024-07-02,40,On-Time
DEL-02404,PO-02404,SUP06,2024-06-14,2024-06-29,2024-06-29,100,On-Time
DEL-02405,PO-02405,SUP14,2024-06-14,2024-06-19,2024-06-19,200,On-Time
DEL-02406,PO-02406,SUP14,2024-06-14,2024-06-22,2024-06-21,300,On-Time
DEL-02407,PO-02407,SUP14,2024-06-14,2024-06-25,2024-06-23,100,On-Time
DEL-02408,PO-02408,SUP14,2024-06-15,2024-06-24,2024-06-24,40,On-Time
DEL-02409,PO-02409,SUP06,2024-06-15,2024-06-29,2024-06-29,250,On-Time
DEL-02410,PO-02410,SUP03,2024-06-15,2024-07-01,2024-07-01,50,On-Time
DEL-02411,PO-02411,SUP10,2024-06-15,2024-06-25,2024-06-24,200,On-Time
DEL-02412,PO-02412,SUP08,2024-06-15,2024-06-30,2024-06-30,80,On-Time
DEL-02413,PO-02413,SUP14,2024-06-15,2024-06-30,2024-06-30,100,On-Time
DEL-02414,PO-02414,SUP14,2024-06-15,2024-06-22,2024-06-26,500,Delayed
DEL-02415,PO-02415,SUP06,2024-06-15,2024-06-24,2024-06-24,150,On-Time
DEL-02416,PO-02416,SUP05,2024-06-15,2024-06-20,2024-06-19,150,On-Time
DEL-02417,PO-02417,SUP15,2024-06-15,2024-06-25,2024-06-24,200,On-Time
DEL-02418,PO-02418,SUP14,2024-06-15,2024-06-20,2024-06-19,100,On-Time
DEL-02419,PO-02419,SUP08,2024-06-15,2024-07-07,2024-07-07,40,On-Time
DEL-02420,PO-02420,SUP01,2024-06-16,2024-07-10,2024-07-10,40,On-Time
DEL-02421,PO-02421,SUP06,2024-06-16,2024-06-30,2024-06-29,100,On-Time
DEL-02422,PO-02422,SUP14,2024-06-16,2024-06-22,2024-06-22,500,On-Time
DEL-02423,PO-02423,SUP10,2024-06-16,2024-07-04,2024-07-04,80,On-Time
DEL-02424,PO-02424,SUP14,2024-06-16,2024-06-26,2024-06-26,40,On-Time
DEL-02425,PO-02425,SUP08,2024-06-16,2024-06-28,2024-06-28,60,On-Time
DEL-02426,PO-02426,SUP01,2024-06-16,2024-07-02,2024-07-02,100,On-Time
DEL-02427,PO-02427,SUP15,2024-06-16,2024-06-21,2024-06-21,200,On-Time
DEL-02428,PO-02428,SUP01,2024-06-16,2024-06-28,2024-06-27,40,On-Time
DEL-02429,PO-02429,SUP02,2024-06-16,2024-07-04,2024-07-04,40,On-Time
DEL-02430,PO-02430,SUP14,2024-06-16,2024-06-24,2024-06-23,100,On-Time
DEL-02431,PO-02431,SUP15,2024-06-16,2024-06-30,2024-06-30,20,On-Time
DEL-02432,PO-02432,SUP15,2024-06-16,2024-07-01,2024-07-01,50,On-Time
DEL-02433,PO-02433,SUP08,2024-06-16,2024-06-24,2024-06-24,120,On-Time
DEL-02434,PO-02434,SUP15,2024-06-16,2024-06-24,2024-06-24,150,On-Time
DEL-02435,PO-02435,SUP15,2024-06-17,2024-06-24,2024-06-28,400,Delayed
DEL-02436,PO-02436,SUP08,2024-06-17,2024-07-02,2024-07-02,80,On-Time
DEL-02437,PO-02437,SUP14,2024-06-17,2024-06-22,2024-06-22,100,On-Time
DEL-02438,PO-02438,SUP14,2024-06-17,2024-06-28,2024-06-28,400,On-Time
DEL-02439,PO-02439,SUP06,2024-06-17,2024-06-27,2024-06-27,300,On-Time
DEL-02440,PO-02440,SUP08,2024-06-17,2024-07-03,2024-07-03,30,On-Time
DEL-02441,PO-02441,SUP04,2024-06-17,2024-06-28,2024-06-28,250,On-Time
DEL-02442,PO-02442,SUP15,2024-06-17,2024-06-23,2024-06-23,400,On-Time
DEL-02443,PO-02443,SUP07,2024-06-17,2024-07-01,2024-07-01,100,On-Time
DEL-02444,PO-02444,SUP04,2024-06-17,2024-06-28,2024-06-27,300,On-Time
DEL-02445,PO-02445,SUP15,2024-06-18,2024-06-28,2024-06-28,150,On-Time
DEL-02446,PO-02446,SUP14,2024-06-18,2024-06-30,2024-06-30,250,On-Time
DEL-02447,PO-02447,SUP03,2024-06-18,2024-07-06,2024-07-06,60,On-Time
DEL-02448,PO-02448,SUP08,2024-06-18,2024-06-28,2024-06-28,200,On-Time
DEL-02449,PO-02449,SUP02,2024-06-18,2024-06-30,2024-06-30,200,On-Time
DEL-02450,PO-02450,SUP07,2024-06-18,2024-07-02,2024-07-02,400,On-Time
DEL-02451,PO-02451,SUP11,2024-06-18,2024-06-30,2024-06-30,200,On-Time
DEL-02452,PO-02452,SUP01,2024-06-18,2024-07-13,2024-07-13,10,On-Time
DEL-02453,PO-02453,SUP15,2024-06-18,2024-06-24,2024-06-24,200,On-Time
DEL-02454,PO-02454,SUP09,2024-06-18,2024-06-23,2024-06-23,250,On-Time
DEL-02455,PO-02455,SUP08,2024-06-18,2024-07-06,2024-07-17,80,Delayed
DEL-02456,PO-02456,SUP09,2024-06-18,2024-06-23,2024-06-23,500,On-Time
DEL-02457,PO-02457,SUP11,2024-06-19,2024-06-27,2024-06-27,100,On-Time
DEL-02458,PO-02458,SUP01,2024-06-19,2024-07-05,2024-07-05,15,On-Time
DEL-02459,PO-02459,SUP09,2024-06-19,2024-06-24,2024-06-24,300,On-Time
DEL-02460,PO-02460,SUP15,2024-06-19,2024-06-24,2024-06-24,250,On-Time
DEL-02461,PO-02461,SUP08,2024-06-19,2024-07-07,2024-07-07,40,On-Time
DEL-02462,PO-02462,SUP01,2024-06-19,2024-07-03,2024-07-03,20,On-Time
DEL-02463,PO-02463,SUP10,2024-06-19,2024-07-05,2024-07-05,60,On-Time
DEL-02464,PO-02464,SUP13,2024-06-19,2024-07-03,2024-07-03,40,On-Time
DEL-02465,PO-02465,SUP15,2024-06-19,2024-06-26,2024-06-26,200,On-Time
DEL-02466,PO-02466,SUP14,2024-06-19,2024-06-29,2024-07-10,60,Delayed
DEL-02467,PO-02467,SUP07,2024-06-19,2024-07-03,2024-07-03,500,On-Time
DEL-02468,PO-02468,SUP14,2024-06-19,2024-06-29,2024-06-29,80,On-Time
DEL-02469,PO-02469,SUP02,2024-06-19,2024-07-07,2024-07-06,80,On-Time
DEL-02470,PO-02470,SUP14,2024-06-19,2024-07-04,2024-07-04,40,On-Time
DEL-02471,PO-02471,SUP15,2024-06-19,2024-07-01,2024-07-01,400,On-Time
DEL-02472,PO-02472,SUP02,2024-06-19,2024-07-01,2024-06-29,400,On-Time
DEL-02473,PO-02473,SUP06,2024-06-19,2024-07-07,2024-07-07,50,On-Time
DEL-02474,PO-02474,SUP01,2024-06-20,2024-06-27,2024-06-27,100,On-Time
DEL-02475,PO-02475,SUP06,2024-06-20,2024-07-05,2024-07-05,80,On-Time
DEL-02476,PO-02476,SUP05,2024-06-20,2024-06-28,2024-06-27,300,On-Time
DEL-02477,PO-02477,SUP15,2024-06-20,2024-06-27,2024-06-27,150,On-Time
DEL-02478,PO-02478,SUP06,2024-06-20,2024-07-04,2024-07-04,400,On-Time
DEL-02479,PO-02479,SUP07,2024-06-20,2024-06-28,2024-06-28,60,On-Time
DEL-02480,PO-02480,SUP10,2024-06-20,2024-07-06,2024-07-06,50,On-Time
DEL-02481,PO-02481,SUP01,2024-06-20,2024-06-27,2024-06-27,250,On-Time
DEL-02482,PO-02482,SUP12,2024-06-20,2024-06-30,2024-06-30,60,On-Time
DEL-02483,PO-02483,SUP04,2024-06-20,2024-07-05,2024-07-05,60,On-Time
DEL-02484,PO-02484,SUP08,2024-06-20,2024-07-05,2024-07-05,100,On-Time
DEL-02485,PO-02485,SUP01,2024-06-20,2024-06-27,2024-06-27,150,On-Time
DEL-02486,PO-02486,SUP06,2024-06-20,2024-06-29,2024-06-29,400,On-Time
DEL-02487,PO-02487,SUP01,2024-06-20,2024-07-10,2024-07-10,60,On-Time
DEL-02488,PO-02488,SUP06,2024-06-21,2024-07-01,2024-07-01,500,On-Time
DEL-02489,PO-02489,SUP06,2024-06-21,2024-07-06,2024-07-06,120,On-Time
DEL-02490,PO-02490,SUP15,2024-06-21,2024-06-27,2024-06-27,150,On-Time
DEL-02491,PO-02491,SUP08,2024-06-21,2024-07-07,2024-07-07,40,On-Time
DEL-02492,PO-02492,SUP01,2024-06-21,2024-07-03,2024-07-01,150,On-Time
DEL-02493,PO-02493,SUP14,2024-06-21,2024-06-26,2024-06-26,300,On-Time
DEL-02494,PO-02494,SUP01,2024-06-21,2024-07-09,2024-07-13,80,Delayed
DEL-02495,PO-02495,SUP14,2024-06-21,2024-06-28,2024-07-02,300,Delayed
DEL-02496,PO-02496,SUP01,2024-06-21,2024-06-28,2024-06-28,200,On-Time
DEL-02497,PO-02497,SUP12,2024-06-21,2024-06-29,2024-06-29,400,On-Time
DEL-02498,PO-02498,SUP15,2024-06-21,2024-07-05,2024-07-05,50,On-Time
DEL-02499,PO-02499,SUP14,2024-06-21,2024-07-02,2024-07-04,150,Delayed
DEL-02500,PO-02500,SUP05,2024-06-21,2024-06-27,2024-06-27,200,On-Time
DEL-02501,PO-02501,SUP07,2024-06-21,2024-07-05,2024-07-05,250,On-Time
DEL-02502,PO-02502,SUP14,2024-06-22,2024-06-30,2024-06-30,80,On-Time
DEL-02503,PO-02503,SUP10,2024-06-22,2024-07-10,2024-07-09,120,On-Time
DEL-02504,PO-02504,SUP01,2024-06-22,2024-06-29,2024-06-29,500,On-Time
DEL-02505,PO-02505,SUP05,2024-06-22,2024-06-28,2024-06-28,200,On-Time
DEL-02506,PO-02506,SUP01,2024-06-22,2024-07-01,2024-07-01,500,On-Time
DEL-02507,PO-02507,SUP11,2024-06-22,2024-07-02,2024-07-02,150,On-Time
DEL-02508,PO-02508,SUP01,2024-06-23,2024-07-03,2024-07-03,60,On-Time
DEL-02509,PO-02509,SUP11,2024-06-23,2024-07-05,2024-07-05,250,On-Time
DEL-02510,PO-02510,SUP15,2024-06-23,2024-07-07,2024-07-08,250,Delayed
DEL-02511,PO-02511,SUP15,2024-06-23,2024-06-30,2024-06-30,100,On-Time
DEL-02512,PO-02512,SUP14,2024-06-23,2024-07-03,2024-07-03,120,On-Time
DEL-02513,PO-02513,SUP14,2024-06-23,2024-06-30,2024-07-02,100,Delayed
DEL-02514,PO-02514,SUP14,2024-06-23,2024-07-01,2024-07-02,300,Delayed
DEL-02515,PO-02515,SUP10,2024-06-23,2024-07-09,2024-07-09,100,On-Time
DEL-02516,PO-02516,SUP14,2024-06-23,2024-06-29,2024-06-29,400,On-Time
DEL-02517,PO-02517,SUP03,2024-06-23,2024-07-09,2024-07-09,100,On-Time
DEL-02518,PO-02518,SUP15,2024-06-23,2024-07-01,2024-07-01,150,On-Time
DEL-02519,PO-02519,SUP09,2024-06-24,2024-06-30,2024-06-30,250,On-Time
DEL-02520,PO-02520,SUP15,2024-06-24,2024-06-29,2024-06-29,100,On-Time
DEL-02521,PO-02521,SUP01,2024-06-24,2024-07-03,2024-07-03,200,On-Time
DEL-02522,PO-02522,SUP07,2024-06-24,2024-07-04,2024-07-09,50,Delayed
DEL-02523,PO-02523,SUP05,2024-06-24,2024-06-30,2024-06-30,250,On-Time
DEL-02524,PO-02524,SUP15,2024-06-24,2024-07-01,2024-07-01,500,On-Time
DEL-02525,PO-02525,SUP03,2024-06-24,2024-07-04,2024-07-07,500,Delayed
DEL-02526,PO-02526,SUP14,2024-06-24,2024-07-04,2024-07-09,50,Delayed
DEL-02527,PO-02527,SUP15,2024-06-24,2024-07-02,2024-07-04,300,Delayed
DEL-02528,PO-02528,SUP05,2024-06-24,2024-07-04,2024-07-04,100,On-Time
DEL-02529,PO-02529,SUP06,2024-06-25,2024-07-09,2024-07-08,300,On-Time
DEL-02530,PO-02530,SUP01,2024-06-25,2024-07-05,2024-07-04,400,On-Time
DEL-02531,PO-02531,SUP15,2024-06-25,2024-07-07,2024-07-10,250,Delayed
DEL-02532,PO-02532,SUP09,2024-06-25,2024-06-30,2024-07-02,400,Delayed
DEL-02533,PO-02533,SUP08,2024-06-25,2024-07-05,2024-07-05,250,On-Time
DEL-02534,PO-02534,SUP15,2024-06-25,2024-06-30,2024-06-29,300,On-Time
DEL-02535,PO-02535,SUP01,2024-06-25,2024-07-03,2024-07-03,120,On-Time
DEL-02536,PO-02536,SUP14,2024-06-25,2024-07-07,2024-07-07,100,On-Time
DEL-02537,PO-02537,SUP15,2024-06-25,2024-07-01,2024-07-01,100,On-Time
DEL-02538,PO-02538,SUP14,2024-06-25,2024-07-03,2024-07-12,100,Delayed
DEL-02539,PO-02539,SUP14,2024-06-25,2024-07-06,2024-07-06,400,On-Time
DEL-02540,PO-02540,SUP09,2024-06-25,2024-07-01,2024-07-01,100,On-Time
DEL-02541,PO-02541,SUP15,2024-06-25,2024-07-13,2024-07-19,60,Delayed
DEL-02542,PO-02542,SUP07,2024-06-25,2024-07-13,2024-07-16,15,Delayed
DEL-02543,PO-02543,SUP09,2024-06-25,2024-06-30,2024-06-30,100,On-Time
DEL-02544,PO-02544,SUP03,2024-06-25,2024-07-17,2024-07-17,10,On-Time
DEL-02545,PO-02545,SUP10,2024-06-26,2024-07-12,2024-07-11,80,On-Time
DEL-02546,PO-02546,SUP08,2024-06-26,2024-07-04,2024-07-04,500,On-Time
DEL-02547,PO-02547,SUP01,2024-06-26,2024-07-04,2024-07-04,200,On-Time
DEL-02548,PO-02548,SUP08,2024-06-26,2024-07-20,2024-07-20,20,On-Time
DEL-02549,PO-02549,SUP11,2024-06-26,2024-07-08,2024-07-08,100,On-Time
DEL-02550,PO-02550,SUP15,2024-06-26,2024-07-01,2024-07-01,400,On-Time
DEL-02551,PO-02551,SUP02,2024-06-26,2024-07-08,2024-07-08,250,On-Time
DEL-02552,PO-02552,SUP14,2024-06-26,2024-07-01,2024-07-01,300,On-Time
DEL-02553,PO-02553,SUP15,2024-06-26,2024-07-02,2024-07-01,150,On-Time
DEL-02554,PO-02554,SUP15,2024-06-26,2024-07-03,2024-07-03,300,On-Time
DEL-02555,PO-02555,SUP15,2024-06-26,2024-07-08,2024-07-08,40,On-Time
DEL-02556,PO-02556,SUP15,2024-06-26,2024-07-06,2024-07-07,40,Delayed
DEL-02557,PO-02557,SUP11,2024-06-26,2024-07-08,2024-07-08,100,On-Time
DEL-02558,PO-02558,SUP10,2024-06-26,2024-07-18,2024-07-18,40,On-Time
DEL-02559,PO-02559,SUP08,2024-06-27,2024-07-11,2024-07-11,50,On-Time
DEL-02560,PO-02560,SUP01,2024-06-27,2024-07-07,2024-07-09,150,Delayed
DEL-02561,PO-02561,SUP10,2024-06-27,2024-07-06,2024-07-06,500,On-Time
DEL-02562,PO-02562,SUP08,2024-06-27,2024-07-07,2024-07-11,100,Delayed
DEL-02563,PO-02563,SUP14,2024-06-27,2024-07-02,2024-07-02,100,On-Time
DEL-02564,PO-02564,SUP05,2024-06-27,2024-07-04,2024-07-04,400,On-Time
DEL-02565,PO-02565,SUP05,2024-06-27,2024-07-03,2024-07-03,150,On-Time
DEL-02566,PO-02566,SUP03,2024-06-27,2024-07-07,2024-07-07,300,On-Time
DEL-02567,PO-02567,SUP13,2024-06-27,2024-07-11,2024-07-10,50,On-Time
DEL-02568,PO-02568,SUP06,2024-06-27,2024-07-06,2024-07-06,300,On-Time
DEL-02569,PO-02569,SUP05,2024-06-27,2024-07-02,2024-07-02,150,On-Time
DEL-02570,PO-02570,SUP12,2024-06-27,2024-07-15,2024-07-15,20,On-Time
DEL-02571,PO-02571,SUP15,2024-06-27,2024-07-08,2024-07-08,500,On-Time
DEL-02572,PO-02572,SUP15,2024-06-27,2024-07-05,2024-07-05,200,On-Time
DEL-02573,PO-02573,SUP09,2024-06-28,2024-07-07,2024-07-05,40,On-Time
DEL-02574,PO-02574,SUP05,2024-06-28,2024-07-05,2024-07-05,250,On-Time
DEL-02575,PO-02575,SUP01,2024-06-28,2024-07-10,2024-07-10,500,On-Time
DEL-02576,PO-02576,SUP03,2024-06-28,2024-07-12,2024-07-12,120,On-Time
DEL-02577,PO-02577,SUP12,2024-06-28,2024-07-06,2024-07-06,100,On-Time
DEL-02578,PO-02578,SUP09,2024-06-28,2024-07-03,2024-07-02,250,On-Time
DEL-02579,PO-02579,SUP02,2024-06-28,2024-07-05,2024-07-05,500,On-Time
DEL-02580,PO-02580,SUP14,2024-06-28,2024-07-13,2024-07-13,60,On-Time
DEL-02581,PO-02581,SUP11,2024-06-28,2024-07-10,2024-07-10,300,On-Time
DEL-02582,PO-02582,SUP01,2024-06-28,2024-07-12,2024-07-12,100,On-Time
DEL-02583,PO-02583,SUP14,2024-06-28,2024-07-05,2024-07-05,100,On-Time
DEL-02584,PO-02584,SUP02,2024-06-28,2024-07-18,2024-07-22,50,Delayed
DEL-02585,PO-02585,SUP11,2024-06-28,2024-07-06,2024-07-06,100,On-Time
DEL-02586,PO-02586,SUP05,2024-06-29,2024-07-07,2024-07-07,250,On-Time
DEL-02587,PO-02587,SUP06,2024-06-29,2024-07-11,2024-07-11,150,On-Time
DEL-02588,PO-02588,SUP15,2024-06-29,2024-07-07,2024-07-05,200,On-Time
DEL-02589,PO-02589,SUP05,2024-06-29,2024-07-06,2024-07-06,250,On-Time
DEL-02590,PO-02590,SUP14,2024-06-29,2024-07-13,2024-07-13,200,On-Time
DEL-02591,PO-02591,SUP15,2024-06-29,2024-07-10,2024-07-10,300,On-Time
DEL-02592,PO-02592,SUP14,2024-06-29,2024-07-06,2024-07-06,500,On-Time
DEL-02593,PO-02593,SUP12,2024-06-29,2024-07-07,2024-07-10,40,Delayed
DEL-02594,PO-02594,SUP14,2024-06-29,2024-07-13,2024-07-13,150,On-Time
DEL-02595,PO-02595,SUP05,2024-06-29,2024-07-06,2024-07-06,400,On-Time
DEL-02596,PO-02596,SUP08,2024-06-29,2024-07-13,2024-07-13,50,On-Time
DEL-02597,PO-02597,SUP08,2024-06-29,2024-07-09,2024-07-09,500,On-Time
DEL-02598,PO-02598,SUP13,2024-06-29,2024-07-11,2024-07-11,100,On-Time
DEL-02599,PO-02599,SUP07,2024-06-29,2024-07-11,2024-07-11,250,On-Time
DEL-02600,PO-02600,SUP07,2024-06-29,2024-07-09,2024-07-09,40,On-Time
DEL-02601,PO-02601,SUP14,2024-06-30,2024-07-08,2024-07-08,300,On-Time
DEL-02602,PO-02602,SUP13,2024-06-30,2024-07-08,2024-07-08,80,On-Time
DEL-02603,PO-02603,SUP09,2024-06-30,2024-07-08,2024-07-08,400,On-Time
DEL-02604,PO-02604,SUP15,2024-06-30,2024-07-12,2024-07-12,300,On-Time
DEL-02605,PO-02605,SUP14,2024-06-30,2024-07-06,2024-07-06,150,On-Time
DEL-02606,PO-02606,SUP01,2024-06-30,2024-07-18,2024-07-18,30,On-Time
DEL-02607,PO-02607,SUP10,2024-06-30,2024-07-09,2024-07-09,200,On-Time
DEL-02608,PO-02608,SUP06,2024-06-30,2024-07-18,2024-07-18,40,On-Time
DEL-02609,PO-02609,SUP01,2024-06-30,2024-07-16,2024-07-16,80,On-Time
DEL-02610,PO-02610,SUP09,2024-06-30,2024-07-05,2024-07-05,400,On-Time
DEL-02611,PO-02611,SUP12,2024-06-30,2024-07-18,2024-07-18,15,On-Time
DEL-02612,PO-02612,SUP09,2024-06-30,2024-07-07,2024-07-09,100,Delayed
DEL-02613,PO-02613,SUP15,2024-06-30,2024-07-08,2024-07-11,250,Delayed
DEL-02614,PO-02614,SUP15,2024-06-30,2024-07-14,2024-07-14,300,On-Time
DEL-02615,PO-02615,SUP09,2024-06-30,2024-07-05,2024-07-05,300,On-Time
DEL-02616,PO-02616,SUP06,2024-06-30,2024-07-12,2024-07-12,300,On-Time
DEL-02617,PO-02617,SUP14,2024-06-30,2024-07-07,2024-07-07,150,On-Time
DEL-02618,PO-02618,SUP01,2024-06-30,2024-07-08,2024-07-08,80,On-Time
DEL-02619,PO-02619,SUP03,2024-07-01,2024-07-17,2024-07-17,60,On-Time
DEL-02620,PO-02620,SUP08,2024-07-01,2024-07-19,2024-07-20,40,Delayed
DEL-02621,PO-02621,SUP01,2024-07-01,2024-07-11,2024-07-10,100,On-Time
DEL-02622,PO-02622,SUP06,2024-07-01,2024-07-17,2024-07-17,100,On-Time
DEL-02623,PO-02623,SUP02,2024-07-01,2024-07-08,2024-07-08,500,On-Time
DEL-02624,PO-02624,SUP15,2024-07-01,2024-07-16,2024-07-16,100,On-Time
DEL-02625,PO-02625,SUP13,2024-07-01,2024-07-13,2024-07-11,150,On-Time
DEL-02626,PO-02626,SUP15,2024-07-01,2024-07-11,2024-07-11,80,On-Time
DEL-02627,PO-02627,SUP15,2024-07-01,2024-07-15,2024-07-15,50,On-Time
DEL-02628,PO-02628,SUP12,2024-07-01,2024-07-09,2024-07-11,150,Delayed
DEL-02629,PO-02629,SUP01,2024-07-01,2024-07-08,2024-07-08,100,On-Time
DEL-02630,PO-02630,SUP08,2024-07-01,2024-07-13,2024-07-13,40,On-Time
DEL-02631,PO-02631,SUP01,2024-07-01,2024-07-16,2024-07-16,100,On-Time
DEL-02632,PO-02632,SUP10,2024-07-01,2024-07-16,2024-07-20,40,Delayed
DEL-02633,PO-02633,SUP09,2024-07-01,2024-07-06,2024-07-10,400,Delayed
DEL-02634,PO-02634,SUP15,2024-07-01,2024-07-13,2024-07-14,120,Delayed
DEL-02635,PO-02635,SUP05,2024-07-02,2024-07-09,2024-07-11,400,Delayed
DEL-02636,PO-02636,SUP03,2024-07-02,2024-07-26,2024-07-26,10,On-Time
DEL-02637,PO-02637,SUP08,2024-07-02,2024-07-24,2024-07-24,40,On-Time
DEL-02638,PO-02638,SUP01,2024-07-02,2024-07-23,2024-07-23,100,On-Time
DEL-02639,PO-02639,SUP08,2024-07-02,2024-07-24,2024-07-24,10,On-Time
DEL-02640,PO-02640,SUP15,2024-07-02,2024-07-16,2024-07-14,80,On-Time
DEL-02641,PO-02641,SUP15,2024-07-02,2024-07-16,2024-07-16,200,On-Time
DEL-02642,PO-02642,SUP01,2024-07-02,2024-07-09,2024-07-09,100,On-Time
DEL-02643,PO-02643,SUP14,2024-07-02,2024-07-10,2024-07-10,50,On-Time
DEL-02644,PO-02644,SUP09,2024-07-02,2024-07-07,2024-07-13,200,Delayed
DEL-02645,PO-02645,SUP14,2024-07-02,2024-07-10,2024-07-09,300,On-Time
DEL-02646,PO-02646,SUP10,2024-07-02,2024-07-20,2024-07-20,100,On-Time
DEL-02647,PO-02647,SUP14,2024-07-02,2024-07-14,2024-07-14,100,On-Time
DEL-02648,PO-02648,SUP06,2024-07-03,2024-07-18,2024-07-18,80,On-Time
DEL-02649,PO-02649,SUP11,2024-07-03,2024-07-13,2024-07-14,300,Delayed
DEL-02650,PO-02650,SUP09,2024-07-03,2024-07-10,2024-07-10,200,On-Time
DEL-02651,PO-02651,SUP05,2024-07-03,2024-07-08,2024-07-08,500,On-Time
DEL-02652,PO-02652,SUP14,2024-07-03,2024-07-11,2024-07-11,100,On-Time
DEL-02653,PO-02653,SUP04,2024-07-03,2024-07-15,2024-07-14,200,On-Time
DEL-02654,PO-02654,SUP11,2024-07-03,2024-07-11,2024-07-11,100,On-Time
DEL-02655,PO-02655,SUP14,2024-07-03,2024-07-13,2024-07-13,40,On-Time
DEL-02656,PO-02656,SUP08,2024-07-04,2024-07-12,2024-07-13,300,Delayed
DEL-02657,PO-02657,SUP05,2024-07-04,2024-07-16,2024-07-16,50,On-Time
DEL-02658,PO-02658,SUP06,2024-07-04,2024-07-29,2024-07-29,10,On-Time
DEL-02659,PO-02659,SUP15,2024-07-04,2024-07-19,2024-07-19,50,On-Time
DEL-02660,PO-02660,SUP15,2024-07-04,2024-07-12,2024-07-18,250,Delayed
DEL-02661,PO-02661,SUP01,2024-07-04,2024-07-18,2024-07-18,10,On-Time
DEL-02662,PO-02662,SUP08,2024-07-04,2024-07-19,2024-07-19,100,On-Time
DEL-02663,PO-02663,SUP15,2024-07-04,2024-07-10,2024-07-10,150,On-Time
DEL-02664,PO-02664,SUP01,2024-07-04,2024-07-20,2024-07-19,120,On-Time
DEL-02665,PO-02665,SUP05,2024-07-04,2024-07-13,2024-07-13,100,On-Time
DEL-02666,PO-02666,SUP15,2024-07-04,2024-07-10,2024-07-09,100,On-Time
DEL-02667,PO-02667,SUP01,2024-07-04,2024-07-14,2024-07-14,100,On-Time
DEL-02668,PO-02668,SUP11,2024-07-05,2024-07-17,2024-07-17,400,On-Time
DEL-02669,PO-02669,SUP15,2024-07-05,2024-07-10,2024-07-10,250,On-Time
DEL-02670,PO-02670,SUP08,2024-07-05,2024-07-20,2024-07-20,50,On-Time
DEL-02671,PO-02671,SUP14,2024-07-05,2024-07-12,2024-07-13,400,Delayed
DEL-02672,PO-02672,SUP09,2024-07-05,2024-07-11,2024-07-12,400,Delayed
DEL-02673,PO-02673,SUP15,2024-07-05,2024-07-13,2024-07-13,400,On-Time
DEL-02674,PO-02674,SUP14,2024-07-05,2024-07-12,2024-07-12,150,On-Time
DEL-02675,PO-02675,SUP03,2024-07-05,2024-07-17,2024-07-17,60,On-Time
DEL-02676,PO-02676,SUP10,2024-07-05,2024-07-14,2024-07-14,100,On-Time
DEL-02677,PO-02677,SUP14,2024-07-05,2024-07-13,2024-07-13,120,On-Time
DEL-02678,PO-02678,SUP14,2024-07-05,2024-07-12,2024-07-11,500,On-Time
DEL-02679,PO-02679,SUP15,2024-07-05,2024-07-26,2024-07-26,120,On-Time
DEL-02680,PO-02680,SUP15,2024-07-05,2024-07-11,2024-07-11,400,On-Time
DEL-02681,PO-02681,SUP08,2024-07-05,2024-07-15,2024-07-14,300,On-Time
DEL-02682,PO-02682,SUP15,2024-07-05,2024-07-12,2024-07-12,250,On-Time
DEL-02683,PO-02683,SUP03,2024-07-05,2024-07-17,2024-07-17,40,On-Time
DEL-02684,PO-02684,SUP02,2024-07-05,2024-07-15,2024-07-15,300,On-Time
DEL-02685,PO-02685,SUP11,2024-07-05,2024-07-25,2024-07-25,100,On-Time
DEL-02686,PO-02686,SUP01,2024-07-06,2024-07-20,2024-07-29,300,Delayed
DEL-02687,PO-02687,SUP15,2024-07-06,2024-07-13,2024-07-13,500,On-Time
DEL-02688,PO-02688,SUP15,2024-07-06,2024-07-18,2024-07-18,100,On-Time
DEL-02689,PO-02689,SUP01,2024-07-06,2024-07-13,2024-07-11,250,On-Time
DEL-02690,PO-02690,SUP04,2024-07-06,2024-07-18,2024-07-18,200,On-Time
DEL-02691,PO-02691,SUP14,2024-07-06,2024-07-18,2024-07-18,100,On-Time
DEL-02692,PO-02692,SUP01,2024-07-06,2024-07-13,2024-07-13,250,On-Time
DEL-02693,PO-02693,SUP01,2024-07-06,2024-07-22,2024-07-22,40,On-Time
DEL-02694,PO-02694,SUP01,2024-07-06,2024-07-30,2024-07-30,10,On-Time
DEL-02695,PO-02695,SUP06,2024-07-06,2024-08-03,2024-08-03,15,On-Time
DEL-02696,PO-02696,SUP07,2024-07-06,2024-07-14,2024-07-12,120,On-Time
DEL-02697,PO-02697,SUP05,2024-07-06,2024-07-11,2024-07-11,400,On-Time
DEL-02698,PO-02698,SUP15,2024-07-06,2024-07-20,2024-07-22,300,Delayed
DEL-02699,PO-02699,SUP15,2024-07-06,2024-07-20,2024-07-26,150,Delayed
DEL-02700,PO-02700,SUP04,2024-07-06,2024-07-20,2024-07-20,400,On-Time
DEL-02701,PO-02701,SUP14,2024-07-06,2024-07-11,2024-07-10,250,On-Time
DEL-02702,PO-02702,SUP07,2024-07-06,2024-07-20,2024-07-20,150,On-Time
DEL-02703,PO-02703,SUP10,2024-07-06,2024-07-16,2024-07-16,250,On-Time
DEL-02704,PO-02704,SUP09,2024-07-06,2024-07-11,2024-07-11,250,On-Time
DEL-02705,PO-02705,SUP14,2024-07-06,2024-07-18,2024-07-18,60,On-Time
DEL-02706,PO-02706,SUP07,2024-07-06,2024-07-26,2024-07-26,30,On-Time
DEL-02707,PO-02707,SUP15,2024-07-07,2024-07-12,2024-07-12,150,On-Time
DEL-02708,PO-02708,SUP14,2024-07-07,2024-08-04,2024-08-03,10,On-Time
DEL-02709,PO-02709,SUP02,2024-07-07,2024-07-19,2024-07-19,500,On-Time
DEL-02710,PO-02710,SUP14,2024-07-07,2024-07-12,2024-07-12,250,On-Time
DEL-02711,PO-02711,SUP09,2024-07-07,2024-07-13,2024-07-13,300,On-Time
DEL-02712,PO-02712,SUP08,2024-07-07,2024-07-23,2024-07-23,120,On-Time
DEL-02713,PO-02713,SUP01,2024-07-07,2024-07-23,2024-07-23,120,On-Time
DEL-02714,PO-02714,SUP15,2024-07-07,2024-07-14,2024-07-13,200,On-Time
DEL-02715,PO-02715,SUP02,2024-07-07,2024-08-01,2024-08-01,40,On-Time
DEL-02716,PO-02716,SUP05,2024-07-07,2024-07-14,2024-07-14,250,On-Time
DEL-02717,PO-02717,SUP11,2024-07-07,2024-07-28,2024-07-29,40,Delayed
DEL-02718,PO-02718,SUP14,2024-07-07,2024-07-17,2024-07-17,60,On-Time
DEL-02719,PO-02719,SUP14,2024-07-07,2024-07-12,2024-07-10,200,On-Time
DEL-02720,PO-02720,SUP01,2024-07-07,2024-07-19,2024-07-18,250,On-Time
DEL-02721,PO-02721,SUP01,2024-07-08,2024-07-24,2024-07-23,40,On-Time
DEL-02722,PO-02722,SUP07,2024-07-08,2024-07-23,2024-07-23,60,On-Time
DEL-02723,PO-02723,SUP01,2024-07-08,2024-07-17,2024-07-17,100,On-Time
DEL-02724,PO-02724,SUP01,2024-07-08,2024-07-20,2024-07-20,200,On-Time
DEL-02725,PO-02725,SUP15,2024-07-08,2024-07-22,2024-07-22,300,On-Time
DEL-02726,PO-02726,SUP03,2024-07-08,2024-07-24,2024-07-24,50,On-Time
DEL-02727,PO-02727,SUP14,2024-07-08,2024-07-20,2024-07-19,60,On-Time
DEL-02728,PO-02728,SUP10,2024-07-08,2024-07-17,2024-07-17,200,On-Time
DEL-02729,PO-02729,SUP03,2024-07-08,2024-07-17,2024-07-17,250,On-Time
DEL-02730,PO-02730,SUP02,2024-07-08,2024-07-29,2024-07-29,120,On-Time
DEL-02731,PO-02731,SUP01,2024-07-08,2024-07-22,2024-07-22,10,On-Time
DEL-02732,PO-02732,SUP02,2024-07-08,2024-07-15,2024-07-15,150,On-Time
DEL-02733,PO-02733,SUP14,2024-07-08,2024-07-14,2024-07-13,400,On-Time
DEL-02734,PO-02734,SUP05,2024-07-08,2024-07-16,2024-08-03,200,Delayed
DEL-02735,PO-02735,SUP09,2024-07-08,2024-07-13,2024-07-11,400,On-Time
DEL-02736,PO-02736,SUP11,2024-07-09,2024-08-03,2024-08-02,10,On-Time
DEL-02737,PO-02737,SUP04,2024-07-09,2024-07-20,2024-07-20,200,On-Time
DEL-02738,PO-02738,SUP06,2024-07-09,2024-07-18,2024-07-18,400,On-Time
DEL-02739,PO-02739,SUP13,2024-07-09,2024-07-21,2024-07-21,400,On-Time
DEL-02740,PO-02740,SUP05,2024-07-09,2024-07-14,2024-07-12,200,On-Time
DEL-02741,PO-02741,SUP14,2024-07-09,2024-07-21,2024-07-21,200,On-Time
DEL-02742,PO-02742,SUP05,2024-07-09,2024-07-14,2024-07-14,150,On-Time
DEL-02743,PO-02743,SUP04,2024-07-09,2024-07-27,2024-07-27,10,On-Time
DEL-02744,PO-02744,SUP01,2024-07-09,2024-07-19,2024-07-17,200,On-Time
DEL-02745,PO-02745,SUP02,2024-07-09,2024-07-21,2024-07-19,300,On-Time
DEL-02746,PO-02746,SUP15,2024-07-09,2024-07-25,2024-07-25,10,On-Time
DEL-02747,PO-02747,SUP08,2024-07-09,2024-07-17,2024-07-17,300,On-Time
DEL-02748,PO-02748,SUP02,2024-07-09,2024-07-16,2024-07-16,100,On-Time
DEL-02749,PO-02749,SUP13,2024-07-09,2024-07-21,2024-07-21,500,On-Time
DEL-02750,PO-02750,SUP01,2024-07-09,2024-07-19,2024-07-19,100,On-Time
DEL-02751,PO-02751,SUP08,2024-07-09,2024-07-19,2024-07-19,300,On-Time
DEL-02752,PO-02752,SUP14,2024-07-10,2024-07-15,2024-07-15,400,On-Time
DEL-02753,PO-02753,SUP12,2024-07-10,2024-07-18,2024-07-18,50,On-Time
DEL-02754,PO-02754,SUP08,2024-07-10,2024-07-25,2024-07-25,40,On-Time
DEL-02755,PO-02755,SUP11,2024-07-10,2024-07-20,2024-07-20,100,On-Time
DEL-02756,PO-02756,SUP15,2024-07-10,2024-07-17,2024-07-16,500,On-Time
DEL-02757,PO-02757,SUP08,2024-07-10,2024-07-24,2024-07-24,50,On-Time
DEL-02758,PO-02758,SUP08,2024-07-10,2024-07-28,2024-07-28,120,On-Time
DEL-02759,PO-02759,SUP01,2024-07-10,2024-07-31,2024-07-31,120,On-Time
DEL-02760,PO-02760,SUP15,2024-07-10,2024-07-17,2024-07-17,250,On-Time
DEL-02761,PO-02761,SUP08,2024-07-10,2024-07-20,2024-07-20,40,On-Time
DEL-02762,PO-02762,SUP15,2024-07-10,2024-07-17,2024-07-17,400,On-Time
DEL-02763,PO-02763,SUP04,2024-07-10,2024-07-24,2024-07-24,250,On-Time
DEL-02764,PO-02764,SUP03,2024-07-10,2024-07-24,2024-07-24,120,On-Time
DEL-02765,PO-02765,SUP06,2024-07-10,2024-07-25,2024-07-25,50,On-Time
DEL-02766,PO-02766,SUP15,2024-07-10,2024-07-22,2024-07-22,100,On-Time
DEL-02767,PO-02767,SUP14,2024-07-10,2024-07-17,2024-07-17,100,On-Time
DEL-02768,PO-02768,SUP05,2024-07-10,2024-07-16,2024-07-16,500,On-Time
DEL-02769,PO-02769,SUP08,2024-07-10,2024-07-24,2024-07-24,100,On-Time
DEL-02770,PO-02770,SUP04,2024-07-10,2024-07-21,2024-07-21,250,On-Time
DEL-02771,PO-02771,SUP03,2024-07-10,2024-07-26,2024-07-26,100,On-Time
DEL-02772,PO-02772,SUP14,2024-07-10,2024-07-16,2024-07-16,100,On-Time
DEL-02773,PO-02773,SUP15,2024-07-11,2024-07-23,2024-07-22,500,On-Time
DEL-02774,PO-02774,SUP04,2024-07-11,2024-07-23,2024-07-25,100,Delayed
DEL-02775,PO-02775,SUP15,2024-07-11,2024-07-22,2024-07-22,150,On-Time
DEL-02776,PO-02776,SUP06,2024-07-11,2024-08-01,2024-08-01,50,On-Time
DEL-02777,PO-02777,SUP01,2024-07-11,2024-07-23,2024-07-23,40,On-Time
DEL-02778,PO-02778,SUP02,2024-07-11,2024-07-19,2024-07-19,50,On-Time
DEL-02779,PO-02779,SUP15,2024-07-11,2024-07-27,2024-07-27,30,On-Time
DEL-02780,PO-02780,SUP04,2024-07-11,2024-07-23,2024-07-23,100,On-Time
DEL-02781,PO-02781,SUP15,2024-07-11,2024-07-18,2024-07-18,100,On-Time
DEL-02782,PO-02782,SUP05,2024-07-11,2024-07-17,2024-07-17,400,On-Time
DEL-02783,PO-02783,SUP13,2024-07-11,2024-07-27,2024-07-26,40,On-Time
DEL-02784,PO-02784,SUP14,2024-07-11,2024-07-29,2024-07-29,10,On-Time
DEL-02785,PO-02785,SUP01,2024-07-11,2024-07-21,2024-07-21,120,On-Time
DEL-02786,PO-02786,SUP05,2024-07-12,2024-07-18,2024-07-18,100,On-Time
DEL-02787,PO-02787,SUP15,2024-07-12,2024-07-20,2024-07-22,300,Delayed
DEL-02788,PO-02788,SUP15,2024-07-12,2024-07-22,2024-07-23,500,Delayed
DEL-02789,PO-02789,SUP04,2024-07-12,2024-07-22,2024-07-22,40,On-Time
DEL-02790,PO-02790,SUP15,2024-07-12,2024-07-20,2024-07-19,100,On-Time
DEL-02791,PO-02791,SUP01,2024-07-12,2024-07-22,2024-07-27,40,Delayed
DEL-02792,PO-02792,SUP04,2024-07-12,2024-07-23,2024-07-22,200,On-Time
DEL-02793,PO-02793,SUP14,2024-07-12,2024-07-26,2024-07-28,150,Delayed
DEL-02794,PO-02794,SUP06,2024-07-12,2024-07-26,2024-07-26,400,On-Time
DEL-02795,PO-02795,SUP06,2024-07-12,2024-07-30,2024-08-01,50,Delayed
DEL-02796,PO-02796,SUP08,2024-07-12,2024-07-21,2024-07-21,250,On-Time
DEL-02797,PO-02797,SUP04,2024-07-12,2024-07-23,2024-07-23,500,On-Time
DEL-02798,PO-02798,SUP13,2024-07-12,2024-08-01,2024-08-01,30,On-Time
DEL-02799,PO-02799,SUP01,2024-07-12,2024-07-27,2024-07-27,80,On-Time
DEL-02800,PO-02800,SUP06,2024-07-12,2024-07-22,2024-07-22,250,On-Time
DEL-02801,PO-02801,SUP10,2024-07-13,2024-07-22,2024-07-22,300,On-Time
DEL-02802,PO-02802,SUP14,2024-07-13,2024-07-24,2024-07-24,100,On-Time
DEL-02803,PO-02803,SUP05,2024-07-13,2024-07-18,2024-07-18,400,On-Time
DEL-02804,PO-02804,SUP06,2024-07-13,2024-07-25,2024-07-25,150,On-Time
DEL-02805,PO-02805,SUP08,2024-07-13,2024-07-28,2024-07-28,40,On-Time
DEL-02806,PO-02806,SUP07,2024-07-13,2024-07-27,2024-07-27,100,On-Time
DEL-02807,PO-02807,SUP14,2024-07-13,2024-07-23,2024-07-23,40,On-Time
DEL-02808,PO-02808,SUP14,2024-07-13,2024-07-20,2024-07-20,100,On-Time
DEL-02809,PO-02809,SUP15,2024-07-13,2024-07-23,2024-07-30,50,Delayed
DEL-02810,PO-02810,SUP06,2024-07-13,2024-07-25,2024-07-23,300,On-Time
DEL-02811,PO-02811,SUP06,2024-07-13,2024-07-27,2024-07-27,400,On-Time
DEL-02812,PO-02812,SUP01,2024-07-13,2024-07-28,2024-07-28,60,On-Time
DEL-02813,PO-02813,SUP11,2024-07-13,2024-08-02,2024-08-01,60,On-Time
DEL-02814,PO-02814,SUP06,2024-07-13,2024-07-27,2024-07-27,300,On-Time
DEL-02815,PO-02815,SUP13,2024-07-13,2024-07-23,2024-07-23,100,On-Time
DEL-02816,PO-02816,SUP14,2024-07-13,2024-07-27,2024-07-27,150,On-Time
DEL-02817,PO-02817,SUP14,2024-07-13,2024-07-20,2024-07-20,150,On-Time
DEL-02818,PO-02818,SUP06,2024-07-14,2024-07-30,2024-07-30,100,On-Time
DEL-02819,PO-02819,SUP15,2024-07-14,2024-08-11,2024-08-23,10,Delayed
DEL-02820,PO-02820,SUP09,2024-07-14,2024-07-19,2024-07-19,400,On-Time
DEL-02821,PO-02821,SUP01,2024-07-14,2024-08-01,2024-07-31,40,On-Time
DEL-02822,PO-02822,SUP15,2024-07-14,2024-07-21,2024-07-20,300,On-Time
DEL-02823,PO-02823,SUP01,2024-07-14,2024-07-24,2024-07-24,300,On-Time
DEL-02824,PO-02824,SUP08,2024-07-14,2024-07-24,2024-07-24,150,On-Time
DEL-02825,PO-02825,SUP14,2024-07-14,2024-07-22,2024-07-26,500,Delayed
DEL-02826,PO-02826,SUP14,2024-07-14,2024-07-20,2024-07-21,200,Delayed
DEL-02827,PO-02827,SUP14,2024-07-14,2024-07-21,2024-07-21,200,On-Time
DEL-02828,PO-02828,SUP05,2024-07-14,2024-07-21,2024-07-21,150,On-Time
DEL-02829,PO-02829,SUP06,2024-07-14,2024-07-24,2024-07-24,200,On-Time
DEL-02830,PO-02830,SUP02,2024-07-14,2024-07-22,2024-07-27,60,Delayed
DEL-02831,PO-02831,SUP14,2024-07-14,2024-07-20,2024-07-19,250,On-Time
DEL-02832,PO-02832,SUP14,2024-07-14,2024-07-21,2024-08-05,500,Delayed
DEL-02833,PO-02833,SUP08,2024-07-15,2024-07-31,2024-07-31,30,On-Time
DEL-02834,PO-02834,SUP15,2024-07-15,2024-07-22,2024-07-20,200,On-Time
DEL-02835,PO-02835,SUP09,2024-07-15,2024-07-24,2024-08-01,50,Delayed
DEL-02836,PO-02836,SUP07,2024-07-15,2024-07-27,2024-07-27,200,On-Time
DEL-02837,PO-02837,SUP15,2024-07-15,2024-07-25,2024-07-25,500,On-Time
DEL-02838,PO-02838,SUP01,2024-07-15,2024-07-30,2024-07-30,100,On-Time
DEL-02839,PO-02839,SUP13,2024-07-15,2024-07-26,2024-07-26,150,On-Time
DEL-02840,PO-02840,SUP12,2024-07-15,2024-07-29,2024-07-29,40,On-Time
DEL-02841,PO-02841,SUP09,2024-07-15,2024-07-27,2024-07-27,40,On-Time
DEL-02842,PO-02842,SUP08,2024-07-16,2024-08-01,2024-08-01,80,On-Time
DEL-02843,PO-02843,SUP09,2024-07-16,2024-07-23,2024-07-23,100,On-Time
DEL-02844,PO-02844,SUP15,2024-07-16,2024-07-22,2024-07-26,250,Delayed
DEL-02845,PO-02845,SUP12,2024-07-16,2024-07-23,2024-07-23,100,On-Time
DEL-02846,PO-02846,SUP11,2024-07-16,2024-07-30,2024-07-28,250,On-Time
DEL-02847,PO-02847,SUP15,2024-07-16,2024-07-30,2024-08-11,300,Delayed
DEL-02848,PO-02848,SUP14,2024-07-16,2024-07-22,2024-07-22,500,On-Time
DEL-02849,PO-02849,SUP14,2024-07-16,2024-07-26,2024-07-26,40,On-Time
DEL-02850,PO-02850,SUP10,2024-07-16,2024-07-26,2024-07-26,150,On-Time
DEL-02851,PO-02851,SUP04,2024-07-16,2024-07-30,2024-08-01,50,Delayed
DEL-02852,PO-02852,SUP02,2024-07-16,2024-08-05,2024-08-06,100,Delayed
DEL-02853,PO-02853,SUP10,2024-07-16,2024-07-31,2024-07-31,40,On-Time
DEL-02854,PO-02854,SUP08,2024-07-16,2024-08-07,2024-08-07,20,On-Time
DEL-02855,PO-02855,SUP04,2024-07-16,2024-07-27,2024-07-27,150,On-Time
DEL-02856,PO-02856,SUP15,2024-07-16,2024-07-24,2024-07-24,300,On-Time
DEL-02857,PO-02857,SUP15,2024-07-17,2024-07-29,2024-07-29,300,On-Time
DEL-02858,PO-02858,SUP12,2024-07-17,2024-07-31,2024-07-31,10,On-Time
DEL-02859,PO-02859,SUP12,2024-07-17,2024-07-24,2024-07-24,500,On-Time
DEL-02860,PO-02860,SUP15,2024-07-17,2024-07-31,2024-07-31,300,On-Time
DEL-02861,PO-02861,SUP15,2024-07-17,2024-07-25,2024-08-07,150,Delayed
DEL-02862,PO-02862,SUP14,2024-07-17,2024-07-24,2024-07-25,200,Delayed
DEL-02863,PO-02863,SUP03,2024-07-17,2024-08-14,2024-08-14,40,On-Time
DEL-02864,PO-02864,SUP15,2024-07-17,2024-08-07,2024-08-08,80,Delayed
DEL-02865,PO-02865,SUP15,2024-07-17,2024-08-04,2024-08-04,20,On-Time
DEL-02866,PO-02866,SUP15,2024-07-17,2024-07-25,2024-07-27,120,Delayed
DEL-02867,PO-02867,SUP05,2024-07-17,2024-07-22,2024-07-21,250,On-Time
DEL-02868,PO-02868,SUP14,2024-07-17,2024-07-24,2024-07-24,500,On-Time
DEL-02869,PO-02869,SUP09,2024-07-17,2024-07-25,2024-07-25,300,On-Time
DEL-02870,PO-02870,SUP15,2024-07-18,2024-08-01,2024-08-04,400,Delayed
DEL-02871,PO-02871,SUP01,2024-07-18,2024-07-28,2024-08-03,40,Delayed
DEL-02872,PO-02872,SUP03,2024-07-18,2024-07-30,2024-07-30,80,On-Time
DEL-02873,PO-02873,SUP13,2024-07-18,2024-07-26,2024-07-26,120,On-Time
DEL-02874,PO-02874,SUP02,2024-07-18,2024-07-30,2024-07-30,250,On-Time
DEL-02875,PO-02875,SUP12,2024-07-18,2024-07-25,2024-07-25,250,On-Time
DEL-02876,PO-02876,SUP05,2024-07-18,2024-07-28,2024-07-28,50,On-Time
DEL-02877,PO-02877,SUP13,2024-07-18,2024-07-28,2024-07-28,60,On-Time
DEL-02878,PO-02878,SUP15,2024-07-18,2024-07-23,2024-07-28,500,Delayed
DEL-02879,PO-02879,SUP02,2024-07-18,2024-07-28,2024-07-28,100,On-Time
DEL-02880,PO-02880,SUP01,2024-07-18,2024-07-25,2024-07-25,250,On-Time
DEL-02881,PO-02881,SUP15,2024-07-19,2024-08-06,2024-08-06,30,On-Time
DEL-02882,PO-02882,SUP14,2024-07-19,2024-07-27,2024-07-26,100,On-Time
DEL-02883,PO-02883,SUP01,2024-07-19,2024-07-26,2024-07-26,150,On-Time
DEL-02884,PO-02884,SUP06,2024-07-19,2024-08-02,2024-08-02,100,On-Time
DEL-02885,PO-02885,SUP02,2024-07-19,2024-08-02,2024-08-01,400,On-Time
DEL-02886,PO-02886,SUP04,2024-07-19,2024-07-31,2024-07-31,300,On-Time
DEL-02887,PO-02887,SUP03,2024-07-19,2024-07-28,2024-07-27,250,On-Time
DEL-02888,PO-02888,SUP05,2024-07-19,2024-07-29,2024-07-29,40,On-Time
DEL-02889,PO-02889,SUP01,2024-07-19,2024-07-26,2024-07-26,300,On-Time
DEL-02890,PO-02890,SUP02,2024-07-19,2024-08-02,2024-08-02,100,On-Time
DEL-02891,PO-02891,SUP15,2024-07-19,2024-07-27,2024-07-30,60,Delayed
DEL-02892,PO-02892,SUP06,2024-07-19,2024-07-26,2024-07-26,300,On-Time
DEL-02893,PO-02893,SUP01,2024-07-19,2024-08-06,2024-08-06,60,On-Time
DEL-02894,PO-02894,SUP14,2024-07-19,2024-07-26,2024-07-30,100,Delayed
DEL-02895,PO-02895,SUP09,2024-07-19,2024-07-24,2024-07-24,100,On-Time
DEL-02896,PO-02896,SUP10,2024-07-19,2024-07-31,2024-07-31,120,On-Time
DEL-02897,PO-02897,SUP02,2024-07-19,2024-08-03,2024-08-12,60,Delayed
DEL-02898,PO-02898,SUP05,2024-07-19,2024-07-25,2024-07-25,200,On-Time
DEL-02899,PO-02899,SUP01,2024-07-20,2024-08-04,2024-08-04,120,On-Time
DEL-02900,PO-02900,SUP10,2024-07-20,2024-07-29,2024-07-29,100,On-Time
DEL-02901,PO-02901,SUP06,2024-07-20,2024-08-07,2024-08-07,50,On-Time
DEL-02902,PO-02902,SUP11,2024-07-20,2024-07-30,2024-07-30,250,On-Time
DEL-02903,PO-02903,SUP01,2024-07-20,2024-07-28,2024-07-28,120,On-Time
DEL-02904,PO-02904,SUP05,2024-07-20,2024-07-29,2024-07-29,50,On-Time
DEL-02905,PO-02905,SUP01,2024-07-20,2024-08-17,2024-08-16,15,On-Time
DEL-02906,PO-02906,SUP12,2024-07-20,2024-08-03,2024-08-02,20,On-Time
DEL-02907,PO-02907,SUP05,2024-07-20,2024-08-01,2024-07-30,50,On-Time
DEL-02908,PO-02908,SUP12,2024-07-20,2024-07-28,2024-07-28,500,On-Time
DEL-02909,PO-02909,SUP05,2024-07-20,2024-07-25,2024-07-25,100,On-Time
DEL-02910,PO-02910,SUP08,2024-07-20,2024-07-29,2024-07-29,500,On-Time
DEL-02911,PO-02911,SUP08,2024-07-20,2024-07-29,2024-07-29,150,On-Time
DEL-02912,PO-02912,SUP15,2024-07-21,2024-07-29,2024-07-29,400,On-Time
DEL-02913,PO-02913,SUP09,2024-07-21,2024-07-27,2024-07-27,250,On-Time
DEL-02914,PO-02914,SUP01,2024-07-21,2024-08-04,2024-08-04,50,On-Time
DEL-02915,PO-02915,SUP15,2024-07-21,2024-08-05,2024-08-05,60,On-Time
DEL-02916,PO-02916,SUP14,2024-07-21,2024-08-02,2024-07-31,100,On-Time
DEL-02917,PO-02917,SUP08,2024-07-21,2024-08-08,2024-08-08,40,On-Time
DEL-02918,PO-02918,SUP15,2024-07-21,2024-08-10,2024-08-10,60,On-Time
DEL-02919,PO-02919,SUP05,2024-07-21,2024-07-26,2024-07-26,500,On-Time
DEL-02920,PO-02920,SUP06,2024-07-21,2024-08-06,2024-08-06,60,On-Time
DEL-02921,PO-02921,SUP02,2024-07-21,2024-07-31,2024-07-31,400,On-Time
DEL-02922,PO-02922,SUP05,2024-07-21,2024-07-29,2024-07-28,250,On-Time
DEL-02923,PO-02923,SUP08,2024-07-21,2024-08-06,2024-08-06,100,On-Time
DEL-02924,PO-02924,SUP07,2024-07-21,2024-08-04,2024-08-04,300,On-Time
DEL-02925,PO-02925,SUP12,2024-07-22,2024-08-07,2024-08-07,20,On-Time
DEL-02926,PO-02926,SUP12,2024-07-22,2024-07-30,2024-07-30,100,On-Time
DEL-02927,PO-02927,SUP15,2024-07-22,2024-08-11,2024-08-11,50,On-Time
DEL-02928,PO-02928,SUP11,2024-07-22,2024-07-29,2024-07-28,400,On-Time
DEL-02929,PO-02929,SUP15,2024-07-22,2024-07-27,2024-07-27,150,On-Time
DEL-02930,PO-02930,SUP08,2024-07-22,2024-08-07,2024-08-07,40,On-Time
DEL-02931,PO-02931,SUP13,2024-07-22,2024-08-05,2024-08-05,120,On-Time
DEL-02932,PO-02932,SUP02,2024-07-22,2024-08-11,2024-08-11,50,On-Time
DEL-02933,PO-02933,SUP11,2024-07-22,2024-08-05,2024-08-05,150,On-Time
DEL-02934,PO-02934,SUP04,2024-07-22,2024-08-02,2024-08-02,250,On-Time
DEL-02935,PO-02935,SUP06,2024-07-22,2024-08-01,2024-08-01,300,On-Time
DEL-02936,PO-02936,SUP15,2024-07-22,2024-08-05,2024-08-12,300,Delayed
DEL-02937,PO-02937,SUP08,2024-07-22,2024-07-29,2024-07-29,150,On-Time
DEL-02938,PO-02938,SUP14,2024-07-22,2024-07-29,2024-07-29,250,On-Time
DEL-02939,PO-02939,SUP15,2024-07-22,2024-08-06,2024-08-07,50,Delayed
DEL-02940,PO-02940,SUP12,2024-07-22,2024-07-30,2024-07-30,200,On-Time
DEL-02941,PO-02941,SUP06,2024-07-23,2024-07-30,2024-07-29,500,On-Time
DEL-02942,PO-02942,SUP05,2024-07-23,2024-07-28,2024-07-28,500,On-Time
DEL-02943,PO-02943,SUP06,2024-07-23,2024-08-02,2024-08-02,500,On-Time
DEL-02944,PO-02944,SUP15,2024-07-23,2024-07-28,2024-07-28,150,On-Time
DEL-02945,PO-02945,SUP14,2024-07-23,2024-07-30,2024-07-30,250,On-Time
DEL-02946,PO-02946,SUP07,2024-07-23,2024-08-07,2024-08-11,60,Delayed
DEL-02947,PO-02947,SUP06,2024-07-23,2024-08-02,2024-08-02,250,On-Time
DEL-02948,PO-02948,SUP15,2024-07-23,2024-07-31,2024-08-13,120,Delayed
DEL-02949,PO-02949,SUP11,2024-07-23,2024-08-13,2024-08-13,40,On-Time
DEL-02950,PO-02950,SUP09,2024-07-23,2024-07-30,2024-07-30,150,On-Time
DEL-02951,PO-02951,SUP08,2024-07-23,2024-08-01,2024-08-01,250,On-Time
DEL-02952,PO-02952,SUP01,2024-07-23,2024-08-04,2024-08-04,400,On-Time
DEL-02953,PO-02953,SUP08,2024-07-23,2024-08-14,2024-08-15,40,Delayed
DEL-02954,PO-02954,SUP14,2024-07-24,2024-08-01,2024-08-01,250,On-Time
DEL-02955,PO-02955,SUP05,2024-07-24,2024-07-31,2024-07-31,500,On-Time
DEL-02956,PO-02956,SUP15,2024-07-24,2024-08-05,2024-08-08,100,Delayed
DEL-02957,PO-02957,SUP15,2024-07-24,2024-08-05,2024-08-07,250,Delayed
DEL-02958,PO-02958,SUP14,2024-07-24,2024-07-30,2024-08-03,150,Delayed
DEL-02959,PO-02959,SUP14,2024-07-24,2024-07-31,2024-07-31,100,On-Time
DEL-02960,PO-02960,SUP05,2024-07-24,2024-08-03,2024-08-03,60,On-Time
DEL-02961,PO-02961,SUP14,2024-07-24,2024-08-05,2024-08-03,250,On-Time
DEL-02962,PO-02962,SUP04,2024-07-24,2024-08-01,2024-08-01,40,On-Time
DEL-02963,PO-02963,SUP14,2024-07-24,2024-08-02,2024-08-02,60,On-Time
DEL-02964,PO-02964,SUP03,2024-07-24,2024-08-03,2024-08-03,100,On-Time
DEL-02965,PO-02965,SUP10,2024-07-24,2024-08-21,2024-08-21,20,On-Time
DEL-02966,PO-02966,SUP01,2024-07-24,2024-08-11,2024-08-11,50,On-Time
DEL-02967,PO-02967,SUP15,2024-07-24,2024-08-02,2024-08-02,40,On-Time
DEL-02968,PO-02968,SUP08,2024-07-24,2024-08-03,2024-08-03,100,On-Time
DEL-02969,PO-02969,SUP06,2024-07-25,2024-08-04,2024-08-04,200,On-Time
DEL-02970,PO-02970,SUP11,2024-07-25,2024-08-06,2024-08-06,100,On-Time
DEL-02971,PO-02971,SUP04,2024-07-25,2024-08-02,2024-08-02,50,On-Time
DEL-02972,PO-02972,SUP14,2024-07-25,2024-08-06,2024-08-06,40,On-Time
DEL-02973,PO-02973,SUP14,2024-07-25,2024-08-02,2024-08-03,80,Delayed
DEL-02974,PO-02974,SUP07,2024-07-25,2024-08-06,2024-08-07,500,Delayed
DEL-02975,PO-02975,SUP15,2024-07-25,2024-08-01,2024-08-01,150,On-Time
DEL-02976,PO-02976,SUP11,2024-07-25,2024-08-19,2024-08-19,15,On-Time
DEL-02977,PO-02977,SUP06,2024-07-25,2024-08-01,2024-08-01,200,On-Time
DEL-02978,PO-02978,SUP13,2024-07-25,2024-08-08,2024-08-10,250,Delayed
DEL-02979,PO-02979,SUP04,2024-07-25,2024-08-08,2024-08-08,250,On-Time
DEL-02980,PO-02980,SUP04,2024-07-25,2024-08-08,2024-08-10,250,Delayed
DEL-02981,PO-02981,SUP14,2024-07-25,2024-08-01,2024-07-31,200,On-Time
DEL-02982,PO-02982,SUP14,2024-07-25,2024-08-05,2024-08-05,500,On-Time
DEL-02983,PO-02983,SUP14,2024-07-25,2024-08-01,2024-08-01,500,On-Time
DEL-02984,PO-02984,SUP08,2024-07-25,2024-08-03,2024-08-03,200,On-Time
DEL-02985,PO-02985,SUP07,2024-07-25,2024-08-09,2024-08-14,60,Delayed
DEL-02986,PO-02986,SUP06,2024-07-25,2024-08-09,2024-08-09,80,On-Time
DEL-02987,PO-02987,SUP13,2024-07-26,2024-08-09,2024-08-09,100,On-Time
DEL-02988,PO-02988,SUP14,2024-07-26,2024-08-01,2024-08-01,150,On-Time
DEL-02989,PO-02989,SUP06,2024-07-26,2024-08-10,2024-08-10,60,On-Time
DEL-02990,PO-02990,SUP07,2024-07-26,2024-08-06,2024-08-04,150,On-Time
DEL-02991,PO-02991,SUP08,2024-07-26,2024-08-03,2024-08-03,300,On-Time
DEL-02992,PO-02992,SUP14,2024-07-26,2024-08-02,2024-08-02,250,On-Time
DEL-02993,PO-02993,SUP08,2024-07-26,2024-08-04,2024-08-04,300,On-Time
DEL-02994,PO-02994,SUP07,2024-07-26,2024-08-09,2024-08-08,300,On-Time
DEL-02995,PO-02995,SUP11,2024-07-26,2024-08-09,2024-08-15,500,Delayed
DEL-02996,PO-02996,SUP01,2024-07-26,2024-08-09,2024-08-09,200,On-Time
DEL-02997,PO-02997,SUP06,2024-07-26,2024-08-05,2024-08-05,200,On-Time
DEL-02998,PO-02998,SUP08,2024-07-26,2024-08-23,2024-08-23,20,On-Time
DEL-02999,PO-02999,SUP09,2024-07-26,2024-08-02,2024-08-02,200,On-Time
DEL-03000,PO-03000,SUP08,2024-07-26,2024-08-05,2024-08-05,80,On-Time
DEL-03001,PO-03001,SUP01,2024-07-27,2024-08-04,2024-08-15,150,Delayed
DEL-03002,PO-03002,SUP07,2024-07-27,2024-08-07,2024-08-07,150,On-Time
DEL-03003,PO-03003,SUP09,2024-07-27,2024-08-03,2024-08-03,150,On-Time
DEL-03004,PO-03004,SUP09,2024-07-27,2024-08-02,2024-08-02,150,On-Time
DEL-03005,PO-03005,SUP06,2024-07-27,2024-08-14,2024-08-13,50,On-Time
DEL-03006,PO-03006,SUP08,2024-07-27,2024-08-14,2024-08-12,20,On-Time
DEL-03007,PO-03007,SUP13,2024-07-27,2024-08-04,2024-08-04,50,On-Time
DEL-03008,PO-03008,SUP06,2024-07-27,2024-08-03,2024-08-03,500,On-Time
DEL-03009,PO-03009,SUP02,2024-07-27,2024-08-11,2024-08-11,120,On-Time
DEL-03010,PO-03010,SUP10,2024-07-27,2024-08-14,2024-08-14,40,On-Time
DEL-03011,PO-03011,SUP15,2024-07-27,2024-08-06,2024-08-06,40,On-Time
DEL-03012,PO-03012,SUP14,2024-07-27,2024-08-02,2024-08-02,100,On-Time
DEL-03013,PO-03013,SUP13,2024-07-27,2024-08-08,2024-08-08,200,On-Time
DEL-03014,PO-03014,SUP09,2024-07-27,2024-08-01,2024-08-01,150,On-Time
DEL-03015,PO-03015,SUP06,2024-07-27,2024-08-06,2024-08-06,100,On-Time
DEL-03016,PO-03016,SUP05,2024-07-28,2024-08-05,2024-08-05,250,On-Time
DEL-03017,PO-03017,SUP14,2024-07-28,2024-08-09,2024-08-24,500,Delayed
DEL-03018,PO-03018,SUP01,2024-07-28,2024-08-07,2024-08-07,250,On-Time
DEL-03019,PO-03019,SUP14,2024-07-28,2024-08-03,2024-08-03,100,On-Time
DEL-03020,PO-03020,SUP01,2024-07-28,2024-08-06,2024-08-06,250,On-Time
DEL-03021,PO-03021,SUP09,2024-07-28,2024-08-03,2024-08-01,250,On-Time
DEL-03022,PO-03022,SUP10,2024-07-28,2024-08-12,2024-08-12,80,On-Time
DEL-03023,PO-03023,SUP09,2024-07-28,2024-08-03,2024-08-03,250,On-Time
DEL-03024,PO-03024,SUP05,2024-07-28,2024-08-06,2024-08-05,100,On-Time
DEL-03025,PO-03025,SUP08,2024-07-28,2024-08-15,2024-08-15,60,On-Time
DEL-03026,PO-03026,SUP05,2024-07-28,2024-08-04,2024-08-03,300,On-Time
DEL-03027,PO-03027,SUP15,2024-07-28,2024-08-07,2024-08-07,250,On-Time
DEL-03028,PO-03028,SUP01,2024-07-28,2024-08-15,2024-08-14,100,On-Time
DEL-03029,PO-03029,SUP11,2024-07-28,2024-08-18,2024-08-18,80,On-Time
DEL-03030,PO-03030,SUP09,2024-07-28,2024-08-03,2024-08-02,400,On-Time
DEL-03031,PO-03031,SUP06,2024-07-28,2024-08-09,2024-08-09,100,On-Time
DEL-03032,PO-03032,SUP07,2024-07-28,2024-08-08,2024-08-08,250,On-Time
DEL-03033,PO-03033,SUP04,2024-07-28,2024-08-13,2024-08-11,15,On-Time
DEL-03034,PO-03034,SUP14,2024-07-28,2024-08-02,2024-08-02,250,On-Time
DEL-03035,PO-03035,SUP12,2024-07-29,2024-08-06,2024-08-06,200,On-Time
DEL-03036,PO-03036,SUP08,2024-07-29,2024-08-06,2024-08-08,200,Delayed
DEL-03037,PO-03037,SUP04,2024-07-29,2024-08-09,2024-08-20,100,Delayed
DEL-03038,PO-03038,SUP11,2024-07-29,2024-08-12,2024-08-11,150,On-Time
DEL-03039,PO-03039,SUP15,2024-07-29,2024-08-05,2024-08-05,400,On-Time
DEL-03040,PO-03040,SUP11,2024-07-29,2024-08-10,2024-08-10,400,On-Time
DEL-03041,PO-03041,SUP11,2024-07-29,2024-08-18,2024-08-18,50,On-Time
DEL-03042,PO-03042,SUP05,2024-07-29,2024-08-05,2024-08-05,250,On-Time
DEL-03043,PO-03043,SUP06,2024-07-29,2024-08-12,2024-08-12,500,On-Time
DEL-03044,PO-03044,SUP01,2024-07-29,2024-08-16,2024-08-16,20,On-Time
DEL-03045,PO-03045,SUP05,2024-07-29,2024-08-03,2024-08-03,400,On-Time
DEL-03046,PO-03046,SUP15,2024-07-29,2024-08-06,2024-08-06,100,On-Time
DEL-03047,PO-03047,SUP04,2024-07-29,2024-08-12,2024-08-14,200,Delayed
DEL-03048,PO-03048,SUP15,2024-07-29,2024-08-06,2024-08-05,200,On-Time
DEL-03049,PO-03049,SUP05,2024-07-29,2024-08-03,2024-08-03,500,On-Time
DEL-03050,PO-03050,SUP02,2024-07-29,2024-08-06,2024-08-06,100,On-Time
DEL-03051,PO-03051,SUP12,2024-07-29,2024-08-08,2024-08-08,60,On-Time
DEL-03052,PO-03052,SUP04,2024-07-29,2024-08-09,2024-08-12,100,Delayed
DEL-03053,PO-03053,SUP14,2024-07-29,2024-08-08,2024-08-08,120,On-Time
DEL-03054,PO-03054,SUP06,2024-07-30,2024-08-13,2024-08-13,500,On-Time
DEL-03055,PO-03055,SUP15,2024-07-30,2024-08-07,2024-08-07,250,On-Time
DEL-03056,PO-03056,SUP14,2024-07-30,2024-08-14,2024-08-14,50,On-Time
DEL-03057,PO-03057,SUP10,2024-07-30,2024-08-09,2024-08-09,100,On-Time
DEL-03058,PO-03058,SUP14,2024-07-30,2024-08-11,2024-08-09,80,On-Time
DEL-03059,PO-03059,SUP14,2024-07-30,2024-08-07,2024-08-06,200,On-Time
DEL-03060,PO-03060,SUP11,2024-07-30,2024-08-14,2024-08-14,50,On-Time
DEL-03061,PO-03061,SUP01,2024-07-30,2024-08-09,2024-08-10,100,Delayed
DEL-03062,PO-03062,SUP01,2024-07-30,2024-08-19,2024-08-19,100,On-Time
DEL-03063,PO-03063,SUP14,2024-07-30,2024-08-07,2024-08-07,150,On-Time
DEL-03064,PO-03064,SUP06,2024-07-30,2024-08-07,2024-08-07,60,On-Time
DEL-03065,PO-03065,SUP01,2024-07-31,2024-08-10,2024-08-09,250,On-Time
DEL-03066,PO-03066,SUP08,2024-07-31,2024-08-18,2024-08-18,120,On-Time
DEL-03067,PO-03067,SUP15,2024-07-31,2024-08-16,2024-08-19,40,Delayed
DEL-03068,PO-03068,SUP06,2024-07-31,2024-08-14,2024-08-14,120,On-Time
DEL-03069,PO-03069,SUP01,2024-07-31,2024-08-07,2024-08-07,150,On-Time
DEL-03070,PO-03070,SUP15,2024-07-31,2024-08-20,2024-08-20,100,On-Time
DEL-03071,PO-03071,SUP14,2024-07-31,2024-08-12,2024-08-14,500,Delayed
DEL-03072,PO-03072,SUP03,2024-07-31,2024-08-10,2024-08-10,150,On-Time
DEL-03073,PO-03073,SUP02,2024-07-31,2024-08-20,2024-08-20,120,On-Time
DEL-03074,PO-03074,SUP13,2024-07-31,2024-08-14,2024-08-14,250,On-Time
DEL-03075,PO-03075,SUP15,2024-07-31,2024-08-08,2024-08-08,100,On-Time
DEL-03076,PO-03076,SUP12,2024-07-31,2024-08-08,2024-08-08,200,On-Time
DEL-03077,PO-03077,SUP06,2024-07-31,2024-08-07,2024-08-07,500,On-Time
DEL-03078,PO-03078,SUP15,2024-08-01,2024-08-07,2024-08-11,300,Delayed
DEL-03079,PO-03079,SUP01,2024-08-01,2024-08-16,2024-08-16,80,On-Time
DEL-03080,PO-03080,SUP05,2024-08-01,2024-08-07,2024-08-07,300,On-Time
DEL-03081,PO-03081,SUP14,2024-08-01,2024-08-08,2024-08-08,150,On-Time
DEL-03082,PO-03082,SUP14,2024-08-01,2024-08-08,2024-08-08,300,On-Time
DEL-03083,PO-03083,SUP10,2024-08-01,2024-08-13,2024-08-19,100,Delayed
DEL-03084,PO-03084,SUP15,2024-08-01,2024-08-06,2024-08-06,200,On-Time
DEL-03085,PO-03085,SUP13,2024-08-01,2024-08-13,2024-08-13,300,On-Time
DEL-03086,PO-03086,SUP14,2024-08-01,2024-08-09,2024-08-07,100,On-Time
DEL-03087,PO-03087,SUP11,2024-08-01,2024-08-08,2024-08-08,500,On-Time
DEL-03088,PO-03088,SUP14,2024-08-01,2024-08-06,2024-08-06,150,On-Time
DEL-03089,PO-03089,SUP08,2024-08-01,2024-08-15,2024-08-13,15,On-Time
DEL-03090,PO-03090,SUP06,2024-08-01,2024-08-08,2024-08-08,500,On-Time
DEL-03091,PO-03091,SUP02,2024-08-01,2024-08-08,2024-08-08,200,On-Time
DEL-03092,PO-03092,SUP06,2024-08-01,2024-08-11,2024-08-11,400,On-Time
DEL-03093,PO-03093,SUP13,2024-08-01,2024-08-16,2024-08-16,80,On-Time
DEL-03094,PO-03094,SUP14,2024-08-01,2024-08-09,2024-08-09,100,On-Time
DEL-03095,PO-03095,SUP14,2024-08-01,2024-08-16,2024-08-16,100,On-Time
DEL-03096,PO-03096,SUP14,2024-08-01,2024-08-08,2024-08-08,150,On-Time
DEL-03097,PO-03097,SUP01,2024-08-02,2024-08-30,2024-08-30,20,On-Time
DEL-03098,PO-03098,SUP15,2024-08-02,2024-08-12,2024-08-12,60,On-Time
DEL-03099,PO-03099,SUP06,2024-08-02,2024-08-27,2024-08-27,20,On-Time
DEL-03100,PO-03100,SUP11,2024-08-02,2024-08-09,2024-08-09,150,On-Time
DEL-03101,PO-03101,SUP01,2024-08-02,2024-08-11,2024-08-11,400,On-Time
DEL-03102,PO-03102,SUP07,2024-08-02,2024-08-13,2024-08-13,150,On-Time
DEL-03103,PO-03103,SUP06,2024-08-02,2024-08-12,2024-08-12,500,On-Time
DEL-03104,PO-03104,SUP14,2024-08-02,2024-08-12,2024-08-12,50,On-Time
DEL-03105,PO-03105,SUP08,2024-08-02,2024-08-18,2024-08-18,40,On-Time
DEL-03106,PO-03106,SUP12,2024-08-02,2024-08-09,2024-08-09,400,On-Time
DEL-03107,PO-03107,SUP01,2024-08-02,2024-08-16,2024-08-16,200,On-Time
DEL-03108,PO-03108,SUP14,2024-08-02,2024-08-18,2024-08-18,40,On-Time
DEL-03109,PO-03109,SUP04,2024-08-02,2024-08-14,2024-08-14,250,On-Time
DEL-03110,PO-03110,SUP15,2024-08-02,2024-08-17,2024-08-17,100,On-Time
DEL-03111,PO-03111,SUP09,2024-08-02,2024-08-07,2024-08-07,150,On-Time
DEL-03112,PO-03112,SUP09,2024-08-02,2024-08-08,2024-08-08,250,On-Time
DEL-03113,PO-03113,SUP06,2024-08-02,2024-08-23,2024-08-23,40,On-Time
DEL-03114,PO-03114,SUP11,2024-08-02,2024-08-14,2024-08-14,100,On-Time
DEL-03115,PO-03115,SUP08,2024-08-03,2024-08-27,2024-08-27,20,On-Time
DEL-03116,PO-03116,SUP15,2024-08-03,2024-08-18,2024-08-18,50,On-Time
DEL-03117,PO-03117,SUP15,2024-08-03,2024-08-11,2024-08-11,150,On-Time
DEL-03118,PO-03118,SUP01,2024-08-03,2024-08-21,2024-08-21,80,On-Time
DEL-03119,PO-03119,SUP05,2024-08-03,2024-08-10,2024-08-10,200,On-Time
DEL-03120,PO-03120,SUP08,2024-08-03,2024-08-13,2024-08-12,400,On-Time
DEL-03121,PO-03121,SUP15,2024-08-03,2024-08-09,2024-08-10,200,Delayed
DEL-03122,PO-03122,SUP01,2024-08-03,2024-08-23,2024-08-23,100,On-Time
DEL-03123,PO-03123,SUP06,2024-08-03,2024-08-17,2024-08-17,250,On-Time
DEL-03124,PO-03124,SUP08,2024-08-03,2024-08-11,2024-08-15,150,Delayed
DEL-03125,PO-03125,SUP01,2024-08-03,2024-08-15,2024-08-15,40,On-Time
DEL-03126,PO-03126,SUP08,2024-08-03,2024-08-17,2024-08-17,120,On-Time
DEL-03127,PO-03127,SUP06,2024-08-03,2024-08-21,2024-08-21,40,On-Time
DEL-03128,PO-03128,SUP01,2024-08-03,2024-08-15,2024-08-15,100,On-Time
DEL-03129,PO-03129,SUP02,2024-08-03,2024-08-13,2024-08-13,150,On-Time
DEL-03130,PO-03130,SUP02,2024-08-03,2024-08-24,2024-08-24,50,On-Time
DEL-03131,PO-03131,SUP02,2024-08-03,2024-08-24,2024-08-24,40,On-Time
DEL-03132,PO-03132,SUP14,2024-08-04,2024-08-09,2024-08-08,250,On-Time
DEL-03133,PO-03133,SUP06,2024-08-04,2024-08-14,2024-08-13,150,On-Time
DEL-03134,PO-03134,SUP14,2024-08-04,2024-08-14,2024-08-13,100,On-Time
DEL-03135,PO-03135,SUP15,2024-08-04,2024-08-10,2024-08-10,200,On-Time
DEL-03136,PO-03136,SUP06,2024-08-04,2024-08-13,2024-08-13,100,On-Time
DEL-03137,PO-03137,SUP06,2024-08-04,2024-08-18,2024-08-16,150,On-Time
DEL-03138,PO-03138,SUP01,2024-08-04,2024-08-19,2024-08-18,60,On-Time
DEL-03139,PO-03139,SUP05,2024-08-04,2024-08-10,2024-08-10,200,On-Time
DEL-03140,PO-03140,SUP06,2024-08-04,2024-08-11,2024-08-11,300,On-Time
DEL-03141,PO-03141,SUP08,2024-08-04,2024-09-01,2024-09-01,20,On-Time
DEL-03142,PO-03142,SUP08,2024-08-04,2024-08-12,2024-08-11,100,On-Time
DEL-03143,PO-03143,SUP07,2024-08-04,2024-08-16,2024-08-14,200,On-Time
DEL-03144,PO-03144,SUP13,2024-08-04,2024-08-18,2024-08-18,50,On-Time
DEL-03145,PO-03145,SUP15,2024-08-04,2024-08-11,2024-08-11,150,On-Time
DEL-03146,PO-03146,SUP11,2024-08-04,2024-08-14,2024-08-30,100,Delayed
DEL-03147,PO-03147,SUP05,2024-08-04,2024-08-14,2024-08-13,100,On-Time
DEL-03148,PO-03148,SUP15,2024-08-05,2024-08-11,2024-08-11,200,On-Time
DEL-03149,PO-03149,SUP03,2024-08-05,2024-08-17,2024-08-21,120,Delayed
DEL-03150,PO-03150,SUP08,2024-08-05,2024-08-19,2024-08-19,20,On-Time
DEL-03151,PO-03151,SUP15,2024-08-05,2024-08-11,2024-08-26,500,Delayed
DEL-03152,PO-03152,SUP15,2024-08-05,2024-08-15,2024-08-15,150,On-Time
DEL-03153,PO-03153,SUP15,2024-08-05,2024-08-15,2024-08-15,150,On-Time
DEL-03154,PO-03154,SUP13,2024-08-05,2024-08-13,2024-08-19,100,Delayed
DEL-03155,PO-03155,SUP07,2024-08-05,2024-08-17,2024-08-17,250,On-Time
DEL-03156,PO-03156,SUP15,2024-08-05,2024-08-13,2024-08-13,100,On-Time
DEL-03157,PO-03157,SUP03,2024-08-05,2024-08-20,2024-08-20,60,On-Time
DEL-03158,PO-03158,SUP06,2024-08-05,2024-08-20,2024-08-20,120,On-Time
DEL-03159,PO-03159,SUP15,2024-08-05,2024-08-10,2024-08-10,400,On-Time
DEL-03160,PO-03160,SUP14,2024-08-05,2024-08-16,2024-08-16,250,On-Time
DEL-03161,PO-03161,SUP06,2024-08-05,2024-08-19,2024-08-19,80,On-Time
DEL-03162,PO-03162,SUP15,2024-08-05,2024-08-14,2024-08-14,60,On-Time
DEL-03163,PO-03163,SUP01,2024-08-05,2024-08-14,2024-08-16,500,Delayed
DEL-03164,PO-03164,SUP14,2024-08-05,2024-08-12,2024-08-11,200,On-Time
DEL-03165,PO-03165,SUP05,2024-08-06,2024-08-11,2024-08-10,150,On-Time
DEL-03166,PO-03166,SUP10,2024-08-06,2024-08-18,2024-08-22,100,Delayed
DEL-03167,PO-03167,SUP13,2024-08-06,2024-08-17,2024-08-17,300,On-Time
DEL-03168,PO-03168,SUP06,2024-08-06,2024-08-13,2024-08-13,200,On-Time
DEL-03169,PO-03169,SUP11,2024-08-06,2024-08-27,2024-08-27,80,On-Time
DEL-03170,PO-03170,SUP01,2024-08-06,2024-08-15,2024-08-15,300,On-Time
DEL-03171,PO-03171,SUP11,2024-08-06,2024-08-13,2024-08-13,400,On-Time
DEL-03172,PO-03172,SUP14,2024-08-06,2024-08-20,2024-08-20,500,On-Time
DEL-03173,PO-03173,SUP15,2024-08-06,2024-08-20,2024-08-20,400,On-Time
DEL-03174,PO-03174,SUP08,2024-08-07,2024-08-21,2024-08-20,80,On-Time
DEL-03175,PO-03175,SUP05,2024-08-07,2024-08-13,2024-08-11,250,On-Time
DEL-03176,PO-03176,SUP15,2024-08-07,2024-08-15,2024-08-15,80,On-Time
DEL-03177,PO-03177,SUP01,2024-08-07,2024-08-17,2024-08-17,500,On-Time
DEL-03178,PO-03178,SUP08,2024-08-07,2024-08-17,2024-08-17,250,On-Time
DEL-03179,PO-03179,SUP15,2024-08-07,2024-08-13,2024-08-13,250,On-Time
DEL-03180,PO-03180,SUP09,2024-08-07,2024-08-13,2024-08-13,300,On-Time
DEL-03181,PO-03181,SUP14,2024-08-07,2024-08-12,2024-08-12,500,On-Time
DEL-03182,PO-03182,SUP09,2024-08-07,2024-08-14,2024-08-14,250,On-Time
DEL-03183,PO-03183,SUP15,2024-08-07,2024-08-27,2024-08-27,40,On-Time
DEL-03184,PO-03184,SUP15,2024-08-07,2024-08-12,2024-08-12,500,On-Time
DEL-03185,PO-03185,SUP15,2024-08-07,2024-08-19,2024-08-19,400,On-Time
DEL-03186,PO-03186,SUP05,2024-08-07,2024-08-12,2024-08-11,100,On-Time
DEL-03187,PO-03187,SUP15,2024-08-07,2024-08-19,2024-08-19,40,On-Time
DEL-03188,PO-03188,SUP01,2024-08-07,2024-08-17,2024-08-17,200,On-Time
DEL-03189,PO-03189,SUP14,2024-08-07,2024-08-17,2024-08-29,80,Delayed
DEL-03190,PO-03190,SUP09,2024-08-07,2024-08-12,2024-08-12,150,On-Time
DEL-03191,PO-03191,SUP01,2024-08-08,2024-08-22,2024-08-21,100,On-Time
DEL-03192,PO-03192,SUP15,2024-08-08,2024-08-14,2024-08-21,500,Delayed
DEL-03193,PO-03193,SUP12,2024-08-08,2024-08-16,2024-08-16,40,On-Time
DEL-03194,PO-03194,SUP06,2024-08-08,2024-08-23,2024-08-22,50,On-Time
DEL-03195,PO-03195,SUP03,2024-08-08,2024-08-22,2024-08-22,40,On-Time
DEL-03196,PO-03196,SUP08,2024-08-08,2024-08-18,2024-08-18,100,On-Time
DEL-03197,PO-03197,SUP01,2024-08-08,2024-08-29,2024-09-03,60,Delayed
DEL-03198,PO-03198,SUP15,2024-08-08,2024-08-15,2024-08-15,250,On-Time
DEL-03199,PO-03199,SUP05,2024-08-08,2024-08-13,2024-08-13,400,On-Time
DEL-03200,PO-03200,SUP09,2024-08-08,2024-08-14,2024-08-14,400,On-Time
DEL-03201,PO-03201,SUP05,2024-08-08,2024-08-17,2024-08-16,60,On-Time
DEL-03202,PO-03202,SUP15,2024-08-08,2024-08-15,2024-08-15,500,On-Time
DEL-03203,PO-03203,SUP03,2024-08-08,2024-08-17,2024-08-17,100,On-Time
DEL-03204,PO-03204,SUP15,2024-08-08,2024-08-28,2024-08-28,100,On-Time
DEL-03205,PO-03205,SUP10,2024-08-08,2024-08-20,2024-08-20,100,On-Time
DEL-03206,PO-03206,SUP04,2024-08-09,2024-08-17,2024-08-15,50,On-Time
DEL-03207,PO-03207,SUP15,2024-08-09,2024-08-17,2024-08-17,40,On-Time
DEL-03208,PO-03208,SUP14,2024-08-09,2024-08-14,2024-08-14,300,On-Time
DEL-03209,PO-03209,SUP01,2024-08-09,2024-08-30,2024-08-30,40,On-Time
DEL-03210,PO-03210,SUP02,2024-08-09,2024-08-29,2024-08-29,60,On-Time
DEL-03211,PO-03211,SUP15,2024-08-09,2024-08-15,2024-08-15,500,On-Time
DEL-03212,PO-03212,SUP08,2024-08-09,2024-08-24,2024-08-22,100,On-Time
DEL-03213,PO-03213,SUP15,2024-08-09,2024-08-14,2024-08-14,250,On-Time
DEL-03214,PO-03214,SUP08,2024-08-09,2024-08-19,2024-08-19,40,On-Time
DEL-03215,PO-03215,SUP12,2024-08-09,2024-08-17,2024-08-17,500,On-Time
DEL-03216,PO-03216,SUP11,2024-08-09,2024-08-23,2024-08-23,500,On-Time
DEL-03217,PO-03217,SUP10,2024-08-09,2024-09-06,2024-09-06,10,On-Time
DEL-03218,PO-03218,SUP05,2024-08-09,2024-08-15,2024-08-16,500,Delayed
DEL-03219,PO-03219,SUP11,2024-08-10,2024-08-24,2024-08-24,150,On-Time
DEL-03220,PO-03220,SUP15,2024-08-10,2024-08-22,2024-08-25,400,Delayed
DEL-03221,PO-03221,SUP15,2024-08-10,2024-08-17,2024-08-16,500,On-Time
DEL-03222,PO-03222,SUP15,2024-08-10,2024-08-25,2024-08-26,120,Delayed
DEL-03223,PO-03223,SUP07,2024-08-10,2024-08-20,2024-08-19,60,On-Time
DEL-03224,PO-03224,SUP03,2024-08-10,2024-08-19,2024-08-19,300,On-Time
DEL-03225,PO-03225,SUP11,2024-08-10,2024-08-22,2024-08-22,150,On-Time
DEL-03226,PO-03226,SUP14,2024-08-10,2024-09-07,2024-09-07,15,On-Time
DEL-03227,PO-03227,SUP14,2024-08-10,2024-08-17,2024-08-17,400,On-Time
DEL-03228,PO-03228,SUP15,2024-08-10,2024-08-18,2024-08-17,40,On-Time
DEL-03229,PO-03229,SUP15,2024-08-10,2024-08-17,2024-08-17,150,On-Time
DEL-03230,PO-03230,SUP14,2024-08-10,2024-08-26,2024-08-26,20,On-Time
DEL-03231,PO-03231,SUP09,2024-08-10,2024-08-15,2024-08-14,400,On-Time
DEL-03232,PO-03232,SUP03,2024-08-10,2024-08-20,2024-08-21,100,Delayed
DEL-03233,PO-03233,SUP02,2024-08-11,2024-08-23,2024-08-24,250,Delayed
DEL-03234,PO-03234,SUP13,2024-08-11,2024-08-22,2024-08-22,300,On-Time
DEL-03235,PO-03235,SUP15,2024-08-11,2024-08-19,2024-08-28,120,Delayed
DEL-03236,PO-03236,SUP15,2024-08-11,2024-08-23,2024-08-23,300,On-Time
DEL-03237,PO-03237,SUP09,2024-08-11,2024-08-16,2024-08-16,500,On-Time
DEL-03238,PO-03238,SUP01,2024-08-11,2024-08-21,2024-08-21,100,On-Time
DEL-03239,PO-03239,SUP01,2024-08-11,2024-08-18,2024-08-18,300,On-Time
DEL-03240,PO-03240,SUP09,2024-08-11,2024-08-16,2024-08-16,500,On-Time
DEL-03241,PO-03241,SUP15,2024-08-11,2024-08-19,2024-08-23,400,Delayed
DEL-03242,PO-03242,SUP01,2024-08-11,2024-08-19,2024-08-19,100,On-Time
DEL-03243,PO-03243,SUP04,2024-08-11,2024-08-23,2024-08-23,500,On-Time
DEL-03244,PO-03244,SUP04,2024-08-11,2024-08-26,2024-08-26,120,On-Time
DEL-03245,PO-03245,SUP15,2024-08-12,2024-08-26,2024-08-26,500,On-Time
DEL-03246,PO-03246,SUP01,2024-08-12,2024-08-22,2024-08-22,150,On-Time
DEL-03247,PO-03247,SUP03,2024-08-12,2024-08-30,2024-09-08,120,Delayed
DEL-03248,PO-03248,SUP15,2024-08-12,2024-08-19,2024-08-19,500,On-Time
DEL-03249,PO-03249,SUP14,2024-08-12,2024-08-18,2024-08-18,300,On-Time
DEL-03250,PO-03250,SUP01,2024-08-12,2024-08-24,2024-08-24,120,On-Time
DEL-03251,PO-03251,SUP15,2024-08-12,2024-08-24,2024-08-24,150,On-Time
DEL-03252,PO-03252,SUP14,2024-08-12,2024-09-01,2024-09-01,20,On-Time
DEL-03253,PO-03253,SUP02,2024-08-12,2024-08-24,2024-08-24,400,On-Time
DEL-03254,PO-03254,SUP13,2024-08-12,2024-09-01,2024-09-01,40,On-Time
DEL-03255,PO-03255,SUP08,2024-08-12,2024-08-28,2024-08-28,50,On-Time
DEL-03256,PO-03256,SUP15,2024-08-12,2024-08-17,2024-08-17,250,On-Time
DEL-03257,PO-03257,SUP11,2024-08-12,2024-08-19,2024-08-19,100,On-Time
DEL-03258,PO-03258,SUP06,2024-08-12,2024-09-02,2024-09-02,40,On-Time
DEL-03259,PO-03259,SUP04,2024-08-12,2024-08-23,2024-08-23,500,On-Time
DEL-03260,PO-03260,SUP08,2024-08-12,2024-08-20,2024-08-19,200,On-Time
DEL-03261,PO-03261,SUP09,2024-08-12,2024-08-17,2024-08-17,400,On-Time
DEL-03262,PO-03262,SUP09,2024-08-13,2024-08-20,2024-08-20,100,On-Time
DEL-03263,PO-03263,SUP04,2024-08-13,2024-08-28,2024-08-28,60,On-Time
DEL-03264,PO-03264,SUP15,2024-08-13,2024-08-19,2024-08-18,400,On-Time
DEL-03265,PO-03265,SUP15,2024-08-13,2024-08-23,2024-08-22,400,On-Time
DEL-03266,PO-03266,SUP09,2024-08-13,2024-08-18,2024-08-18,500,On-Time
DEL-03267,PO-03267,SUP01,2024-08-13,2024-09-04,2024-09-04,10,On-Time
DEL-03268,PO-03268,SUP06,2024-08-13,2024-08-25,2024-08-25,60,On-Time
DEL-03269,PO-03269,SUP08,2024-08-13,2024-08-27,2024-08-28,40,Delayed
DEL-03270,PO-03270,SUP15,2024-08-13,2024-08-20,2024-08-20,150,On-Time
DEL-03271,PO-03271,SUP06,2024-08-13,2024-08-22,2024-08-22,400,On-Time
DEL-03272,PO-03272,SUP15,2024-08-13,2024-08-21,2024-08-20,400,On-Time
DEL-03273,PO-03273,SUP01,2024-08-13,2024-08-27,2024-08-27,40,On-Time
DEL-03274,PO-03274,SUP10,2024-08-13,2024-08-22,2024-08-21,250,On-Time
DEL-03275,PO-03275,SUP14,2024-08-13,2024-08-20,2024-08-20,250,On-Time
DEL-03276,PO-03276,SUP14,2024-08-13,2024-08-19,2024-08-19,500,On-Time
DEL-03277,PO-03277,SUP14,2024-08-13,2024-08-19,2024-08-20,200,Delayed
DEL-03278,PO-03278,SUP03,2024-08-13,2024-08-22,2024-08-22,400,On-Time
DEL-03279,PO-03279,SUP13,2024-08-13,2024-08-23,2024-08-23,100,On-Time
DEL-03280,PO-03280,SUP14,2024-08-13,2024-08-18,2024-08-18,500,On-Time
DEL-03281,PO-03281,SUP02,2024-08-13,2024-08-31,2024-08-31,40,On-Time
DEL-03282,PO-03282,SUP15,2024-08-14,2024-08-20,2024-08-20,150,On-Time
DEL-03283,PO-03283,SUP06,2024-08-14,2024-08-30,2024-08-30,100,On-Time
DEL-03284,PO-03284,SUP10,2024-08-14,2024-08-23,2024-08-23,400,On-Time
DEL-03285,PO-03285,SUP14,2024-08-14,2024-08-26,2024-08-26,150,On-Time
DEL-03286,PO-03286,SUP06,2024-08-14,2024-08-26,2024-08-26,50,On-Time
DEL-03287,PO-03287,SUP06,2024-08-14,2024-09-04,2024-09-04,100,On-Time
DEL-03288,PO-03288,SUP11,2024-08-14,2024-08-29,2024-08-28,50,On-Time
DEL-03289,PO-03289,SUP13,2024-08-14,2024-08-24,2024-08-24,100,On-Time
DEL-03290,PO-03290,SUP14,2024-08-14,2024-08-22,2024-08-22,300,On-Time
DEL-03291,PO-03291,SUP09,2024-08-14,2024-08-19,2024-08-19,400,On-Time
DEL-03292,PO-03292,SUP15,2024-08-14,2024-08-22,2024-08-24,100,Delayed
DEL-03293,PO-03293,SUP12,2024-08-14,2024-08-22,2024-08-21,300,On-Time
DEL-03294,PO-03294,SUP15,2024-08-14,2024-08-26,2024-08-26,250,On-Time
DEL-03295,PO-03295,SUP06,2024-08-14,2024-08-26,2024-08-26,50,On-Time
DEL-03296,PO-03296,SUP15,2024-08-14,2024-08-21,2024-08-21,100,On-Time
DEL-03297,PO-03297,SUP13,2024-08-14,2024-08-22,2024-08-22,60,On-Time
DEL-03298,PO-03298,SUP06,2024-08-14,2024-08-26,2024-08-26,300,On-Time
DEL-03299,PO-03299,SUP01,2024-08-15,2024-08-27,2024-08-27,200,On-Time
DEL-03300,PO-03300,SUP07,2024-08-15,2024-08-27,2024-08-27,100,On-Time
DEL-03301,PO-03301,SUP09,2024-08-15,2024-08-20,2024-08-19,150,On-Time
DEL-03302,PO-03302,SUP11,2024-08-15,2024-08-30,2024-08-30,100,On-Time
DEL-03303,PO-03303,SUP02,2024-08-15,2024-08-30,2024-09-02,40,Delayed
DEL-03304,PO-03304,SUP15,2024-08-15,2024-08-27,2024-08-27,250,On-Time
DEL-03305,PO-03305,SUP08,2024-08-15,2024-08-22,2024-08-22,100,On-Time
DEL-03306,PO-03306,SUP15,2024-08-15,2024-08-22,2024-08-23,400,Delayed
DEL-03307,PO-03307,SUP05,2024-08-15,2024-08-21,2024-08-24,300,Delayed
DEL-03308,PO-03308,SUP11,2024-08-15,2024-08-29,2024-08-29,300,On-Time
DEL-03309,PO-03309,SUP06,2024-08-15,2024-08-24,2024-08-24,250,On-Time
DEL-03310,PO-03310,SUP15,2024-08-15,2024-08-27,2024-08-27,500,On-Time
DEL-03311,PO-03311,SUP14,2024-08-15,2024-09-02,2024-09-02,40,On-Time
DEL-03312,PO-03312,SUP11,2024-08-16,2024-08-28,2024-08-28,250,On-Time
DEL-03313,PO-03313,SUP14,2024-08-16,2024-08-28,2024-08-28,300,On-Time
DEL-03314,PO-03314,SUP15,2024-08-16,2024-09-03,2024-09-03,10,On-Time
DEL-03315,PO-03315,SUP04,2024-08-16,2024-08-30,2024-08-30,300,On-Time
DEL-03316,PO-03316,SUP10,2024-08-16,2024-09-01,2024-09-01,120,On-Time
DEL-03317,PO-03317,SUP10,2024-08-16,2024-09-09,2024-09-09,40,On-Time
DEL-03318,PO-03318,SUP08,2024-08-16,2024-08-24,2024-08-24,400,On-Time
DEL-03319,PO-03319,SUP05,2024-08-16,2024-08-23,2024-08-23,200,On-Time
DEL-03320,PO-03320,SUP15,2024-08-16,2024-08-30,2024-08-30,150,On-Time
DEL-03321,PO-03321,SUP04,2024-08-16,2024-08-24,2024-08-24,40,On-Time
DEL-03322,PO-03322,SUP15,2024-08-16,2024-08-22,2024-08-21,250,On-Time
DEL-03323,PO-03323,SUP15,2024-08-16,2024-08-24,2024-08-24,60,On-Time
DEL-03324,PO-03324,SUP10,2024-08-16,2024-08-25,2024-08-25,100,On-Time
DEL-03325,PO-03325,SUP08,2024-08-16,2024-08-31,2024-08-31,50,On-Time
DEL-03326,PO-03326,SUP13,2024-08-16,2024-08-24,2024-08-23,80,On-Time
DEL-03327,PO-03327,SUP08,2024-08-16,2024-08-30,2024-08-30,80,On-Time
DEL-03328,PO-03328,SUP15,2024-08-16,2024-08-23,2024-08-24,400,Delayed
DEL-03329,PO-03329,SUP12,2024-08-16,2024-08-23,2024-08-23,150,On-Time
DEL-03330,PO-03330,SUP08,2024-08-16,2024-09-03,2024-09-04,40,Delayed
DEL-03331,PO-03331,SUP01,2024-08-16,2024-08-25,2024-08-25,150,On-Time
DEL-03332,PO-03332,SUP14,2024-08-16,2024-08-30,2024-08-30,100,On-Time
DEL-03333,PO-03333,SUP04,2024-08-16,2024-08-31,2024-09-10,50,Delayed
DEL-03334,PO-03334,SUP12,2024-08-17,2024-08-27,2024-08-27,80,On-Time
DEL-03335,PO-03335,SUP15,2024-08-17,2024-08-24,2024-08-28,250,Delayed
DEL-03336,PO-03336,SUP02,2024-08-17,2024-08-25,2024-08-25,60,On-Time
DEL-03337,PO-03337,SUP14,2024-08-17,2024-08-23,2024-08-21,500,On-Time
DEL-03338,PO-03338,SUP15,2024-08-17,2024-08-27,2024-08-27,120,On-Time
DEL-03339,PO-03339,SUP01,2024-08-17,2024-08-25,2024-08-23,120,On-Time
DEL-03340,PO-03340,SUP01,2024-08-17,2024-08-27,2024-08-27,200,On-Time
DEL-03341,PO-03341,SUP14,2024-08-17,2024-08-26,2024-08-26,50,On-Time
DEL-03342,PO-03342,SUP14,2024-08-17,2024-08-25,2024-08-25,250,On-Time
DEL-03343,PO-03343,SUP11,2024-08-17,2024-08-29,2024-08-29,500,On-Time
DEL-03344,PO-03344,SUP03,2024-08-17,2024-09-04,2024-09-06,50,Delayed
DEL-03345,PO-03345,SUP09,2024-08-17,2024-08-23,2024-08-23,150,On-Time
DEL-03346,PO-03346,SUP09,2024-08-17,2024-08-24,2024-08-24,500,On-Time
DEL-03347,PO-03347,SUP04,2024-08-17,2024-08-31,2024-08-31,80,On-Time
DEL-03348,PO-03348,SUP15,2024-08-17,2024-08-25,2024-08-26,120,Delayed
DEL-03349,PO-03349,SUP07,2024-08-18,2024-08-29,2024-08-29,250,On-Time
DEL-03350,PO-03350,SUP02,2024-08-18,2024-08-28,2024-08-28,250,On-Time
DEL-03351,PO-03351,SUP06,2024-08-18,2024-09-09,2024-09-09,30,On-Time
DEL-03352,PO-03352,SUP05,2024-08-18,2024-08-25,2024-08-25,250,On-Time
DEL-03353,PO-03353,SUP05,2024-08-18,2024-08-30,2024-08-30,40,On-Time
DEL-03354,PO-03354,SUP14,2024-08-18,2024-08-24,2024-08-24,200,On-Time
DEL-03355,PO-03355,SUP14,2024-08-18,2024-08-30,2024-08-30,150,On-Time
DEL-03356,PO-03356,SUP10,2024-08-18,2024-08-27,2024-08-27,100,On-Time
DEL-03357,PO-03357,SUP15,2024-08-18,2024-08-26,2024-08-26,250,On-Time
DEL-03358,PO-03358,SUP15,2024-08-18,2024-08-26,2024-08-26,250,On-Time
DEL-03359,PO-03359,SUP15,2024-08-18,2024-08-26,2024-08-26,150,On-Time
DEL-03360,PO-03360,SUP15,2024-08-18,2024-09-01,2024-09-01,250,On-Time
DEL-03361,PO-03361,SUP05,2024-08-18,2024-08-24,2024-08-24,250,On-Time
DEL-03362,PO-03362,SUP12,2024-08-18,2024-08-28,2024-08-28,40,On-Time
DEL-03363,PO-03363,SUP02,2024-08-19,2024-08-29,2024-08-29,200,On-Time
DEL-03364,PO-03364,SUP11,2024-08-19,2024-08-31,2024-08-31,100,On-Time
DEL-03365,PO-03365,SUP12,2024-08-19,2024-08-27,2024-08-27,80,On-Time
DEL-03366,PO-03366,SUP14,2024-08-19,2024-08-29,2024-09-01,120,Delayed
DEL-03367,PO-03367,SUP14,2024-08-19,2024-08-25,2024-08-25,500,On-Time
DEL-03368,PO-03368,SUP09,2024-08-19,2024-08-27,2024-08-27,500,On-Time
DEL-03369,PO-03369,SUP15,2024-08-19,2024-08-26,2024-08-26,400,On-Time
DEL-03370,PO-03370,SUP06,2024-08-19,2024-08-29,2024-08-29,300,On-Time
DEL-03371,PO-03371,SUP14,2024-08-19,2024-08-24,2024-08-24,500,On-Time
DEL-03372,PO-03372,SUP14,2024-08-19,2024-08-27,2024-08-27,150,On-Time
DEL-03373,PO-03373,SUP14,2024-08-19,2024-08-25,2024-08-23,250,On-Time
DEL-03374,PO-03374,SUP15,2024-08-19,2024-08-25,2024-08-25,250,On-Time
DEL-03375,PO-03375,SUP12,2024-08-19,2024-09-03,2024-09-03,120,On-Time
DEL-03376,PO-03376,SUP15,2024-08-20,2024-08-25,2024-08-26,200,Delayed
DEL-03377,PO-03377,SUP03,2024-08-20,2024-08-29,2024-08-27,150,On-Time
DEL-03378,PO-03378,SUP10,2024-08-20,2024-08-29,2024-09-03,250,Delayed
DEL-03379,PO-03379,SUP08,2024-08-20,2024-08-28,2024-08-27,250,On-Time
DEL-03380,PO-03380,SUP15,2024-08-20,2024-09-03,2024-09-03,50,On-Time
DEL-03381,PO-03381,SUP15,2024-08-20,2024-09-04,2024-09-03,80,On-Time
DEL-03382,PO-03382,SUP14,2024-08-20,2024-09-04,2024-09-05,60,Delayed
DEL-03383,PO-03383,SUP01,2024-08-20,2024-08-28,2024-08-26,40,On-Time
DEL-03384,PO-03384,SUP08,2024-08-20,2024-09-03,2024-09-03,15,On-Time
DEL-03385,PO-03385,SUP06,2024-08-20,2024-09-05,2024-09-05,100,On-Time
DEL-03386,PO-03386,SUP07,2024-08-20,2024-09-01,2024-09-03,100,Delayed
DEL-03387,PO-03387,SUP06,2024-08-20,2024-09-13,2024-09-11,30,On-Time
DEL-03388,PO-03388,SUP10,2024-08-20,2024-09-17,2024-09-16,20,On-Time
DEL-03389,PO-03389,SUP15,2024-08-20,2024-09-01,2024-09-01,100,On-Time
DEL-03390,PO-03390,SUP05,2024-08-20,2024-08-26,2024-08-26,250,On-Time
DEL-03391,PO-03391,SUP04,2024-08-20,2024-09-03,2024-09-03,500,On-Time
DEL-03392,PO-03392,SUP09,2024-08-20,2024-08-28,2024-08-30,250,Delayed
DEL-03393,PO-03393,SUP15,2024-08-20,2024-09-03,2024-09-03,500,On-Time
DEL-03394,PO-03394,SUP09,2024-08-20,2024-08-26,2024-08-26,100,On-Time
DEL-03395,PO-03395,SUP15,2024-08-21,2024-09-05,2024-09-05,80,On-Time
DEL-03396,PO-03396,SUP01,2024-08-21,2024-08-29,2024-08-29,80,On-Time
DEL-03397,PO-03397,SUP15,2024-08-21,2024-08-28,2024-08-28,500,On-Time
DEL-03398,PO-03398,SUP15,2024-08-21,2024-08-28,2024-08-31,200,Delayed
DEL-03399,PO-03399,SUP03,2024-08-21,2024-08-30,2024-08-29,250,On-Time
DEL-03400,PO-03400,SUP07,2024-08-21,2024-09-05,2024-09-05,120,On-Time
DEL-03401,PO-03401,SUP01,2024-08-21,2024-09-04,2024-09-04,100,On-Time
DEL-03402,PO-03402,SUP09,2024-08-21,2024-08-30,2024-08-30,60,On-Time
DEL-03403,PO-03403,SUP05,2024-08-21,2024-08-26,2024-08-26,100,On-Time
DEL-03404,PO-03404,SUP06,2024-08-22,2024-09-19,2024-09-19,15,On-Time
DEL-03405,PO-03405,SUP10,2024-08-22,2024-09-05,2024-09-08,50,Delayed
DEL-03406,PO-03406,SUP03,2024-08-22,2024-09-05,2024-09-05,100,On-Time
DEL-03407,PO-03407,SUP13,2024-08-22,2024-09-06,2024-09-06,80,On-Time
DEL-03408,PO-03408,SUP12,2024-08-22,2024-09-19,2024-09-17,10,On-Time
DEL-03409,PO-03409,SUP12,2024-08-22,2024-08-30,2024-08-30,100,On-Time
DEL-03410,PO-03410,SUP08,2024-08-22,2024-09-07,2024-09-05,50,On-Time
DEL-03411,PO-03411,SUP02,2024-08-22,2024-09-01,2024-09-01,300,On-Time
DEL-03412,PO-03412,SUP01,2024-08-22,2024-09-05,2024-09-05,500,On-Time
DEL-03413,PO-03413,SUP05,2024-08-22,2024-08-28,2024-08-28,200,On-Time
DEL-03414,PO-03414,SUP15,2024-08-22,2024-09-05,2024-09-05,300,On-Time
DEL-03415,PO-03415,SUP05,2024-08-22,2024-08-28,2024-08-28,200,On-Time
DEL-03416,PO-03416,SUP12,2024-08-22,2024-09-01,2024-09-01,40,On-Time
DEL-03417,PO-03417,SUP03,2024-08-22,2024-09-06,2024-09-06,100,On-Time
DEL-03418,PO-03418,SUP11,2024-08-22,2024-08-30,2024-08-30,50,On-Time
DEL-03419,PO-03419,SUP07,2024-08-23,2024-09-04,2024-09-04,300,On-Time
DEL-03420,PO-03420,SUP04,2024-08-23,2024-09-04,2024-09-04,400,On-Time
DEL-03421,PO-03421,SUP14,2024-08-23,2024-09-07,2024-09-14,50,Delayed
DEL-03422,PO-03422,SUP01,2024-08-23,2024-08-30,2024-08-30,200,On-Time
DEL-03423,PO-03423,SUP15,2024-08-23,2024-09-07,2024-09-07,60,On-Time
DEL-03424,PO-03424,SUP14,2024-08-23,2024-09-06,2024-09-04,150,On-Time
DEL-03425,PO-03425,SUP15,2024-08-23,2024-09-08,2024-09-11,30,Delayed
DEL-03426,PO-03426,SUP15,2024-08-23,2024-09-02,2024-08-31,200,On-Time
DEL-03427,PO-03427,SUP05,2024-08-23,2024-08-31,2024-08-31,250,On-Time
DEL-03428,PO-03428,SUP13,2024-08-23,2024-09-02,2024-09-02,100,On-Time
DEL-03429,PO-03429,SUP15,2024-08-23,2024-08-29,2024-08-27,200,On-Time
DEL-03430,PO-03430,SUP15,2024-08-23,2024-09-07,2024-09-07,120,On-Time
DEL-03431,PO-03431,SUP11,2024-08-23,2024-09-06,2024-09-06,300,On-Time
DEL-03432,PO-03432,SUP06,2024-08-23,2024-09-02,2024-09-02,500,On-Time
DEL-03433,PO-03433,SUP13,2024-08-23,2024-08-31,2024-08-31,60,On-Time
DEL-03434,PO-03434,SUP14,2024-08-23,2024-08-29,2024-08-29,300,On-Time
DEL-03435,PO-03435,SUP12,2024-08-24,2024-09-03,2024-09-03,60,On-Time
DEL-03436,PO-03436,SUP06,2024-08-24,2024-08-31,2024-08-31,300,On-Time
DEL-03437,PO-03437,SUP14,2024-08-24,2024-09-04,2024-09-04,100,On-Time
DEL-03438,PO-03438,SUP01,2024-08-24,2024-09-05,2024-09-05,300,On-Time
DEL-03439,PO-03439,SUP09,2024-08-24,2024-08-30,2024-08-30,250,On-Time
DEL-03440,PO-03440,SUP08,2024-08-24,2024-09-15,2024-09-14,20,On-Time
DEL-03441,PO-03441,SUP06,2024-08-24,2024-09-01,2024-09-01,40,On-Time
DEL-03442,PO-03442,SUP15,2024-08-24,2024-09-03,2024-09-03,200,On-Time
DEL-03443,PO-03443,SUP02,2024-08-24,2024-09-07,2024-09-07,400,On-Time
DEL-03444,PO-03444,SUP15,2024-08-24,2024-09-05,2024-09-05,500,On-Time
DEL-03445,PO-03445,SUP15,2024-08-24,2024-08-31,2024-08-31,500,On-Time
DEL-03446,PO-03446,SUP07,2024-08-24,2024-09-04,2024-09-03,100,On-Time
DEL-03447,PO-03447,SUP11,2024-08-24,2024-09-13,2024-09-13,60,On-Time
DEL-03448,PO-03448,SUP15,2024-08-24,2024-09-04,2024-09-04,250,On-Time
DEL-03449,PO-03449,SUP01,2024-08-24,2024-09-07,2024-09-07,300,On-Time
DEL-03450,PO-03450,SUP15,2024-08-24,2024-09-04,2024-09-07,400,Delayed
DEL-03451,PO-03451,SUP03,2024-08-24,2024-09-21,2024-09-21,40,On-Time
DEL-03452,PO-03452,SUP10,2024-08-24,2024-09-08,2024-09-11,100,Delayed
DEL-03453,PO-03453,SUP14,2024-08-24,2024-09-03,2024-09-03,120,On-Time
DEL-03454,PO-03454,SUP05,2024-08-24,2024-09-03,2024-09-03,80,On-Time
DEL-03455,PO-03455,SUP02,2024-08-24,2024-09-07,2024-09-07,150,On-Time
DEL-03456,PO-03456,SUP14,2024-08-24,2024-08-31,2024-08-31,250,On-Time
DEL-03457,PO-03457,SUP02,2024-08-24,2024-09-07,2024-09-16,200,Delayed
DEL-03458,PO-03458,SUP06,2024-08-25,2024-09-09,2024-09-09,80,On-Time
DEL-03459,PO-03459,SUP07,2024-08-25,2024-09-05,2024-09-05,400,On-Time
DEL-03460,PO-03460,SUP13,2024-08-25,2024-09-08,2024-09-15,300,Delayed
DEL-03461,PO-03461,SUP08,2024-08-25,2024-09-10,2024-09-10,15,On-Time
DEL-03462,PO-03462,SUP08,2024-08-25,2024-09-04,2024-09-04,100,On-Time
DEL-03463,PO-03463,SUP14,2024-08-25,2024-08-31,2024-09-08,250,Delayed
DEL-03464,PO-03464,SUP15,2024-08-25,2024-09-09,2024-09-09,100,On-Time
DEL-03465,PO-03465,SUP06,2024-08-25,2024-09-12,2024-09-10,100,On-Time
DEL-03466,PO-03466,SUP01,2024-08-25,2024-09-04,2024-09-04,200,On-Time
DEL-03467,PO-03467,SUP11,2024-08-25,2024-09-09,2024-09-18,50,Delayed
DEL-03468,PO-03468,SUP15,2024-08-25,2024-09-01,2024-09-01,250,On-Time
DEL-03469,PO-03469,SUP04,2024-08-26,2024-09-09,2024-09-09,250,On-Time
DEL-03470,PO-03470,SUP14,2024-08-26,2024-09-09,2024-09-13,80,Delayed
DEL-03471,PO-03471,SUP11,2024-08-26,2024-09-05,2024-09-05,500,On-Time
DEL-03472,PO-03472,SUP13,2024-08-26,2024-09-09,2024-09-11,100,Delayed
DEL-03473,PO-03473,SUP09,2024-08-26,2024-08-31,2024-08-31,200,On-Time
DEL-03474,PO-03474,SUP05,2024-08-26,2024-08-31,2024-08-29,500,On-Time
DEL-03475,PO-03475,SUP13,2024-08-26,2024-09-09,2024-09-09,400,On-Time
DEL-03476,PO-03476,SUP05,2024-08-26,2024-09-02,2024-09-02,200,On-Time
DEL-03477,PO-03477,SUP11,2024-08-26,2024-09-02,2024-09-02,250,On-Time
DEL-03478,PO-03478,SUP14,2024-08-26,2024-09-07,2024-09-07,300,On-Time
DEL-03479,PO-03479,SUP14,2024-08-26,2024-09-06,2024-09-06,500,On-Time
DEL-03480,PO-03480,SUP12,2024-08-26,2024-09-02,2024-09-02,500,On-Time
DEL-03481,PO-03481,SUP14,2024-08-26,2024-09-02,2024-09-02,150,On-Time
DEL-03482,PO-03482,SUP01,2024-08-26,2024-09-04,2024-09-04,200,On-Time
DEL-03483,PO-03483,SUP15,2024-08-26,2024-09-02,2024-09-02,400,On-Time
DEL-03484,PO-03484,SUP15,2024-08-26,2024-09-05,2024-09-15,80,Delayed
DEL-03485,PO-03485,SUP05,2024-08-26,2024-09-02,2024-09-05,100,Delayed
DEL-03486,PO-03486,SUP14,2024-08-26,2024-09-03,2024-09-03,120,On-Time
DEL-03487,PO-03487,SUP02,2024-08-26,2024-09-10,2024-09-10,40,On-Time
DEL-03488,PO-03488,SUP01,2024-08-27,2024-09-06,2024-09-06,200,On-Time
DEL-03489,PO-03489,SUP14,2024-08-27,2024-09-07,2024-09-05,200,On-Time
DEL-03490,PO-03490,SUP14,2024-08-27,2024-09-04,2024-09-07,300,Delayed
DEL-03491,PO-03491,SUP01,2024-08-27,2024-09-17,2024-09-17,40,On-Time
DEL-03492,PO-03492,SUP02,2024-08-27,2024-09-10,2024-09-10,500,On-Time
DEL-03493,PO-03493,SUP04,2024-08-27,2024-09-10,2024-09-17,100,Delayed
DEL-03494,PO-03494,SUP08,2024-08-27,2024-09-03,2024-09-03,200,On-Time
DEL-03495,PO-03495,SUP03,2024-08-27,2024-09-12,2024-09-11,60,On-Time
DEL-03496,PO-03496,SUP09,2024-08-28,2024-09-03,2024-09-03,200,On-Time
DEL-03497,PO-03497,SUP15,2024-08-28,2024-09-03,2024-09-03,100,On-Time
DEL-03498,PO-03498,SUP07,2024-08-28,2024-09-13,2024-09-13,10,On-Time
DEL-03499,PO-03499,SUP14,2024-08-28,2024-09-07,2024-09-07,120,On-Time
DEL-03500,PO-03500,SUP15,2024-08-28,2024-09-11,2024-09-16,40,Delayed
DEL-03501,PO-03501,SUP15,2024-08-28,2024-09-12,2024-09-12,40,On-Time
DEL-03502,PO-03502,SUP06,2024-08-28,2024-09-11,2024-09-11,100,On-Time
DEL-03503,PO-03503,SUP15,2024-08-29,2024-09-05,2024-09-05,250,On-Time
DEL-03504,PO-03504,SUP06,2024-08-29,2024-09-20,2024-09-20,40,On-Time
DEL-03505,PO-03505,SUP03,2024-08-29,2024-09-13,2024-09-13,50,On-Time
DEL-03506,PO-03506,SUP12,2024-08-29,2024-09-05,2024-09-05,250,On-Time
DEL-03507,PO-03507,SUP06,2024-08-29,2024-09-06,2024-09-06,80,On-Time
DEL-03508,PO-03508,SUP10,2024-08-29,2024-09-14,2024-09-14,60,On-Time
DEL-03509,PO-03509,SUP03,2024-08-29,2024-09-16,2024-09-16,60,On-Time
DEL-03510,PO-03510,SUP01,2024-08-29,2024-09-14,2024-09-14,60,On-Time
DEL-03511,PO-03511,SUP12,2024-08-29,2024-09-05,2024-09-04,500,On-Time
DEL-03512,PO-03512,SUP15,2024-08-29,2024-09-05,2024-09-07,500,Delayed
DEL-03513,PO-03513,SUP11,2024-08-29,2024-09-06,2024-09-06,40,On-Time
DEL-03514,PO-03514,SUP14,2024-08-29,2024-09-08,2024-09-08,60,On-Time
DEL-03515,PO-03515,SUP01,2024-08-29,2024-09-16,2024-09-16,60,On-Time
DEL-03516,PO-03516,SUP06,2024-08-29,2024-09-10,2024-09-09,200,On-Time
DEL-03517,PO-03517,SUP10,2024-08-30,2024-09-15,2024-09-15,120,On-Time
DEL-03518,PO-03518,SUP07,2024-08-30,2024-09-10,2024-09-10,250,On-Time
DEL-03519,PO-03519,SUP01,2024-08-30,2024-09-13,2024-09-16,120,Delayed
DEL-03520,PO-03520,SUP07,2024-08-30,2024-09-13,2024-09-14,250,Delayed
DEL-03521,PO-03521,SUP15,2024-08-30,2024-09-17,2024-09-17,100,On-Time
DEL-03522,PO-03522,SUP06,2024-08-30,2024-09-06,2024-09-06,400,On-Time
DEL-03523,PO-03523,SUP14,2024-08-30,2024-09-13,2024-09-20,120,Delayed
DEL-03524,PO-03524,SUP12,2024-08-30,2024-09-07,2024-09-07,300,On-Time
DEL-03525,PO-03525,SUP14,2024-08-30,2024-09-07,2024-09-07,100,On-Time
DEL-03526,PO-03526,SUP08,2024-08-31,2024-09-16,2024-09-21,120,Delayed
DEL-03527,PO-03527,SUP06,2024-08-31,2024-09-12,2024-09-12,150,On-Time
DEL-03528,PO-03528,SUP01,2024-08-31,2024-09-09,2024-09-08,150,On-Time
DEL-03529,PO-03529,SUP14,2024-08-31,2024-09-08,2024-09-08,100,On-Time
DEL-03530,PO-03530,SUP15,2024-08-31,2024-09-07,2024-09-07,150,On-Time
DEL-03531,PO-03531,SUP14,2024-08-31,2024-09-11,2024-09-11,500,On-Time
DEL-03532,PO-03532,SUP01,2024-08-31,2024-09-09,2024-09-09,150,On-Time
DEL-03533,PO-03533,SUP09,2024-08-31,2024-09-05,2024-09-06,400,Delayed
DEL-03534,PO-03534,SUP08,2024-08-31,2024-09-07,2024-09-07,100,On-Time
DEL-03535,PO-03535,SUP06,2024-09-01,2024-09-13,2024-09-13,150,On-Time
DEL-03536,PO-03536,SUP14,2024-09-01,2024-09-09,2024-09-09,500,On-Time
DEL-03537,PO-03537,SUP08,2024-09-01,2024-09-09,2024-09-07,300,On-Time
DEL-03538,PO-03538,SUP03,2024-09-01,2024-09-11,2024-09-11,500,On-Time
DEL-03539,PO-03539,SUP15,2024-09-01,2024-09-08,2024-09-13,250,Delayed
DEL-03540,PO-03540,SUP14,2024-09-01,2024-09-09,2024-09-09,200,On-Time
DEL-03541,PO-03541,SUP15,2024-09-01,2024-09-09,2024-09-07,100,On-Time
DEL-03542,PO-03542,SUP15,2024-09-01,2024-09-08,2024-09-08,400,On-Time
DEL-03543,PO-03543,SUP15,2024-09-01,2024-09-12,2024-09-12,200,On-Time
DEL-03544,PO-03544,SUP01,2024-09-01,2024-09-11,2024-09-11,250,On-Time
DEL-03545,PO-03545,SUP05,2024-09-02,2024-09-10,2024-09-10,150,On-Time
DEL-03546,PO-03546,SUP14,2024-09-02,2024-09-07,2024-09-07,300,On-Time
DEL-03547,PO-03547,SUP06,2024-09-02,2024-09-17,2024-09-17,80,On-Time
DEL-03548,PO-03548,SUP09,2024-09-02,2024-09-07,2024-09-06,150,On-Time
DEL-03549,PO-03549,SUP10,2024-09-02,2024-09-11,2024-09-11,150,On-Time
DEL-03550,PO-03550,SUP14,2024-09-02,2024-09-17,2024-09-17,40,On-Time
DEL-03551,PO-03551,SUP14,2024-09-02,2024-09-07,2024-09-07,300,On-Time
DEL-03552,PO-03552,SUP01,2024-09-02,2024-09-10,2024-09-10,300,On-Time
DEL-03553,PO-03553,SUP02,2024-09-02,2024-09-12,2024-09-12,300,On-Time
DEL-03554,PO-03554,SUP05,2024-09-02,2024-09-08,2024-09-08,250,On-Time
DEL-03555,PO-03555,SUP04,2024-09-02,2024-09-10,2024-09-11,100,Delayed
DEL-03556,PO-03556,SUP14,2024-09-02,2024-09-09,2024-09-08,250,On-Time
DEL-03557,PO-03557,SUP15,2024-09-02,2024-09-09,2024-09-10,300,Delayed
DEL-03558,PO-03558,SUP14,2024-09-02,2024-09-11,2024-09-11,100,On-Time
DEL-03559,PO-03559,SUP15,2024-09-02,2024-09-09,2024-09-09,500,On-Time
DEL-03560,PO-03560,SUP11,2024-09-02,2024-09-27,2024-09-27,15,On-Time
DEL-03561,PO-03561,SUP06,2024-09-03,2024-09-21,2024-09-21,40,On-Time
DEL-03562,PO-03562,SUP05,2024-09-03,2024-09-10,2024-09-10,200,On-Time
DEL-03563,PO-03563,SUP13,2024-09-03,2024-09-17,2024-09-25,100,Delayed
DEL-03564,PO-03564,SUP04,2024-09-03,2024-09-17,2024-09-17,40,On-Time
DEL-03565,PO-03565,SUP14,2024-09-03,2024-09-17,2024-09-17,500,On-Time
DEL-03566,PO-03566,SUP02,2024-09-03,2024-09-15,2024-09-15,500,On-Time
DEL-03567,PO-03567,SUP15,2024-09-03,2024-09-15,2024-09-13,100,On-Time
DEL-03568,PO-03568,SUP15,2024-09-03,2024-09-15,2024-09-15,400,On-Time
DEL-03569,PO-03569,SUP07,2024-09-03,2024-09-17,2024-09-17,50,On-Time
DEL-03570,PO-03570,SUP05,2024-09-03,2024-09-09,2024-09-07,500,On-Time
DEL-03571,PO-03571,SUP01,2024-09-03,2024-09-11,2024-09-11,60,On-Time
DEL-03572,PO-03572,SUP12,2024-09-03,2024-09-18,2024-09-18,40,On-Time
DEL-03573,PO-03573,SUP15,2024-09-03,2024-09-08,2024-09-08,100,On-Time
DEL-03574,PO-03574,SUP06,2024-09-03,2024-09-18,2024-09-18,60,On-Time
DEL-03575,PO-03575,SUP15,2024-09-03,2024-09-13,2024-09-13,120,On-Time
DEL-03576,PO-03576,SUP15,2024-09-03,2024-09-15,2024-09-15,100,On-Time
DEL-03577,PO-03577,SUP15,2024-09-03,2024-09-08,2024-09-08,300,On-Time
DEL-03578,PO-03578,SUP08,2024-09-04,2024-09-14,2024-09-14,200,On-Time
DEL-03579,PO-03579,SUP08,2024-09-04,2024-09-13,2024-09-13,250,On-Time
DEL-03580,PO-03580,SUP06,2024-09-04,2024-09-20,2024-09-25,50,Delayed
DEL-03581,PO-03581,SUP01,2024-09-04,2024-09-14,2024-09-14,150,On-Time
DEL-03582,PO-03582,SUP01,2024-09-04,2024-09-16,2024-09-16,400,On-Time
DEL-03583,PO-03583,SUP09,2024-09-04,2024-09-11,2024-09-11,300,On-Time
DEL-03584,PO-03584,SUP09,2024-09-04,2024-09-10,2024-09-10,500,On-Time
DEL-03585,PO-03585,SUP04,2024-09-04,2024-09-12,2024-09-12,100,On-Time
DEL-03586,PO-03586,SUP08,2024-09-04,2024-09-13,2024-09-13,250,On-Time
DEL-03587,PO-03587,SUP15,2024-09-04,2024-09-09,2024-09-07,500,On-Time
DEL-03588,PO-03588,SUP01,2024-09-04,2024-09-22,2024-09-22,20,On-Time
DEL-03589,PO-03589,SUP01,2024-09-05,2024-09-13,2024-09-12,60,On-Time
DEL-03590,PO-03590,SUP03,2024-09-05,2024-09-14,2024-09-14,150,On-Time
DEL-03591,PO-03591,SUP02,2024-09-05,2024-09-15,2024-09-15,250,On-Time
DEL-03592,PO-03592,SUP09,2024-09-05,2024-09-12,2024-09-12,400,On-Time
DEL-03593,PO-03593,SUP15,2024-09-05,2024-09-17,2024-09-18,100,Delayed
DEL-03594,PO-03594,SUP15,2024-09-05,2024-09-11,2024-09-11,200,On-Time
DEL-03595,PO-03595,SUP03,2024-09-05,2024-09-29,2024-09-29,10,On-Time
DEL-03596,PO-03596,SUP06,2024-09-05,2024-09-20,2024-09-20,100,On-Time
DEL-03597,PO-03597,SUP15,2024-09-05,2024-09-11,2024-09-11,300,On-Time
DEL-03598,PO-03598,SUP11,2024-09-05,2024-09-19,2024-09-19,500,On-Time
DEL-03599,PO-03599,SUP04,2024-09-06,2024-09-20,2024-09-20,300,On-Time
DEL-03600,PO-03600,SUP07,2024-09-06,2024-09-14,2024-09-14,80,On-Time
DEL-03601,PO-03601,SUP09,2024-09-06,2024-09-11,2024-09-11,400,On-Time
DEL-03602,PO-03602,SUP13,2024-09-06,2024-09-21,2024-09-21,40,On-Time
DEL-03603,PO-03603,SUP13,2024-09-06,2024-09-14,2024-09-17,60,Delayed
DEL-03604,PO-03604,SUP15,2024-09-06,2024-09-14,2024-09-14,150,On-Time
DEL-03605,PO-03605,SUP14,2024-09-06,2024-09-12,2024-09-12,400,On-Time
DEL-03606,PO-03606,SUP01,2024-09-06,2024-09-27,2024-09-27,50,On-Time
DEL-03607,PO-03607,SUP09,2024-09-06,2024-09-11,2024-09-11,400,On-Time
DEL-03608,PO-03608,SUP03,2024-09-06,2024-09-15,2024-09-15,100,On-Time
DEL-03609,PO-03609,SUP02,2024-09-07,2024-09-25,2024-10-08,60,Delayed
DEL-03610,PO-03610,SUP15,2024-09-07,2024-09-12,2024-09-12,500,On-Time
DEL-03611,PO-03611,SUP05,2024-09-07,2024-09-14,2024-09-14,250,On-Time
DEL-03612,PO-03612,SUP05,2024-09-07,2024-09-12,2024-09-12,100,On-Time
DEL-03613,PO-03613,SUP07,2024-09-07,2024-09-19,2024-09-19,100,On-Time
DEL-03614,PO-03614,SUP09,2024-09-07,2024-09-15,2024-09-15,250,On-Time
DEL-03615,PO-03615,SUP15,2024-09-07,2024-09-12,2024-09-10,100,On-Time
DEL-03616,PO-03616,SUP01,2024-09-07,2024-09-19,2024-09-19,250,On-Time
DEL-03617,PO-03617,SUP12,2024-09-07,2024-09-21,2024-09-21,40,On-Time
DEL-03618,PO-03618,SUP04,2024-09-07,2024-09-19,2024-09-19,100,On-Time
DEL-03619,PO-03619,SUP08,2024-09-07,2024-09-16,2024-09-14,400,On-Time
DEL-03620,PO-03620,SUP01,2024-09-07,2024-09-19,2024-09-19,200,On-Time
DEL-03621,PO-03621,SUP04,2024-09-07,2024-09-27,2024-09-27,30,On-Time
DEL-03622,PO-03622,SUP07,2024-09-07,2024-09-22,2024-09-22,80,On-Time
DEL-03623,PO-03623,SUP15,2024-09-07,2024-09-21,2024-09-21,150,On-Time
DEL-03624,PO-03624,SUP14,2024-09-08,2024-09-13,2024-09-13,200,On-Time
DEL-03625,PO-03625,SUP02,2024-09-08,2024-09-28,2024-09-28,50,On-Time
DEL-03626,PO-03626,SUP15,2024-09-08,2024-09-23,2024-09-26,50,Delayed
DEL-03627,PO-03627,SUP14,2024-09-08,2024-09-23,2024-09-24,80,Delayed
DEL-03628,PO-03628,SUP01,2024-09-08,2024-09-24,2024-09-24,50,On-Time
DEL-03629,PO-03629,SUP06,2024-09-08,2024-10-02,2024-10-02,15,On-Time
DEL-03630,PO-03630,SUP15,2024-09-08,2024-09-15,2024-09-13,100,On-Time
DEL-03631,PO-03631,SUP03,2024-09-08,2024-09-24,2024-09-24,100,On-Time
DEL-03632,PO-03632,SUP01,2024-09-09,2024-09-19,2024-09-19,400,On-Time
DEL-03633,PO-03633,SUP05,2024-09-09,2024-09-17,2024-09-17,200,On-Time
DEL-03634,PO-03634,SUP14,2024-09-09,2024-09-15,2024-09-15,200,On-Time
DEL-03635,PO-03635,SUP01,2024-09-09,2024-09-25,2024-09-25,20,On-Time
DEL-03636,PO-03636,SUP02,2024-09-09,2024-09-16,2024-09-16,200,On-Time
DEL-03637,PO-03637,SUP13,2024-09-09,2024-09-23,2024-09-23,100,On-Time
DEL-03638,PO-03638,SUP05,2024-09-09,2024-09-15,2024-09-15,100,On-Time
DEL-03639,PO-03639,SUP14,2024-09-09,2024-09-21,2024-09-21,250,On-Time
DEL-03640,PO-03640,SUP10,2024-09-09,2024-09-19,2024-09-20,250,Delayed
DEL-03641,PO-03641,SUP09,2024-09-09,2024-09-19,2024-09-18,120,On-Time
DEL-03642,PO-03642,SUP15,2024-09-09,2024-09-17,2024-09-21,400,Delayed
DEL-03643,PO-03643,SUP14,2024-09-09,2024-09-20,2024-09-20,300,On-Time
DEL-03644,PO-03644,SUP09,2024-09-09,2024-09-14,2024-09-14,200,On-Time
DEL-03645,PO-03645,SUP14,2024-09-09,2024-09-16,2024-09-16,200,On-Time
DEL-03646,PO-03646,SUP15,2024-09-09,2024-09-19,2024-10-07,60,Delayed
DEL-03647,PO-03647,SUP03,2024-09-09,2024-09-21,2024-09-21,40,On-Time
DEL-03648,PO-03648,SUP12,2024-09-09,2024-09-17,2024-09-16,300,On-Time
DEL-03649,PO-03649,SUP11,2024-09-09,2024-09-17,2024-09-17,40,On-Time
DEL-03650,PO-03650,SUP08,2024-09-09,2024-09-18,2024-09-18,500,On-Time
DEL-03651,PO-03651,SUP06,2024-09-09,2024-09-17,2024-09-17,50,On-Time
DEL-03652,PO-03652,SUP05,2024-09-09,2024-09-14,2024-09-14,300,On-Time
DEL-03653,PO-03653,SUP15,2024-09-09,2024-09-20,2024-09-20,300,On-Time
DEL-03654,PO-03654,SUP15,2024-09-09,2024-09-19,2024-09-19,400,On-Time
DEL-03655,PO-03655,SUP10,2024-09-10,2024-09-20,2024-09-20,250,On-Time
DEL-03656,PO-03656,SUP08,2024-09-10,2024-09-20,2024-09-20,400,On-Time
DEL-03657,PO-03657,SUP08,2024-09-10,2024-09-17,2024-09-16,400,On-Time
DEL-03658,PO-03658,SUP02,2024-09-10,2024-09-18,2024-09-18,80,On-Time
DEL-03659,PO-03659,SUP04,2024-09-10,2024-09-24,2024-09-24,120,On-Time
DEL-03660,PO-03660,SUP06,2024-09-10,2024-10-01,2024-10-01,60,On-Time
DEL-03661,PO-03661,SUP05,2024-09-10,2024-09-15,2024-09-15,150,On-Time
DEL-03662,PO-03662,SUP07,2024-09-10,2024-09-21,2024-09-21,500,On-Time
DEL-03663,PO-03663,SUP15,2024-09-10,2024-09-26,2024-09-26,10,On-Time
DEL-03664,PO-03664,SUP15,2024-09-10,2024-09-22,2024-09-22,120,On-Time
DEL-03665,PO-03665,SUP06,2024-09-10,2024-09-20,2024-09-20,400,On-Time
DEL-03666,PO-03666,SUP05,2024-09-10,2024-09-17,2024-09-17,150,On-Time
DEL-03667,PO-03667,SUP01,2024-09-10,2024-09-28,2024-09-28,100,On-Time
DEL-03668,PO-03668,SUP02,2024-09-10,2024-09-24,2024-09-24,200,On-Time
DEL-03669,PO-03669,SUP09,2024-09-11,2024-09-17,2024-09-17,100,On-Time
DEL-03670,PO-03670,SUP12,2024-09-11,2024-09-19,2024-09-19,250,On-Time
DEL-03671,PO-03671,SUP14,2024-09-11,2024-09-17,2024-09-17,250,On-Time
DEL-03672,PO-03672,SUP14,2024-09-11,2024-09-18,2024-09-24,300,Delayed
DEL-03673,PO-03673,SUP15,2024-09-11,2024-09-20,2024-09-20,100,On-Time
DEL-03674,PO-03674,SUP01,2024-09-11,2024-09-23,2024-09-27,120,Delayed
DEL-03675,PO-03675,SUP15,2024-09-11,2024-09-17,2024-09-17,300,On-Time
DEL-03676,PO-03676,SUP14,2024-09-11,2024-09-18,2024-09-18,300,On-Time
DEL-03677,PO-03677,SUP05,2024-09-11,2024-09-17,2024-09-17,100,On-Time
DEL-03678,PO-03678,SUP15,2024-09-11,2024-09-21,2024-09-21,60,On-Time
DEL-03679,PO-03679,SUP14,2024-09-11,2024-09-18,2024-09-17,500,On-Time
DEL-03680,PO-03680,SUP01,2024-09-11,2024-09-21,2024-09-21,400,On-Time
DEL-03681,PO-03681,SUP14,2024-09-11,2024-09-22,2024-09-21,100,On-Time
DEL-03682,PO-03682,SUP12,2024-09-11,2024-09-21,2024-09-28,100,Delayed
DEL-03683,PO-03683,SUP07,2024-09-12,2024-09-23,2024-09-24,150,Delayed
DEL-03684,PO-03684,SUP04,2024-09-12,2024-09-23,2024-09-23,100,On-Time
DEL-03685,PO-03685,SUP15,2024-09-12,2024-09-20,2024-09-19,100,On-Time
DEL-03686,PO-03686,SUP14,2024-09-12,2024-09-20,2024-09-20,300,On-Time
DEL-03687,PO-03687,SUP06,2024-09-12,2024-09-28,2024-09-28,80,On-Time
DEL-03688,PO-03688,SUP15,2024-09-12,2024-09-24,2024-09-24,300,On-Time
DEL-03689,PO-03689,SUP15,2024-09-12,2024-09-24,2024-09-24,200,On-Time
DEL-03690,PO-03690,SUP06,2024-09-12,2024-09-21,2024-09-21,150,On-Time
DEL-03691,PO-03691,SUP14,2024-09-12,2024-09-18,2024-09-18,500,On-Time
DEL-03692,PO-03692,SUP03,2024-09-12,2024-09-24,2024-09-24,60,On-Time
DEL-03693,PO-03693,SUP14,2024-09-12,2024-09-20,2024-09-20,200,On-Time
DEL-03694,PO-03694,SUP08,2024-09-12,2024-09-22,2024-09-22,300,On-Time
DEL-03695,PO-03695,SUP15,2024-09-13,2024-09-20,2024-09-18,200,On-Time
DEL-03696,PO-03696,SUP14,2024-09-13,2024-09-19,2024-09-19,400,On-Time
DEL-03697,PO-03697,SUP01,2024-09-13,2024-09-25,2024-09-24,500,On-Time
DEL-03698,PO-03698,SUP03,2024-09-13,2024-09-23,2024-09-22,150,On-Time
DEL-03699,PO-03699,SUP12,2024-09-13,2024-09-21,2024-09-24,100,Delayed
DEL-03700,PO-03700,SUP01,2024-09-13,2024-09-27,2024-09-27,30,On-Time
DEL-03701,PO-03701,SUP03,2024-09-13,2024-09-22,2024-09-22,400,On-Time
DEL-03702,PO-03702,SUP15,2024-09-13,2024-09-20,2024-09-24,150,Delayed
DEL-03703,PO-03703,SUP05,2024-09-13,2024-09-18,2024-09-23,300,Delayed
DEL-03704,PO-03704,SUP05,2024-09-13,2024-09-18,2024-09-18,400,On-Time
DEL-03705,PO-03705,SUP13,2024-09-13,2024-09-28,2024-10-03,40,Delayed
DEL-03706,PO-03706,SUP14,2024-09-13,2024-09-20,2024-09-20,400,On-Time
DEL-03707,PO-03707,SUP05,2024-09-14,2024-09-20,2024-09-20,100,On-Time
DEL-03708,PO-03708,SUP15,2024-09-14,2024-09-21,2024-09-21,300,On-Time
DEL-03709,PO-03709,SUP14,2024-09-14,2024-09-20,2024-09-20,250,On-Time
DEL-03710,PO-03710,SUP14,2024-09-14,2024-09-28,2024-10-04,400,Delayed
DEL-03711,PO-03711,SUP05,2024-09-14,2024-09-22,2024-09-22,100,On-Time
DEL-03712,PO-03712,SUP15,2024-09-14,2024-09-28,2024-09-29,10,Delayed
DEL-03713,PO-03713,SUP04,2024-09-14,2024-09-28,2024-09-27,250,On-Time
DEL-03714,PO-03714,SUP03,2024-09-14,2024-09-29,2024-09-29,60,On-Time
DEL-03715,PO-03715,SUP06,2024-09-14,2024-09-26,2024-09-26,120,On-Time
DEL-03716,PO-03716,SUP07,2024-09-14,2024-09-25,2024-09-25,500,On-Time
DEL-03717,PO-03717,SUP05,2024-09-14,2024-09-20,2024-09-20,100,On-Time
DEL-03718,PO-03718,SUP15,2024-09-15,2024-10-06,2024-10-07,100,Delayed
DEL-03719,PO-03719,SUP09,2024-09-15,2024-09-20,2024-09-18,400,On-Time
DEL-03720,PO-03720,SUP14,2024-09-15,2024-09-30,2024-09-29,50,On-Time
DEL-03721,PO-03721,SUP03,2024-09-15,2024-09-30,2024-09-30,80,On-Time
DEL-03722,PO-03722,SUP15,2024-09-15,2024-09-20,2024-09-23,100,Delayed
DEL-03723,PO-03723,SUP14,2024-09-15,2024-09-23,2024-09-23,500,On-Time
DEL-03724,PO-03724,SUP15,2024-09-15,2024-09-20,2024-09-20,400,On-Time
DEL-03725,PO-03725,SUP13,2024-09-15,2024-09-26,2024-09-26,100,On-Time
DEL-03726,PO-03726,SUP15,2024-09-15,2024-09-25,2024-09-25,80,On-Time
DEL-03727,PO-03727,SUP03,2024-09-15,2024-09-27,2024-09-27,40,On-Time
DEL-03728,PO-03728,SUP05,2024-09-15,2024-09-22,2024-09-22,500,On-Time
DEL-03729,PO-03729,SUP09,2024-09-15,2024-09-25,2024-09-25,50,On-Time
DEL-03730,PO-03730,SUP07,2024-09-15,2024-09-29,2024-09-29,300,On-Time
DEL-03731,PO-03731,SUP01,2024-09-16,2024-09-23,2024-09-23,200,On-Time
DEL-03732,PO-03732,SUP02,2024-09-16,2024-09-28,2024-09-28,100,On-Time
DEL-03733,PO-03733,SUP10,2024-09-16,2024-10-01,2024-10-01,60,On-Time
DEL-03734,PO-03734,SUP10,2024-09-16,2024-09-30,2024-09-30,40,On-Time
DEL-03735,PO-03735,SUP08,2024-09-16,2024-09-26,2024-09-26,120,On-Time
DEL-03736,PO-03736,SUP14,2024-09-16,2024-09-21,2024-09-21,300,On-Time
DEL-03737,PO-03737,SUP08,2024-09-16,2024-09-30,2024-09-30,60,On-Time
DEL-03738,PO-03738,SUP15,2024-09-16,2024-09-21,2024-09-19,400,On-Time
DEL-03739,PO-03739,SUP14,2024-09-16,2024-09-24,2024-09-24,150,On-Time
DEL-03740,PO-03740,SUP06,2024-09-16,2024-09-23,2024-09-22,300,On-Time
DEL-03741,PO-03741,SUP14,2024-09-16,2024-09-24,2024-09-24,40,On-Time
DEL-03742,PO-03742,SUP04,2024-09-16,2024-09-28,2024-10-02,250,Delayed
DEL-03743,PO-03743,SUP14,2024-09-16,2024-09-28,2024-09-28,40,On-Time
DEL-03744,PO-03744,SUP06,2024-09-16,2024-10-02,2024-10-02,40,On-Time
DEL-03745,PO-03745,SUP04,2024-09-16,2024-09-30,2024-09-30,400,On-Time
DEL-03746,PO-03746,SUP06,2024-09-17,2024-10-05,2024-10-05,50,On-Time
DEL-03747,PO-03747,SUP13,2024-09-17,2024-09-27,2024-09-27,120,On-Time
DEL-03748,PO-03748,SUP15,2024-09-17,2024-09-24,2024-09-24,400,On-Time
DEL-03749,PO-03749,SUP01,2024-09-17,2024-10-08,2024-10-08,60,On-Time
DEL-03750,PO-03750,SUP05,2024-09-17,2024-09-22,2024-09-22,200,On-Time
DEL-03751,PO-03751,SUP09,2024-09-17,2024-09-23,2024-09-22,100,On-Time
DEL-03752,PO-03752,SUP15,2024-09-17,2024-09-22,2024-09-22,300,On-Time
DEL-03753,PO-03753,SUP15,2024-09-17,2024-09-25,2024-09-24,80,On-Time
DEL-03754,PO-03754,SUP09,2024-09-17,2024-09-22,2024-09-22,400,On-Time
DEL-03755,PO-03755,SUP15,2024-09-17,2024-09-22,2024-09-22,250,On-Time
DEL-03756,PO-03756,SUP13,2024-09-17,2024-09-27,2024-09-27,40,On-Time
DEL-03757,PO-03757,SUP08,2024-09-17,2024-10-11,2024-10-11,30,On-Time
DEL-03758,PO-03758,SUP07,2024-09-17,2024-09-27,2024-09-27,40,On-Time
DEL-03759,PO-03759,SUP15,2024-09-17,2024-09-24,2024-09-24,200,On-Time
DEL-03760,PO-03760,SUP09,2024-09-18,2024-09-26,2024-09-26,200,On-Time
DEL-03761,PO-03761,SUP15,2024-09-18,2024-09-23,2024-09-21,150,On-Time
DEL-03762,PO-03762,SUP09,2024-09-18,2024-09-26,2024-09-28,100,Delayed
DEL-03763,PO-03763,SUP15,2024-09-18,2024-10-02,2024-10-02,500,On-Time
DEL-03764,PO-03764,SUP05,2024-09-18,2024-09-25,2024-09-26,400,Delayed
DEL-03765,PO-03765,SUP11,2024-09-18,2024-10-09,2024-10-09,50,On-Time
DEL-03766,PO-03766,SUP02,2024-09-18,2024-09-25,2024-09-25,150,On-Time
DEL-03767,PO-03767,SUP01,2024-09-18,2024-09-26,2024-09-24,500,On-Time
DEL-03768,PO-03768,SUP01,2024-09-18,2024-09-30,2024-09-30,400,On-Time
DEL-03769,PO-03769,SUP11,2024-09-18,2024-10-02,2024-10-02,400,On-Time
DEL-03770,PO-03770,SUP15,2024-09-18,2024-10-06,2024-10-06,80,On-Time
DEL-03771,PO-03771,SUP11,2024-09-18,2024-09-26,2024-09-26,120,On-Time
DEL-03772,PO-03772,SUP11,2024-09-19,2024-09-26,2024-09-26,200,On-Time
DEL-03773,PO-03773,SUP01,2024-09-19,2024-09-27,2024-09-27,100,On-Time
DEL-03774,PO-03774,SUP13,2024-09-19,2024-10-04,2024-10-04,60,On-Time
DEL-03775,PO-03775,SUP03,2024-09-19,2024-10-03,2024-10-03,50,On-Time
DEL-03776,PO-03776,SUP10,2024-09-19,2024-10-05,2024-10-09,40,Delayed
DEL-03777,PO-03777,SUP15,2024-09-19,2024-09-25,2024-09-25,500,On-Time
DEL-03778,PO-03778,SUP12,2024-09-19,2024-10-05,2024-10-05,20,On-Time
DEL-03779,PO-03779,SUP09,2024-09-20,2024-10-02,2024-10-02,100,On-Time
DEL-03780,PO-03780,SUP06,2024-09-20,2024-10-10,2024-10-10,40,On-Time
DEL-03781,PO-03781,SUP01,2024-09-20,2024-10-08,2024-10-08,100,On-Time
DEL-03782,PO-03782,SUP09,2024-09-20,2024-10-02,2024-10-02,120,On-Time
DEL-03783,PO-03783,SUP14,2024-09-20,2024-09-28,2024-09-28,500,On-Time
DEL-03784,PO-03784,SUP11,2024-09-20,2024-10-08,2024-10-08,50,On-Time
DEL-03785,PO-03785,SUP15,2024-09-20,2024-09-28,2024-09-28,100,On-Time
DEL-03786,PO-03786,SUP01,2024-09-20,2024-09-30,2024-09-30,40,On-Time
DEL-03787,PO-03787,SUP01,2024-09-20,2024-09-27,2024-09-25,250,On-Time
DEL-03788,PO-03788,SUP09,2024-09-20,2024-09-28,2024-09-28,150,On-Time
DEL-03789,PO-03789,SUP12,2024-09-20,2024-09-27,2024-09-27,500,On-Time
DEL-03790,PO-03790,SUP06,2024-09-21,2024-09-28,2024-09-28,400,On-Time
DEL-03791,PO-03791,SUP06,2024-09-21,2024-10-06,2024-10-06,40,On-Time
DEL-03792,PO-03792,SUP02,2024-09-21,2024-10-01,2024-10-01,250,On-Time
DEL-03793,PO-03793,SUP15,2024-09-21,2024-10-06,2024-10-06,100,On-Time
DEL-03794,PO-03794,SUP03,2024-09-21,2024-09-30,2024-09-30,500,On-Time
DEL-03795,PO-03795,SUP01,2024-09-21,2024-10-01,2024-10-01,300,On-Time
DEL-03796,PO-03796,SUP05,2024-09-21,2024-09-27,2024-09-26,100,On-Time
DEL-03797,PO-03797,SUP06,2024-09-21,2024-09-28,2024-09-27,150,On-Time
DEL-03798,PO-03798,SUP08,2024-09-21,2024-10-03,2024-10-03,50,On-Time
DEL-03799,PO-03799,SUP15,2024-09-21,2024-10-05,2024-10-08,40,Delayed
DEL-03800,PO-03800,SUP11,2024-09-21,2024-09-28,2024-09-28,300,On-Time
DEL-03801,PO-03801,SUP08,2024-09-21,2024-10-05,2024-10-05,15,On-Time
DEL-03802,PO-03802,SUP12,2024-09-21,2024-09-29,2024-09-29,100,On-Time
DEL-03803,PO-03803,SUP05,2024-09-22,2024-09-28,2024-09-28,300,On-Time
DEL-03804,PO-03804,SUP06,2024-09-22,2024-10-02,2024-10-02,200,On-Time
DEL-03805,PO-03805,SUP10,2024-09-22,2024-10-01,2024-10-01,200,On-Time
DEL-03806,PO-03806,SUP10,2024-09-22,2024-10-01,2024-10-03,100,Delayed
DEL-03807,PO-03807,SUP05,2024-09-22,2024-09-30,2024-09-30,250,On-Time
DEL-03808,PO-03808,SUP01,2024-09-22,2024-10-10,2024-10-10,100,On-Time
DEL-03809,PO-03809,SUP01,2024-09-22,2024-10-07,2024-10-07,50,On-Time
DEL-03810,PO-03810,SUP02,2024-09-22,2024-10-10,2024-10-10,100,On-Time
DEL-03811,PO-03811,SUP12,2024-09-22,2024-09-29,2024-10-04,500,Delayed
DEL-03812,PO-03812,SUP13,2024-09-22,2024-10-08,2024-10-08,30,On-Time
DEL-03813,PO-03813,SUP02,2024-09-22,2024-10-02,2024-10-02,200,On-Time
DEL-03814,PO-03814,SUP05,2024-09-22,2024-09-28,2024-09-28,500,On-Time
DEL-03815,PO-03815,SUP08,2024-09-23,2024-10-02,2024-10-02,300,On-Time
DEL-03816,PO-03816,SUP05,2024-09-23,2024-10-03,2024-10-03,100,On-Time
DEL-03817,PO-03817,SUP01,2024-09-23,2024-10-01,2024-10-01,120,On-Time
DEL-03818,PO-03818,SUP02,2024-09-23,2024-10-14,2024-10-14,100,On-Time
DEL-03819,PO-03819,SUP14,2024-09-23,2024-10-01,2024-10-01,60,On-Time
DEL-03820,PO-03820,SUP08,2024-09-23,2024-10-02,2024-10-02,400,On-Time
DEL-03821,PO-03821,SUP01,2024-09-23,2024-09-30,2024-09-30,300,On-Time
DEL-03822,PO-03822,SUP09,2024-09-23,2024-10-02,2024-10-02,120,On-Time
DEL-03823,PO-03823,SUP04,2024-09-23,2024-10-07,2024-10-07,40,On-Time
DEL-03824,PO-03824,SUP09,2024-09-23,2024-09-29,2024-09-29,500,On-Time
DEL-03825,PO-03825,SUP14,2024-09-23,2024-09-29,2024-09-29,500,On-Time
DEL-03826,PO-03826,SUP14,2024-09-24,2024-10-08,2024-10-08,100,On-Time
DEL-03827,PO-03827,SUP04,2024-09-24,2024-10-06,2024-10-06,250,On-Time
DEL-03828,PO-03828,SUP14,2024-09-24,2024-10-01,2024-10-01,150,On-Time
DEL-03829,PO-03829,SUP06,2024-09-24,2024-10-08,2024-10-08,250,On-Time
DEL-03830,PO-03830,SUP03,2024-09-24,2024-10-08,2024-10-08,100,On-Time
DEL-03831,PO-03831,SUP09,2024-09-24,2024-09-29,2024-09-29,300,On-Time
DEL-03832,PO-03832,SUP15,2024-09-24,2024-10-01,2024-09-30,500,On-Time
DEL-03833,PO-03833,SUP01,2024-09-24,2024-10-04,2024-10-04,400,On-Time
DEL-03834,PO-03834,SUP11,2024-09-24,2024-10-04,2024-10-04,300,On-Time
DEL-03835,PO-03835,SUP01,2024-09-24,2024-10-08,2024-10-08,400,On-Time
DEL-03836,PO-03836,SUP01,2024-09-24,2024-10-09,2024-10-09,60,On-Time
DEL-03837,PO-03837,SUP15,2024-09-24,2024-10-12,2024-10-21,10,Delayed
DEL-03838,PO-03838,SUP15,2024-09-24,2024-09-30,2024-09-30,250,On-Time
DEL-03839,PO-03839,SUP15,2024-09-24,2024-09-30,2024-09-30,150,On-Time
DEL-03840,PO-03840,SUP06,2024-09-24,2024-10-12,2024-10-12,40,On-Time
DEL-03841,PO-03841,SUP11,2024-09-24,2024-10-04,2024-10-04,100,On-Time
DEL-03842,PO-03842,SUP06,2024-09-24,2024-10-06,2024-10-06,100,On-Time
DEL-03843,PO-03843,SUP15,2024-09-24,2024-10-02,2024-10-02,50,On-Time
DEL-03844,PO-03844,SUP15,2024-09-24,2024-10-01,2024-10-01,200,On-Time
DEL-03845,PO-03845,SUP03,2024-09-24,2024-10-10,2024-10-26,120,Delayed
DEL-03846,PO-03846,SUP09,2024-09-24,2024-09-29,2024-09-27,150,On-Time
DEL-03847,PO-03847,SUP11,2024-09-25,2024-10-16,2024-10-14,120,On-Time
DEL-03848,PO-03848,SUP09,2024-09-25,2024-10-01,2024-10-01,250,On-Time
DEL-03849,PO-03849,SUP09,2024-09-25,2024-10-04,2024-10-04,50,On-Time
DEL-03850,PO-03850,SUP05,2024-09-25,2024-10-02,2024-10-02,150,On-Time
DEL-03851,PO-03851,SUP01,2024-09-25,2024-10-07,2024-10-07,300,On-Time
DEL-03852,PO-03852,SUP14,2024-09-25,2024-10-02,2024-10-02,400,On-Time
DEL-03853,PO-03853,SUP05,2024-09-25,2024-10-01,2024-09-30,300,On-Time
DEL-03854,PO-03854,SUP14,2024-09-25,2024-10-13,2024-10-12,15,On-Time
DEL-03855,PO-03855,SUP05,2024-09-25,2024-10-04,2024-10-04,100,On-Time
DEL-03856,PO-03856,SUP07,2024-09-25,2024-10-05,2024-10-05,80,On-Time
DEL-03857,PO-03857,SUP15,2024-09-25,2024-10-02,2024-10-02,200,On-Time
DEL-03858,PO-03858,SUP04,2024-09-26,2024-10-10,2024-10-10,40,On-Time
DEL-03859,PO-03859,SUP14,2024-09-26,2024-10-07,2024-10-07,500,On-Time
DEL-03860,PO-03860,SUP09,2024-09-26,2024-10-03,2024-10-02,250,On-Time
DEL-03861,PO-03861,SUP13,2024-09-26,2024-10-07,2024-10-07,100,On-Time
DEL-03862,PO-03862,SUP03,2024-09-26,2024-10-11,2024-10-11,100,On-Time
DEL-03863,PO-03863,SUP14,2024-09-26,2024-10-08,2024-10-08,250,On-Time
DEL-03864,PO-03864,SUP08,2024-09-26,2024-10-08,2024-10-08,100,On-Time
DEL-03865,PO-03865,SUP11,2024-09-26,2024-10-08,2024-10-08,500,On-Time
DEL-03866,PO-03866,SUP15,2024-09-26,2024-10-04,2024-10-03,500,On-Time
DEL-03867,PO-03867,SUP03,2024-09-26,2024-10-14,2024-10-13,80,On-Time
DEL-03868,PO-03868,SUP15,2024-09-26,2024-10-03,2024-10-05,300,Delayed
DEL-03869,PO-03869,SUP07,2024-09-26,2024-10-11,2024-10-11,60,On-Time
DEL-03870,PO-03870,SUP15,2024-09-26,2024-10-10,2024-10-10,500,On-Time
DEL-03871,PO-03871,SUP15,2024-09-26,2024-10-02,2024-10-02,400,On-Time
DEL-03872,PO-03872,SUP09,2024-09-26,2024-10-02,2024-10-03,200,Delayed
DEL-03873,PO-03873,SUP05,2024-09-26,2024-10-08,2024-10-08,60,On-Time
DEL-03874,PO-03874,SUP10,2024-09-26,2024-10-12,2024-10-13,100,Delayed
DEL-03875,PO-03875,SUP09,2024-09-26,2024-10-06,2024-10-06,40,On-Time
DEL-03876,PO-03876,SUP11,2024-09-26,2024-10-06,2024-10-06,400,On-Time
DEL-03877,PO-03877,SUP03,2024-09-26,2024-10-06,2024-10-06,200,On-Time
DEL-03878,PO-03878,SUP06,2024-09-27,2024-10-04,2024-10-04,200,On-Time
DEL-03879,PO-03879,SUP15,2024-09-27,2024-10-04,2024-10-04,250,On-Time
DEL-03880,PO-03880,SUP14,2024-09-27,2024-10-05,2024-10-05,150,On-Time
DEL-03881,PO-03881,SUP11,2024-09-27,2024-10-17,2024-10-17,80,On-Time
DEL-03882,PO-03882,SUP15,2024-09-27,2024-10-05,2024-10-06,150,Delayed
DEL-03883,PO-03883,SUP02,2024-09-27,2024-10-04,2024-10-04,400,On-Time
DEL-03884,PO-03884,SUP06,2024-09-27,2024-10-11,2024-10-11,300,On-Time
DEL-03885,PO-03885,SUP06,2024-09-27,2024-10-11,2024-10-11,200,On-Time
DEL-03886,PO-03886,SUP01,2024-09-27,2024-10-09,2024-10-08,50,On-Time
DEL-03887,PO-03887,SUP02,2024-09-27,2024-10-15,2024-10-15,100,On-Time
DEL-03888,PO-03888,SUP11,2024-09-27,2024-10-07,2024-10-07,150,On-Time
DEL-03889,PO-03889,SUP15,2024-09-27,2024-10-13,2024-10-13,20,On-Time
DEL-03890,PO-03890,SUP15,2024-09-27,2024-10-04,2024-10-19,400,Delayed
DEL-03891,PO-03891,SUP15,2024-09-27,2024-10-04,2024-10-04,400,On-Time
DEL-03892,PO-03892,SUP07,2024-09-27,2024-10-05,2024-10-23,80,Delayed
DEL-03893,PO-03893,SUP14,2024-09-27,2024-10-04,2024-10-04,300,On-Time
DEL-03894,PO-03894,SUP06,2024-09-27,2024-10-07,2024-10-07,200,On-Time
DEL-03895,PO-03895,SUP12,2024-09-27,2024-10-07,2024-10-07,40,On-Time
DEL-03896,PO-03896,SUP10,2024-09-27,2024-10-11,2024-10-09,80,On-Time
DEL-03897,PO-03897,SUP14,2024-09-27,2024-10-02,2024-10-01,150,On-Time
DEL-03898,PO-03898,SUP15,2024-09-27,2024-10-05,2024-10-07,500,Delayed
DEL-03899,PO-03899,SUP02,2024-09-27,2024-10-04,2024-10-03,300,On-Time
DEL-03900,PO-03900,SUP06,2024-09-28,2024-10-07,2024-10-05,250,On-Time
DEL-03901,PO-03901,SUP01,2024-09-28,2024-10-08,2024-10-09,100,Delayed
DEL-03902,PO-03902,SUP07,2024-09-28,2024-10-16,2024-10-16,10,On-Time
DEL-03903,PO-03903,SUP05,2024-09-28,2024-10-03,2024-10-03,150,On-Time
DEL-03904,PO-03904,SUP01,2024-09-28,2024-10-20,2024-10-20,15,On-Time
DEL-03905,PO-03905,SUP15,2024-09-28,2024-10-10,2024-10-27,120,Delayed
DEL-03906,PO-03906,SUP08,2024-09-28,2024-10-05,2024-10-05,300,On-Time
DEL-03907,PO-03907,SUP09,2024-09-28,2024-10-03,2024-10-02,100,On-Time
DEL-03908,PO-03908,SUP07,2024-09-28,2024-10-10,2024-10-10,250,On-Time
DEL-03909,PO-03909,SUP11,2024-09-29,2024-10-19,2024-10-19,40,On-Time
DEL-03910,PO-03910,SUP06,2024-09-29,2024-10-09,2024-10-09,150,On-Time
DEL-03911,PO-03911,SUP12,2024-09-29,2024-10-14,2024-10-12,80,On-Time
DEL-03912,PO-03912,SUP14,2024-09-29,2024-10-07,2024-10-07,400,On-Time
DEL-03913,PO-03913,SUP02,2024-09-29,2024-10-06,2024-10-06,300,On-Time
DEL-03914,PO-03914,SUP03,2024-09-29,2024-10-13,2024-10-13,60,On-Time
DEL-03915,PO-03915,SUP03,2024-09-29,2024-10-17,2024-10-17,100,On-Time
DEL-03916,PO-03916,SUP10,2024-09-29,2024-10-15,2024-10-22,40,Delayed
DEL-03917,PO-03917,SUP11,2024-09-29,2024-10-14,2024-10-14,50,On-Time
DEL-03918,PO-03918,SUP08,2024-09-29,2024-10-11,2024-10-11,40,On-Time
DEL-03919,PO-03919,SUP14,2024-09-29,2024-10-07,2024-10-07,50,On-Time
DEL-03920,PO-03920,SUP06,2024-09-29,2024-10-09,2024-10-09,200,On-Time
DEL-03921,PO-03921,SUP05,2024-09-29,2024-10-05,2024-10-05,150,On-Time
DEL-03922,PO-03922,SUP05,2024-09-29,2024-10-11,2024-10-11,50,On-Time
DEL-03923,PO-03923,SUP15,2024-09-29,2024-10-10,2024-10-12,300,Delayed
DEL-03924,PO-03924,SUP07,2024-09-29,2024-10-10,2024-10-10,200,On-Time
DEL-03925,PO-03925,SUP03,2024-09-29,2024-10-11,2024-10-11,80,On-Time
DEL-03926,PO-03926,SUP14,2024-09-29,2024-10-08,2024-10-08,80,On-Time
DEL-03927,PO-03927,SUP15,2024-09-29,2024-10-11,2024-10-10,200,On-Time
DEL-03928,PO-03928,SUP14,2024-09-29,2024-10-10,2024-10-10,300,On-Time
DEL-03929,PO-03929,SUP09,2024-09-29,2024-10-06,2024-10-06,500,On-Time
DEL-03930,PO-03930,SUP01,2024-09-29,2024-10-13,2024-10-13,200,On-Time
DEL-03931,PO-03931,SUP15,2024-09-30,2024-10-06,2024-10-06,500,On-Time
DEL-03932,PO-03932,SUP15,2024-09-30,2024-10-06,2024-10-07,250,Delayed
DEL-03933,PO-03933,SUP06,2024-09-30,2024-10-10,2024-10-10,100,On-Time
DEL-03934,PO-03934,SUP09,2024-09-30,2024-10-06,2024-10-06,250,On-Time
DEL-03935,PO-03935,SUP07,2024-09-30,2024-10-16,2024-10-16,40,On-Time
DEL-03936,PO-03936,SUP02,2024-09-30,2024-10-07,2024-10-07,100,On-Time
DEL-03937,PO-03937,SUP14,2024-09-30,2024-10-10,2024-10-09,40,On-Time
DEL-03938,PO-03938,SUP06,2024-09-30,2024-10-07,2024-10-07,300,On-Time
DEL-03939,PO-03939,SUP11,2024-09-30,2024-10-14,2024-10-14,300,On-Time
DEL-03940,PO-03940,SUP14,2024-09-30,2024-10-07,2024-10-05,200,On-Time
DEL-03941,PO-03941,SUP06,2024-09-30,2024-10-18,2024-10-17,50,On-Time
DEL-03942,PO-03942,SUP08,2024-09-30,2024-10-10,2024-10-10,50,On-Time
DEL-03943,PO-03943,SUP15,2024-09-30,2024-10-05,2024-10-05,150,On-Time
DEL-03944,PO-03944,SUP07,2024-09-30,2024-10-12,2024-10-12,300,On-Time
DEL-03945,PO-03945,SUP05,2024-10-01,2024-10-06,2024-10-06,250,On-Time
DEL-03946,PO-03946,SUP05,2024-10-01,2024-10-08,2024-10-08,300,On-Time
DEL-03947,PO-03947,SUP09,2024-10-01,2024-10-09,2024-10-08,400,On-Time
DEL-03948,PO-03948,SUP15,2024-10-01,2024-10-13,2024-10-13,120,On-Time
DEL-03949,PO-03949,SUP15,2024-10-01,2024-10-15,2024-10-14,15,On-Time
DEL-03950,PO-03950,SUP08,2024-10-01,2024-10-16,2024-10-16,40,On-Time
DEL-03951,PO-03951,SUP11,2024-10-01,2024-10-08,2024-10-07,150,On-Time
DEL-03952,PO-03952,SUP15,2024-10-01,2024-10-11,2024-10-11,200,On-Time
DEL-03953,PO-03953,SUP07,2024-10-01,2024-10-12,2024-10-12,300,On-Time
DEL-03954,PO-03954,SUP12,2024-10-01,2024-10-09,2024-10-09,250,On-Time
DEL-03955,PO-03955,SUP15,2024-10-01,2024-10-09,2024-10-09,100,On-Time
DEL-03956,PO-03956,SUP09,2024-10-01,2024-10-06,2024-10-04,250,On-Time
DEL-03957,PO-03957,SUP01,2024-10-02,2024-10-20,2024-10-20,80,On-Time
DEL-03958,PO-03958,SUP05,2024-10-02,2024-10-08,2024-10-08,100,On-Time
DEL-03959,PO-03959,SUP15,2024-10-02,2024-10-14,2024-10-14,250,On-Time
DEL-03960,PO-03960,SUP02,2024-10-02,2024-10-20,2024-10-19,80,On-Time
DEL-03961,PO-03961,SUP08,2024-10-02,2024-10-12,2024-10-12,500,On-Time
DEL-03962,PO-03962,SUP14,2024-10-02,2024-10-08,2024-10-10,200,Delayed
DEL-03963,PO-03963,SUP11,2024-10-02,2024-10-09,2024-10-08,100,On-Time
DEL-03964,PO-03964,SUP01,2024-10-02,2024-10-16,2024-10-26,30,Delayed
DEL-03965,PO-03965,SUP05,2024-10-02,2024-10-10,2024-10-10,300,On-Time
DEL-03966,PO-03966,SUP15,2024-10-02,2024-10-08,2024-10-08,100,On-Time
DEL-03967,PO-03967,SUP15,2024-10-02,2024-10-13,2024-10-13,250,On-Time
DEL-03968,PO-03968,SUP11,2024-10-02,2024-10-09,2024-10-09,150,On-Time
DEL-03969,PO-03969,SUP15,2024-10-02,2024-10-14,2024-10-13,400,On-Time
DEL-03970,PO-03970,SUP08,2024-10-02,2024-10-10,2024-10-10,50,On-Time
DEL-03971,PO-03971,SUP15,2024-10-02,2024-10-09,2024-10-09,300,On-Time
DEL-03972,PO-03972,SUP05,2024-10-02,2024-10-07,2024-10-07,200,On-Time
DEL-03973,PO-03973,SUP15,2024-10-02,2024-10-08,2024-10-08,400,On-Time
DEL-03974,PO-03974,SUP13,2024-10-03,2024-10-18,2024-10-18,60,On-Time
DEL-03975,PO-03975,SUP15,2024-10-03,2024-10-15,2024-10-15,100,On-Time
DEL-03976,PO-03976,SUP06,2024-10-03,2024-10-13,2024-10-13,150,On-Time
DEL-03977,PO-03977,SUP08,2024-10-03,2024-10-12,2024-10-12,300,On-Time
DEL-03978,PO-03978,SUP01,2024-10-03,2024-10-11,2024-10-11,60,On-Time
DEL-03979,PO-03979,SUP02,2024-10-03,2024-10-23,2024-10-23,100,On-Time
DEL-03980,PO-03980,SUP09,2024-10-03,2024-10-10,2024-10-10,400,On-Time
DEL-03981,PO-03981,SUP14,2024-10-03,2024-10-10,2024-10-10,400,On-Time
DEL-03982,PO-03982,SUP06,2024-10-03,2024-10-12,2024-10-12,150,On-Time
DEL-03983,PO-03983,SUP14,2024-10-03,2024-10-11,2024-10-13,50,Delayed
DEL-03984,PO-03984,SUP05,2024-10-03,2024-10-10,2024-10-10,150,On-Time
DEL-03985,PO-03985,SUP05,2024-10-03,2024-10-08,2024-10-08,250,On-Time
DEL-03986,PO-03986,SUP05,2024-10-03,2024-10-09,2024-10-09,250,On-Time
DEL-03987,PO-03987,SUP07,2024-10-03,2024-10-17,2024-10-17,60,On-Time
DEL-03988,PO-03988,SUP13,2024-10-03,2024-10-17,2024-10-17,250,On-Time
DEL-03989,PO-03989,SUP14,2024-10-03,2024-10-08,2024-10-09,150,Delayed
DEL-03990,PO-03990,SUP15,2024-10-03,2024-10-08,2024-10-08,100,On-Time
DEL-03991,PO-03991,SUP02,2024-10-04,2024-10-11,2024-10-11,400,On-Time
DEL-03992,PO-03992,SUP10,2024-10-04,2024-10-19,2024-10-19,50,On-Time
DEL-03993,PO-03993,SUP14,2024-10-04,2024-10-12,2024-10-12,400,On-Time
DEL-03994,PO-03994,SUP05,2024-10-04,2024-10-16,2024-10-16,40,On-Time
DEL-03995,PO-03995,SUP05,2024-10-04,2024-10-12,2024-10-12,250,On-Time
DEL-03996,PO-03996,SUP02,2024-10-04,2024-10-16,2024-10-15,500,On-Time
DEL-03997,PO-03997,SUP12,2024-10-04,2024-10-19,2024-10-19,50,On-Time
DEL-03998,PO-03998,SUP13,2024-10-04,2024-10-18,2024-10-18,500,On-Time
DEL-03999,PO-03999,SUP14,2024-10-04,2024-10-10,2024-10-10,300,On-Time
DEL-04000,PO-04000,SUP01,2024-10-04,2024-10-12,2024-10-12,40,On-Time
DEL-04001,PO-04001,SUP11,2024-10-04,2024-10-12,2024-10-12,100,On-Time
DEL-04002,PO-04002,SUP04,2024-10-04,2024-10-16,2024-10-16,100,On-Time
DEL-04003,PO-04003,SUP14,2024-10-04,2024-10-14,2024-10-14,120,On-Time
DEL-04004,PO-04004,SUP03,2024-10-04,2024-10-20,2024-10-20,50,On-Time
DEL-04005,PO-04005,SUP15,2024-10-04,2024-10-18,2024-10-16,500,On-Time
DEL-04006,PO-04006,SUP14,2024-10-04,2024-10-18,2024-10-18,60,On-Time
DEL-04007,PO-04007,SUP14,2024-10-04,2024-10-11,2024-10-11,300,On-Time
DEL-04008,PO-04008,SUP01,2024-10-04,2024-10-14,2024-10-18,300,Delayed
DEL-04009,PO-04009,SUP15,2024-10-05,2024-10-20,2024-10-19,50,On-Time
DEL-04010,PO-04010,SUP06,2024-10-05,2024-10-17,2024-10-16,500,On-Time
DEL-04011,PO-04011,SUP02,2024-10-05,2024-10-15,2024-10-15,100,On-Time
DEL-04012,PO-04012,SUP15,2024-10-05,2024-10-14,2024-10-14,100,On-Time
DEL-04013,PO-04013,SUP15,2024-10-05,2024-10-13,2024-10-13,200,On-Time
DEL-04014,PO-04014,SUP01,2024-10-05,2024-10-15,2024-10-15,400,On-Time
DEL-04015,PO-04015,SUP06,2024-10-05,2024-10-23,2024-10-23,50,On-Time
DEL-04016,PO-04016,SUP14,2024-10-05,2024-10-13,2024-10-13,400,On-Time
DEL-04017,PO-04017,SUP09,2024-10-05,2024-10-12,2024-10-11,100,On-Time
DEL-04018,PO-04018,SUP01,2024-10-05,2024-11-02,2024-11-02,15,On-Time
DEL-04019,PO-04019,SUP14,2024-10-05,2024-10-10,2024-10-10,500,On-Time
DEL-04020,PO-04020,SUP03,2024-10-05,2024-10-23,2024-10-25,100,Delayed
DEL-04021,PO-04021,SUP15,2024-10-05,2024-10-12,2024-10-11,500,On-Time
DEL-04022,PO-04022,SUP15,2024-10-05,2024-10-15,2024-10-16,250,Delayed
DEL-04023,PO-04023,SUP12,2024-10-06,2024-10-21,2024-10-21,80,On-Time
DEL-04024,PO-04024,SUP09,2024-10-06,2024-10-15,2024-10-15,40,On-Time
DEL-04025,PO-04025,SUP15,2024-10-06,2024-10-18,2024-10-18,120,On-Time
DEL-04026,PO-04026,SUP15,2024-10-06,2024-10-27,2024-10-27,60,On-Time
DEL-04027,PO-04027,SUP03,2024-10-06,2024-10-22,2024-10-22,40,On-Time
DEL-04028,PO-04028,SUP10,2024-10-06,2024-11-03,2024-11-03,20,On-Time
DEL-04029,PO-04029,SUP08,2024-10-06,2024-10-14,2024-10-23,150,Delayed
DEL-04030,PO-04030,SUP15,2024-10-06,2024-10-12,2024-10-12,300,On-Time
DEL-04031,PO-04031,SUP14,2024-10-06,2024-10-22,2024-10-22,30,On-Time
DEL-04032,PO-04032,SUP04,2024-10-06,2024-10-21,2024-10-21,100,On-Time
DEL-04033,PO-04033,SUP06,2024-10-06,2024-10-27,2024-10-27,80,On-Time
DEL-04034,PO-04034,SUP05,2024-10-07,2024-10-12,2024-10-12,300,On-Time
DEL-04035,PO-04035,SUP15,2024-10-07,2024-10-12,2024-10-12,300,On-Time
DEL-04036,PO-04036,SUP04,2024-10-07,2024-10-18,2024-10-16,300,On-Time
DEL-04037,PO-04037,SUP14,2024-10-07,2024-10-12,2024-10-12,100,On-Time
DEL-04038,PO-04038,SUP10,2024-10-07,2024-10-16,2024-10-16,250,On-Time
DEL-04039,PO-04039,SUP01,2024-10-07,2024-10-19,2024-10-19,150,On-Time
DEL-04040,PO-04040,SUP05,2024-10-07,2024-10-13,2024-10-13,400,On-Time
DEL-04041,PO-04041,SUP12,2024-10-07,2024-10-15,2024-10-15,50,On-Time
DEL-04042,PO-04042,SUP02,2024-10-07,2024-10-21,2024-10-20,100,On-Time
DEL-04043,PO-04043,SUP01,2024-10-07,2024-10-15,2024-10-15,80,On-Time
DEL-04044,PO-04044,SUP15,2024-10-07,2024-10-14,2024-10-14,400,On-Time
DEL-04045,PO-04045,SUP06,2024-10-07,2024-10-21,2024-10-21,400,On-Time
DEL-04046,PO-04046,SUP05,2024-10-07,2024-10-13,2024-10-12,400,On-Time
DEL-04047,PO-04047,SUP06,2024-10-07,2024-10-21,2024-10-21,100,On-Time
DEL-04048,PO-04048,SUP15,2024-10-08,2024-10-14,2024-10-14,500,On-Time
DEL-04049,PO-04049,SUP12,2024-10-08,2024-10-23,2024-10-23,100,On-Time
DEL-04050,PO-04050,SUP04,2024-10-08,2024-10-26,2024-10-25,15,On-Time
DEL-04051,PO-04051,SUP15,2024-10-08,2024-10-20,2024-10-19,300,On-Time
DEL-04052,PO-04052,SUP08,2024-10-08,2024-10-20,2024-10-20,40,On-Time
DEL-04053,PO-04053,SUP06,2024-10-08,2024-10-22,2024-10-22,300,On-Time
DEL-04054,PO-04054,SUP15,2024-10-08,2024-10-22,2024-10-21,150,On-Time
DEL-04055,PO-04055,SUP05,2024-10-08,2024-10-14,2024-10-14,200,On-Time
DEL-04056,PO-04056,SUP12,2024-10-08,2024-10-15,2024-10-14,200,On-Time
DEL-04057,PO-04057,SUP14,2024-10-08,2024-10-15,2024-10-15,200,On-Time
DEL-04058,PO-04058,SUP01,2024-10-08,2024-10-28,2024-10-28,100,On-Time
DEL-04059,PO-04059,SUP15,2024-10-08,2024-10-17,2024-10-22,120,Delayed
DEL-04060,PO-04060,SUP10,2024-10-09,2024-10-18,2024-10-18,250,On-Time
DEL-04061,PO-04061,SUP09,2024-10-09,2024-10-14,2024-10-13,500,On-Time
DEL-04062,PO-04062,SUP13,2024-10-09,2024-10-20,2024-10-20,300,On-Time
DEL-04063,PO-04063,SUP05,2024-10-09,2024-10-15,2024-10-14,500,On-Time
DEL-04064,PO-04064,SUP14,2024-10-09,2024-10-15,2024-10-15,150,On-Time
DEL-04065,PO-04065,SUP09,2024-10-09,2024-10-16,2024-10-16,400,On-Time
DEL-04066,PO-04066,SUP15,2024-10-09,2024-10-24,2024-10-24,120,On-Time
DEL-04067,PO-04067,SUP14,2024-10-09,2024-10-20,2024-10-24,500,Delayed
DEL-04068,PO-04068,SUP15,2024-10-09,2024-10-14,2024-10-14,200,On-Time
DEL-04069,PO-04069,SUP14,2024-10-09,2024-10-15,2024-10-15,400,On-Time
DEL-04070,PO-04070,SUP15,2024-10-09,2024-10-17,2024-10-19,150,Delayed
DEL-04071,PO-04071,SUP15,2024-10-09,2024-10-27,2024-11-03,80,Delayed
DEL-04072,PO-04072,SUP14,2024-10-09,2024-10-15,2024-10-13,250,On-Time
DEL-04073,PO-04073,SUP14,2024-10-09,2024-10-24,2024-10-24,80,On-Time
DEL-04074,PO-04074,SUP15,2024-10-09,2024-10-18,2024-10-18,100,On-Time
DEL-04075,PO-04075,SUP14,2024-10-09,2024-10-23,2024-10-23,30,On-Time
DEL-04076,PO-04076,SUP01,2024-10-09,2024-10-16,2024-10-16,500,On-Time
DEL-04077,PO-04077,SUP01,2024-10-09,2024-10-27,2024-10-27,50,On-Time
DEL-04078,PO-04078,SUP08,2024-10-09,2024-10-17,2024-10-17,120,On-Time
DEL-04079,PO-04079,SUP15,2024-10-09,2024-10-29,2024-10-29,50,On-Time
DEL-04080,PO-04080,SUP06,2024-10-09,2024-10-17,2024-10-17,40,On-Time
DEL-04081,PO-04081,SUP15,2024-10-09,2024-10-14,2024-10-17,200,Delayed
DEL-04082,PO-04082,SUP05,2024-10-09,2024-10-21,2024-10-21,40,On-Time
DEL-04083,PO-04083,SUP12,2024-10-09,2024-10-16,2024-10-16,400,On-Time
DEL-04084,PO-04084,SUP07,2024-10-10,2024-10-18,2024-10-18,120,On-Time
DEL-04085,PO-04085,SUP06,2024-10-10,2024-10-17,2024-10-17,250,On-Time
DEL-04086,PO-04086,SUP12,2024-10-10,2024-10-18,2024-10-18,50,On-Time
DEL-04087,PO-04087,SUP07,2024-10-10,2024-10-24,2024-10-24,100,On-Time
DEL-04088,PO-04088,SUP10,2024-10-10,2024-10-20,2024-10-20,100,On-Time
DEL-04089,PO-04089,SUP14,2024-10-10,2024-10-17,2024-10-17,200,On-Time
DEL-04090,PO-04090,SUP15,2024-10-10,2024-10-22,2024-10-22,100,On-Time
DEL-04091,PO-04091,SUP15,2024-10-10,2024-10-16,2024-10-15,200,On-Time
DEL-04092,PO-04092,SUP11,2024-10-10,2024-10-25,2024-10-24,120,On-Time
DEL-04093,PO-04093,SUP14,2024-10-10,2024-10-17,2024-10-17,200,On-Time
DEL-04094,PO-04094,SUP01,2024-10-10,2024-10-22,2024-10-22,150,On-Time
DEL-04095,PO-04095,SUP15,2024-10-10,2024-10-17,2024-10-17,300,On-Time
DEL-04096,PO-04096,SUP03,2024-10-10,2024-10-25,2024-10-25,50,On-Time
DEL-04097,PO-04097,SUP05,2024-10-11,2024-10-17,2024-10-17,150,On-Time
DEL-04098,PO-04098,SUP08,2024-10-11,2024-11-04,2024-11-04,10,On-Time
DEL-04099,PO-04099,SUP14,2024-10-11,2024-10-29,2024-10-29,40,On-Time
DEL-04100,PO-04100,SUP14,2024-10-11,2024-10-18,2024-10-22,250,Delayed
DEL-04101,PO-04101,SUP01,2024-10-11,2024-10-29,2024-10-28,120,On-Time
DEL-04102,PO-04102,SUP06,2024-10-11,2024-10-23,2024-10-23,100,On-Time
DEL-04103,PO-04103,SUP15,2024-10-11,2024-10-19,2024-10-19,300,On-Time
DEL-04104,PO-04104,SUP14,2024-10-11,2024-10-19,2024-10-19,300,On-Time
DEL-04105,PO-04105,SUP15,2024-10-11,2024-10-19,2024-10-19,80,On-Time
DEL-04106,PO-04106,SUP14,2024-10-11,2024-10-25,2024-10-25,400,On-Time
DEL-04107,PO-04107,SUP05,2024-10-11,2024-10-17,2024-10-17,500,On-Time
DEL-04108,PO-04108,SUP15,2024-10-11,2024-10-18,2024-10-18,100,On-Time
DEL-04109,PO-04109,SUP01,2024-10-11,2024-10-23,2024-10-24,500,Delayed
DEL-04110,PO-04110,SUP09,2024-10-11,2024-10-16,2024-10-15,200,On-Time
DEL-04111,PO-04111,SUP15,2024-10-11,2024-10-21,2024-10-21,40,On-Time
DEL-04112,PO-04112,SUP12,2024-10-12,2024-10-27,2024-10-27,120,On-Time
DEL-04113,PO-04113,SUP09,2024-10-12,2024-10-17,2024-10-17,300,On-Time
DEL-04114,PO-04114,SUP10,2024-10-12,2024-11-05,2024-11-05,40,On-Time
DEL-04115,PO-04115,SUP14,2024-10-12,2024-10-20,2024-10-21,50,Delayed
DEL-04116,PO-04116,SUP15,2024-10-12,2024-10-24,2024-10-24,150,On-Time
DEL-04117,PO-04117,SUP15,2024-10-12,2024-10-24,2024-10-23,120,On-Time
DEL-04118,PO-04118,SUP15,2024-10-12,2024-10-21,2024-10-21,80,On-Time
DEL-04119,PO-04119,SUP15,2024-10-12,2024-10-20,2024-10-20,120,On-Time
DEL-04120,PO-04120,SUP15,2024-10-12,2024-10-20,2024-10-20,250,On-Time
DEL-04121,PO-04121,SUP08,2024-10-12,2024-10-20,2024-10-20,60,On-Time
DEL-04122,PO-04122,SUP04,2024-10-13,2024-10-27,2024-10-27,100,On-Time
DEL-04123,PO-04123,SUP06,2024-10-13,2024-10-25,2024-10-24,300,On-Time
DEL-04124,PO-04124,SUP01,2024-10-13,2024-11-04,2024-11-03,20,On-Time
DEL-04125,PO-04125,SUP09,2024-10-13,2024-10-21,2024-10-29,500,Delayed
DEL-04126,PO-04126,SUP01,2024-10-13,2024-10-20,2024-10-20,300,On-Time
DEL-04127,PO-04127,SUP15,2024-10-13,2024-10-25,2024-10-25,40,On-Time
DEL-04128,PO-04128,SUP06,2024-10-13,2024-10-22,2024-10-22,100,On-Time
DEL-04129,PO-04129,SUP07,2024-10-13,2024-10-31,2024-10-30,15,On-Time
DEL-04130,PO-04130,SUP01,2024-10-13,2024-11-10,2024-11-10,10,On-Time
DEL-04131,PO-04131,SUP15,2024-10-13,2024-10-19,2024-10-19,400,On-Time
DEL-04132,PO-04132,SUP14,2024-10-13,2024-10-18,2024-10-18,500,On-Time
DEL-04133,PO-04133,SUP02,2024-10-13,2024-10-20,2024-10-20,500,On-Time
DEL-04134,PO-04134,SUP02,2024-10-13,2024-10-31,2024-10-31,80,On-Time
DEL-04135,PO-04135,SUP06,2024-10-13,2024-10-20,2024-10-20,500,On-Time
DEL-04136,PO-04136,SUP14,2024-10-13,2024-10-19,2024-10-19,500,On-Time
DEL-04137,PO-04137,SUP07,2024-10-14,2024-10-28,2024-11-09,100,Delayed
DEL-04138,PO-04138,SUP11,2024-10-14,2024-10-26,2024-10-26,150,On-Time
DEL-04139,PO-04139,SUP10,2024-10-14,2024-11-05,2024-11-05,20,On-Time
DEL-04140,PO-04140,SUP09,2024-10-14,2024-10-22,2024-10-22,150,On-Time
DEL-04141,PO-04141,SUP08,2024-10-14,2024-11-01,2024-11-01,80,On-Time
DEL-04142,PO-04142,SUP05,2024-10-14,2024-10-20,2024-10-20,200,On-Time
DEL-04143,PO-04143,SUP09,2024-10-14,2024-10-19,2024-10-19,400,On-Time
DEL-04144,PO-04144,SUP15,2024-10-14,2024-11-03,2024-11-05,40,Delayed
DEL-04145,PO-04145,SUP15,2024-10-14,2024-10-22,2024-10-22,100,On-Time
DEL-04146,PO-04146,SUP13,2024-10-14,2024-10-25,2024-10-25,400,On-Time
DEL-04147,PO-04147,SUP09,2024-10-14,2024-10-20,2024-10-20,100,On-Time
DEL-04148,PO-04148,SUP08,2024-10-14,2024-10-23,2024-10-23,250,On-Time
DEL-04149,PO-04149,SUP14,2024-10-14,2024-10-22,2024-10-22,250,On-Time
DEL-04150,PO-04150,SUP15,2024-10-14,2024-10-22,2024-10-22,100,On-Time
DEL-04151,PO-04151,SUP05,2024-10-14,2024-10-19,2024-10-19,500,On-Time
DEL-04152,PO-04152,SUP12,2024-10-14,2024-10-22,2024-10-22,300,On-Time
DEL-04153,PO-04153,SUP01,2024-10-14,2024-10-29,2024-10-29,50,On-Time
DEL-04154,PO-04154,SUP03,2024-10-14,2024-11-01,2024-11-01,80,On-Time
DEL-04155,PO-04155,SUP15,2024-10-15,2024-10-22,2024-10-22,150,On-Time
DEL-04156,PO-04156,SUP13,2024-10-15,2024-10-29,2024-10-29,200,On-Time
DEL-04157,PO-04157,SUP15,2024-10-15,2024-10-23,2024-10-29,80,Delayed
DEL-04158,PO-04158,SUP05,2024-10-15,2024-10-27,2024-10-27,80,On-Time
DEL-04159,PO-04159,SUP09,2024-10-15,2024-10-25,2024-10-25,60,On-Time
DEL-04160,PO-04160,SUP08,2024-10-15,2024-11-12,2024-11-12,40,On-Time
DEL-04161,PO-04161,SUP15,2024-10-15,2024-10-23,2024-10-27,250,Delayed
DEL-04162,PO-04162,SUP15,2024-10-15,2024-10-27,2024-10-27,100,On-Time
DEL-04163,PO-04163,SUP15,2024-10-15,2024-10-25,2024-10-25,400,On-Time
DEL-04164,PO-04164,SUP08,2024-10-15,2024-10-27,2024-10-27,40,On-Time
DEL-04165,PO-04165,SUP15,2024-10-15,2024-10-20,2024-10-20,100,On-Time
DEL-04166,PO-04166,SUP15,2024-10-15,2024-10-22,2024-10-22,400,On-Time
DEL-04167,PO-04167,SUP06,2024-10-15,2024-11-05,2024-11-05,50,On-Time
DEL-04168,PO-04168,SUP09,2024-10-15,2024-10-22,2024-10-22,400,On-Time
DEL-04169,PO-04169,SUP03,2024-10-15,2024-10-24,2024-10-24,250,On-Time
DEL-04170,PO-04170,SUP15,2024-10-15,2024-10-30,2024-10-30,100,On-Time
DEL-04171,PO-04171,SUP10,2024-10-15,2024-10-27,2024-10-27,60,On-Time
DEL-04172,PO-04172,SUP05,2024-10-15,2024-10-21,2024-10-19,500,On-Time
DEL-04173,PO-04173,SUP03,2024-10-15,2024-10-31,2024-10-30,60,On-Time
DEL-04174,PO-04174,SUP13,2024-10-15,2024-10-26,2024-10-26,300,On-Time
DEL-04175,PO-04175,SUP01,2024-10-15,2024-11-06,2024-11-06,15,On-Time
DEL-04176,PO-04176,SUP11,2024-10-15,2024-11-04,2024-11-04,40,On-Time
DEL-04177,PO-04177,SUP15,2024-10-16,2024-10-23,2024-10-23,400,On-Time
DEL-04178,PO-04178,SUP01,2024-10-16,2024-10-24,2024-11-04,50,Delayed
DEL-04179,PO-04179,SUP01,2024-10-16,2024-10-25,2024-10-25,200,On-Time
DEL-04180,PO-04180,SUP06,2024-10-16,2024-10-25,2024-10-25,100,On-Time
DEL-04181,PO-04181,SUP06,2024-10-16,2024-10-24,2024-10-24,60,On-Time
DEL-04182,PO-04182,SUP06,2024-10-16,2024-11-06,2024-11-06,100,On-Time
DEL-04183,PO-04183,SUP09,2024-10-16,2024-10-24,2024-10-24,400,On-Time
DEL-04184,PO-04184,SUP07,2024-10-16,2024-10-24,2024-10-24,40,On-Time
DEL-04185,PO-04185,SUP01,2024-10-16,2024-11-05,2024-11-05,100,On-Time
DEL-04186,PO-04186,SUP14,2024-10-16,2024-10-21,2024-10-21,100,On-Time
DEL-04187,PO-04187,SUP15,2024-10-17,2024-10-22,2024-10-22,100,On-Time
DEL-04188,PO-04188,SUP01,2024-10-17,2024-11-01,2024-11-01,100,On-Time
DEL-04189,PO-04189,SUP01,2024-10-17,2024-10-31,2024-10-31,150,On-Time
DEL-04190,PO-04190,SUP11,2024-10-17,2024-10-24,2024-10-24,200,On-Time
DEL-04191,PO-04191,SUP14,2024-10-17,2024-10-29,2024-10-29,250,On-Time
DEL-04192,PO-04192,SUP15,2024-10-17,2024-10-23,2024-11-03,400,Delayed
DEL-04193,PO-04193,SUP07,2024-10-17,2024-11-01,2024-11-02,80,Delayed
DEL-04194,PO-04194,SUP15,2024-10-17,2024-10-27,2024-10-25,60,On-Time
DEL-04195,PO-04195,SUP10,2024-10-17,2024-10-27,2024-10-30,300,Delayed
DEL-04196,PO-04196,SUP09,2024-10-17,2024-10-25,2024-10-25,100,On-Time
DEL-04197,PO-04197,SUP15,2024-10-17,2024-10-29,2024-10-29,80,On-Time
DEL-04198,PO-04198,SUP14,2024-10-18,2024-10-26,2024-10-26,100,On-Time
DEL-04199,PO-04199,SUP07,2024-10-18,2024-10-30,2024-10-30,100,On-Time
DEL-04200,PO-04200,SUP15,2024-10-18,2024-10-30,2024-11-05,100,Delayed
DEL-04201,PO-04201,SUP14,2024-10-18,2024-10-30,2024-10-28,300,On-Time
DEL-04202,PO-04202,SUP03,2024-10-18,2024-11-03,2024-11-03,50,On-Time
DEL-04203,PO-04203,SUP14,2024-10-18,2024-10-25,2024-10-25,200,On-Time
DEL-04204,PO-04204,SUP05,2024-10-18,2024-10-23,2024-10-24,500,Delayed
DEL-04205,PO-04205,SUP13,2024-10-18,2024-10-29,2024-10-29,300,On-Time
DEL-04206,PO-04206,SUP15,2024-10-18,2024-10-26,2024-10-26,100,On-Time
DEL-04207,PO-04207,SUP08,2024-10-18,2024-11-02,2024-11-02,40,On-Time
DEL-04208,PO-04208,SUP15,2024-10-18,2024-10-23,2024-10-23,150,On-Time
DEL-04209,PO-04209,SUP04,2024-10-18,2024-10-29,2024-10-30,250,Delayed
DEL-04210,PO-04210,SUP15,2024-10-19,2024-11-04,2024-11-04,10,On-Time
DEL-04211,PO-04211,SUP14,2024-10-19,2024-11-02,2024-11-03,200,Delayed
DEL-04212,PO-04212,SUP04,2024-10-19,2024-10-30,2024-10-30,500,On-Time
DEL-04213,PO-04213,SUP04,2024-10-19,2024-10-30,2024-10-30,200,On-Time
DEL-04214,PO-04214,SUP01,2024-10-19,2024-11-06,2024-11-06,15,On-Time
DEL-04215,PO-04215,SUP15,2024-10-19,2024-10-30,2024-10-31,300,Delayed
DEL-04216,PO-04216,SUP05,2024-10-19,2024-10-25,2024-10-25,500,On-Time
DEL-04217,PO-04217,SUP15,2024-10-19,2024-11-03,2024-11-10,60,Delayed
DEL-04218,PO-04218,SUP09,2024-10-19,2024-10-29,2024-10-27,80,On-Time
DEL-04219,PO-04219,SUP05,2024-10-19,2024-10-27,2024-10-26,500,On-Time
DEL-04220,PO-04220,SUP15,2024-10-19,2024-10-31,2024-10-31,100,On-Time
DEL-04221,PO-04221,SUP14,2024-10-19,2024-10-31,2024-10-31,80,On-Time
DEL-04222,PO-04222,SUP14,2024-10-19,2024-10-24,2024-10-24,200,On-Time
DEL-04223,PO-04223,SUP06,2024-10-19,2024-10-26,2024-10-26,500,On-Time
DEL-04224,PO-04224,SUP01,2024-10-19,2024-10-26,2024-10-26,500,On-Time
DEL-04225,PO-04225,SUP04,2024-10-20,2024-11-01,2024-11-01,100,On-Time
DEL-04226,PO-04226,SUP06,2024-10-20,2024-10-29,2024-10-29,150,On-Time
DEL-04227,PO-04227,SUP09,2024-10-20,2024-10-27,2024-10-27,100,On-Time
DEL-04228,PO-04228,SUP13,2024-10-20,2024-11-09,2024-11-09,40,On-Time
DEL-04229,PO-04229,SUP09,2024-10-20,2024-10-25,2024-10-25,150,On-Time
DEL-04230,PO-04230,SUP02,2024-10-20,2024-10-27,2024-10-30,100,Delayed
DEL-04231,PO-04231,SUP06,2024-10-20,2024-11-01,2024-11-01,400,On-Time
DEL-04232,PO-04232,SUP09,2024-10-20,2024-10-28,2024-10-28,100,On-Time
DEL-04233,PO-04233,SUP15,2024-10-20,2024-11-01,2024-11-01,200,On-Time
DEL-04234,PO-04234,SUP01,2024-10-20,2024-11-05,2024-11-05,120,On-Time
DEL-04235,PO-04235,SUP09,2024-10-20,2024-10-25,2024-10-25,100,On-Time
DEL-04236,PO-04236,SUP01,2024-10-20,2024-10-28,2024-10-28,120,On-Time
DEL-04237,PO-04237,SUP06,2024-10-20,2024-11-01,2024-11-01,60,On-Time
DEL-04238,PO-04238,SUP14,2024-10-20,2024-10-26,2024-10-26,250,On-Time
DEL-04239,PO-04239,SUP05,2024-10-20,2024-10-30,2024-10-28,120,On-Time
DEL-04240,PO-04240,SUP14,2024-10-21,2024-10-28,2024-10-28,300,On-Time
DEL-04241,PO-04241,SUP15,2024-10-21,2024-11-02,2024-11-02,300,On-Time
DEL-04242,PO-04242,SUP06,2024-10-21,2024-11-11,2024-11-10,80,On-Time
DEL-04243,PO-04243,SUP08,2024-10-21,2024-10-29,2024-10-28,40,On-Time
DEL-04244,PO-04244,SUP09,2024-10-21,2024-10-29,2024-10-29,100,On-Time
DEL-04245,PO-04245,SUP15,2024-10-21,2024-10-29,2024-10-29,150,On-Time
DEL-04246,PO-04246,SUP06,2024-10-21,2024-11-08,2024-11-08,80,On-Time
DEL-04247,PO-04247,SUP08,2024-10-21,2024-11-05,2024-11-03,60,On-Time
DEL-04248,PO-04248,SUP05,2024-10-21,2024-10-27,2024-10-27,200,On-Time
DEL-04249,PO-04249,SUP05,2024-10-21,2024-10-26,2024-10-26,300,On-Time
DEL-04250,PO-04250,SUP07,2024-10-21,2024-11-06,2024-11-06,20,On-Time
DEL-04251,PO-04251,SUP15,2024-10-21,2024-10-27,2024-10-27,500,On-Time
DEL-04252,PO-04252,SUP06,2024-10-21,2024-10-29,2024-10-29,80,On-Time
DEL-04253,PO-04253,SUP13,2024-10-22,2024-11-02,2024-11-02,500,On-Time
DEL-04254,PO-04254,SUP07,2024-10-22,2024-11-03,2024-11-03,150,On-Time
DEL-04255,PO-04255,SUP08,2024-10-22,2024-10-31,2024-11-16,400,Delayed
DEL-04256,PO-04256,SUP15,2024-10-22,2024-10-27,2024-10-26,250,On-Time
DEL-04257,PO-04257,SUP08,2024-10-22,2024-10-29,2024-10-28,250,On-Time
DEL-04258,PO-04258,SUP15,2024-10-22,2024-11-01,2024-11-01,120,On-Time
DEL-04259,PO-04259,SUP02,2024-10-22,2024-10-29,2024-10-29,300,On-Time
DEL-04260,PO-04260,SUP14,2024-10-22,2024-11-03,2024-11-03,200,On-Time
DEL-04261,PO-04261,SUP05,2024-10-22,2024-10-27,2024-10-27,100,On-Time
DEL-04262,PO-04262,SUP08,2024-10-22,2024-11-05,2024-11-05,100,On-Time
DEL-04263,PO-04263,SUP14,2024-10-22,2024-10-29,2024-10-29,200,On-Time
DEL-04264,PO-04264,SUP05,2024-10-22,2024-10-29,2024-11-10,300,Delayed
DEL-04265,PO-04265,SUP09,2024-10-22,2024-10-28,2024-10-28,150,On-Time
DEL-04266,PO-04266,SUP05,2024-10-22,2024-10-29,2024-10-29,500,On-Time
DEL-04267,PO-04267,SUP04,2024-10-22,2024-11-02,2024-11-09,100,Delayed
DEL-04268,PO-04268,SUP15,2024-10-22,2024-10-27,2024-10-27,500,On-Time
DEL-04269,PO-04269,SUP15,2024-10-22,2024-11-05,2024-11-05,10,On-Time
DEL-04270,PO-04270,SUP07,2024-10-23,2024-11-04,2024-11-02,300,On-Time
DEL-04271,PO-04271,SUP02,2024-10-23,2024-11-10,2024-11-10,120,On-Time
DEL-04272,PO-04272,SUP06,2024-10-23,2024-11-07,2024-11-07,100,On-Time
DEL-04273,PO-04273,SUP08,2024-10-23,2024-11-07,2024-11-07,120,On-Time
DEL-04274,PO-04274,SUP01,2024-10-23,2024-11-04,2024-11-04,100,On-Time
DEL-04275,PO-04275,SUP04,2024-10-23,2024-11-07,2024-11-07,80,On-Time
DEL-04276,PO-04276,SUP05,2024-10-23,2024-10-29,2024-10-29,300,On-Time
DEL-04277,PO-04277,SUP14,2024-10-23,2024-11-04,2024-11-07,120,Delayed
DEL-04278,PO-04278,SUP01,2024-10-23,2024-10-30,2024-10-30,300,On-Time
DEL-04279,PO-04279,SUP15,2024-10-23,2024-11-04,2024-11-04,500,On-Time
DEL-04280,PO-04280,SUP04,2024-10-24,2024-11-04,2024-11-04,400,On-Time
DEL-04281,PO-04281,SUP15,2024-10-24,2024-11-04,2024-11-04,200,On-Time
DEL-04282,PO-04282,SUP15,2024-10-24,2024-11-07,2024-11-06,300,On-Time
DEL-04283,PO-04283,SUP01,2024-10-24,2024-11-05,2024-11-05,150,On-Time
DEL-04284,PO-04284,SUP15,2024-10-24,2024-11-07,2024-11-07,250,On-Time
DEL-04285,PO-04285,SUP02,2024-10-24,2024-11-05,2024-11-03,200,On-Time
DEL-04286,PO-04286,SUP14,2024-10-24,2024-11-01,2024-11-01,60,On-Time
DEL-04287,PO-04287,SUP15,2024-10-24,2024-10-29,2024-10-29,500,On-Time
DEL-04288,PO-04288,SUP01,2024-10-24,2024-11-08,2024-11-06,60,On-Time
DEL-04289,PO-04289,SUP11,2024-10-24,2024-11-18,2024-11-18,15,On-Time
DEL-04290,PO-04290,SUP08,2024-10-25,2024-11-10,2024-11-12,60,Delayed
DEL-04291,PO-04291,SUP10,2024-10-25,2024-11-16,2024-11-16,20,On-Time
DEL-04292,PO-04292,SUP14,2024-10-25,2024-11-08,2024-11-08,250,On-Time
DEL-04293,PO-04293,SUP01,2024-10-25,2024-11-12,2024-11-12,100,On-Time
DEL-04294,PO-04294,SUP14,2024-10-25,2024-11-02,2024-11-02,40,On-Time
DEL-04295,PO-04295,SUP15,2024-10-25,2024-11-12,2024-11-12,20,On-Time
DEL-04296,PO-04296,SUP01,2024-10-25,2024-11-08,2024-11-10,250,Delayed
DEL-04297,PO-04297,SUP02,2024-10-25,2024-11-01,2024-10-31,100,On-Time
DEL-04298,PO-04298,SUP06,2024-10-25,2024-11-10,2024-11-10,40,On-Time
DEL-04299,PO-04299,SUP09,2024-10-25,2024-10-31,2024-11-02,100,Delayed
DEL-04300,PO-04300,SUP07,2024-10-25,2024-11-05,2024-11-04,100,On-Time
DEL-04301,PO-04301,SUP15,2024-10-26,2024-11-01,2024-11-04,300,Delayed
DEL-04302,PO-04302,SUP15,2024-10-26,2024-10-31,2024-10-31,400,On-Time
DEL-04303,PO-04303,SUP13,2024-10-26,2024-11-07,2024-11-07,200,On-Time
DEL-04304,PO-04304,SUP09,2024-10-26,2024-11-02,2024-11-02,400,On-Time
DEL-04305,PO-04305,SUP15,2024-10-26,2024-11-15,2024-11-15,40,On-Time
DEL-04306,PO-04306,SUP14,2024-10-26,2024-11-23,2024-11-23,30,On-Time
DEL-04307,PO-04307,SUP09,2024-10-26,2024-11-07,2024-11-07,40,On-Time
DEL-04308,PO-04308,SUP15,2024-10-26,2024-11-02,2024-11-02,100,On-Time
DEL-04309,PO-04309,SUP09,2024-10-26,2024-11-02,2024-11-02,300,On-Time
DEL-04310,PO-04310,SUP04,2024-10-26,2024-11-09,2024-11-09,400,On-Time
DEL-04311,PO-04311,SUP15,2024-10-27,2024-11-04,2024-11-04,100,On-Time
DEL-04312,PO-04312,SUP15,2024-10-27,2024-11-16,2024-11-21,120,Delayed
DEL-04313,PO-04313,SUP15,2024-10-27,2024-11-03,2024-11-11,400,Delayed
DEL-04314,PO-04314,SUP15,2024-10-27,2024-11-03,2024-11-10,150,Delayed
DEL-04315,PO-04315,SUP05,2024-10-27,2024-11-03,2024-11-03,200,On-Time
DEL-04316,PO-04316,SUP09,2024-10-27,2024-11-02,2024-11-02,300,On-Time
DEL-04317,PO-04317,SUP01,2024-10-27,2024-11-10,2024-11-10,250,On-Time
DEL-04318,PO-04318,SUP01,2024-10-27,2024-11-12,2024-11-12,30,On-Time
DEL-04319,PO-04319,SUP14,2024-10-27,2024-11-03,2024-11-03,150,On-Time
DEL-04320,PO-04320,SUP10,2024-10-27,2024-11-14,2024-11-29,60,Delayed
DEL-04321,PO-04321,SUP05,2024-10-27,2024-11-02,2024-11-02,100,On-Time
DEL-04322,PO-04322,SUP06,2024-10-28,2024-11-05,2024-11-05,100,On-Time
DEL-04323,PO-04323,SUP14,2024-10-28,2024-11-07,2024-11-07,80,On-Time
DEL-04324,PO-04324,SUP05,2024-10-28,2024-11-04,2024-11-02,200,On-Time
DEL-04325,PO-04325,SUP04,2024-10-28,2024-11-12,2024-11-18,50,Delayed
DEL-04326,PO-04326,SUP09,2024-10-28,2024-11-04,2024-11-04,200,On-Time
DEL-04327,PO-04327,SUP09,2024-10-28,2024-11-04,2024-11-03,100,On-Time
DEL-04328,PO-04328,SUP15,2024-10-28,2024-11-11,2024-11-11,500,On-Time
DEL-04329,PO-04329,SUP09,2024-10-28,2024-11-06,2024-11-06,40,On-Time
DEL-04330,PO-04330,SUP11,2024-10-28,2024-11-18,2024-11-18,100,On-Time
DEL-04331,PO-04331,SUP02,2024-10-28,2024-11-11,2024-11-12,400,Delayed
DEL-04332,PO-04332,SUP08,2024-10-28,2024-11-07,2024-11-07,100,On-Time
DEL-04333,PO-04333,SUP15,2024-10-28,2024-11-07,2024-11-13,80,Delayed
DEL-04334,PO-04334,SUP11,2024-10-28,2024-11-15,2024-11-15,100,On-Time
DEL-04335,PO-04335,SUP11,2024-10-28,2024-11-09,2024-11-09,150,On-Time
DEL-04336,PO-04336,SUP15,2024-10-28,2024-11-11,2024-11-11,100,On-Time
DEL-04337,PO-04337,SUP14,2024-10-28,2024-11-09,2024-11-09,300,On-Time
DEL-04338,PO-04338,SUP07,2024-10-28,2024-11-05,2024-11-08,100,Delayed
DEL-04339,PO-04339,SUP02,2024-10-28,2024-11-09,2024-11-09,200,On-Time
DEL-04340,PO-04340,SUP15,2024-10-28,2024-11-17,2024-11-17,50,On-Time
DEL-04341,PO-04341,SUP05,2024-10-28,2024-11-05,2024-11-04,250,On-Time
DEL-04342,PO-04342,SUP14,2024-10-28,2024-11-09,2024-11-09,100,On-Time
DEL-04343,PO-04343,SUP07,2024-10-29,2024-11-06,2024-11-06,50,On-Time
DEL-04344,PO-04344,SUP02,2024-10-29,2024-11-08,2024-11-08,300,On-Time
DEL-04345,PO-04345,SUP08,2024-10-29,2024-11-06,2024-11-06,200,On-Time
DEL-04346,PO-04346,SUP15,2024-10-29,2024-11-10,2024-11-10,50,On-Time
DEL-04347,PO-04347,SUP06,2024-10-29,2024-11-08,2024-11-08,200,On-Time
DEL-04348,PO-04348,SUP01,2024-10-29,2024-11-06,2024-11-06,40,On-Time
DEL-04349,PO-04349,SUP15,2024-10-29,2024-11-05,2024-11-06,250,Delayed
DEL-04350,PO-04350,SUP01,2024-10-29,2024-11-08,2024-11-08,500,On-Time
DEL-04351,PO-04351,SUP15,2024-10-29,2024-11-05,2024-11-05,200,On-Time
DEL-04352,PO-04352,SUP06,2024-10-29,2024-11-19,2024-11-19,120,On-Time
DEL-04353,PO-04353,SUP15,2024-10-29,2024-11-03,2024-11-05,150,Delayed
DEL-04354,PO-04354,SUP03,2024-10-29,2024-11-08,2024-11-08,200,On-Time
DEL-04355,PO-04355,SUP06,2024-10-29,2024-11-16,2024-11-16,50,On-Time
DEL-04356,PO-04356,SUP01,2024-10-29,2024-11-08,2024-11-08,40,On-Time
DEL-04357,PO-04357,SUP15,2024-10-29,2024-11-05,2024-11-05,150,On-Time
DEL-04358,PO-04358,SUP04,2024-10-29,2024-11-12,2024-11-12,200,On-Time
DEL-04359,PO-04359,SUP14,2024-10-30,2024-11-07,2024-11-07,400,On-Time
DEL-04360,PO-04360,SUP02,2024-10-30,2024-11-19,2024-11-19,120,On-Time
DEL-04361,PO-04361,SUP09,2024-10-30,2024-11-06,2024-11-06,200,On-Time
DEL-04362,PO-04362,SUP04,2024-10-30,2024-11-10,2024-11-10,250,On-Time
DEL-04363,PO-04363,SUP06,2024-10-30,2024-11-20,2024-11-20,40,On-Time
DEL-04364,PO-04364,SUP15,2024-10-30,2024-11-06,2024-11-06,200,On-Time
DEL-04365,PO-04365,SUP12,2024-10-30,2024-11-06,2024-11-05,500,On-Time
DEL-04366,PO-04366,SUP09,2024-10-30,2024-11-05,2024-11-04,100,On-Time
DEL-04367,PO-04367,SUP02,2024-10-30,2024-11-17,2024-11-17,100,On-Time
DEL-04368,PO-04368,SUP15,2024-10-30,2024-11-05,2024-11-05,400,On-Time
DEL-04369,PO-04369,SUP05,2024-10-30,2024-11-06,2024-11-06,250,On-Time
DEL-04370,PO-04370,SUP09,2024-10-30,2024-11-04,2024-11-04,500,On-Time
DEL-04371,PO-04371,SUP01,2024-10-30,2024-11-07,2024-11-07,400,On-Time
DEL-04372,PO-04372,SUP15,2024-10-31,2024-11-15,2024-11-15,40,On-Time
DEL-04373,PO-04373,SUP07,2024-10-31,2024-11-10,2024-11-10,50,On-Time
DEL-04374,PO-04374,SUP14,2024-10-31,2024-11-10,2024-11-10,80,On-Time
DEL-04375,PO-04375,SUP09,2024-10-31,2024-11-05,2024-11-05,100,On-Time
DEL-04376,PO-04376,SUP07,2024-10-31,2024-11-11,2024-11-19,250,Delayed
DEL-04377,PO-04377,SUP06,2024-10-31,2024-11-14,2024-11-14,60,On-Time
DEL-04378,PO-04378,SUP15,2024-10-31,2024-11-15,2024-11-21,50,Delayed
DEL-04379,PO-04379,SUP01,2024-10-31,2024-11-10,2024-11-10,400,On-Time
DEL-04380,PO-04380,SUP14,2024-10-31,2024-11-06,2024-11-06,400,On-Time
DEL-04381,PO-04381,SUP08,2024-10-31,2024-11-10,2024-11-09,200,On-Time
DEL-04382,PO-04382,SUP01,2024-10-31,2024-11-15,2024-11-15,100,On-Time
DEL-04383,PO-04383,SUP05,2024-10-31,2024-11-12,2024-11-12,60,On-Time
DEL-04384,PO-04384,SUP13,2024-10-31,2024-11-10,2024-11-10,120,On-Time
DEL-04385,PO-04385,SUP15,2024-11-01,2024-11-08,2024-11-09,300,Delayed
DEL-04386,PO-04386,SUP01,2024-11-01,2024-11-13,2024-11-11,200,On-Time
DEL-04387,PO-04387,SUP10,2024-11-01,2024-11-17,2024-11-20,100,Delayed
DEL-04388,PO-04388,SUP11,2024-11-01,2024-11-22,2024-11-22,120,On-Time
DEL-04389,PO-04389,SUP15,2024-11-01,2024-11-16,2024-11-16,40,On-Time
DEL-04390,PO-04390,SUP14,2024-11-01,2024-11-13,2024-11-13,250,On-Time
DEL-04391,PO-04391,SUP15,2024-11-01,2024-11-13,2024-11-14,100,Delayed
DEL-04392,PO-04392,SUP08,2024-11-01,2024-11-15,2024-11-15,40,On-Time
DEL-04393,PO-04393,SUP06,2024-11-01,2024-11-11,2024-11-11,150,On-Time
DEL-04394,PO-04394,SUP03,2024-11-01,2024-11-13,2024-11-13,100,On-Time
DEL-04395,PO-04395,SUP01,2024-11-01,2024-11-09,2024-11-09,500,On-Time
DEL-04396,PO-04396,SUP15,2024-11-01,2024-11-07,2024-11-07,150,On-Time
DEL-04397,PO-04397,SUP11,2024-11-01,2024-11-11,2024-11-11,150,On-Time
DEL-04398,PO-04398,SUP14,2024-11-01,2024-11-08,2024-11-08,250,On-Time
DEL-04399,PO-04399,SUP08,2024-11-02,2024-11-14,2024-11-14,50,On-Time
DEL-04400,PO-04400,SUP05,2024-11-02,2024-11-08,2024-11-08,150,On-Time
DEL-04401,PO-04401,SUP11,2024-11-02,2024-11-14,2024-11-12,100,On-Time
DEL-04402,PO-04402,SUP15,2024-11-02,2024-11-16,2024-11-18,300,Delayed
DEL-04403,PO-04403,SUP01,2024-11-02,2024-11-18,2024-11-18,100,On-Time
DEL-04404,PO-04404,SUP04,2024-11-02,2024-11-10,2024-11-10,80,On-Time
DEL-04405,PO-04405,SUP01,2024-11-02,2024-11-16,2024-11-16,30,On-Time
DEL-04406,PO-04406,SUP05,2024-11-02,2024-11-09,2024-11-08,200,On-Time
DEL-04407,PO-04407,SUP05,2024-11-02,2024-11-08,2024-11-08,400,On-Time
DEL-04408,PO-04408,SUP08,2024-11-02,2024-11-14,2024-11-14,60,On-Time
DEL-04409,PO-04409,SUP02,2024-11-03,2024-11-11,2024-11-15,40,Delayed
DEL-04410,PO-04410,SUP05,2024-11-03,2024-11-09,2024-11-09,200,On-Time
DEL-04411,PO-04411,SUP04,2024-11-03,2024-11-13,2024-11-13,120,On-Time
DEL-04412,PO-04412,SUP06,2024-11-03,2024-11-25,2024-11-23,10,On-Time
DEL-04413,PO-04413,SUP14,2024-11-03,2024-11-15,2024-11-15,150,On-Time
DEL-04414,PO-04414,SUP12,2024-11-03,2024-11-11,2024-11-11,100,On-Time
DEL-04415,PO-04415,SUP15,2024-11-03,2024-11-10,2024-11-12,200,Delayed
DEL-04416,PO-04416,SUP14,2024-11-03,2024-11-08,2024-11-08,400,On-Time
DEL-04417,PO-04417,SUP02,2024-11-03,2024-11-24,2024-11-24,50,On-Time
DEL-04418,PO-04418,SUP14,2024-11-03,2024-11-17,2024-11-17,250,On-Time
DEL-04419,PO-04419,SUP14,2024-11-03,2024-11-08,2024-11-13,100,Delayed
DEL-04420,PO-04420,SUP09,2024-11-04,2024-11-12,2024-11-12,500,On-Time
DEL-04421,PO-04421,SUP08,2024-11-04,2024-11-13,2024-11-13,250,On-Time
DEL-04422,PO-04422,SUP08,2024-11-04,2024-11-12,2024-11-12,100,On-Time
DEL-04423,PO-04423,SUP14,2024-11-04,2024-11-11,2024-11-11,500,On-Time
DEL-04424,PO-04424,SUP06,2024-11-04,2024-11-16,2024-11-16,250,On-Time
DEL-04425,PO-04425,SUP15,2024-11-04,2024-11-12,2024-11-19,150,Delayed
DEL-04426,PO-04426,SUP12,2024-11-04,2024-11-11,2024-11-11,200,On-Time
DEL-04427,PO-04427,SUP13,2024-11-04,2024-11-20,2024-11-20,30,On-Time
DEL-04428,PO-04428,SUP01,2024-11-04,2024-11-18,2024-11-18,80,On-Time
DEL-04429,PO-04429,SUP14,2024-11-04,2024-11-15,2024-11-15,500,On-Time
DEL-04430,PO-04430,SUP05,2024-11-04,2024-11-10,2024-11-10,300,On-Time
DEL-04431,PO-04431,SUP15,2024-11-04,2024-11-14,2024-11-24,60,Delayed
DEL-04432,PO-04432,SUP06,2024-11-05,2024-11-17,2024-11-17,250,On-Time
DEL-04433,PO-04433,SUP14,2024-11-05,2024-11-23,2024-11-23,15,On-Time
DEL-04434,PO-04434,SUP15,2024-11-05,2024-11-13,2024-11-13,400,On-Time
DEL-04435,PO-04435,SUP08,2024-11-05,2024-11-13,2024-11-15,100,Delayed
DEL-04436,PO-04436,SUP10,2024-11-05,2024-11-15,2024-11-15,150,On-Time
DEL-04437,PO-04437,SUP03,2024-11-05,2024-11-17,2024-11-15,100,On-Time
DEL-04438,PO-04438,SUP03,2024-11-05,2024-11-15,2024-11-15,400,On-Time
DEL-04439,PO-04439,SUP15,2024-11-05,2024-11-14,2024-11-15,80,Delayed
DEL-04440,PO-04440,SUP05,2024-11-05,2024-11-10,2024-11-10,300,On-Time
DEL-04441,PO-04441,SUP11,2024-11-05,2024-11-12,2024-11-10,300,On-Time
DEL-04442,PO-04442,SUP05,2024-11-05,2024-11-17,2024-11-17,40,On-Time
DEL-04443,PO-04443,SUP07,2024-11-05,2024-11-19,2024-11-21,250,Delayed
DEL-04444,PO-04444,SUP04,2024-11-05,2024-11-19,2024-11-19,60,On-Time
DEL-04445,PO-04445,SUP02,2024-11-05,2024-11-17,2024-11-19,400,Delayed
DEL-04446,PO-04446,SUP09,2024-11-06,2024-11-12,2024-11-12,100,On-Time
DEL-04447,PO-04447,SUP12,2024-11-06,2024-11-13,2024-11-16,150,Delayed
DEL-04448,PO-04448,SUP14,2024-11-06,2024-11-20,2024-11-20,200,On-Time
DEL-04449,PO-04449,SUP09,2024-11-06,2024-11-15,2024-11-15,120,On-Time
DEL-04450,PO-04450,SUP07,2024-11-06,2024-11-22,2024-11-22,40,On-Time
DEL-04451,PO-04451,SUP09,2024-11-06,2024-11-14,2024-11-14,500,On-Time
DEL-04452,PO-04452,SUP12,2024-11-06,2024-11-21,2024-11-19,80,On-Time
DEL-04453,PO-04453,SUP15,2024-11-06,2024-11-14,2024-11-18,200,Delayed
DEL-04454,PO-04454,SUP09,2024-11-06,2024-11-14,2024-11-15,200,Delayed
DEL-04455,PO-04455,SUP05,2024-11-06,2024-11-15,2024-11-14,120,On-Time
DEL-04456,PO-04456,SUP15,2024-11-06,2024-11-11,2024-11-11,200,On-Time
DEL-04457,PO-04457,SUP07,2024-11-06,2024-11-17,2024-11-16,100,On-Time
DEL-04458,PO-04458,SUP14,2024-11-06,2024-11-13,2024-11-13,150,On-Time
DEL-04459,PO-04459,SUP15,2024-11-06,2024-11-20,2024-11-20,250,On-Time
DEL-04460,PO-04460,SUP08,2024-11-06,2024-11-14,2024-11-14,300,On-Time
DEL-04461,PO-04461,SUP14,2024-11-06,2024-11-14,2024-11-14,40,On-Time
DEL-04462,PO-04462,SUP01,2024-11-07,2024-11-21,2024-11-21,100,On-Time
DEL-04463,PO-04463,SUP08,2024-11-07,2024-11-15,2024-11-15,300,On-Time
DEL-04464,PO-04464,SUP14,2024-11-07,2024-11-13,2024-11-13,300,On-Time
DEL-04465,PO-04465,SUP15,2024-11-07,2024-11-22,2024-11-22,120,On-Time
DEL-04466,PO-04466,SUP09,2024-11-07,2024-11-13,2024-11-13,200,On-Time
DEL-04467,PO-04467,SUP15,2024-11-07,2024-11-21,2024-11-21,200,On-Time
DEL-04468,PO-04468,SUP07,2024-11-07,2024-11-18,2024-11-18,250,On-Time
DEL-04469,PO-04469,SUP01,2024-11-08,2024-11-17,2024-11-17,250,On-Time
DEL-04470,PO-04470,SUP14,2024-11-08,2024-11-13,2024-11-13,500,On-Time
DEL-04471,PO-04471,SUP10,2024-11-08,2024-11-18,2024-11-18,500,On-Time
DEL-04472,PO-04472,SUP08,2024-11-08,2024-11-17,2024-11-17,100,On-Time
DEL-04473,PO-04473,SUP15,2024-11-08,2024-11-15,2024-11-22,150,Delayed
DEL-04474,PO-04474,SUP14,2024-11-08,2024-11-16,2024-11-16,100,On-Time
DEL-04475,PO-04475,SUP14,2024-11-08,2024-11-20,2024-11-20,500,On-Time
DEL-04476,PO-04476,SUP14,2024-11-08,2024-11-13,2024-11-12,400,On-Time
DEL-04477,PO-04477,SUP08,2024-11-08,2024-11-24,2024-11-24,120,On-Time
DEL-04478,PO-04478,SUP04,2024-11-08,2024-11-19,2024-11-19,500,On-Time
DEL-04479,PO-04479,SUP10,2024-11-08,2024-11-20,2024-11-20,120,On-Time
DEL-04480,PO-04480,SUP15,2024-11-08,2024-11-14,2024-11-14,200,On-Time
DEL-04481,PO-04481,SUP09,2024-11-08,2024-11-15,2024-11-15,200,On-Time
DEL-04482,PO-04482,SUP05,2024-11-08,2024-11-13,2024-11-13,500,On-Time
DEL-04483,PO-04483,SUP08,2024-11-08,2024-11-15,2024-11-15,400,On-Time
DEL-04484,PO-04484,SUP13,2024-11-08,2024-11-22,2024-11-22,500,On-Time
DEL-04485,PO-04485,SUP08,2024-11-08,2024-12-02,2024-12-02,20,On-Time
DEL-04486,PO-04486,SUP07,2024-11-08,2024-11-16,2024-11-16,120,On-Time
DEL-04487,PO-04487,SUP01,2024-11-08,2024-11-16,2024-11-16,40,On-Time
DEL-04488,PO-04488,SUP15,2024-11-09,2024-11-27,2024-11-27,60,On-Time
DEL-04489,PO-04489,SUP14,2024-11-09,2024-11-15,2024-11-18,400,Delayed
DEL-04490,PO-04490,SUP14,2024-11-09,2024-11-20,2024-11-20,500,On-Time
DEL-04491,PO-04491,SUP04,2024-11-09,2024-11-17,2024-11-17,40,On-Time
DEL-04492,PO-04492,SUP01,2024-11-09,2024-11-19,2024-11-17,40,On-Time
DEL-04493,PO-04493,SUP14,2024-11-09,2024-11-18,2024-11-18,120,On-Time
DEL-04494,PO-04494,SUP01,2024-11-09,2024-11-25,2024-11-25,15,On-Time
DEL-04495,PO-04495,SUP01,2024-11-09,2024-11-19,2024-11-19,400,On-Time
DEL-04496,PO-04496,SUP08,2024-11-09,2024-11-17,2024-11-17,500,On-Time
DEL-04497,PO-04497,SUP04,2024-11-09,2024-11-25,2024-11-25,30,On-Time
DEL-04498,PO-04498,SUP11,2024-11-09,2024-11-30,2024-11-29,80,On-Time
DEL-04499,PO-04499,SUP14,2024-11-09,2024-11-16,2024-11-18,200,Delayed
DEL-04500,PO-04500,SUP05,2024-11-09,2024-11-16,2024-11-14,150,On-Time
DEL-04501,PO-04501,SUP07,2024-11-09,2024-11-24,2024-11-24,120,On-Time
DEL-04502,PO-04502,SUP07,2024-11-09,2024-11-23,2024-11-26,60,Delayed
DEL-04503,PO-04503,SUP02,2024-11-09,2024-11-23,2024-11-23,500,On-Time
DEL-04504,PO-04504,SUP11,2024-11-09,2024-11-19,2024-11-19,500,On-Time
DEL-04505,PO-04505,SUP08,2024-11-09,2024-11-19,2024-11-22,500,Delayed
DEL-04506,PO-04506,SUP15,2024-11-09,2024-11-24,2024-11-24,50,On-Time
DEL-04507,PO-04507,SUP13,2024-11-09,2024-11-19,2024-11-19,80,On-Time
DEL-04508,PO-04508,SUP01,2024-11-10,2024-11-26,2024-11-26,80,On-Time
DEL-04509,PO-04509,SUP06,2024-11-10,2024-11-22,2024-11-22,100,On-Time
DEL-04510,PO-04510,SUP13,2024-11-10,2024-11-22,2024-11-22,300,On-Time
DEL-04511,PO-04511,SUP05,2024-11-10,2024-11-18,2024-11-17,200,On-Time
DEL-04512,PO-04512,SUP13,2024-11-10,2024-11-22,2024-11-22,150,On-Time
DEL-04513,PO-04513,SUP15,2024-11-10,2024-11-24,2024-11-24,500,On-Time
DEL-04514,PO-04514,SUP14,2024-11-10,2024-11-21,2024-11-21,100,On-Time
DEL-04515,PO-04515,SUP15,2024-11-10,2024-11-21,2024-11-20,250,On-Time
DEL-04516,PO-04516,SUP09,2024-11-10,2024-11-17,2024-11-17,400,On-Time
DEL-04517,PO-04517,SUP09,2024-11-10,2024-11-15,2024-11-17,100,Delayed
DEL-04518,PO-04518,SUP01,2024-11-10,2024-11-24,2024-11-24,200,On-Time
DEL-04519,PO-04519,SUP02,2024-11-10,2024-11-28,2024-11-28,80,On-Time
DEL-04520,PO-04520,SUP15,2024-11-11,2024-11-17,2024-11-15,400,On-Time
DEL-04521,PO-04521,SUP12,2024-11-11,2024-11-19,2024-11-19,150,On-Time
DEL-04522,PO-04522,SUP08,2024-11-11,2024-11-18,2024-11-25,150,Delayed
DEL-04523,PO-04523,SUP06,2024-11-11,2024-11-21,2024-11-21,100,On-Time
DEL-04524,PO-04524,SUP13,2024-11-11,2024-11-21,2024-11-21,80,On-Time
DEL-04525,PO-04525,SUP09,2024-11-11,2024-11-17,2024-11-17,200,On-Time
DEL-04526,PO-04526,SUP04,2024-11-11,2024-11-22,2024-11-22,200,On-Time
DEL-04527,PO-04527,SUP15,2024-11-11,2024-11-18,2024-11-23,100,Delayed
DEL-04528,PO-04528,SUP14,2024-11-11,2024-11-25,2024-12-02,300,Delayed
DEL-04529,PO-04529,SUP15,2024-11-12,2024-11-22,2024-11-22,40,On-Time
DEL-04530,PO-04530,SUP15,2024-11-12,2024-11-26,2024-11-26,500,On-Time
DEL-04531,PO-04531,SUP15,2024-11-12,2024-11-22,2024-11-20,50,On-Time
DEL-04532,PO-04532,SUP14,2024-11-12,2024-11-26,2024-11-26,150,On-Time
DEL-04533,PO-04533,SUP06,2024-11-12,2024-11-26,2024-11-25,250,On-Time
DEL-04534,PO-04534,SUP05,2024-11-12,2024-11-21,2024-11-25,50,Delayed
DEL-04535,PO-04535,SUP06,2024-11-12,2024-11-27,2024-11-27,120,On-Time
DEL-04536,PO-04536,SUP01,2024-11-12,2024-11-22,2024-11-22,200,On-Time
DEL-04537,PO-04537,SUP05,2024-11-12,2024-11-22,2024-11-21,100,On-Time
DEL-04538,PO-04538,SUP10,2024-11-12,2024-11-24,2024-11-24,50,On-Time
DEL-04539,PO-04539,SUP14,2024-11-12,2024-11-22,2024-11-22,120,On-Time
DEL-04540,PO-04540,SUP12,2024-11-12,2024-11-20,2024-11-20,200,On-Time
DEL-04541,PO-04541,SUP13,2024-11-12,2024-11-26,2024-11-26,150,On-Time
DEL-04542,PO-04542,SUP12,2024-11-12,2024-11-19,2024-11-19,500,On-Time
DEL-04543,PO-04543,SUP11,2024-11-13,2024-11-21,2024-11-21,40,On-Time
DEL-04544,PO-04544,SUP11,2024-11-13,2024-11-28,2024-11-26,60,On-Time
DEL-04545,PO-04545,SUP13,2024-11-13,2024-11-27,2024-11-27,500,On-Time
DEL-04546,PO-04546,SUP09,2024-11-13,2024-11-19,2024-11-20,250,Delayed
DEL-04547,PO-04547,SUP15,2024-11-13,2024-11-20,2024-11-20,250,On-Time
DEL-04548,PO-04548,SUP04,2024-11-13,2024-11-24,2024-11-24,200,On-Time
DEL-04549,PO-04549,SUP08,2024-11-13,2024-11-23,2024-11-23,50,On-Time
DEL-04550,PO-04550,SUP14,2024-11-13,2024-11-23,2024-11-26,60,Delayed
DEL-04551,PO-04551,SUP15,2024-11-13,2024-12-01,2024-12-01,50,On-Time
DEL-04552,PO-04552,SUP01,2024-11-13,2024-11-21,2024-11-21,60,On-Time
DEL-04553,PO-04553,SUP13,2024-11-13,2024-12-03,2024-12-03,40,On-Time
DEL-04554,PO-04554,SUP11,2024-11-13,2024-11-28,2024-11-28,120,On-Time
DEL-04555,PO-04555,SUP08,2024-11-13,2024-11-25,2024-11-25,80,On-Time
DEL-04556,PO-04556,SUP09,2024-11-13,2024-11-23,2024-11-23,80,On-Time
DEL-04557,PO-04557,SUP15,2024-11-13,2024-11-21,2024-11-21,150,On-Time
DEL-04558,PO-04558,SUP03,2024-11-13,2024-11-28,2024-11-28,80,On-Time
DEL-04559,PO-04559,SUP15,2024-11-13,2024-11-20,2024-11-20,300,On-Time
DEL-04560,PO-04560,SUP06,2024-11-13,2024-11-23,2024-11-23,200,On-Time
DEL-04561,PO-04561,SUP01,2024-11-13,2024-11-25,2024-11-25,50,On-Time
DEL-04562,PO-04562,SUP05,2024-11-14,2024-11-24,2024-11-24,60,On-Time
DEL-04563,PO-04563,SUP11,2024-11-14,2024-11-24,2024-11-24,200,On-Time
DEL-04564,PO-04564,SUP15,2024-11-14,2024-11-21,2024-11-21,200,On-Time
DEL-04565,PO-04565,SUP15,2024-11-14,2024-11-22,2024-11-22,300,On-Time
DEL-04566,PO-04566,SUP06,2024-11-14,2024-11-24,2024-11-22,500,On-Time
DEL-04567,PO-04567,SUP02,2024-11-14,2024-11-29,2024-11-29,60,On-Time
DEL-04568,PO-04568,SUP05,2024-11-14,2024-11-19,2024-11-17,200,On-Time
DEL-04569,PO-04569,SUP03,2024-11-15,2024-12-01,2024-12-01,100,On-Time
DEL-04570,PO-04570,SUP14,2024-11-15,2024-11-29,2024-12-09,250,Delayed
DEL-04571,PO-04571,SUP01,2024-11-15,2024-11-23,2024-11-23,100,On-Time
DEL-04572,PO-04572,SUP14,2024-11-15,2024-11-21,2024-11-21,400,On-Time
DEL-04573,PO-04573,SUP15,2024-11-15,2024-11-22,2024-11-22,500,On-Time
DEL-04574,PO-04574,SUP09,2024-11-15,2024-11-24,2024-12-03,80,Delayed
DEL-04575,PO-04575,SUP09,2024-11-15,2024-11-20,2024-11-20,100,On-Time
DEL-04576,PO-04576,SUP14,2024-11-15,2024-11-23,2024-11-23,300,On-Time
DEL-04577,PO-04577,SUP15,2024-11-15,2024-11-23,2024-12-02,40,Delayed
DEL-04578,PO-04578,SUP07,2024-11-15,2024-11-27,2024-11-27,100,On-Time
DEL-04579,PO-04579,SUP10,2024-11-15,2024-12-13,2024-12-12,20,On-Time
DEL-04580,PO-04580,SUP01,2024-11-15,2024-12-03,2024-12-03,50,On-Time
DEL-04581,PO-04581,SUP01,2024-11-15,2024-11-22,2024-11-20,300,On-Time
DEL-04582,PO-04582,SUP15,2024-11-15,2024-11-25,2024-11-27,80,Delayed
DEL-04583,PO-04583,SUP05,2024-11-15,2024-11-24,2024-11-24,50,On-Time
DEL-04584,PO-04584,SUP15,2024-11-16,2024-12-06,2024-12-09,10,Delayed
DEL-04585,PO-04585,SUP08,2024-11-16,2024-12-01,2024-12-01,50,On-Time
DEL-04586,PO-04586,SUP04,2024-11-16,2024-12-04,2024-12-04,20,On-Time
DEL-04587,PO-04587,SUP15,2024-11-16,2024-11-21,2024-11-21,100,On-Time
DEL-04588,PO-04588,SUP15,2024-11-16,2024-11-24,2024-11-26,250,Delayed
DEL-04589,PO-04589,SUP01,2024-11-16,2024-12-04,2024-12-03,30,On-Time
DEL-04590,PO-04590,SUP04,2024-11-16,2024-11-26,2024-11-26,60,On-Time
DEL-04591,PO-04591,SUP07,2024-11-16,2024-11-30,2024-11-30,400,On-Time
DEL-04592,PO-04592,SUP07,2024-11-16,2024-11-28,2024-11-28,200,On-Time
DEL-04593,PO-04593,SUP07,2024-11-16,2024-11-28,2024-11-28,500,On-Time
DEL-04594,PO-04594,SUP07,2024-11-16,2024-11-26,2024-12-01,50,Delayed
DEL-04595,PO-04595,SUP01,2024-11-16,2024-11-28,2024-11-28,100,On-Time
DEL-04596,PO-04596,SUP15,2024-11-16,2024-11-23,2024-11-27,400,Delayed
DEL-04597,PO-04597,SUP05,2024-11-16,2024-11-21,2024-11-21,250,On-Time
DEL-04598,PO-04598,SUP02,2024-11-17,2024-12-02,2024-12-02,120,On-Time
DEL-04599,PO-04599,SUP03,2024-11-17,2024-11-29,2024-11-28,80,On-Time
DEL-04600,PO-04600,SUP02,2024-11-17,2024-12-07,2024-12-07,80,On-Time
DEL-04601,PO-04601,SUP05,2024-11-17,2024-11-24,2024-11-24,300,On-Time
DEL-04602,PO-04602,SUP05,2024-11-17,2024-11-22,2024-11-22,150,On-Time
DEL-04603,PO-04603,SUP05,2024-11-17,2024-11-22,2024-11-21,100,On-Time
DEL-04604,PO-04604,SUP03,2024-11-17,2024-11-26,2024-11-26,250,On-Time
DEL-04605,PO-04605,SUP11,2024-11-17,2024-11-29,2024-11-29,100,On-Time
DEL-04606,PO-04606,SUP13,2024-11-18,2024-12-08,2024-12-08,40,On-Time
DEL-04607,PO-04607,SUP14,2024-11-18,2024-12-03,2024-12-03,60,On-Time
DEL-04608,PO-04608,SUP14,2024-11-18,2024-12-03,2024-12-03,120,On-Time
DEL-04609,PO-04609,SUP03,2024-11-18,2024-11-28,2024-11-28,250,On-Time
DEL-04610,PO-04610,SUP10,2024-11-18,2024-11-28,2024-11-28,200,On-Time
DEL-04611,PO-04611,SUP05,2024-11-18,2024-11-23,2024-11-23,400,On-Time
DEL-04612,PO-04612,SUP05,2024-11-18,2024-11-23,2024-11-28,300,Delayed
DEL-04613,PO-04613,SUP15,2024-11-18,2024-11-24,2024-11-27,200,Delayed
DEL-04614,PO-04614,SUP06,2024-11-18,2024-12-12,2024-12-12,30,On-Time
DEL-04615,PO-04615,SUP07,2024-11-18,2024-12-02,2024-12-02,500,On-Time
DEL-04616,PO-04616,SUP01,2024-11-18,2024-12-02,2024-12-02,250,On-Time
DEL-04617,PO-04617,SUP13,2024-11-18,2024-12-02,2024-12-03,200,Delayed
DEL-04618,PO-04618,SUP03,2024-11-18,2024-11-28,2024-11-28,300,On-Time
DEL-04619,PO-04619,SUP06,2024-11-18,2024-11-25,2024-11-24,500,On-Time
DEL-04620,PO-04620,SUP13,2024-11-18,2024-11-29,2024-11-29,150,On-Time
DEL-04621,PO-04621,SUP15,2024-11-19,2024-11-29,2024-11-27,500,On-Time
DEL-04622,PO-04622,SUP05,2024-11-19,2024-11-25,2024-11-25,400,On-Time
DEL-04623,PO-04623,SUP15,2024-11-19,2024-11-24,2024-11-24,200,On-Time
DEL-04624,PO-04624,SUP05,2024-11-19,2024-11-27,2024-11-27,150,On-Time
DEL-04625,PO-04625,SUP01,2024-11-19,2024-11-26,2024-11-26,150,On-Time
DEL-04626,PO-04626,SUP10,2024-11-19,2024-12-11,2024-12-11,30,On-Time
DEL-04627,PO-04627,SUP12,2024-11-19,2024-12-04,2024-12-04,80,On-Time
DEL-04628,PO-04628,SUP11,2024-11-19,2024-11-26,2024-11-26,500,On-Time
DEL-04629,PO-04629,SUP08,2024-11-19,2024-11-28,2024-11-28,400,On-Time
DEL-04630,PO-04630,SUP15,2024-11-19,2024-12-05,2024-12-08,10,Delayed
DEL-04631,PO-04631,SUP15,2024-11-19,2024-12-09,2024-12-09,60,On-Time
DEL-04632,PO-04632,SUP13,2024-11-19,2024-11-30,2024-11-30,100,On-Time
DEL-04633,PO-04633,SUP05,2024-11-19,2024-11-27,2024-11-27,400,On-Time
DEL-04634,PO-04634,SUP01,2024-11-19,2024-11-29,2024-11-29,150,On-Time
DEL-04635,PO-04635,SUP15,2024-11-19,2024-11-24,2024-11-24,300,On-Time
DEL-04636,PO-04636,SUP01,2024-11-19,2024-12-07,2024-12-07,80,On-Time
DEL-04637,PO-04637,SUP15,2024-11-19,2024-11-24,2024-11-26,250,Delayed
DEL-04638,PO-04638,SUP04,2024-11-20,2024-12-02,2024-12-02,500,On-Time
DEL-04639,PO-04639,SUP14,2024-11-20,2024-11-28,2024-11-28,150,On-Time
DEL-04640,PO-04640,SUP07,2024-11-20,2024-12-06,2024-12-05,40,On-Time
DEL-04641,PO-04641,SUP15,2024-11-20,2024-11-27,2024-11-27,500,On-Time
DEL-04642,PO-04642,SUP14,2024-11-20,2024-11-27,2024-11-27,500,On-Time
DEL-04643,PO-04643,SUP04,2024-11-20,2024-12-01,2024-12-01,200,On-Time
DEL-04644,PO-04644,SUP14,2024-11-20,2024-11-28,2024-11-28,250,On-Time
DEL-04645,PO-04645,SUP11,2024-11-20,2024-12-04,2024-12-04,200,On-Time
DEL-04646,PO-04646,SUP04,2024-11-20,2024-12-02,2024-12-05,200,Delayed
DEL-04647,PO-04647,SUP01,2024-11-20,2024-11-30,2024-11-30,300,On-Time
DEL-04648,PO-04648,SUP06,2024-11-20,2024-12-02,2024-12-02,80,On-Time
DEL-04649,PO-04649,SUP05,2024-11-20,2024-11-27,2024-11-27,150,On-Time
DEL-04650,PO-04650,SUP08,2024-11-20,2024-11-29,2024-11-29,500,On-Time
DEL-04651,PO-04651,SUP10,2024-11-20,2024-12-12,2024-12-12,40,On-Time
DEL-04652,PO-04652,SUP15,2024-11-20,2024-12-05,2024-12-05,120,On-Time
DEL-04653,PO-04653,SUP01,2024-11-21,2024-12-05,2024-12-05,500,On-Time
DEL-04654,PO-04654,SUP08,2024-11-21,2024-11-28,2024-11-27,100,On-Time
DEL-04655,PO-04655,SUP10,2024-11-21,2024-12-01,2024-12-01,100,On-Time
DEL-04656,PO-04656,SUP07,2024-11-21,2024-12-07,2024-12-07,40,On-Time
DEL-04657,PO-04657,SUP14,2024-11-21,2024-12-05,2024-12-05,15,On-Time
DEL-04658,PO-04658,SUP05,2024-11-21,2024-11-27,2024-11-27,200,On-Time
DEL-04659,PO-04659,SUP04,2024-11-21,2024-12-06,2024-12-04,60,On-Time
DEL-04660,PO-04660,SUP01,2024-11-21,2024-12-06,2024-12-06,60,On-Time
DEL-04661,PO-04661,SUP15,2024-11-21,2024-12-06,2024-12-06,80,On-Time
DEL-04662,PO-04662,SUP10,2024-11-21,2024-12-09,2024-12-09,60,On-Time
DEL-04663,PO-04663,SUP15,2024-11-21,2024-11-28,2024-12-04,100,Delayed
DEL-04664,PO-04664,SUP11,2024-11-21,2024-12-09,2024-12-09,50,On-Time
DEL-04665,PO-04665,SUP01,2024-11-21,2024-12-01,2024-12-01,100,On-Time
DEL-04666,PO-04666,SUP14,2024-11-21,2024-11-27,2024-11-27,100,On-Time
DEL-04667,PO-04667,SUP15,2024-11-21,2024-11-29,2024-11-29,150,On-Time
DEL-04668,PO-04668,SUP13,2024-11-21,2024-12-05,2024-12-05,100,On-Time
DEL-04669,PO-04669,SUP15,2024-11-21,2024-12-07,2024-12-07,15,On-Time
DEL-04670,PO-04670,SUP15,2024-11-22,2024-12-04,2024-12-04,40,On-Time
DEL-04671,PO-04671,SUP15,2024-11-22,2024-11-28,2024-11-28,500,On-Time
DEL-04672,PO-04672,SUP07,2024-11-22,2024-12-07,2024-12-06,100,On-Time
DEL-04673,PO-04673,SUP05,2024-11-22,2024-11-30,2024-11-28,250,On-Time
DEL-04674,PO-04674,SUP03,2024-11-22,2024-12-04,2024-12-03,80,On-Time
DEL-04675,PO-04675,SUP14,2024-11-22,2024-11-29,2024-11-29,400,On-Time
DEL-04676,PO-04676,SUP08,2024-11-22,2024-12-14,2024-12-13,30,On-Time
DEL-04677,PO-04677,SUP11,2024-11-22,2024-12-12,2024-12-12,120,On-Time
DEL-04678,PO-04678,SUP10,2024-11-22,2024-12-07,2024-12-08,120,Delayed
DEL-04679,PO-04679,SUP15,2024-11-22,2024-11-29,2024-11-29,100,On-Time
DEL-04680,PO-04680,SUP15,2024-11-22,2024-12-06,2024-12-06,200,On-Time
DEL-04681,PO-04681,SUP14,2024-11-22,2024-12-02,2024-12-02,50,On-Time
DEL-04682,PO-04682,SUP12,2024-11-22,2024-11-29,2024-11-29,500,On-Time
DEL-04683,PO-04683,SUP14,2024-11-22,2024-11-29,2024-12-11,400,Delayed
DEL-04684,PO-04684,SUP13,2024-11-22,2024-12-07,2024-12-07,80,On-Time
DEL-04685,PO-04685,SUP07,2024-11-22,2024-12-03,2024-12-05,100,Delayed
DEL-04686,PO-04686,SUP02,2024-11-22,2024-12-04,2024-12-04,100,On-Time
DEL-04687,PO-04687,SUP13,2024-11-22,2024-12-03,2024-12-13,250,Delayed
DEL-04688,PO-04688,SUP01,2024-11-23,2024-11-30,2024-11-30,250,On-Time
DEL-04689,PO-04689,SUP06,2024-11-23,2024-12-08,2024-12-08,100,On-Time
DEL-04690,PO-04690,SUP15,2024-11-23,2024-12-08,2024-12-08,50,On-Time
DEL-04691,PO-04691,SUP01,2024-11-23,2024-12-13,2024-12-13,80,On-Time
DEL-04692,PO-04692,SUP09,2024-11-23,2024-11-28,2024-11-28,200,On-Time
DEL-04693,PO-04693,SUP14,2024-11-23,2024-12-03,2024-12-02,100,On-Time
DEL-04694,PO-04694,SUP15,2024-11-23,2024-12-01,2024-12-05,100,Delayed
DEL-04695,PO-04695,SUP04,2024-11-23,2024-12-04,2024-12-04,400,On-Time
DEL-04696,PO-04696,SUP15,2024-11-23,2024-12-01,2024-12-01,60,On-Time
DEL-04697,PO-04697,SUP14,2024-11-23,2024-11-28,2024-11-28,250,On-Time
DEL-04698,PO-04698,SUP15,2024-11-23,2024-12-03,2024-12-03,80,On-Time
DEL-04699,PO-04699,SUP09,2024-11-23,2024-11-29,2024-11-28,250,On-Time
DEL-04700,PO-04700,SUP08,2024-11-24,2024-12-04,2024-12-04,200,On-Time
DEL-04701,PO-04701,SUP09,2024-11-24,2024-11-29,2024-11-29,200,On-Time
DEL-04702,PO-04702,SUP06,2024-11-24,2024-12-08,2024-12-08,250,On-Time
DEL-04703,PO-04703,SUP02,2024-11-24,2024-12-04,2024-12-04,250,On-Time
DEL-04704,PO-04704,SUP11,2024-11-24,2024-12-08,2024-12-08,250,On-Time
DEL-04705,PO-04705,SUP08,2024-11-24,2024-12-04,2024-12-04,150,On-Time
DEL-04706,PO-04706,SUP15,2024-11-24,2024-12-06,2024-12-07,120,Delayed
DEL-04707,PO-04707,SUP08,2024-11-24,2024-12-02,2024-12-02,40,On-Time
DEL-04708,PO-04708,SUP01,2024-11-24,2024-12-15,2024-12-15,120,On-Time
DEL-04709,PO-04709,SUP14,2024-11-24,2024-12-09,2024-12-09,50,On-Time
DEL-04710,PO-04710,SUP15,2024-11-24,2024-12-02,2024-12-02,80,On-Time
DEL-04711,PO-04711,SUP02,2024-11-24,2024-12-04,2024-12-04,400,On-Time
DEL-04712,PO-04712,SUP13,2024-11-24,2024-12-05,2024-12-05,400,On-Time
DEL-04713,PO-04713,SUP14,2024-11-24,2024-11-30,2024-11-30,500,On-Time
DEL-04714,PO-04714,SUP14,2024-11-25,2024-12-06,2024-12-05,400,On-Time
DEL-04715,PO-04715,SUP05,2024-11-25,2024-12-02,2024-12-01,300,On-Time
DEL-04716,PO-04716,SUP01,2024-11-25,2024-12-10,2024-12-10,100,On-Time
DEL-04717,PO-04717,SUP02,2024-11-25,2024-12-07,2024-12-07,500,On-Time
DEL-04718,PO-04718,SUP06,2024-11-25,2024-12-15,2024-12-15,60,On-Time
DEL-04719,PO-04719,SUP15,2024-11-25,2024-12-09,2024-12-10,300,Delayed
DEL-04720,PO-04720,SUP14,2024-11-25,2024-12-03,2024-12-03,250,On-Time
DEL-04721,PO-04721,SUP05,2024-11-25,2024-12-07,2024-12-05,80,On-Time
DEL-04722,PO-04722,SUP15,2024-11-25,2024-12-05,2024-12-05,300,On-Time
DEL-04723,PO-04723,SUP09,2024-11-25,2024-11-30,2024-11-30,200,On-Time
DEL-04724,PO-04724,SUP02,2024-11-25,2024-12-10,2024-12-10,40,On-Time
DEL-04725,PO-04725,SUP01,2024-11-25,2024-12-07,2024-12-07,50,On-Time
DEL-04726,PO-04726,SUP05,2024-11-25,2024-12-02,2024-12-02,400,On-Time
DEL-04727,PO-04727,SUP15,2024-11-25,2024-12-05,2024-12-04,200,On-Time
DEL-04728,PO-04728,SUP15,2024-11-25,2024-12-03,2024-12-03,200,On-Time
DEL-04729,PO-04729,SUP05,2024-11-25,2024-12-02,2024-12-02,150,On-Time
DEL-04730,PO-04730,SUP09,2024-11-25,2024-12-07,2024-12-07,60,On-Time
DEL-04731,PO-04731,SUP06,2024-11-26,2024-12-08,2024-12-07,150,On-Time
DEL-04732,PO-04732,SUP06,2024-11-26,2024-12-04,2024-12-03,50,On-Time
DEL-04733,PO-04733,SUP14,2024-11-26,2024-12-14,2024-12-14,10,On-Time
DEL-04734,PO-04734,SUP15,2024-11-26,2024-12-08,2024-12-08,400,On-Time
DEL-04735,PO-04735,SUP02,2024-11-26,2024-12-10,2024-12-10,150,On-Time
DEL-04736,PO-04736,SUP01,2024-11-26,2024-12-11,2024-12-11,60,On-Time
DEL-04737,PO-04737,SUP05,2024-11-26,2024-12-04,2024-12-04,250,On-Time
DEL-04738,PO-04738,SUP14,2024-11-26,2024-12-08,2024-12-08,250,On-Time
DEL-04739,PO-04739,SUP01,2024-11-26,2024-12-24,2024-12-24,15,On-Time
DEL-04740,PO-04740,SUP15,2024-11-26,2024-12-01,2024-12-01,500,On-Time
DEL-04741,PO-04741,SUP05,2024-11-26,2024-12-01,2024-12-01,250,On-Time
DEL-04742,PO-04742,SUP13,2024-11-26,2024-12-10,2024-12-10,400,On-Time
DEL-04743,PO-04743,SUP11,2024-11-26,2024-12-14,2024-12-14,60,On-Time
DEL-04744,PO-04744,SUP06,2024-11-26,2024-12-11,2024-12-11,120,On-Time
DEL-04745,PO-04745,SUP10,2024-11-26,2024-12-14,2024-12-13,60,On-Time
DEL-04746,PO-04746,SUP14,2024-11-26,2024-12-10,2024-12-10,10,On-Time
DEL-04747,PO-04747,SUP15,2024-11-26,2024-12-08,2024-12-08,120,On-Time
DEL-04748,PO-04748,SUP02,2024-11-27,2024-12-07,2024-12-05,300,On-Time
DEL-04749,PO-04749,SUP05,2024-11-27,2024-12-02,2024-12-02,150,On-Time
DEL-04750,PO-04750,SUP15,2024-11-27,2024-12-09,2024-12-12,200,Delayed
DEL-04751,PO-04751,SUP10,2024-11-27,2024-12-06,2024-12-06,300,On-Time
DEL-04752,PO-04752,SUP14,2024-11-27,2024-12-02,2024-12-02,300,On-Time
DEL-04753,PO-04753,SUP01,2024-11-27,2024-12-11,2024-12-11,150,On-Time
DEL-04754,PO-04754,SUP09,2024-11-27,2024-12-03,2024-12-03,400,On-Time
DEL-04755,PO-04755,SUP01,2024-11-27,2024-12-06,2024-12-06,150,On-Time
DEL-04756,PO-04756,SUP12,2024-11-27,2024-12-04,2024-12-04,500,On-Time
DEL-04757,PO-04757,SUP03,2024-11-27,2024-12-06,2024-12-06,100,On-Time
DEL-04758,PO-04758,SUP01,2024-11-27,2024-12-07,2024-12-07,250,On-Time
DEL-04759,PO-04759,SUP15,2024-11-27,2024-12-09,2024-12-08,100,On-Time
DEL-04760,PO-04760,SUP05,2024-11-27,2024-12-04,2024-12-04,300,On-Time
DEL-04761,PO-04761,SUP15,2024-11-28,2024-12-12,2024-12-18,120,Delayed
DEL-04762,PO-04762,SUP14,2024-11-28,2024-12-08,2024-12-11,120,Delayed
DEL-04763,PO-04763,SUP05,2024-11-28,2024-12-03,2024-12-03,500,On-Time
DEL-04764,PO-04764,SUP15,2024-11-28,2024-12-05,2024-12-05,250,On-Time
DEL-04765,PO-04765,SUP14,2024-11-28,2024-12-08,2024-12-08,60,On-Time
DEL-04766,PO-04766,SUP03,2024-11-28,2024-12-10,2024-12-10,80,On-Time
DEL-04767,PO-04767,SUP05,2024-11-28,2024-12-04,2024-12-04,400,On-Time
DEL-04768,PO-04768,SUP09,2024-11-28,2024-12-06,2024-12-06,300,On-Time
DEL-04769,PO-04769,SUP15,2024-11-28,2024-12-13,2024-12-13,120,On-Time
DEL-04770,PO-04770,SUP02,2024-11-28,2024-12-08,2024-12-08,150,On-Time
DEL-04771,PO-04771,SUP11,2024-11-28,2024-12-18,2024-12-18,120,On-Time
DEL-04772,PO-04772,SUP06,2024-11-28,2024-12-20,2024-12-20,30,On-Time
DEL-04773,PO-04773,SUP05,2024-11-28,2024-12-03,2024-12-03,400,On-Time
DEL-04774,PO-04774,SUP06,2024-11-29,2024-12-13,2024-12-13,300,On-Time
DEL-04775,PO-04775,SUP15,2024-11-29,2024-12-06,2024-12-06,500,On-Time
DEL-04776,PO-04776,SUP12,2024-11-29,2024-12-07,2024-12-14,40,Delayed
DEL-04777,PO-04777,SUP15,2024-11-29,2024-12-07,2024-12-07,100,On-Time
DEL-04778,PO-04778,SUP14,2024-11-29,2024-12-06,2024-12-06,250,On-Time
DEL-04779,PO-04779,SUP08,2024-11-29,2024-12-11,2024-12-09,40,On-Time
DEL-04780,PO-04780,SUP11,2024-11-29,2024-12-13,2024-12-13,300,On-Time
DEL-04781,PO-04781,SUP15,2024-11-29,2024-12-04,2024-12-04,250,On-Time
DEL-04782,PO-04782,SUP02,2024-11-29,2024-12-06,2024-12-06,200,On-Time
DEL-04783,PO-04783,SUP12,2024-11-29,2024-12-14,2024-12-14,120,On-Time
DEL-04784,PO-04784,SUP01,2024-11-29,2024-12-08,2024-12-08,100,On-Time
DEL-04785,PO-04785,SUP06,2024-11-29,2024-12-13,2024-12-13,150,On-Time
DEL-04786,PO-04786,SUP15,2024-11-29,2024-12-06,2024-12-06,100,On-Time
DEL-04787,PO-04787,SUP09,2024-11-29,2024-12-04,2024-12-04,500,On-Time
DEL-04788,PO-04788,SUP05,2024-11-29,2024-12-07,2024-12-07,400,On-Time
DEL-04789,PO-04789,SUP15,2024-11-29,2024-12-11,2024-12-11,200,On-Time
DEL-04790,PO-04790,SUP15,2024-11-30,2024-12-06,2024-12-06,300,On-Time
DEL-04791,PO-04791,SUP03,2024-11-30,2024-12-09,2024-12-09,200,On-Time
DEL-04792,PO-04792,SUP07,2024-11-30,2024-12-12,2024-12-15,150,Delayed
DEL-04793,PO-04793,SUP09,2024-11-30,2024-12-06,2024-12-06,300,On-Time
DEL-04794,PO-04794,SUP15,2024-11-30,2024-12-10,2024-12-10,120,On-Time
DEL-04795,PO-04795,SUP09,2024-11-30,2024-12-08,2024-12-08,300,On-Time
DEL-04796,PO-04796,SUP14,2024-11-30,2024-12-08,2024-12-08,50,On-Time
DEL-04797,PO-04797,SUP05,2024-11-30,2024-12-06,2024-12-06,250,On-Time
DEL-04798,PO-04798,SUP09,2024-11-30,2024-12-07,2024-12-07,250,On-Time
DEL-04799,PO-04799,SUP12,2024-11-30,2024-12-08,2024-12-08,40,On-Time
DEL-04800,PO-04800,SUP01,2024-11-30,2024-12-10,2024-12-09,200,On-Time
DEL-04801,PO-04801,SUP07,2024-11-30,2024-12-14,2024-12-14,250,On-Time
DEL-04802,PO-04802,SUP01,2024-11-30,2024-12-15,2024-12-15,80,On-Time
DEL-04803,PO-04803,SUP01,2024-11-30,2024-12-16,2024-12-16,60,On-Time
DEL-04804,PO-04804,SUP08,2024-11-30,2024-12-07,2024-12-07,250,On-Time
DEL-04805,PO-04805,SUP05,2024-11-30,2024-12-06,2024-12-06,250,On-Time
DEL-04806,PO-04806,SUP01,2024-12-01,2024-12-08,2024-12-08,200,On-Time
DEL-04807,PO-04807,SUP05,2024-12-01,2024-12-11,2024-12-11,40,On-Time
DEL-04808,PO-04808,SUP09,2024-12-01,2024-12-07,2024-12-06,300,On-Time
DEL-04809,PO-04809,SUP08,2024-12-01,2024-12-10,2024-12-10,250,On-Time
DEL-04810,PO-04810,SUP05,2024-12-01,2024-12-08,2024-12-08,150,On-Time
DEL-04811,PO-04811,SUP05,2024-12-01,2024-12-13,2024-12-13,40,On-Time
DEL-04812,PO-04812,SUP04,2024-12-01,2024-12-15,2024-12-15,250,On-Time
DEL-04813,PO-04813,SUP05,2024-12-01,2024-12-07,2024-12-07,100,On-Time
DEL-04814,PO-04814,SUP01,2024-12-01,2024-12-09,2024-12-09,200,On-Time
DEL-04815,PO-04815,SUP14,2024-12-01,2024-12-08,2024-12-08,150,On-Time
DEL-04816,PO-04816,SUP15,2024-12-01,2024-12-06,2024-12-05,500,On-Time
DEL-04817,PO-04817,SUP01,2024-12-01,2024-12-15,2024-12-15,30,On-Time
DEL-04818,PO-04818,SUP15,2024-12-01,2024-12-12,2024-12-12,500,On-Time
DEL-04819,PO-04819,SUP06,2024-12-01,2024-12-08,2024-12-08,250,On-Time
DEL-04820,PO-04820,SUP05,2024-12-01,2024-12-06,2024-12-06,200,On-Time
DEL-04821,PO-04821,SUP15,2024-12-01,2024-12-13,2024-12-13,500,On-Time
DEL-04822,PO-04822,SUP05,2024-12-01,2024-12-09,2024-12-09,100,On-Time
DEL-04823,PO-04823,SUP15,2024-12-01,2024-12-15,2024-12-15,500,On-Time
DEL-04824,PO-04824,SUP02,2024-12-01,2024-12-19,2024-12-23,100,Delayed
DEL-04825,PO-04825,SUP14,2024-12-02,2024-12-12,2024-12-16,80,Delayed
DEL-04826,PO-04826,SUP06,2024-12-02,2024-12-09,2024-12-08,100,On-Time
DEL-04827,PO-04827,SUP02,2024-12-02,2024-12-10,2024-12-14,40,Delayed
DEL-04828,PO-04828,SUP03,2024-12-02,2024-12-11,2024-12-10,400,On-Time
DEL-04829,PO-04829,SUP14,2024-12-02,2024-12-18,2024-12-18,10,On-Time
DEL-04830,PO-04830,SUP14,2024-12-02,2024-12-12,2024-12-12,80,On-Time
DEL-04831,PO-04831,SUP14,2024-12-02,2024-12-11,2024-12-11,80,On-Time
DEL-04832,PO-04832,SUP14,2024-12-02,2024-12-16,2024-12-16,100,On-Time
DEL-04833,PO-04833,SUP05,2024-12-02,2024-12-07,2024-12-06,150,On-Time
DEL-04834,PO-04834,SUP14,2024-12-02,2024-12-09,2024-12-09,150,On-Time
DEL-04835,PO-04835,SUP01,2024-12-02,2024-12-14,2024-12-14,400,On-Time
DEL-04836,PO-04836,SUP01,2024-12-02,2024-12-30,2024-12-30,10,On-Time
DEL-04837,PO-04837,SUP09,2024-12-02,2024-12-08,2024-12-08,500,On-Time
DEL-04838,PO-04838,SUP15,2024-12-02,2024-12-17,2024-12-18,50,Delayed
DEL-04839,PO-04839,SUP06,2024-12-02,2024-12-12,2024-12-10,500,On-Time
DEL-04840,PO-04840,SUP05,2024-12-03,2024-12-10,2024-12-10,250,On-Time
DEL-04841,PO-04841,SUP09,2024-12-03,2024-12-10,2024-12-08,500,On-Time
DEL-04842,PO-04842,SUP02,2024-12-03,2024-12-10,2024-12-10,200,On-Time
DEL-04843,PO-04843,SUP13,2024-12-03,2024-12-15,2024-12-15,250,On-Time
DEL-04844,PO-04844,SUP12,2024-12-03,2024-12-10,2024-12-10,100,On-Time
DEL-04845,PO-04845,SUP09,2024-12-03,2024-12-11,2024-12-13,300,Delayed
DEL-04846,PO-04846,SUP15,2024-12-03,2024-12-15,2024-12-15,150,On-Time
DEL-04847,PO-04847,SUP06,2024-12-03,2024-12-10,2024-12-10,250,On-Time
DEL-04848,PO-04848,SUP09,2024-12-03,2024-12-15,2024-12-15,120,On-Time
DEL-04849,PO-04849,SUP03,2024-12-03,2024-12-12,2024-12-12,250,On-Time
DEL-04850,PO-04850,SUP03,2024-12-03,2024-12-19,2024-12-17,40,On-Time
DEL-04851,PO-04851,SUP09,2024-12-03,2024-12-08,2024-12-08,100,On-Time
DEL-04852,PO-04852,SUP03,2024-12-03,2024-12-25,2024-12-23,20,On-Time
DEL-04853,PO-04853,SUP10,2024-12-03,2024-12-12,2024-12-11,400,On-Time
DEL-04854,PO-04854,SUP11,2024-12-03,2024-12-18,2024-12-18,40,On-Time
DEL-04855,PO-04855,SUP01,2024-12-03,2024-12-18,2024-12-18,60,On-Time
DEL-04856,PO-04856,SUP15,2024-12-04,2024-12-12,2024-12-11,150,On-Time
DEL-04857,PO-04857,SUP14,2024-12-04,2024-12-11,2024-12-09,200,On-Time
DEL-04858,PO-04858,SUP05,2024-12-04,2024-12-12,2024-12-12,200,On-Time
DEL-04859,PO-04859,SUP02,2024-12-04,2024-12-11,2024-12-11,250,On-Time
DEL-04860,PO-04860,SUP08,2024-12-04,2024-12-14,2024-12-14,60,On-Time
DEL-04861,PO-04861,SUP11,2024-12-04,2024-12-22,2024-12-22,50,On-Time
DEL-04862,PO-04862,SUP07,2024-12-04,2024-12-15,2024-12-15,200,On-Time
DEL-04863,PO-04863,SUP14,2024-12-04,2024-12-10,2024-12-10,500,On-Time
DEL-04864,PO-04864,SUP15,2024-12-04,2024-12-14,2024-12-14,300,On-Time
DEL-04865,PO-04865,SUP06,2024-12-04,2024-12-14,2024-12-13,250,On-Time
DEL-04866,PO-04866,SUP01,2024-12-04,2024-12-24,2024-12-24,80,On-Time
DEL-04867,PO-04867,SUP03,2024-12-04,2024-12-19,2024-12-21,100,Delayed
DEL-04868,PO-04868,SUP11,2024-12-04,2024-12-24,2024-12-24,50,On-Time
DEL-04869,PO-04869,SUP02,2024-12-05,2024-12-17,2024-12-17,200,On-Time
DEL-04870,PO-04870,SUP13,2024-12-05,2024-12-17,2024-12-17,400,On-Time
DEL-04871,PO-04871,SUP08,2024-12-05,2024-12-13,2024-12-13,300,On-Time
DEL-04872,PO-04872,SUP14,2024-12-05,2024-12-13,2024-12-13,150,On-Time
DEL-04873,PO-04873,SUP15,2024-12-05,2024-12-14,2024-12-24,60,Delayed
DEL-04874,PO-04874,SUP12,2024-12-05,2024-12-13,2024-12-13,150,On-Time
DEL-04875,PO-04875,SUP14,2024-12-05,2024-12-11,2024-12-11,250,On-Time
DEL-04876,PO-04876,SUP08,2024-12-05,2024-12-13,2024-12-13,150,On-Time
DEL-04877,PO-04877,SUP11,2024-12-05,2024-12-20,2024-12-20,50,On-Time
DEL-04878,PO-04878,SUP09,2024-12-05,2024-12-11,2024-12-11,300,On-Time
DEL-04879,PO-04879,SUP14,2024-12-05,2024-12-14,2024-12-14,40,On-Time
DEL-04880,PO-04880,SUP08,2024-12-05,2024-12-19,2024-12-19,10,On-Time
DEL-04881,PO-04881,SUP03,2024-12-05,2024-12-14,2024-12-14,500,On-Time
DEL-04882,PO-04882,SUP12,2024-12-05,2024-12-13,2024-12-13,100,On-Time
DEL-04883,PO-04883,SUP12,2024-12-05,2024-12-19,2024-12-18,15,On-Time
DEL-04884,PO-04884,SUP14,2024-12-06,2024-12-13,2024-12-11,100,On-Time
DEL-04885,PO-04885,SUP09,2024-12-06,2024-12-16,2024-12-20,100,Delayed
DEL-04886,PO-04886,SUP09,2024-12-06,2024-12-14,2024-12-19,100,Delayed
DEL-04887,PO-04887,SUP07,2024-12-06,2024-12-20,2024-12-20,120,On-Time
DEL-04888,PO-04888,SUP07,2024-12-06,2024-12-20,2024-12-20,200,On-Time
DEL-04889,PO-04889,SUP14,2024-12-06,2024-12-12,2024-12-12,100,On-Time
DEL-04890,PO-04890,SUP07,2024-12-06,2024-12-18,2024-12-22,250,Delayed
DEL-04891,PO-04891,SUP11,2024-12-06,2024-12-20,2024-12-20,150,On-Time
DEL-04892,PO-04892,SUP12,2024-12-06,2024-12-14,2024-12-14,40,On-Time
DEL-04893,PO-04893,SUP03,2024-12-06,2024-12-22,2024-12-22,60,On-Time
DEL-04894,PO-04894,SUP11,2024-12-06,2024-12-21,2024-12-21,60,On-Time
DEL-04895,PO-04895,SUP04,2024-12-06,2024-12-16,2024-12-16,60,On-Time
DEL-04896,PO-04896,SUP03,2024-12-07,2024-12-16,2024-12-16,100,On-Time
DEL-04897,PO-04897,SUP03,2024-12-07,2025-01-04,2025-01-03,30,On-Time
DEL-04898,PO-04898,SUP15,2024-12-07,2024-12-17,2024-12-22,500,Delayed
DEL-04899,PO-04899,SUP15,2024-12-07,2024-12-15,2024-12-15,150,On-Time
DEL-04900,PO-04900,SUP09,2024-12-07,2024-12-15,2024-12-15,100,On-Time
DEL-04901,PO-04901,SUP04,2024-12-07,2024-12-21,2024-12-19,120,On-Time
DEL-04902,PO-04902,SUP15,2024-12-07,2024-12-15,2024-12-15,50,On-Time
DEL-04903,PO-04903,SUP15,2024-12-07,2024-12-15,2024-12-15,200,On-Time
DEL-04904,PO-04904,SUP10,2024-12-07,2024-12-29,2024-12-28,10,On-Time
DEL-04905,PO-04905,SUP13,2024-12-07,2024-12-25,2024-12-25,20,On-Time
DEL-04906,PO-04906,SUP15,2024-12-07,2024-12-19,2024-12-19,200,On-Time
DEL-04907,PO-04907,SUP01,2024-12-07,2024-12-21,2024-12-21,50,On-Time
DEL-04908,PO-04908,SUP01,2024-12-07,2024-12-17,2024-12-17,100,On-Time
DEL-04909,PO-04909,SUP15,2024-12-08,2024-12-24,2024-12-24,15,On-Time
DEL-04910,PO-04910,SUP08,2024-12-08,2024-12-15,2024-12-15,150,On-Time
DEL-04911,PO-04911,SUP14,2024-12-08,2024-12-13,2024-12-13,400,On-Time
DEL-04912,PO-04912,SUP15,2024-12-08,2024-12-18,2024-12-18,40,On-Time
DEL-04913,PO-04913,SUP14,2024-12-08,2024-12-16,2024-12-16,120,On-Time
DEL-04914,PO-04914,SUP14,2024-12-08,2024-12-17,2024-12-17,120,On-Time
DEL-04915,PO-04915,SUP04,2024-12-08,2024-12-22,2024-12-22,150,On-Time
DEL-04916,PO-04916,SUP10,2024-12-08,2024-12-20,2024-12-20,40,On-Time
DEL-04917,PO-04917,SUP02,2024-12-08,2024-12-26,2025-01-04,100,Delayed
DEL-04918,PO-04918,SUP14,2024-12-08,2024-12-14,2024-12-14,250,On-Time
DEL-04919,PO-04919,SUP14,2024-12-08,2024-12-13,2024-12-13,300,On-Time
DEL-04920,PO-04920,SUP13,2024-12-08,2024-12-23,2024-12-23,100,On-Time
DEL-04921,PO-04921,SUP06,2024-12-08,2024-12-28,2024-12-28,100,On-Time
DEL-04922,PO-04922,SUP03,2024-12-08,2024-12-20,2024-12-20,80,On-Time
DEL-04923,PO-04923,SUP15,2024-12-08,2024-12-22,2024-12-24,150,Delayed
DEL-04924,PO-04924,SUP15,2024-12-08,2024-12-13,2024-12-13,200,On-Time
DEL-04925,PO-04925,SUP11,2024-12-09,2024-12-16,2024-12-16,200,On-Time
DEL-04926,PO-04926,SUP07,2024-12-09,2024-12-23,2024-12-23,100,On-Time
DEL-04927,PO-04927,SUP04,2024-12-09,2024-12-23,2024-12-23,100,On-Time
DEL-04928,PO-04928,SUP15,2024-12-09,2024-12-14,2024-12-14,250,On-Time
DEL-04929,PO-04929,SUP15,2024-12-09,2024-12-16,2024-12-16,150,On-Time
DEL-04930,PO-04930,SUP03,2024-12-09,2024-12-27,2024-12-26,120,On-Time
DEL-04931,PO-04931,SUP11,2024-12-09,2024-12-19,2024-12-19,100,On-Time
DEL-04932,PO-04932,SUP02,2024-12-09,2024-12-23,2024-12-23,500,On-Time
DEL-04933,PO-04933,SUP14,2024-12-09,2024-12-15,2024-12-15,500,On-Time
DEL-04934,PO-04934,SUP05,2024-12-09,2024-12-21,2024-12-21,80,On-Time
DEL-04935,PO-04935,SUP10,2024-12-09,2024-12-24,2024-12-24,80,On-Time
DEL-04936,PO-04936,SUP02,2024-12-09,2024-12-19,2024-12-18,400,On-Time
DEL-04937,PO-04937,SUP01,2024-12-09,2024-12-19,2024-12-19,100,On-Time
DEL-04938,PO-04938,SUP13,2024-12-09,2024-12-19,2024-12-19,120,On-Time
DEL-04939,PO-04939,SUP14,2024-12-09,2024-12-16,2024-12-16,500,On-Time
DEL-04940,PO-04940,SUP01,2024-12-09,2024-12-16,2024-12-15,500,On-Time
DEL-04941,PO-04941,SUP15,2024-12-09,2024-12-16,2024-12-20,150,Delayed
DEL-04942,PO-04942,SUP14,2024-12-10,2024-12-25,2024-12-25,120,On-Time
DEL-04943,PO-04943,SUP03,2024-12-10,2024-12-19,2024-12-19,250,On-Time
DEL-04944,PO-04944,SUP15,2024-12-10,2024-12-18,2024-12-18,250,On-Time
DEL-04945,PO-04945,SUP15,2024-12-10,2024-12-18,2024-12-18,150,On-Time
DEL-04946,PO-04946,SUP08,2024-12-10,2024-12-17,2024-12-15,250,On-Time
DEL-04947,PO-04947,SUP03,2024-12-10,2025-01-03,2025-01-03,15,On-Time
DEL-04948,PO-04948,SUP15,2024-12-10,2024-12-24,2024-12-24,40,On-Time
DEL-04949,PO-04949,SUP14,2024-12-10,2024-12-18,2024-12-18,500,On-Time
DEL-04950,PO-04950,SUP15,2024-12-10,2024-12-20,2024-12-19,80,On-Time
DEL-04951,PO-04951,SUP12,2024-12-10,2025-01-07,2025-01-07,15,On-Time
DEL-04952,PO-04952,SUP14,2024-12-10,2024-12-17,2024-12-15,150,On-Time
DEL-04953,PO-04953,SUP09,2024-12-10,2024-12-16,2024-12-16,300,On-Time
DEL-04954,PO-04954,SUP09,2024-12-10,2024-12-16,2024-12-16,100,On-Time
DEL-04955,PO-04955,SUP10,2024-12-10,2025-01-07,2025-01-07,20,On-Time
DEL-04956,PO-04956,SUP14,2024-12-10,2024-12-20,2024-12-19,40,On-Time
DEL-04957,PO-04957,SUP06,2024-12-11,2024-12-19,2024-12-19,50,On-Time
DEL-04958,PO-04958,SUP06,2024-12-11,2024-12-31,2025-01-01,40,Delayed
DEL-04959,PO-04959,SUP15,2024-12-11,2024-12-19,2024-12-19,50,On-Time
DEL-04960,PO-04960,SUP05,2024-12-11,2024-12-17,2024-12-17,100,On-Time
DEL-04961,PO-04961,SUP13,2024-12-11,2024-12-25,2024-12-25,250,On-Time
DEL-04962,PO-04962,SUP05,2024-12-11,2024-12-19,2024-12-19,500,On-Time
DEL-04963,PO-04963,SUP09,2024-12-11,2024-12-16,2024-12-16,200,On-Time
DEL-04964,PO-04964,SUP02,2024-12-11,2024-12-21,2024-12-19,150,On-Time
DEL-04965,PO-04965,SUP13,2024-12-11,2024-12-25,2024-12-25,80,On-Time
DEL-04966,PO-04966,SUP03,2024-12-11,2024-12-20,2024-12-20,200,On-Time
DEL-04967,PO-04967,SUP05,2024-12-12,2024-12-18,2024-12-17,500,On-Time
DEL-04968,PO-04968,SUP09,2024-12-12,2024-12-21,2024-12-21,120,On-Time
DEL-04969,PO-04969,SUP15,2024-12-12,2024-12-27,2024-12-26,50,On-Time
DEL-04970,PO-04970,SUP15,2024-12-12,2024-12-17,2024-12-28,400,Delayed
DEL-04971,PO-04971,SUP10,2024-12-12,2024-12-21,2024-12-22,400,Delayed
DEL-04972,PO-04972,SUP06,2024-12-12,2024-12-21,2024-12-21,150,On-Time
DEL-04973,PO-04973,SUP09,2024-12-13,2024-12-22,2024-12-22,50,On-Time
DEL-04974,PO-04974,SUP12,2024-12-13,2024-12-21,2024-12-21,150,On-Time
DEL-04975,PO-04975,SUP06,2024-12-13,2024-12-28,2024-12-27,60,On-Time
DEL-04976,PO-04976,SUP10,2024-12-13,2025-01-06,2025-01-06,40,On-Time
DEL-04977,PO-04977,SUP08,2024-12-13,2024-12-21,2024-12-21,100,On-Time
DEL-04978,PO-04978,SUP15,2024-12-13,2024-12-27,2024-12-27,250,On-Time
DEL-04979,PO-04979,SUP14,2024-12-13,2024-12-23,2024-12-23,60,On-Time
DEL-04980,PO-04980,SUP09,2024-12-13,2024-12-22,2024-12-22,100,On-Time
DEL-04981,PO-04981,SUP15,2024-12-13,2024-12-21,2024-12-21,100,On-Time
DEL-04982,PO-04982,SUP05,2024-12-13,2024-12-19,2024-12-18,150,On-Time
DEL-04983,PO-04983,SUP06,2024-12-13,2024-12-29,2024-12-29,120,On-Time
DEL-04984,PO-04984,SUP12,2024-12-13,2024-12-21,2024-12-21,250,On-Time
DEL-04985,PO-04985,SUP05,2024-12-13,2024-12-22,2024-12-22,80,On-Time
DEL-04986,PO-04986,SUP15,2024-12-14,2024-12-20,2024-12-20,300,On-Time
DEL-04987,PO-04987,SUP14,2024-12-14,2024-12-25,2024-12-25,300,On-Time
DEL-04988,PO-04988,SUP15,2024-12-14,2024-12-19,2024-12-19,300,On-Time
DEL-04989,PO-04989,SUP14,2024-12-14,2024-12-23,2024-12-24,40,Delayed
DEL-04990,PO-04990,SUP15,2024-12-14,2024-12-21,2024-12-21,500,On-Time
DEL-04991,PO-04991,SUP07,2024-12-14,2024-12-28,2024-12-28,50,On-Time
DEL-04992,PO-04992,SUP10,2024-12-14,2024-12-30,2024-12-28,40,On-Time
DEL-04993,PO-04993,SUP11,2024-12-14,2024-12-28,2024-12-28,400,On-Time
DEL-04994,PO-04994,SUP06,2024-12-14,2024-12-22,2024-12-22,120,On-Time
DEL-04995,PO-04995,SUP07,2024-12-14,2024-12-24,2024-12-27,40,Delayed
DEL-04996,PO-04996,SUP12,2024-12-14,2024-12-28,2024-12-28,30,On-Time
DEL-04997,PO-04997,SUP11,2024-12-14,2024-12-21,2024-12-21,200,On-Time
DEL-04998,PO-04998,SUP15,2024-12-14,2024-12-28,2024-12-28,200,On-Time
DEL-04999,PO-04999,SUP14,2024-12-14,2024-12-23,2024-12-23,60,On-Time
DEL-05000,PO-05000,SUP08,2024-12-14,2024-12-26,2024-12-26,120,On-Time
DEL-05001,PO-05001,SUP06,2024-12-14,2024-12-21,2024-12-21,400,On-Time
DEL-05002,PO-05002,SUP15,2024-12-14,2024-12-26,2024-12-26,40,On-Time
DEL-05003,PO-05003,SUP15,2024-12-14,2024-12-20,2024-12-24,150,Delayed
DEL-05004,PO-05004,SUP01,2024-12-15,2024-12-25,2024-12-25,120,On-Time
DEL-05005,PO-05005,SUP04,2024-12-15,2024-12-26,2024-12-26,150,On-Time
DEL-05006,PO-05006,SUP06,2024-12-15,2024-12-27,2024-12-27,500,On-Time
DEL-05007,PO-05007,SUP07,2024-12-15,2024-12-29,2024-12-29,300,On-Time
DEL-05008,PO-05008,SUP14,2024-12-15,2024-12-23,2024-12-25,50,Delayed
DEL-05009,PO-05009,SUP14,2024-12-15,2024-12-23,2024-12-23,100,On-Time
DEL-05010,PO-05010,SUP08,2024-12-15,2024-12-24,2024-12-23,150,On-Time
DEL-05011,PO-05011,SUP02,2024-12-15,2024-12-30,2024-12-30,60,On-Time
DEL-05012,PO-05012,SUP13,2024-12-15,2024-12-27,2024-12-28,200,Delayed
DEL-05013,PO-05013,SUP14,2024-12-15,2024-12-22,2024-12-22,400,On-Time
DEL-05014,PO-05014,SUP15,2024-12-15,2024-12-29,2024-12-29,300,On-Time
DEL-05015,PO-05015,SUP14,2024-12-15,2024-12-27,2024-12-28,200,Delayed
DEL-05016,PO-05016,SUP05,2024-12-16,2024-12-24,2024-12-24,150,On-Time
DEL-05017,PO-05017,SUP15,2024-12-16,2024-12-24,2024-12-30,100,Delayed
DEL-05018,PO-05018,SUP07,2024-12-16,2024-12-31,2024-12-31,50,On-Time
DEL-05019,PO-05019,SUP13,2024-12-16,2024-12-30,2025-01-01,100,Delayed
DEL-05020,PO-05020,SUP09,2024-12-16,2024-12-23,2024-12-23,150,On-Time
DEL-05021,PO-05021,SUP05,2024-12-16,2024-12-22,2024-12-22,250,On-Time
DEL-05022,PO-05022,SUP11,2024-12-16,2025-01-05,2025-01-05,100,On-Time
DEL-05023,PO-05023,SUP02,2024-12-16,2024-12-28,2024-12-28,250,On-Time
DEL-05024,PO-05024,SUP03,2024-12-16,2024-12-26,2024-12-26,100,On-Time
DEL-05025,PO-05025,SUP15,2024-12-17,2024-12-26,2024-12-26,50,On-Time
DEL-05026,PO-05026,SUP14,2024-12-17,2024-12-25,2024-12-25,40,On-Time
DEL-05027,PO-05027,SUP06,2024-12-17,2025-01-01,2025-01-01,40,On-Time
DEL-05028,PO-05028,SUP07,2024-12-17,2024-12-29,2024-12-30,200,Delayed
DEL-05029,PO-05029,SUP09,2024-12-17,2024-12-29,2024-12-29,60,On-Time
DEL-05030,PO-05030,SUP06,2024-12-17,2024-12-25,2024-12-24,100,On-Time
DEL-05031,PO-05031,SUP13,2024-12-17,2024-12-29,2024-12-28,400,On-Time
DEL-05032,PO-05032,SUP06,2024-12-17,2024-12-27,2024-12-27,300,On-Time
DEL-05033,PO-05033,SUP01,2024-12-17,2025-01-14,2025-01-14,40,On-Time
DEL-05034,PO-05034,SUP08,2024-12-17,2024-12-27,2024-12-27,100,On-Time
DEL-05035,PO-05035,SUP05,2024-12-17,2024-12-27,2024-12-27,100,On-Time
DEL-05036,PO-05036,SUP05,2024-12-17,2024-12-22,2024-12-22,400,On-Time
DEL-05037,PO-05037,SUP05,2024-12-18,2024-12-25,2024-12-25,100,On-Time
DEL-05038,PO-05038,SUP06,2024-12-18,2024-12-30,2024-12-30,80,On-Time
DEL-05039,PO-05039,SUP04,2024-12-18,2024-12-29,2024-12-27,400,On-Time
DEL-05040,PO-05040,SUP15,2024-12-18,2024-12-26,2024-12-26,100,On-Time
DEL-05041,PO-05041,SUP15,2024-12-18,2024-12-28,2024-12-28,80,On-Time
DEL-05042,PO-05042,SUP10,2024-12-18,2024-12-30,2024-12-30,40,On-Time
DEL-05043,PO-05043,SUP13,2024-12-18,2024-12-26,2024-12-25,100,On-Time
DEL-05044,PO-05044,SUP14,2024-12-18,2024-12-23,2024-12-25,250,Delayed
DEL-05045,PO-05045,SUP15,2024-12-18,2025-01-05,2025-01-05,40,On-Time
DEL-05046,PO-05046,SUP14,2024-12-18,2024-12-30,2024-12-30,120,On-Time
DEL-05047,PO-05047,SUP03,2024-12-18,2024-12-27,2024-12-27,150,On-Time
DEL-05048,PO-05048,SUP02,2024-12-19,2025-01-13,2025-01-13,40,On-Time
DEL-05049,PO-05049,SUP06,2024-12-19,2025-01-16,2025-01-16,15,On-Time
DEL-05050,PO-05050,SUP14,2024-12-19,2025-01-03,2025-01-03,40,On-Time
DEL-05051,PO-05051,SUP15,2024-12-19,2025-01-09,2025-01-09,120,On-Time
DEL-05052,PO-05052,SUP06,2024-12-19,2025-01-02,2025-01-02,250,On-Time
DEL-05053,PO-05053,SUP02,2024-12-19,2024-12-29,2024-12-29,150,On-Time
DEL-05054,PO-05054,SUP14,2024-12-19,2024-12-31,2025-01-07,40,Delayed
DEL-05055,PO-05055,SUP08,2024-12-19,2024-12-29,2025-01-02,250,Delayed
DEL-05056,PO-05056,SUP07,2024-12-19,2025-01-02,2025-01-01,400,On-Time
DEL-05057,PO-05057,SUP15,2024-12-19,2025-01-02,2025-01-02,300,On-Time
DEL-05058,PO-05058,SUP04,2024-12-19,2024-12-27,2024-12-27,40,On-Time
DEL-05059,PO-05059,SUP09,2024-12-19,2024-12-25,2024-12-25,200,On-Time
DEL-05060,PO-05060,SUP06,2024-12-19,2025-01-04,2025-01-04,100,On-Time
DEL-05061,PO-05061,SUP01,2024-12-19,2024-12-29,2024-12-29,150,On-Time
DEL-05062,PO-05062,SUP04,2024-12-20,2024-12-31,2025-01-09,500,Delayed
DEL-05063,PO-05063,SUP01,2024-12-20,2025-01-03,2025-01-03,40,On-Time
DEL-05064,PO-05064,SUP09,2024-12-20,2025-01-01,2025-01-01,40,On-Time
DEL-05065,PO-05065,SUP01,2024-12-20,2025-01-01,2025-01-02,500,Delayed
DEL-05066,PO-05066,SUP05,2024-12-20,2024-12-25,2024-12-25,150,On-Time
DEL-05067,PO-05067,SUP15,2024-12-20,2024-12-25,2024-12-25,500,On-Time
DEL-05068,PO-05068,SUP14,2024-12-20,2024-12-28,2024-12-28,250,On-Time
DEL-05069,PO-05069,SUP06,2024-12-20,2025-01-01,2025-01-01,150,On-Time
DEL-05070,PO-05070,SUP11,2024-12-20,2025-01-07,2025-01-07,120,On-Time
DEL-05071,PO-05071,SUP01,2024-12-20,2025-01-03,2025-01-03,150,On-Time
DEL-05072,PO-05072,SUP04,2024-12-20,2024-12-31,2024-12-31,500,On-Time
DEL-05073,PO-05073,SUP14,2024-12-20,2025-01-03,2025-01-01,100,On-Time
DEL-05074,PO-05074,SUP03,2024-12-20,2024-12-29,2024-12-29,500,On-Time
DEL-05075,PO-05075,SUP08,2024-12-20,2025-01-03,2025-01-03,20,On-Time
DEL-05076,PO-05076,SUP14,2024-12-20,2025-01-03,2025-01-12,500,Delayed
DEL-05077,PO-05077,SUP14,2024-12-20,2024-12-31,2024-12-31,250,On-Time
DEL-05078,PO-05078,SUP01,2024-12-21,2024-12-31,2024-12-31,400,On-Time
DEL-05079,PO-05079,SUP11,2024-12-21,2024-12-31,2024-12-30,150,On-Time
DEL-05080,PO-05080,SUP09,2024-12-21,2024-12-27,2024-12-27,200,On-Time
DEL-05081,PO-05081,SUP10,2024-12-21,2025-01-06,2025-01-04,80,On-Time
DEL-05082,PO-05082,SUP15,2024-12-21,2025-01-10,2025-01-15,80,Delayed
DEL-05083,PO-05083,SUP03,2024-12-21,2025-01-05,2025-01-04,50,On-Time
DEL-05084,PO-05084,SUP09,2024-12-21,2024-12-28,2024-12-28,400,On-Time
DEL-05085,PO-05085,SUP15,2024-12-21,2024-12-28,2024-12-28,300,On-Time
DEL-05086,PO-05086,SUP09,2024-12-21,2024-12-27,2024-12-27,200,On-Time
DEL-05087,PO-05087,SUP09,2024-12-21,2024-12-28,2024-12-28,100,On-Time
DEL-05088,PO-05088,SUP14,2024-12-21,2024-12-26,2024-12-26,300,On-Time
DEL-05089,PO-05089,SUP04,2024-12-21,2025-01-04,2025-01-04,200,On-Time
DEL-05090,PO-05090,SUP02,2024-12-21,2024-12-28,2024-12-28,150,On-Time
DEL-05091,PO-05091,SUP14,2024-12-21,2025-01-02,2025-01-01,500,On-Time
DEL-05092,PO-05092,SUP01,2024-12-21,2024-12-30,2024-12-30,150,On-Time
DEL-05093,PO-05093,SUP12,2024-12-21,2025-01-08,2025-01-08,15,On-Time
DEL-05094,PO-05094,SUP15,2024-12-21,2024-12-29,2024-12-31,50,Delayed
DEL-05095,PO-05095,SUP06,2024-12-21,2024-12-31,2024-12-30,100,On-Time
DEL-05096,PO-05096,SUP14,2024-12-21,2025-01-02,2025-01-02,150,On-Time
DEL-05097,PO-05097,SUP11,2024-12-22,2024-12-29,2024-12-29,400,On-Time
DEL-05098,PO-05098,SUP15,2024-12-22,2025-01-06,2025-01-12,60,Delayed
DEL-05099,PO-05099,SUP09,2024-12-22,2024-12-27,2024-12-27,100,On-Time
DEL-05100,PO-05100,SUP03,2024-12-22,2025-01-07,2025-01-06,60,On-Time
DEL-05101,PO-05101,SUP09,2024-12-22,2024-12-27,2024-12-31,150,Delayed
DEL-05102,PO-05102,SUP06,2024-12-22,2025-01-01,2025-01-01,150,On-Time
DEL-05103,PO-05103,SUP01,2024-12-22,2025-01-03,2025-01-03,50,On-Time
DEL-05104,PO-05104,SUP11,2024-12-22,2025-01-06,2025-01-06,50,On-Time
DEL-05105,PO-05105,SUP14,2024-12-22,2024-12-30,2025-01-12,100,Delayed
DEL-05106,PO-05106,SUP08,2024-12-22,2025-01-03,2025-01-03,50,On-Time
DEL-05107,PO-05107,SUP02,2024-12-22,2025-01-16,2025-01-15,20,On-Time
DEL-05108,PO-05108,SUP14,2024-12-22,2024-12-29,2024-12-29,200,On-Time
DEL-05109,PO-05109,SUP15,2024-12-22,2025-01-05,2025-01-17,40,Delayed
DEL-05110,PO-05110,SUP13,2024-12-22,2025-01-02,2025-01-02,400,On-Time
DEL-05111,PO-05111,SUP09,2024-12-23,2024-12-28,2024-12-26,300,On-Time
DEL-05112,PO-05112,SUP05,2024-12-23,2024-12-29,2024-12-27,200,On-Time
DEL-05113,PO-05113,SUP06,2024-12-23,2025-01-06,2025-01-14,60,Delayed
DEL-05114,PO-05114,SUP15,2024-12-23,2025-01-02,2025-01-02,100,On-Time
DEL-05115,PO-05115,SUP09,2024-12-23,2024-12-29,2024-12-29,400,On-Time
DEL-05116,PO-05116,SUP14,2024-12-23,2025-01-04,2025-01-04,500,On-Time
DEL-05117,PO-05117,SUP14,2024-12-23,2024-12-29,2024-12-29,100,On-Time
DEL-05118,PO-05118,SUP10,2024-12-23,2025-01-06,2025-01-18,60,Delayed
DEL-05119,PO-05119,SUP14,2024-12-23,2024-12-28,2024-12-28,250,On-Time
DEL-05120,PO-05120,SUP15,2024-12-23,2024-12-28,2024-12-28,250,On-Time
DEL-05121,PO-05121,SUP05,2024-12-23,2024-12-30,2024-12-30,250,On-Time
DEL-05122,PO-05122,SUP01,2024-12-24,2025-01-01,2025-01-01,50,On-Time
DEL-05123,PO-05123,SUP01,2024-12-24,2025-01-11,2025-01-11,50,On-Time
DEL-05124,PO-05124,SUP14,2024-12-24,2025-01-03,2025-01-04,80,Delayed
DEL-05125,PO-05125,SUP07,2024-12-24,2025-01-04,2025-01-04,250,On-Time
DEL-05126,PO-05126,SUP15,2024-12-24,2024-12-31,2024-12-31,300,On-Time
DEL-05127,PO-05127,SUP03,2024-12-24,2025-01-05,2025-01-05,60,On-Time
DEL-05128,PO-05128,SUP01,2024-12-24,2025-01-05,2025-01-05,50,On-Time
DEL-05129,PO-05129,SUP13,2024-12-24,2025-01-08,2025-01-10,80,Delayed
DEL-05130,PO-05130,SUP05,2024-12-24,2025-01-02,2025-01-02,120,On-Time
DEL-05131,PO-05131,SUP15,2024-12-24,2025-01-05,2025-01-05,500,On-Time
DEL-05132,PO-05132,SUP14,2024-12-24,2025-01-01,2025-01-01,80,On-Time
DEL-05133,PO-05133,SUP13,2024-12-24,2025-01-07,2025-01-08,250,Delayed
DEL-05134,PO-05134,SUP13,2024-12-24,2025-01-07,2025-01-07,250,On-Time
DEL-05135,PO-05135,SUP08,2024-12-24,2025-01-03,2025-01-03,400,On-Time
DEL-05136,PO-05136,SUP14,2024-12-25,2024-12-31,2024-12-31,250,On-Time
DEL-05137,PO-05137,SUP07,2024-12-25,2025-01-05,2025-01-04,250,On-Time
DEL-05138,PO-05138,SUP14,2024-12-25,2025-01-01,2025-01-01,150,On-Time
DEL-05139,PO-05139,SUP15,2024-12-25,2025-01-14,2025-01-14,40,On-Time
DEL-05140,PO-05140,SUP03,2024-12-25,2025-01-08,2025-01-08,120,On-Time
DEL-05141,PO-05141,SUP14,2024-12-25,2025-01-02,2025-01-02,400,On-Time
DEL-05142,PO-05142,SUP11,2024-12-25,2025-01-08,2025-01-08,150,On-Time
DEL-05143,PO-05143,SUP15,2024-12-25,2025-01-12,2025-01-13,20,Delayed
DEL-05144,PO-05144,SUP06,2024-12-25,2025-01-04,2025-01-04,200,On-Time
DEL-05145,PO-05145,SUP14,2024-12-25,2024-12-30,2024-12-30,500,On-Time
DEL-05146,PO-05146,SUP09,2024-12-25,2025-01-01,2025-01-01,300,On-Time
DEL-05147,PO-05147,SUP14,2024-12-26,2025-01-13,2025-01-13,15,On-Time
DEL-05148,PO-05148,SUP11,2024-12-26,2025-01-09,2025-01-09,400,On-Time
DEL-05149,PO-05149,SUP14,2024-12-26,2025-01-02,2025-01-02,250,On-Time
DEL-05150,PO-05150,SUP15,2024-12-26,2025-01-03,2025-01-04,50,Delayed
DEL-05151,PO-05151,SUP06,2024-12-26,2025-01-13,2025-01-13,60,On-Time
DEL-05152,PO-05152,SUP06,2024-12-26,2025-01-15,2025-01-15,60,On-Time
DEL-05153,PO-05153,SUP06,2024-12-26,2025-01-13,2025-01-13,40,On-Time
DEL-05154,PO-05154,SUP13,2024-12-26,2025-01-11,2025-01-11,20,On-Time
DEL-05155,PO-05155,SUP01,2024-12-26,2025-01-05,2025-01-05,200,On-Time
DEL-05156,PO-05156,SUP10,2024-12-26,2025-01-07,2025-01-08,120,Delayed
DEL-05157,PO-05157,SUP03,2024-12-26,2025-01-07,2025-01-07,80,On-Time
DEL-05158,PO-05158,SUP03,2024-12-26,2025-01-05,2025-01-05,400,On-Time
DEL-05159,PO-05159,SUP14,2024-12-27,2025-01-04,2025-01-04,150,On-Time
DEL-05160,PO-05160,SUP08,2024-12-27,2025-01-03,2025-01-03,200,On-Time
DEL-05161,PO-05161,SUP04,2024-12-27,2025-01-08,2025-01-13,300,Delayed
DEL-05162,PO-05162,SUP06,2024-12-27,2025-01-10,2025-01-10,200,On-Time
DEL-05163,PO-05163,SUP14,2024-12-27,2025-01-08,2025-01-08,250,On-Time
DEL-05164,PO-05164,SUP15,2024-12-27,2025-01-08,2025-01-08,200,On-Time
DEL-05165,PO-05165,SUP13,2024-12-27,2025-01-16,2025-01-16,40,On-Time
DEL-05166,PO-05166,SUP05,2024-12-27,2025-01-01,2025-01-02,400,Delayed
DEL-05167,PO-05167,SUP01,2024-12-27,2025-01-05,2025-01-05,250,On-Time
DEL-05168,PO-05168,SUP14,2024-12-27,2025-01-08,2025-01-10,100,Delayed
DEL-05169,PO-05169,SUP09,2024-12-27,2025-01-04,2025-01-09,500,Delayed
DEL-05170,PO-05170,SUP14,2024-12-28,2025-01-02,2025-01-02,300,On-Time
DEL-05171,PO-05171,SUP09,2024-12-28,2025-01-03,2025-01-03,400,On-Time
DEL-05172,PO-05172,SUP09,2024-12-28,2025-01-04,2025-01-04,150,On-Time
DEL-05173,PO-05173,SUP15,2024-12-28,2025-01-07,2025-01-05,80,On-Time
DEL-05174,PO-05174,SUP14,2024-12-28,2025-01-11,2025-01-11,30,On-Time
DEL-05175,PO-05175,SUP01,2024-12-28,2025-01-21,2025-01-21,20,On-Time
DEL-05176,PO-05176,SUP12,2024-12-28,2025-01-12,2025-01-12,80,On-Time
DEL-05177,PO-05177,SUP14,2024-12-28,2025-01-04,2025-01-02,150,On-Time
DEL-05178,PO-05178,SUP02,2024-12-28,2025-01-12,2025-01-12,40,On-Time
DEL-05179,PO-05179,SUP15,2024-12-28,2025-01-02,2025-01-02,200,On-Time
DEL-05180,PO-05180,SUP14,2024-12-28,2025-01-07,2025-01-07,50,On-Time
DEL-05181,PO-05181,SUP05,2024-12-28,2025-01-03,2025-01-03,500,On-Time
DEL-05182,PO-05182,SUP01,2024-12-28,2025-01-05,2025-01-05,100,On-Time
DEL-05183,PO-05183,SUP01,2024-12-28,2025-01-07,2025-01-07,120,On-Time
DEL-05184,PO-05184,SUP06,2024-12-28,2025-01-15,2025-01-15,120,On-Time
DEL-05185,PO-05185,SUP04,2024-12-28,2025-01-09,2025-01-09,500,On-Time
DEL-05186,PO-05186,SUP02,2024-12-28,2025-01-17,2025-01-17,60,On-Time
DEL-05187,PO-05187,SUP14,2024-12-29,2025-01-09,2025-01-09,400,On-Time
DEL-05188,PO-05188,SUP05,2024-12-29,2025-01-06,2025-01-05,300,On-Time
DEL-05189,PO-05189,SUP01,2024-12-29,2025-01-23,2025-01-23,20,On-Time
DEL-05190,PO-05190,SUP07,2024-12-29,2025-01-09,2025-01-09,250,On-Time
DEL-05191,PO-05191,SUP06,2024-12-29,2025-01-05,2025-01-05,500,On-Time
DEL-05192,PO-05192,SUP01,2024-12-29,2025-01-08,2025-01-07,250,On-Time
DEL-05193,PO-05193,SUP01,2024-12-29,2025-01-14,2025-01-14,120,On-Time
DEL-05194,PO-05194,SUP14,2024-12-29,2025-01-06,2025-01-06,250,On-Time
DEL-05195,PO-05195,SUP01,2024-12-29,2025-01-08,2025-01-08,150,On-Time
DEL-05196,PO-05196,SUP09,2024-12-29,2025-01-05,2025-01-03,200,On-Time
DEL-05197,PO-05197,SUP11,2024-12-29,2025-01-12,2025-01-12,150,On-Time
DEL-05198,PO-05198,SUP09,2024-12-29,2025-01-05,2025-01-05,150,On-Time
DEL-05199,PO-05199,SUP03,2024-12-29,2025-01-08,2025-01-08,100,On-Time
DEL-05200,PO-05200,SUP09,2024-12-29,2025-01-05,2025-01-05,200,On-Time
DEL-05201,PO-05201,SUP03,2024-12-29,2025-01-07,2025-01-09,300,Delayed
DEL-05202,PO-05202,SUP05,2024-12-29,2025-01-03,2025-01-03,500,On-Time
DEL-05203,PO-05203,SUP03,2024-12-29,2025-01-13,2025-01-13,40,On-Time
DEL-05204,PO-05204,SUP01,2024-12-29,2025-01-13,2025-01-13,120,On-Time
DEL-05205,PO-05205,SUP01,2024-12-29,2025-01-19,2025-01-19,60,On-Time
DEL-05206,PO-05206,SUP15,2024-12-29,2025-01-05,2025-01-03,200,On-Time
DEL-05207,PO-05207,SUP03,2024-12-30,2025-01-14,2025-01-12,80,On-Time
DEL-05208,PO-05208,SUP01,2024-12-30,2025-01-17,2025-01-17,60,On-Time
DEL-05209,PO-05209,SUP14,2024-12-30,2025-01-09,2025-01-10,100,Delayed
DEL-05210,PO-05210,SUP01,2024-12-30,2025-01-06,2025-01-06,400,On-Time
DEL-05211,PO-05211,SUP07,2024-12-30,2025-01-19,2025-01-19,40,On-Time
DEL-05212,PO-05212,SUP01,2024-12-30,2025-01-11,2025-01-10,250,On-Time
DEL-05213,PO-05213,SUP01,2024-12-30,2025-01-07,2025-01-07,120,On-Time
DEL-05214,PO-05214,SUP06,2024-12-30,2025-01-15,2025-01-13,80,On-Time
DEL-05215,PO-05215,SUP01,2024-12-30,2025-01-09,2025-01-09,300,On-Time
DEL-05216,PO-05216,SUP01,2024-12-30,2025-01-17,2025-01-17,40,On-Time
DEL-05217,PO-05217,SUP06,2024-12-30,2025-01-14,2025-01-14,100,On-Time
DEL-05218,PO-05218,SUP05,2024-12-30,2025-01-05,2025-01-05,150,On-Time
DEL-05219,PO-05219,SUP12,2024-12-30,2025-01-17,2025-01-16,10,On-Time
DEL-05220,PO-05220,SUP04,2024-12-30,2025-01-11,2025-01-11,250,On-Time
DEL-05221,PO-05221,SUP08,2024-12-30,2025-01-13,2025-01-13,80,On-Time
DEL-05222,PO-05222,SUP14,2024-12-30,2025-01-05,2025-01-12,200,Delayed
DEL-05223,PO-05223,SUP13,2024-12-30,2025-01-10,2025-01-10,300,On-Time
DEL-05224,PO-05224,SUP09,2024-12-31,2025-01-07,2025-01-07,300,On-Time
DEL-05225,PO-05225,SUP11,2024-12-31,2025-01-14,2025-01-14,200,On-Time
DEL-05226,PO-05226,SUP15,2024-12-31,2025-01-07,2025-01-07,100,On-Time
DEL-05227,PO-05227,SUP01,2024-12-31,2025-01-07,2025-01-07,500,On-Time
DEL-05228,PO-05228,SUP10,2024-12-31,2025-01-12,2025-01-12,50,On-Time
DEL-05229,PO-05229,SUP11,2024-12-31,2025-01-12,2025-01-12,200,On-Time
DEL-05230,PO-05230,SUP10,2024-12-31,2025-01-14,2025-01-14,40,On-Time
DEL-05231,PO-05231,SUP01,2024-12-31,2025-01-28,2025-01-28,20,On-Time
DEL-05232,PO-05232,SUP14,2024-12-31,2025-01-07,2025-01-07,300,On-Time
DEL-05233,PO-05233,SUP08,2024-12-31,2025-01-15,2025-01-15,80,On-Time
DEL-05234,PO-05234,SUP09,2024-12-31,2025-01-05,2025-01-05,100,On-Time
DEL-05235,PO-05235,SUP08,2024-12-31,2025-01-10,2025-01-10,100,On-Time
DEL-05236,PO-05236,SUP05,2024-12-31,2025-01-06,2025-01-06,150,On-Time
DEL-05237,PO-05237,SUP08,2024-12-31,2025-01-16,2025-01-16,40,On-Time
DEL-05238,PO-05238,SUP07,2025-01-01,2025-01-19,2025-01-19,20,On-Time
DEL-05239,PO-05239,SUP08,2025-01-01,2025-01-23,2025-01-21,40,On-Time
DEL-05240,PO-05240,SUP02,2025-01-01,2025-01-21,2025-01-21,60,On-Time
DEL-05241,PO-05241,SUP01,2025-01-01,2025-01-13,2025-01-13,50,On-Time
DEL-05242,PO-05242,SUP14,2025-01-01,2025-01-08,2025-01-07,500,On-Time
DEL-05243,PO-05243,SUP01,2025-01-01,2025-01-11,2025-01-11,100,On-Time
DEL-05244,PO-05244,SUP06,2025-01-01,2025-01-13,2025-01-12,120,On-Time
DEL-05245,PO-05245,SUP06,2025-01-01,2025-01-11,2025-01-11,150,On-Time
DEL-05246,PO-05246,SUP15,2025-01-01,2025-01-06,2025-01-06,200,On-Time
DEL-05247,PO-05247,SUP08,2025-01-01,2025-01-17,2025-01-16,50,On-Time
DEL-05248,PO-05248,SUP09,2025-01-01,2025-01-13,2025-01-13,80,On-Time
DEL-05249,PO-05249,SUP09,2025-01-01,2025-01-09,2025-01-09,150,On-Time
DEL-05250,PO-05250,SUP02,2025-01-01,2025-01-16,2025-01-16,60,On-Time
DEL-05251,PO-05251,SUP14,2025-01-01,2025-01-08,2025-01-07,200,On-Time
DEL-05252,PO-05252,SUP10,2025-01-01,2025-01-11,2025-01-11,100,On-Time
DEL-05253,PO-05253,SUP08,2025-01-01,2025-01-08,2025-01-08,250,On-Time
DEL-05254,PO-05254,SUP09,2025-01-01,2025-01-11,2025-01-11,40,On-Time
DEL-05255,PO-05255,SUP15,2025-01-01,2025-01-17,2025-01-17,40,On-Time
DEL-05256,PO-05256,SUP14,2025-01-01,2025-01-07,2025-01-07,300,On-Time
DEL-05257,PO-05257,SUP02,2025-01-02,2025-01-14,2025-01-14,100,On-Time
DEL-05258,PO-05258,SUP04,2025-01-02,2025-01-16,2025-01-16,400,On-Time
DEL-05259,PO-05259,SUP01,2025-01-02,2025-01-12,2025-01-12,300,On-Time
DEL-05260,PO-05260,SUP04,2025-01-02,2025-01-16,2025-01-14,300,On-Time
DEL-05261,PO-05261,SUP01,2025-01-02,2025-01-20,2025-01-19,100,On-Time
DEL-05262,PO-05262,SUP01,2025-01-02,2025-01-09,2025-01-09,100,On-Time
DEL-05263,PO-05263,SUP01,2025-01-02,2025-01-20,2025-01-20,120,On-Time
DEL-05264,PO-05264,SUP09,2025-01-02,2025-01-11,2025-01-11,120,On-Time
DEL-05265,PO-05265,SUP14,2025-01-02,2025-01-10,2025-01-10,400,On-Time
DEL-05266,PO-05266,SUP10,2025-01-02,2025-01-17,2025-01-26,80,Delayed
DEL-05267,PO-05267,SUP09,2025-01-02,2025-01-12,2025-01-11,50,On-Time
DEL-05268,PO-05268,SUP15,2025-01-02,2025-01-18,2025-01-18,20,On-Time
DEL-05269,PO-05269,SUP09,2025-01-02,2025-01-09,2025-01-07,300,On-Time
DEL-05270,PO-05270,SUP14,2025-01-03,2025-01-08,2025-01-08,200,On-Time
DEL-05271,PO-05271,SUP14,2025-01-03,2025-01-12,2025-01-13,100,Delayed
DEL-05272,PO-05272,SUP15,2025-01-03,2025-01-17,2025-01-16,250,On-Time
DEL-05273,PO-05273,SUP07,2025-01-03,2025-01-15,2025-01-15,100,On-Time
DEL-05274,PO-05274,SUP11,2025-01-03,2025-01-13,2025-01-11,200,On-Time
DEL-05275,PO-05275,SUP08,2025-01-03,2025-01-17,2025-01-17,60,On-Time
DEL-05276,PO-05276,SUP03,2025-01-03,2025-01-17,2025-01-17,120,On-Time
DEL-05277,PO-05277,SUP07,2025-01-03,2025-01-17,2025-01-17,200,On-Time
DEL-05278,PO-05278,SUP05,2025-01-03,2025-01-08,2025-01-08,200,On-Time
DEL-05279,PO-05279,SUP15,2025-01-03,2025-01-11,2025-01-11,120,On-Time
DEL-05280,PO-05280,SUP10,2025-01-03,2025-01-25,2025-01-26,10,Delayed
DEL-05281,PO-05281,SUP03,2025-01-03,2025-01-13,2025-01-13,400,On-Time
DEL-05282,PO-05282,SUP15,2025-01-03,2025-01-10,2025-01-10,500,On-Time
DEL-05283,PO-05283,SUP15,2025-01-03,2025-01-14,2025-01-13,300,On-Time
DEL-05284,PO-05284,SUP10,2025-01-03,2025-01-18,2025-01-18,60,On-Time
DEL-05285,PO-05285,SUP03,2025-01-03,2025-01-13,2025-01-13,150,On-Time
DEL-05286,PO-05286,SUP14,2025-01-03,2025-01-09,2025-01-07,500,On-Time
DEL-05287,PO-05287,SUP02,2025-01-04,2025-01-25,2025-01-30,80,Delayed
DEL-05288,PO-05288,SUP15,2025-01-04,2025-01-11,2025-01-14,300,Delayed
DEL-05289,PO-05289,SUP01,2025-01-04,2025-01-13,2025-01-13,500,On-Time
DEL-05290,PO-05290,SUP15,2025-01-04,2025-01-20,2025-01-27,30,Delayed
DEL-05291,PO-05291,SUP05,2025-01-04,2025-01-10,2025-01-10,150,On-Time
DEL-05292,PO-05292,SUP15,2025-01-04,2025-01-14,2025-01-14,500,On-Time
DEL-05293,PO-05293,SUP13,2025-01-04,2025-01-19,2025-01-23,50,Delayed
DEL-05294,PO-05294,SUP06,2025-01-05,2025-01-13,2025-01-13,50,On-Time
DEL-05295,PO-05295,SUP13,2025-01-05,2025-01-16,2025-01-16,150,On-Time
DEL-05296,PO-05296,SUP15,2025-01-05,2025-01-15,2025-01-15,100,On-Time
DEL-05297,PO-05297,SUP07,2025-01-05,2025-01-13,2025-01-13,120,On-Time
DEL-05298,PO-05298,SUP05,2025-01-05,2025-01-12,2025-01-12,300,On-Time
DEL-05299,PO-05299,SUP08,2025-01-05,2025-01-20,2025-01-25,120,Delayed
DEL-05300,PO-05300,SUP02,2025-01-05,2025-01-15,2025-01-15,400,On-Time
DEL-05301,PO-05301,SUP13,2025-01-05,2025-01-13,2025-01-13,100,On-Time
DEL-05302,PO-05302,SUP03,2025-01-05,2025-01-19,2025-01-19,50,On-Time
DEL-05303,PO-05303,SUP03,2025-01-05,2025-01-17,2025-01-16,40,On-Time
DEL-05304,PO-05304,SUP08,2025-01-05,2025-01-17,2025-01-16,100,On-Time
DEL-05305,PO-05305,SUP01,2025-01-05,2025-01-14,2025-01-14,300,On-Time
DEL-05306,PO-05306,SUP10,2025-01-05,2025-01-20,2025-01-20,50,On-Time
DEL-05307,PO-05307,SUP14,2025-01-05,2025-01-10,2025-01-10,500,On-Time
DEL-05308,PO-05308,SUP01,2025-01-05,2025-01-26,2025-01-26,50,On-Time
DEL-05309,PO-05309,SUP09,2025-01-05,2025-01-11,2025-01-11,100,On-Time
DEL-05310,PO-05310,SUP09,2025-01-05,2025-01-12,2025-01-15,100,Delayed
DEL-05311,PO-05311,SUP15,2025-01-05,2025-01-17,2025-01-17,60,On-Time
DEL-05312,PO-05312,SUP14,2025-01-06,2025-01-16,2025-01-17,120,Delayed
DEL-05313,PO-05313,SUP06,2025-01-06,2025-01-24,2025-01-23,50,On-Time
DEL-05314,PO-05314,SUP09,2025-01-06,2025-01-18,2025-01-16,100,On-Time
DEL-05315,PO-05315,SUP10,2025-01-06,2025-01-15,2025-01-15,400,On-Time
DEL-05316,PO-05316,SUP13,2025-01-06,2025-01-20,2025-01-20,150,On-Time
DEL-05317,PO-05317,SUP15,2025-01-06,2025-01-20,2025-01-20,400,On-Time
DEL-05318,PO-05318,SUP15,2025-01-06,2025-01-13,2025-01-13,300,On-Time
DEL-05319,PO-05319,SUP04,2025-01-06,2025-01-18,2025-01-18,400,On-Time
DEL-05320,PO-05320,SUP12,2025-01-06,2025-01-14,2025-01-14,120,On-Time
DEL-05321,PO-05321,SUP04,2025-01-06,2025-01-14,2025-01-14,100,On-Time
DEL-05322,PO-05322,SUP07,2025-01-06,2025-01-17,2025-01-17,200,On-Time
DEL-05323,PO-05323,SUP13,2025-01-07,2025-01-21,2025-01-21,250,On-Time
DEL-05324,PO-05324,SUP06,2025-01-07,2025-01-15,2025-01-15,100,On-Time
DEL-05325,PO-05325,SUP05,2025-01-07,2025-01-19,2025-01-19,60,On-Time
DEL-05326,PO-05326,SUP01,2025-01-07,2025-01-25,2025-01-25,20,On-Time
DEL-05327,PO-05327,SUP15,2025-01-07,2025-01-15,2025-01-15,300,On-Time
DEL-05328,PO-05328,SUP01,2025-01-07,2025-01-28,2025-01-28,80,On-Time
DEL-05329,PO-05329,SUP07,2025-01-07,2025-01-15,2025-01-15,60,On-Time
DEL-05330,PO-05330,SUP14,2025-01-07,2025-01-12,2025-01-12,100,On-Time
DEL-05331,PO-05331,SUP15,2025-01-07,2025-01-21,2025-01-21,20,On-Time
DEL-05332,PO-05332,SUP09,2025-01-07,2025-01-12,2025-01-12,400,On-Time
DEL-05333,PO-05333,SUP01,2025-01-07,2025-01-17,2025-01-17,250,On-Time
DEL-05334,PO-05334,SUP14,2025-01-07,2025-01-14,2025-01-13,200,On-Time
DEL-05335,PO-05335,SUP15,2025-01-08,2025-02-05,2025-02-05,30,On-Time
DEL-05336,PO-05336,SUP04,2025-01-08,2025-01-20,2025-01-20,300,On-Time
DEL-05337,PO-05337,SUP14,2025-01-08,2025-01-18,2025-01-18,50,On-Time
DEL-05338,PO-05338,SUP09,2025-01-08,2025-01-15,2025-01-15,300,On-Time
DEL-05339,PO-05339,SUP07,2025-01-08,2025-01-16,2025-01-16,80,On-Time
DEL-05340,PO-05340,SUP10,2025-01-08,2025-01-17,2025-01-17,300,On-Time
DEL-05341,PO-05341,SUP10,2025-01-08,2025-01-17,2025-01-17,300,On-Time
DEL-05342,PO-05342,SUP06,2025-01-08,2025-01-20,2025-01-20,150,On-Time
DEL-05343,PO-05343,SUP09,2025-01-08,2025-01-15,2025-01-13,150,On-Time
DEL-05344,PO-05344,SUP02,2025-01-08,2025-01-26,2025-01-26,50,On-Time
DEL-05345,PO-05345,SUP05,2025-01-08,2025-01-16,2025-01-15,100,On-Time
DEL-05346,PO-05346,SUP01,2025-01-08,2025-01-20,2025-01-20,150,On-Time
DEL-05347,PO-05347,SUP09,2025-01-09,2025-01-16,2025-01-16,150,On-Time
DEL-05348,PO-05348,SUP15,2025-01-09,2025-01-17,2025-01-17,250,On-Time
DEL-05349,PO-05349,SUP05,2025-01-09,2025-01-15,2025-01-15,100,On-Time
DEL-05350,PO-05350,SUP04,2025-01-09,2025-01-17,2025-01-25,100,Delayed
DEL-05351,PO-05351,SUP12,2025-01-09,2025-01-27,2025-01-27,30,On-Time
DEL-05352,PO-05352,SUP01,2025-01-09,2025-01-21,2025-01-21,60,On-Time
DEL-05353,PO-05353,SUP06,2025-01-09,2025-01-19,2025-01-19,100,On-Time
DEL-05354,PO-05354,SUP14,2025-01-09,2025-01-19,2025-01-19,60,On-Time
DEL-05355,PO-05355,SUP03,2025-01-09,2025-01-24,2025-01-24,50,On-Time
DEL-05356,PO-05356,SUP05,2025-01-09,2025-01-16,2025-01-16,200,On-Time
DEL-05357,PO-05357,SUP04,2025-01-09,2025-01-19,2025-01-19,120,On-Time
DEL-05358,PO-05358,SUP15,2025-01-09,2025-01-18,2025-01-18,120,On-Time
DEL-05359,PO-05359,SUP14,2025-01-09,2025-01-16,2025-01-16,100,On-Time
DEL-05360,PO-05360,SUP06,2025-01-09,2025-01-17,2025-01-17,60,On-Time
DEL-05361,PO-05361,SUP15,2025-01-09,2025-01-27,2025-01-27,100,On-Time
DEL-05362,PO-05362,SUP09,2025-01-09,2025-01-14,2025-01-15,100,Delayed
DEL-05363,PO-05363,SUP12,2025-01-09,2025-01-17,2025-01-17,150,On-Time
DEL-05364,PO-05364,SUP02,2025-01-10,2025-01-22,2025-01-22,400,On-Time
DEL-05365,PO-05365,SUP07,2025-01-10,2025-01-20,2025-01-20,40,On-Time
DEL-05366,PO-05366,SUP15,2025-01-10,2025-01-16,2025-01-18,100,Delayed
DEL-05367,PO-05367,SUP01,2025-01-10,2025-02-07,2025-02-07,30,On-Time
DEL-05368,PO-05368,SUP09,2025-01-10,2025-01-17,2025-01-17,200,On-Time
DEL-05369,PO-05369,SUP03,2025-01-10,2025-01-28,2025-01-28,60,On-Time
DEL-05370,PO-05370,SUP15,2025-01-10,2025-01-17,2025-01-17,150,On-Time
DEL-05371,PO-05371,SUP08,2025-01-10,2025-01-17,2025-01-16,100,On-Time
DEL-05372,PO-05372,SUP06,2025-01-10,2025-01-20,2025-01-20,150,On-Time
DEL-05373,PO-05373,SUP14,2025-01-10,2025-01-25,2025-01-25,50,On-Time
DEL-05374,PO-05374,SUP07,2025-01-10,2025-01-24,2025-01-23,500,On-Time
DEL-05375,PO-05375,SUP08,2025-01-10,2025-01-20,2025-01-19,150,On-Time
DEL-05376,PO-05376,SUP01,2025-01-10,2025-01-28,2025-01-28,20,On-Time
DEL-05377,PO-05377,SUP06,2025-01-10,2025-01-31,2025-01-30,100,On-Time
DEL-05378,PO-05378,SUP14,2025-01-10,2025-01-17,2025-01-17,500,On-Time
DEL-05379,PO-05379,SUP09,2025-01-10,2025-01-19,2025-01-23,60,Delayed
DEL-05380,PO-05380,SUP09,2025-01-10,2025-01-15,2025-01-13,400,On-Time
DEL-05381,PO-05381,SUP08,2025-01-10,2025-02-07,2025-02-07,40,On-Time
DEL-05382,PO-05382,SUP15,2025-01-10,2025-01-17,2025-01-17,500,On-Time
DEL-05383,PO-05383,SUP06,2025-01-10,2025-01-19,2025-01-19,500,On-Time
DEL-05384,PO-05384,SUP14,2025-01-10,2025-01-16,2025-01-16,300,On-Time
DEL-05385,PO-05385,SUP10,2025-01-11,2025-01-20,2025-01-19,150,On-Time
DEL-05386,PO-05386,SUP09,2025-01-11,2025-01-18,2025-01-18,100,On-Time
DEL-05387,PO-05387,SUP07,2025-01-11,2025-01-22,2025-01-22,300,On-Time
DEL-05388,PO-05388,SUP12,2025-01-11,2025-01-19,2025-01-19,40,On-Time
DEL-05389,PO-05389,SUP08,2025-01-11,2025-01-27,2025-02-03,120,Delayed
DEL-05390,PO-05390,SUP10,2025-01-11,2025-01-25,2025-01-25,50,On-Time
DEL-05391,PO-05391,SUP08,2025-01-11,2025-01-19,2025-01-19,120,On-Time
DEL-05392,PO-05392,SUP15,2025-01-11,2025-01-19,2025-01-19,80,On-Time
DEL-05393,PO-05393,SUP15,2025-01-11,2025-01-21,2025-01-20,120,On-Time
DEL-05394,PO-05394,SUP11,2025-01-11,2025-01-21,2025-01-21,500,On-Time
DEL-05395,PO-05395,SUP07,2025-01-11,2025-01-25,2025-01-25,60,On-Time
DEL-05396,PO-05396,SUP02,2025-01-12,2025-01-19,2025-01-19,400,On-Time
DEL-05397,PO-05397,SUP08,2025-01-12,2025-01-26,2025-01-26,80,On-Time
DEL-05398,PO-05398,SUP10,2025-01-12,2025-01-24,2025-01-24,120,On-Time
DEL-05399,PO-05399,SUP14,2025-01-12,2025-01-19,2025-01-19,500,On-Time
DEL-05400,PO-05400,SUP15,2025-01-12,2025-01-19,2025-01-19,500,On-Time
DEL-05401,PO-05401,SUP15,2025-01-12,2025-01-24,2025-01-24,150,On-Time
DEL-05402,PO-05402,SUP12,2025-01-12,2025-01-20,2025-01-19,200,On-Time
DEL-05403,PO-05403,SUP12,2025-01-12,2025-02-09,2025-02-09,10,On-Time
DEL-05404,PO-05404,SUP01,2025-01-12,2025-01-28,2025-01-27,80,On-Time
DEL-05405,PO-05405,SUP14,2025-01-12,2025-01-20,2025-01-20,60,On-Time
DEL-05406,PO-05406,SUP09,2025-01-12,2025-01-19,2025-01-18,500,On-Time
DEL-05407,PO-05407,SUP06,2025-01-12,2025-01-28,2025-01-28,100,On-Time
DEL-05408,PO-05408,SUP08,2025-01-12,2025-01-21,2025-01-19,400,On-Time
DEL-05409,PO-05409,SUP08,2025-01-12,2025-01-19,2025-01-19,100,On-Time
DEL-05410,PO-05410,SUP15,2025-01-12,2025-01-19,2025-01-18,100,On-Time
DEL-05411,PO-05411,SUP15,2025-01-13,2025-01-25,2025-01-23,80,On-Time
DEL-05412,PO-05412,SUP15,2025-01-13,2025-01-23,2025-01-23,40,On-Time
DEL-05413,PO-05413,SUP03,2025-01-13,2025-01-25,2025-01-23,100,On-Time
DEL-05414,PO-05414,SUP08,2025-01-13,2025-01-27,2025-01-27,20,On-Time
DEL-05415,PO-05415,SUP01,2025-01-13,2025-01-31,2025-01-30,100,On-Time
DEL-05416,PO-05416,SUP15,2025-01-13,2025-01-23,2025-01-22,50,On-Time
DEL-05417,PO-05417,SUP15,2025-01-13,2025-01-18,2025-01-22,250,Delayed
DEL-05418,PO-05418,SUP06,2025-01-13,2025-01-31,2025-01-31,80,On-Time
DEL-05419,PO-05419,SUP14,2025-01-13,2025-01-18,2025-01-17,500,On-Time
DEL-05420,PO-05420,SUP06,2025-01-13,2025-01-29,2025-01-29,120,On-Time
DEL-05421,PO-05421,SUP06,2025-01-13,2025-01-27,2025-01-27,200,On-Time
DEL-05422,PO-05422,SUP09,2025-01-13,2025-01-20,2025-01-20,150,On-Time
DEL-05423,PO-05423,SUP13,2025-01-13,2025-01-25,2025-01-25,200,On-Time
DEL-05424,PO-05424,SUP05,2025-01-13,2025-01-19,2025-01-19,100,On-Time
DEL-05425,PO-05425,SUP11,2025-01-13,2025-01-31,2025-01-31,100,On-Time
DEL-05426,PO-05426,SUP01,2025-01-13,2025-02-02,2025-02-02,120,On-Time
DEL-05427,PO-05427,SUP01,2025-01-14,2025-01-24,2025-01-24,40,On-Time
DEL-05428,PO-05428,SUP07,2025-01-14,2025-02-03,2025-02-03,15,On-Time
DEL-05429,PO-05429,SUP01,2025-01-14,2025-01-22,2025-01-22,100,On-Time
DEL-05430,PO-05430,SUP05,2025-01-14,2025-01-19,2025-01-22,250,Delayed
DEL-05431,PO-05431,SUP10,2025-01-14,2025-01-29,2025-01-29,120,On-Time
DEL-05432,PO-05432,SUP08,2025-01-14,2025-02-11,2025-02-11,15,On-Time
DEL-05433,PO-05433,SUP06,2025-01-14,2025-02-03,2025-02-03,100,On-Time
DEL-05434,PO-05434,SUP06,2025-01-14,2025-01-28,2025-01-28,50,On-Time
DEL-05435,PO-05435,SUP15,2025-01-14,2025-01-29,2025-01-29,120,On-Time
DEL-05436,PO-05436,SUP15,2025-01-14,2025-01-25,2025-01-24,500,On-Time
DEL-05437,PO-05437,SUP13,2025-01-14,2025-01-25,2025-01-25,150,On-Time
DEL-05438,PO-05438,SUP14,2025-01-14,2025-01-28,2025-01-28,100,On-Time
DEL-05439,PO-05439,SUP08,2025-01-14,2025-02-07,2025-02-07,30,On-Time
DEL-05440,PO-05440,SUP15,2025-01-14,2025-01-22,2025-01-22,50,On-Time
DEL-05441,PO-05441,SUP06,2025-01-14,2025-01-29,2025-01-29,100,On-Time
DEL-05442,PO-05442,SUP02,2025-01-14,2025-01-21,2025-01-20,400,On-Time
DEL-05443,PO-05443,SUP15,2025-01-14,2025-01-21,2025-01-21,150,On-Time
DEL-05444,PO-05444,SUP08,2025-01-14,2025-01-21,2025-01-21,100,On-Time
DEL-05445,PO-05445,SUP13,2025-01-15,2025-01-27,2025-01-27,300,On-Time
DEL-05446,PO-05446,SUP01,2025-01-15,2025-01-31,2025-01-31,80,On-Time
DEL-05447,PO-05447,SUP01,2025-01-15,2025-01-22,2025-01-22,200,On-Time
DEL-05448,PO-05448,SUP09,2025-01-15,2025-01-21,2025-01-19,400,On-Time
DEL-05449,PO-05449,SUP01,2025-01-15,2025-01-30,2025-01-30,100,On-Time
DEL-05450,PO-05450,SUP14,2025-01-15,2025-01-20,2025-01-21,200,Delayed
DEL-05451,PO-05451,SUP03,2025-01-15,2025-01-24,2025-01-24,500,On-Time
DEL-05452,PO-05452,SUP04,2025-01-15,2025-01-23,2025-01-23,50,On-Time
DEL-05453,PO-05453,SUP03,2025-01-15,2025-01-24,2025-01-24,200,On-Time
DEL-05454,PO-05454,SUP07,2025-01-15,2025-01-23,2025-01-23,120,On-Time
DEL-05455,PO-05455,SUP15,2025-01-15,2025-01-25,2025-01-25,250,On-Time
DEL-05456,PO-05456,SUP06,2025-01-15,2025-01-27,2025-01-27,150,On-Time
DEL-05457,PO-05457,SUP03,2025-01-15,2025-01-31,2025-01-29,60,On-Time
DEL-05458,PO-05458,SUP08,2025-01-15,2025-01-30,2025-01-31,80,Delayed
DEL-05459,PO-05459,SUP15,2025-01-15,2025-01-23,2025-01-23,100,On-Time
DEL-05460,PO-05460,SUP04,2025-01-15,2025-01-29,2025-01-29,60,On-Time
DEL-05461,PO-05461,SUP01,2025-01-15,2025-01-25,2025-01-25,300,On-Time
DEL-05462,PO-05462,SUP13,2025-01-15,2025-01-23,2025-01-23,50,On-Time
DEL-05463,PO-05463,SUP09,2025-01-15,2025-01-23,2025-01-22,400,On-Time
DEL-05464,PO-05464,SUP15,2025-01-16,2025-01-24,2025-01-23,120,On-Time
DEL-05465,PO-05465,SUP04,2025-01-16,2025-01-26,2025-02-07,80,Delayed
DEL-05466,PO-05466,SUP01,2025-01-16,2025-01-28,2025-01-28,120,On-Time
DEL-05467,PO-05467,SUP11,2025-01-16,2025-02-06,2025-02-05,120,On-Time
DEL-05468,PO-05468,SUP15,2025-01-16,2025-01-30,2025-01-30,300,On-Time
DEL-05469,PO-05469,SUP14,2025-01-16,2025-01-23,2025-01-23,400,On-Time
DEL-05470,PO-05470,SUP15,2025-01-16,2025-01-21,2025-01-21,200,On-Time
DEL-05471,PO-05471,SUP06,2025-01-16,2025-02-07,2025-02-07,40,On-Time
DEL-05472,PO-05472,SUP10,2025-01-16,2025-01-25,2025-01-25,500,On-Time
DEL-05473,PO-05473,SUP15,2025-01-16,2025-01-26,2025-01-25,120,On-Time
DEL-05474,PO-05474,SUP12,2025-01-16,2025-01-26,2025-01-26,80,On-Time
DEL-05475,PO-05475,SUP15,2025-01-16,2025-01-27,2025-01-27,250,On-Time
DEL-05476,PO-05476,SUP08,2025-01-16,2025-02-01,2025-01-31,20,On-Time
DEL-05477,PO-05477,SUP06,2025-01-16,2025-01-28,2025-01-27,150,On-Time
DEL-05478,PO-05478,SUP01,2025-01-16,2025-02-03,2025-02-03,30,On-Time
DEL-05479,PO-05479,SUP01,2025-01-16,2025-02-10,2025-02-10,20,On-Time
DEL-05480,PO-05480,SUP14,2025-01-16,2025-01-28,2025-01-28,50,On-Time
DEL-05481,PO-05481,SUP05,2025-01-16,2025-01-24,2025-01-24,150,On-Time
DEL-05482,PO-05482,SUP08,2025-01-17,2025-02-04,2025-02-13,80,Delayed
DEL-05483,PO-05483,SUP14,2025-01-17,2025-01-25,2025-01-29,400,Delayed
DEL-05484,PO-05484,SUP14,2025-01-17,2025-01-23,2025-01-23,300,On-Time
DEL-05485,PO-05485,SUP14,2025-01-17,2025-01-27,2025-01-27,80,On-Time
DEL-05486,PO-05486,SUP08,2025-01-17,2025-02-04,2025-02-04,100,On-Time
DEL-05487,PO-05487,SUP15,2025-01-17,2025-01-24,2025-01-24,250,On-Time
DEL-05488,PO-05488,SUP06,2025-01-17,2025-01-29,2025-01-29,100,On-Time
DEL-05489,PO-05489,SUP09,2025-01-17,2025-01-24,2025-01-24,300,On-Time
DEL-05490,PO-05490,SUP07,2025-01-17,2025-01-28,2025-01-28,100,On-Time
DEL-05491,PO-05491,SUP15,2025-01-17,2025-01-24,2025-01-28,400,Delayed
DEL-05492,PO-05492,SUP10,2025-01-17,2025-01-31,2025-02-09,120,Delayed
DEL-05493,PO-05493,SUP11,2025-01-17,2025-01-29,2025-01-29,100,On-Time
DEL-05494,PO-05494,SUP12,2025-01-17,2025-01-25,2025-01-25,40,On-Time
DEL-05495,PO-05495,SUP11,2025-01-17,2025-02-04,2025-02-07,100,Delayed
DEL-05496,PO-05496,SUP01,2025-01-18,2025-02-05,2025-02-05,80,On-Time
DEL-05497,PO-05497,SUP15,2025-01-18,2025-01-25,2025-01-25,100,On-Time
DEL-05498,PO-05498,SUP14,2025-01-18,2025-01-23,2025-01-23,300,On-Time
DEL-05499,PO-05499,SUP05,2025-01-18,2025-01-24,2025-01-24,200,On-Time
DEL-05500,PO-05500,SUP01,2025-01-18,2025-01-25,2025-01-25,300,On-Time
DEL-05501,PO-05501,SUP15,2025-01-18,2025-01-29,2025-02-12,150,Delayed
DEL-05502,PO-05502,SUP15,2025-01-18,2025-01-24,2025-01-24,400,On-Time
DEL-05503,PO-05503,SUP10,2025-01-18,2025-01-28,2025-02-01,150,Delayed
DEL-05504,PO-05504,SUP01,2025-01-18,2025-02-07,2025-02-06,120,On-Time
DEL-05505,PO-05505,SUP09,2025-01-18,2025-01-25,2025-01-25,500,On-Time
DEL-05506,PO-05506,SUP15,2025-01-18,2025-01-30,2025-01-30,200,On-Time
DEL-05507,PO-05507,SUP15,2025-01-18,2025-02-02,2025-02-03,40,Delayed
DEL-05508,PO-05508,SUP08,2025-01-18,2025-01-27,2025-01-28,200,Delayed
DEL-05509,PO-05509,SUP03,2025-01-18,2025-02-01,2025-02-01,120,On-Time
DEL-05510,PO-05510,SUP15,2025-01-18,2025-02-02,2025-02-02,120,On-Time
DEL-05511,PO-05511,SUP12,2025-01-18,2025-02-03,2025-02-03,30,On-Time
DEL-05512,PO-05512,SUP15,2025-01-18,2025-01-26,2025-01-28,150,Delayed
DEL-05513,PO-05513,SUP15,2025-01-18,2025-01-26,2025-01-26,300,On-Time
DEL-05514,PO-05514,SUP01,2025-01-19,2025-02-09,2025-02-09,80,On-Time
DEL-05515,PO-05515,SUP14,2025-01-19,2025-01-26,2025-01-26,400,On-Time
DEL-05516,PO-05516,SUP13,2025-01-19,2025-02-02,2025-02-02,400,On-Time
DEL-05517,PO-05517,SUP06,2025-01-19,2025-02-02,2025-02-02,400,On-Time
DEL-05518,PO-05518,SUP03,2025-01-19,2025-02-02,2025-02-02,80,On-Time
DEL-05519,PO-05519,SUP11,2025-01-19,2025-02-09,2025-02-09,120,On-Time
DEL-05520,PO-05520,SUP15,2025-01-19,2025-02-02,2025-02-02,250,On-Time
DEL-05521,PO-05521,SUP11,2025-01-19,2025-02-06,2025-02-11,60,Delayed
DEL-05522,PO-05522,SUP15,2025-01-19,2025-01-30,2025-01-30,300,On-Time
DEL-05523,PO-05523,SUP06,2025-01-19,2025-01-31,2025-01-31,40,On-Time
DEL-05524,PO-05524,SUP03,2025-01-19,2025-02-04,2025-02-04,60,On-Time
DEL-05525,PO-05525,SUP11,2025-01-20,2025-02-04,2025-02-04,80,On-Time
DEL-05526,PO-05526,SUP08,2025-01-20,2025-01-28,2025-01-28,300,On-Time
DEL-05527,PO-05527,SUP07,2025-01-20,2025-01-31,2025-01-31,100,On-Time
DEL-05528,PO-05528,SUP11,2025-01-20,2025-02-07,2025-02-07,60,On-Time
DEL-05529,PO-05529,SUP02,2025-01-20,2025-01-30,2025-01-29,250,On-Time
DEL-05530,PO-05530,SUP12,2025-01-20,2025-01-27,2025-01-27,400,On-Time
DEL-05531,PO-05531,SUP14,2025-01-20,2025-01-28,2025-01-29,60,Delayed
DEL-05532,PO-05532,SUP06,2025-01-20,2025-01-30,2025-01-29,400,On-Time
DEL-05533,PO-05533,SUP09,2025-01-20,2025-01-26,2025-01-24,150,On-Time
DEL-05534,PO-05534,SUP11,2025-01-20,2025-02-03,2025-02-03,100,On-Time
DEL-05535,PO-05535,SUP14,2025-01-20,2025-01-28,2025-01-27,500,On-Time
DEL-05536,PO-05536,SUP15,2025-01-20,2025-01-26,2025-01-31,250,Delayed
DEL-05537,PO-05537,SUP10,2025-01-20,2025-02-05,2025-02-04,60,On-Time
DEL-05538,PO-05538,SUP15,2025-01-20,2025-01-26,2025-01-26,200,On-Time
DEL-05539,PO-05539,SUP04,2025-01-20,2025-01-31,2025-01-31,250,On-Time
DEL-05540,PO-05540,SUP01,2025-01-20,2025-02-11,2025-02-09,10,On-Time
DEL-05541,PO-05541,SUP07,2025-01-20,2025-01-28,2025-01-27,100,On-Time
DEL-05542,PO-05542,SUP05,2025-01-21,2025-01-28,2025-01-28,500,On-Time
DEL-05543,PO-05543,SUP01,2025-01-21,2025-02-02,2025-01-31,80,On-Time
DEL-05544,PO-05544,SUP15,2025-01-21,2025-01-31,2025-01-31,400,On-Time
DEL-05545,PO-05545,SUP11,2025-01-21,2025-02-04,2025-02-04,100,On-Time
DEL-05546,PO-05546,SUP15,2025-01-21,2025-02-02,2025-02-02,500,On-Time
DEL-05547,PO-05547,SUP01,2025-01-21,2025-01-28,2025-01-28,300,On-Time
DEL-05548,PO-05548,SUP14,2025-01-21,2025-01-27,2025-01-27,300,On-Time
DEL-05549,PO-05549,SUP09,2025-01-21,2025-01-29,2025-02-02,200,Delayed
DEL-05550,PO-05550,SUP14,2025-01-21,2025-01-28,2025-01-28,150,On-Time
DEL-05551,PO-05551,SUP13,2025-01-21,2025-02-06,2025-02-06,15,On-Time
DEL-05552,PO-05552,SUP15,2025-01-21,2025-02-10,2025-02-10,30,On-Time
DEL-05553,PO-05553,SUP15,2025-01-21,2025-02-04,2025-02-05,300,Delayed
DEL-05554,PO-05554,SUP06,2025-01-21,2025-02-10,2025-02-10,60,On-Time
DEL-05555,PO-05555,SUP10,2025-01-21,2025-02-04,2025-02-04,120,On-Time
DEL-05556,PO-05556,SUP05,2025-01-21,2025-01-26,2025-01-26,150,On-Time
DEL-05557,PO-05557,SUP03,2025-01-21,2025-01-30,2025-01-30,150,On-Time
DEL-05558,PO-05558,SUP03,2025-01-21,2025-02-04,2025-02-04,80,On-Time
DEL-05559,PO-05559,SUP13,2025-01-21,2025-02-01,2025-02-01,300,On-Time
DEL-05560,PO-05560,SUP01,2025-01-21,2025-02-05,2025-02-05,50,On-Time
DEL-05561,PO-05561,SUP14,2025-01-21,2025-01-28,2025-01-28,300,On-Time
DEL-05562,PO-05562,SUP07,2025-01-21,2025-02-04,2025-02-06,300,Delayed
DEL-05563,PO-05563,SUP09,2025-01-21,2025-01-28,2025-01-28,400,On-Time
DEL-05564,PO-05564,SUP05,2025-01-22,2025-01-29,2025-01-30,250,Delayed
DEL-05565,PO-05565,SUP08,2025-01-22,2025-02-01,2025-02-04,500,Delayed
DEL-05566,PO-05566,SUP01,2025-01-22,2025-01-30,2025-01-30,300,On-Time
DEL-05567,PO-05567,SUP14,2025-01-22,2025-01-31,2025-01-31,40,On-Time
DEL-05568,PO-05568,SUP15,2025-01-22,2025-01-29,2025-01-29,250,On-Time
DEL-05569,PO-05569,SUP15,2025-01-22,2025-02-01,2025-02-01,300,On-Time
DEL-05570,PO-05570,SUP15,2025-01-22,2025-02-03,2025-02-03,200,On-Time
DEL-05571,PO-05571,SUP04,2025-01-22,2025-02-05,2025-02-05,60,On-Time
DEL-05572,PO-05572,SUP02,2025-01-22,2025-02-12,2025-02-12,50,On-Time
DEL-05573,PO-05573,SUP09,2025-01-22,2025-01-27,2025-01-29,250,Delayed
DEL-05574,PO-05574,SUP11,2025-01-22,2025-02-05,2025-02-05,400,On-Time
DEL-05575,PO-05575,SUP09,2025-01-22,2025-01-28,2025-01-27,100,On-Time
DEL-05576,PO-05576,SUP06,2025-01-22,2025-02-12,2025-02-12,50,On-Time
DEL-05577,PO-05577,SUP15,2025-01-23,2025-02-06,2025-02-06,15,On-Time
DEL-05578,PO-05578,SUP09,2025-01-23,2025-02-04,2025-02-04,60,On-Time
DEL-05579,PO-05579,SUP15,2025-01-23,2025-01-28,2025-01-30,500,Delayed
DEL-05580,PO-05580,SUP04,2025-01-23,2025-02-02,2025-02-01,40,On-Time
DEL-05581,PO-05581,SUP15,2025-01-23,2025-02-02,2025-02-02,80,On-Time
DEL-05582,PO-05582,SUP14,2025-01-23,2025-01-30,2025-01-29,250,On-Time
DEL-05583,PO-05583,SUP10,2025-01-23,2025-02-08,2025-02-08,80,On-Time
DEL-05584,PO-05584,SUP15,2025-01-23,2025-01-31,2025-01-31,120,On-Time
DEL-05585,PO-05585,SUP15,2025-01-23,2025-01-30,2025-01-30,100,On-Time
DEL-05586,PO-05586,SUP09,2025-01-23,2025-01-29,2025-01-29,400,On-Time
DEL-05587,PO-05587,SUP09,2025-01-23,2025-02-01,2025-02-01,80,On-Time
DEL-05588,PO-05588,SUP06,2025-01-24,2025-02-05,2025-02-05,200,On-Time
DEL-05589,PO-05589,SUP09,2025-01-24,2025-01-30,2025-01-30,100,On-Time
DEL-05590,PO-05590,SUP08,2025-01-24,2025-02-01,2025-02-01,100,On-Time
DEL-05591,PO-05591,SUP01,2025-01-24,2025-02-11,2025-02-11,50,On-Time
DEL-05592,PO-05592,SUP15,2025-01-24,2025-02-04,2025-02-04,400,On-Time
DEL-05593,PO-05593,SUP09,2025-01-24,2025-01-30,2025-01-30,400,On-Time
DEL-05594,PO-05594,SUP08,2025-01-24,2025-01-31,2025-02-05,500,Delayed
DEL-05595,PO-05595,SUP09,2025-01-24,2025-01-31,2025-02-10,250,Delayed
DEL-05596,PO-05596,SUP01,2025-01-24,2025-02-03,2025-02-03,150,On-Time
DEL-05597,PO-05597,SUP15,2025-01-24,2025-02-01,2025-02-01,100,On-Time
DEL-05598,PO-05598,SUP15,2025-01-24,2025-02-08,2025-02-08,100,On-Time
DEL-05599,PO-05599,SUP13,2025-01-24,2025-02-13,2025-02-13,40,On-Time
DEL-05600,PO-05600,SUP12,2025-01-24,2025-02-01,2025-01-30,300,On-Time
DEL-05601,PO-05601,SUP08,2025-01-24,2025-02-09,2025-02-15,60,Delayed
DEL-05602,PO-05602,SUP08,2025-01-24,2025-02-02,2025-02-04,250,Delayed
DEL-05603,PO-05603,SUP07,2025-01-24,2025-02-07,2025-02-07,400,On-Time
DEL-05604,PO-05604,SUP15,2025-01-24,2025-02-11,2025-02-11,80,On-Time
DEL-05605,PO-05605,SUP15,2025-01-24,2025-02-05,2025-02-05,200,On-Time
DEL-05606,PO-05606,SUP08,2025-01-25,2025-02-04,2025-02-03,250,On-Time
DEL-05607,PO-05607,SUP10,2025-01-25,2025-02-03,2025-02-03,400,On-Time
DEL-05608,PO-05608,SUP09,2025-01-25,2025-02-02,2025-02-02,400,On-Time
DEL-05609,PO-05609,SUP15,2025-01-25,2025-02-15,2025-02-24,100,Delayed
DEL-05610,PO-05610,SUP09,2025-01-25,2025-01-30,2025-01-30,500,On-Time
DEL-05611,PO-05611,SUP11,2025-01-25,2025-02-01,2025-02-01,100,On-Time
DEL-05612,PO-05612,SUP15,2025-01-25,2025-02-04,2025-02-09,250,Delayed
DEL-05613,PO-05613,SUP08,2025-01-25,2025-02-10,2025-02-14,40,Delayed
DEL-05614,PO-05614,SUP11,2025-01-25,2025-02-08,2025-02-08,250,On-Time
DEL-05615,PO-05615,SUP01,2025-01-25,2025-02-04,2025-02-04,100,On-Time
DEL-05616,PO-05616,SUP09,2025-01-25,2025-01-31,2025-01-31,400,On-Time
DEL-05617,PO-05617,SUP09,2025-01-25,2025-02-01,2025-02-01,150,On-Time
DEL-05618,PO-05618,SUP01,2025-01-25,2025-02-04,2025-02-04,500,On-Time
DEL-05619,PO-05619,SUP15,2025-01-26,2025-02-05,2025-02-05,50,On-Time
DEL-05620,PO-05620,SUP14,2025-01-26,2025-01-31,2025-01-31,100,On-Time
DEL-05621,PO-05621,SUP08,2025-01-26,2025-02-03,2025-02-03,400,On-Time
DEL-05622,PO-05622,SUP05,2025-01-26,2025-01-31,2025-01-31,250,On-Time
DEL-05623,PO-05623,SUP06,2025-01-26,2025-02-09,2025-02-09,500,On-Time
DEL-05624,PO-05624,SUP15,2025-01-26,2025-02-02,2025-02-05,400,Delayed
DEL-05625,PO-05625,SUP09,2025-01-26,2025-02-04,2025-02-02,100,On-Time
DEL-05626,PO-05626,SUP06,2025-01-26,2025-02-05,2025-02-05,250,On-Time
DEL-05627,PO-05627,SUP01,2025-01-26,2025-02-09,2025-02-09,100,On-Time
DEL-05628,PO-05628,SUP09,2025-01-26,2025-02-02,2025-02-02,250,On-Time
DEL-05629,PO-05629,SUP15,2025-01-26,2025-02-09,2025-02-10,300,Delayed
DEL-05630,PO-05630,SUP02,2025-01-26,2025-02-10,2025-02-10,120,On-Time
DEL-05631,PO-05631,SUP01,2025-01-26,2025-02-07,2025-02-07,150,On-Time
DEL-05632,PO-05632,SUP12,2025-01-26,2025-02-03,2025-02-03,200,On-Time
DEL-05633,PO-05633,SUP14,2025-01-27,2025-02-07,2025-02-07,150,On-Time
DEL-05634,PO-05634,SUP12,2025-01-27,2025-02-03,2025-02-02,250,On-Time
DEL-05635,PO-05635,SUP01,2025-01-27,2025-02-03,2025-02-03,400,On-Time
DEL-05636,PO-05636,SUP08,2025-01-27,2025-02-06,2025-02-06,500,On-Time
DEL-05637,PO-05637,SUP02,2025-01-27,2025-02-06,2025-02-06,500,On-Time
DEL-05638,PO-05638,SUP05,2025-01-27,2025-02-03,2025-02-03,250,On-Time
DEL-05639,PO-05639,SUP14,2025-01-27,2025-02-04,2025-02-04,500,On-Time
DEL-05640,PO-05640,SUP07,2025-01-27,2025-02-10,2025-02-10,400,On-Time
DEL-05641,PO-05641,SUP15,2025-01-27,2025-02-03,2025-02-08,300,Delayed
DEL-05642,PO-05642,SUP15,2025-01-27,2025-02-03,2025-02-03,500,On-Time
DEL-05643,PO-05643,SUP07,2025-01-27,2025-02-07,2025-02-07,300,On-Time
DEL-05644,PO-05644,SUP06,2025-01-27,2025-02-05,2025-02-05,300,On-Time
DEL-05645,PO-05645,SUP01,2025-01-27,2025-02-05,2025-02-05,100,On-Time
DEL-05646,PO-05646,SUP14,2025-01-27,2025-02-02,2025-02-02,300,On-Time
DEL-05647,PO-05647,SUP14,2025-01-27,2025-02-04,2025-02-04,100,On-Time
DEL-05648,PO-05648,SUP12,2025-01-27,2025-02-24,2025-02-24,20,On-Time
DEL-05649,PO-05649,SUP11,2025-01-27,2025-02-08,2025-02-08,300,On-Time
DEL-05650,PO-05650,SUP15,2025-01-27,2025-02-04,2025-02-04,40,On-Time
DEL-05651,PO-05651,SUP05,2025-01-28,2025-02-04,2025-02-04,500,On-Time
DEL-05652,PO-05652,SUP14,2025-01-28,2025-02-03,2025-02-03,300,On-Time
DEL-05653,PO-05653,SUP01,2025-01-28,2025-02-05,2025-02-05,120,On-Time
DEL-05654,PO-05654,SUP01,2025-01-28,2025-02-15,2025-02-15,100,On-Time
DEL-05655,PO-05655,SUP07,2025-01-28,2025-02-07,2025-02-07,80,On-Time
DEL-05656,PO-05656,SUP03,2025-01-28,2025-02-07,2025-02-07,400,On-Time
DEL-05657,PO-05657,SUP09,2025-01-28,2025-02-05,2025-02-05,500,On-Time
DEL-05658,PO-05658,SUP04,2025-01-28,2025-02-07,2025-02-13,40,Delayed
DEL-05659,PO-05659,SUP14,2025-01-28,2025-02-04,2025-02-04,200,On-Time
DEL-05660,PO-05660,SUP05,2025-01-28,2025-02-02,2025-02-02,500,On-Time
DEL-05661,PO-05661,SUP04,2025-01-28,2025-02-11,2025-02-11,150,On-Time
DEL-05662,PO-05662,SUP13,2025-01-28,2025-02-15,2025-02-15,30,On-Time
DEL-05663,PO-05663,SUP15,2025-01-29,2025-02-06,2025-02-13,300,Delayed
DEL-05664,PO-05664,SUP14,2025-01-29,2025-02-10,2025-02-10,500,On-Time
DEL-05665,PO-05665,SUP14,2025-01-29,2025-02-13,2025-02-13,100,On-Time
DEL-05666,PO-05666,SUP14,2025-01-29,2025-02-09,2025-02-09,400,On-Time
DEL-05667,PO-05667,SUP05,2025-01-29,2025-02-03,2025-02-03,250,On-Time
DEL-05668,PO-05668,SUP07,2025-01-29,2025-02-14,2025-02-14,15,On-Time
DEL-05669,PO-05669,SUP08,2025-01-29,2025-02-13,2025-02-13,40,On-Time
DEL-05670,PO-05670,SUP15,2025-01-29,2025-02-04,2025-02-07,200,Delayed
DEL-05671,PO-05671,SUP14,2025-01-29,2025-02-09,2025-02-09,200,On-Time
DEL-05672,PO-05672,SUP06,2025-01-29,2025-02-12,2025-02-12,80,On-Time
DEL-05673,PO-05673,SUP15,2025-01-29,2025-02-13,2025-02-13,120,On-Time
DEL-05674,PO-05674,SUP01,2025-01-29,2025-02-22,2025-02-22,10,On-Time
DEL-05675,PO-05675,SUP01,2025-01-30,2025-02-14,2025-02-14,100,On-Time
DEL-05676,PO-05676,SUP06,2025-01-30,2025-02-13,2025-02-13,80,On-Time
DEL-05677,PO-05677,SUP06,2025-01-30,2025-02-19,2025-02-19,80,On-Time
DEL-05678,PO-05678,SUP06,2025-01-30,2025-02-13,2025-02-11,100,On-Time
DEL-05679,PO-05679,SUP11,2025-01-30,2025-02-06,2025-02-04,400,On-Time
DEL-05680,PO-05680,SUP05,2025-01-30,2025-02-05,2025-02-09,400,Delayed
DEL-05681,PO-05681,SUP11,2025-01-30,2025-02-09,2025-02-09,200,On-Time
DEL-05682,PO-05682,SUP11,2025-01-30,2025-02-09,2025-02-09,250,On-Time
DEL-05683,PO-05683,SUP12,2025-01-30,2025-02-07,2025-02-18,200,Delayed
DEL-05684,PO-05684,SUP06,2025-01-30,2025-02-19,2025-02-19,120,On-Time
DEL-05685,PO-05685,SUP14,2025-01-30,2025-02-04,2025-02-04,400,On-Time
DEL-05686,PO-05686,SUP09,2025-01-30,2025-02-05,2025-02-03,200,On-Time
DEL-05687,PO-05687,SUP02,2025-01-30,2025-02-24,2025-02-24,40,On-Time
DEL-05688,PO-05688,SUP06,2025-01-30,2025-02-11,2025-02-09,250,On-Time
DEL-05689,PO-05689,SUP01,2025-01-30,2025-02-06,2025-02-06,150,On-Time
DEL-05690,PO-05690,SUP15,2025-01-30,2025-02-17,2025-02-17,60,On-Time
DEL-05691,PO-05691,SUP13,2025-01-30,2025-02-11,2025-02-10,150,On-Time
DEL-05692,PO-05692,SUP05,2025-01-30,2025-02-08,2025-02-13,40,Delayed
DEL-05693,PO-05693,SUP11,2025-01-31,2025-02-08,2025-02-08,80,On-Time
DEL-05694,PO-05694,SUP02,2025-01-31,2025-02-10,2025-02-10,400,On-Time
DEL-05695,PO-05695,SUP05,2025-01-31,2025-02-09,2025-02-09,60,On-Time
DEL-05696,PO-05696,SUP03,2025-01-31,2025-02-22,2025-02-25,10,Delayed
DEL-05697,PO-05697,SUP15,2025-01-31,2025-02-10,2025-02-10,300,On-Time
DEL-05698,PO-05698,SUP15,2025-01-31,2025-02-05,2025-02-05,250,On-Time
DEL-05699,PO-05699,SUP15,2025-01-31,2025-02-10,2025-02-10,120,On-Time
DEL-05700,PO-05700,SUP14,2025-01-31,2025-02-16,2025-02-14,10,On-Time
DEL-05701,PO-05701,SUP15,2025-01-31,2025-02-07,2025-02-07,300,On-Time
DEL-05702,PO-05702,SUP15,2025-01-31,2025-02-07,2025-02-07,400,On-Time
DEL-05703,PO-05703,SUP14,2025-01-31,2025-02-12,2025-02-11,300,On-Time
DEL-05704,PO-05704,SUP14,2025-01-31,2025-02-07,2025-02-07,200,On-Time
DEL-05705,PO-05705,SUP15,2025-01-31,2025-02-12,2025-02-12,300,On-Time
DEL-05706,PO-05706,SUP15,2025-01-31,2025-02-08,2025-02-07,100,On-Time
DEL-05707,PO-05707,SUP07,2025-02-01,2025-02-13,2025-02-16,250,Delayed
DEL-05708,PO-05708,SUP15,2025-02-01,2025-02-16,2025-02-16,80,On-Time
DEL-05709,PO-05709,SUP09,2025-02-01,2025-02-08,2025-02-08,500,On-Time
DEL-05710,PO-05710,SUP14,2025-02-01,2025-02-11,2025-02-11,40,On-Time
DEL-05711,PO-05711,SUP01,2025-02-01,2025-03-01,2025-03-01,30,On-Time
DEL-05712,PO-05712,SUP06,2025-02-01,2025-02-11,2025-02-11,500,On-Time
DEL-05713,PO-05713,SUP13,2025-02-01,2025-02-12,2025-02-14,150,Delayed
DEL-05714,PO-05714,SUP14,2025-02-01,2025-02-06,2025-02-06,200,On-Time
DEL-05715,PO-05715,SUP08,2025-02-01,2025-02-09,2025-02-09,250,On-Time
DEL-05716,PO-05716,SUP06,2025-02-01,2025-02-10,2025-02-10,150,On-Time
DEL-05717,PO-05717,SUP15,2025-02-02,2025-02-10,2025-02-10,80,On-Time
DEL-05718,PO-05718,SUP07,2025-02-02,2025-02-16,2025-02-18,200,Delayed
DEL-05719,PO-05719,SUP11,2025-02-02,2025-02-27,2025-02-27,40,On-Time
DEL-05720,PO-05720,SUP12,2025-02-02,2025-02-18,2025-02-18,40,On-Time
DEL-05721,PO-05721,SUP15,2025-02-02,2025-02-16,2025-02-16,500,On-Time
DEL-05722,PO-05722,SUP02,2025-02-02,2025-02-12,2025-02-12,500,On-Time
DEL-05723,PO-05723,SUP15,2025-02-02,2025-02-20,2025-02-24,15,Delayed
DEL-05724,PO-05724,SUP14,2025-02-02,2025-02-09,2025-02-09,150,On-Time
DEL-05725,PO-05725,SUP02,2025-02-02,2025-02-17,2025-02-17,40,On-Time
DEL-05726,PO-05726,SUP08,2025-02-02,2025-02-17,2025-02-17,100,On-Time
DEL-05727,PO-05727,SUP03,2025-02-02,2025-02-12,2025-02-12,500,On-Time
DEL-05728,PO-05728,SUP05,2025-02-02,2025-02-09,2025-02-11,200,Delayed
DEL-05729,PO-05729,SUP14,2025-02-02,2025-02-16,2025-02-15,15,On-Time
DEL-05730,PO-05730,SUP13,2025-02-03,2025-02-17,2025-02-17,400,On-Time
DEL-05731,PO-05731,SUP15,2025-02-03,2025-02-12,2025-02-12,60,On-Time
DEL-05732,PO-05732,SUP01,2025-02-03,2025-02-10,2025-02-10,500,On-Time
DEL-05733,PO-05733,SUP04,2025-02-03,2025-02-14,2025-02-14,250,On-Time
DEL-05734,PO-05734,SUP15,2025-02-03,2025-02-11,2025-02-11,250,On-Time
DEL-05735,PO-05735,SUP09,2025-02-03,2025-02-10,2025-02-16,100,Delayed
DEL-05736,PO-05736,SUP02,2025-02-03,2025-02-10,2025-02-10,150,On-Time
DEL-05737,PO-05737,SUP13,2025-02-03,2025-02-17,2025-02-17,100,On-Time
DEL-05738,PO-05738,SUP14,2025-02-03,2025-02-13,2025-02-13,50,On-Time
DEL-05739,PO-05739,SUP15,2025-02-03,2025-02-15,2025-02-15,300,On-Time
DEL-05740,PO-05740,SUP01,2025-02-03,2025-02-21,2025-02-21,40,On-Time
DEL-05741,PO-05741,SUP15,2025-02-03,2025-02-18,2025-02-18,120,On-Time
DEL-05742,PO-05742,SUP09,2025-02-04,2025-02-10,2025-02-10,250,On-Time
DEL-05743,PO-05743,SUP14,2025-02-04,2025-02-16,2025-02-16,60,On-Time
DEL-05744,PO-05744,SUP06,2025-02-04,2025-02-24,2025-02-24,100,On-Time
DEL-05745,PO-05745,SUP15,2025-02-04,2025-02-09,2025-02-09,250,On-Time
DEL-05746,PO-05746,SUP11,2025-02-04,2025-02-16,2025-02-16,100,On-Time
DEL-05747,PO-05747,SUP14,2025-02-04,2025-02-09,2025-02-09,200,On-Time
DEL-05748,PO-05748,SUP14,2025-02-04,2025-02-20,2025-02-20,40,On-Time
DEL-05749,PO-05749,SUP09,2025-02-04,2025-02-11,2025-02-10,250,On-Time
DEL-05750,PO-05750,SUP01,2025-02-04,2025-02-11,2025-02-11,400,On-Time
DEL-05751,PO-05751,SUP07,2025-02-04,2025-02-14,2025-02-26,120,Delayed
DEL-05752,PO-05752,SUP04,2025-02-04,2025-02-16,2025-02-16,150,On-Time
DEL-05753,PO-05753,SUP15,2025-02-04,2025-02-16,2025-02-15,60,On-Time
DEL-05754,PO-05754,SUP06,2025-02-04,2025-02-14,2025-02-14,400,On-Time
DEL-05755,PO-05755,SUP01,2025-02-04,2025-02-14,2025-02-16,150,Delayed
DEL-05756,PO-05756,SUP02,2025-02-04,2025-02-18,2025-02-18,200,On-Time
DEL-05757,PO-05757,SUP08,2025-02-04,2025-02-14,2025-02-14,200,On-Time
DEL-05758,PO-05758,SUP03,2025-02-04,2025-02-20,2025-02-22,120,Delayed
DEL-05759,PO-05759,SUP12,2025-02-04,2025-02-12,2025-02-12,50,On-Time
DEL-05760,PO-05760,SUP15,2025-02-04,2025-02-19,2025-02-19,60,On-Time
DEL-05761,PO-05761,SUP09,2025-02-04,2025-02-12,2025-02-17,200,Delayed
DEL-05762,PO-05762,SUP06,2025-02-04,2025-02-16,2025-02-16,400,On-Time
DEL-05763,PO-05763,SUP01,2025-02-05,2025-02-13,2025-02-13,250,On-Time
DEL-05764,PO-05764,SUP05,2025-02-05,2025-02-10,2025-02-10,100,On-Time
DEL-05765,PO-05765,SUP02,2025-02-05,2025-02-12,2025-02-12,300,On-Time
DEL-05766,PO-05766,SUP09,2025-02-05,2025-02-13,2025-02-13,300,On-Time
DEL-05767,PO-05767,SUP01,2025-02-05,2025-02-14,2025-02-14,150,On-Time
DEL-05768,PO-05768,SUP14,2025-02-05,2025-02-11,2025-02-13,500,Delayed
DEL-05769,PO-05769,SUP14,2025-02-05,2025-02-14,2025-02-14,80,On-Time
DEL-05770,PO-05770,SUP05,2025-02-05,2025-02-14,2025-02-14,100,On-Time
DEL-05771,PO-05771,SUP15,2025-02-05,2025-02-13,2025-02-13,100,On-Time
DEL-05772,PO-05772,SUP06,2025-02-05,2025-02-19,2025-02-19,250,On-Time
DEL-05773,PO-05773,SUP09,2025-02-05,2025-02-10,2025-02-10,150,On-Time
DEL-05774,PO-05774,SUP14,2025-02-05,2025-02-12,2025-02-12,500,On-Time
DEL-05775,PO-05775,SUP11,2025-02-05,2025-02-15,2025-02-15,500,On-Time
DEL-05776,PO-05776,SUP15,2025-02-05,2025-02-12,2025-02-13,500,Delayed
DEL-05777,PO-05777,SUP09,2025-02-06,2025-02-14,2025-02-14,250,On-Time
DEL-05778,PO-05778,SUP01,2025-02-06,2025-02-21,2025-02-20,80,On-Time
DEL-05779,PO-05779,SUP11,2025-02-06,2025-02-24,2025-02-24,60,On-Time
DEL-05780,PO-05780,SUP03,2025-02-06,2025-02-15,2025-02-15,400,On-Time
DEL-05781,PO-05781,SUP09,2025-02-06,2025-02-13,2025-02-13,500,On-Time
DEL-05782,PO-05782,SUP09,2025-02-06,2025-02-18,2025-02-18,80,On-Time
DEL-05783,PO-05783,SUP01,2025-02-06,2025-02-14,2025-02-14,500,On-Time
DEL-05784,PO-05784,SUP04,2025-02-06,2025-02-20,2025-02-20,60,On-Time
DEL-05785,PO-05785,SUP04,2025-02-06,2025-02-17,2025-02-17,300,On-Time
DEL-05786,PO-05786,SUP06,2025-02-06,2025-02-16,2025-02-16,100,On-Time
DEL-05787,PO-05787,SUP14,2025-02-06,2025-02-12,2025-02-12,300,On-Time
DEL-05788,PO-05788,SUP05,2025-02-06,2025-02-18,2025-02-18,120,On-Time
DEL-05789,PO-05789,SUP14,2025-02-06,2025-02-13,2025-02-22,400,Delayed
DEL-05790,PO-05790,SUP04,2025-02-07,2025-02-15,2025-02-15,50,On-Time
DEL-05791,PO-05791,SUP15,2025-02-07,2025-03-07,2025-03-13,20,Delayed
DEL-05792,PO-05792,SUP01,2025-02-07,2025-02-28,2025-02-28,50,On-Time
DEL-05793,PO-05793,SUP14,2025-02-07,2025-02-15,2025-02-14,300,On-Time
DEL-05794,PO-05794,SUP12,2025-02-07,2025-02-15,2025-02-15,500,On-Time
DEL-05795,PO-05795,SUP09,2025-02-07,2025-02-14,2025-02-14,100,On-Time
DEL-05796,PO-05796,SUP14,2025-02-07,2025-02-15,2025-02-15,50,On-Time
DEL-05797,PO-05797,SUP01,2025-02-07,2025-02-16,2025-02-17,100,Delayed
DEL-05798,PO-05798,SUP07,2025-02-07,2025-02-21,2025-02-20,200,On-Time
DEL-05799,PO-05799,SUP13,2025-02-07,2025-02-19,2025-02-19,500,On-Time
DEL-05800,PO-05800,SUP13,2025-02-07,2025-02-15,2025-02-14,60,On-Time
DEL-05801,PO-05801,SUP04,2025-02-07,2025-02-27,2025-02-26,10,On-Time
DEL-05802,PO-05802,SUP14,2025-02-08,2025-02-18,2025-02-22,120,Delayed
DEL-05803,PO-05803,SUP05,2025-02-08,2025-02-13,2025-02-15,100,Delayed
DEL-05804,PO-05804,SUP15,2025-02-08,2025-02-13,2025-02-23,200,Delayed
DEL-05805,PO-05805,SUP15,2025-02-08,2025-02-22,2025-02-27,20,Delayed
DEL-05806,PO-05806,SUP15,2025-02-08,2025-02-16,2025-02-16,60,On-Time
DEL-05807,PO-05807,SUP06,2025-02-08,2025-02-24,2025-02-24,80,On-Time
DEL-05808,PO-05808,SUP14,2025-02-08,2025-02-14,2025-02-14,250,On-Time
DEL-05809,PO-05809,SUP14,2025-02-08,2025-02-16,2025-02-16,50,On-Time
DEL-05810,PO-05810,SUP01,2025-02-08,2025-02-18,2025-02-18,150,On-Time
DEL-05811,PO-05811,SUP14,2025-02-08,2025-02-22,2025-02-22,50,On-Time
DEL-05812,PO-05812,SUP15,2025-02-08,2025-02-14,2025-02-14,250,On-Time
DEL-05813,PO-05813,SUP15,2025-02-08,2025-02-15,2025-02-15,200,On-Time
DEL-05814,PO-05814,SUP09,2025-02-08,2025-02-13,2025-02-13,400,On-Time
DEL-05815,PO-05815,SUP01,2025-02-08,2025-02-22,2025-02-22,400,On-Time
DEL-05816,PO-05816,SUP08,2025-02-08,2025-02-24,2025-02-24,100,On-Time
DEL-05817,PO-05817,SUP14,2025-02-08,2025-02-15,2025-02-15,100,On-Time
DEL-05818,PO-05818,SUP15,2025-02-08,2025-02-20,2025-02-20,400,On-Time
DEL-05819,PO-05819,SUP05,2025-02-08,2025-02-14,2025-02-14,400,On-Time
DEL-05820,PO-05820,SUP15,2025-02-09,2025-02-17,2025-02-16,400,On-Time
DEL-05821,PO-05821,SUP08,2025-02-09,2025-02-19,2025-02-17,120,On-Time
DEL-05822,PO-05822,SUP10,2025-02-09,2025-02-19,2025-02-19,250,On-Time
DEL-05823,PO-05823,SUP13,2025-02-09,2025-02-21,2025-02-21,150,On-Time
DEL-05824,PO-05824,SUP14,2025-02-09,2025-02-14,2025-02-14,150,On-Time
DEL-05825,PO-05825,SUP13,2025-02-09,2025-02-23,2025-02-23,200,On-Time
DEL-05826,PO-05826,SUP14,2025-02-09,2025-03-09,2025-03-07,15,On-Time
DEL-05827,PO-05827,SUP14,2025-02-09,2025-02-17,2025-02-17,100,On-Time
DEL-05828,PO-05828,SUP08,2025-02-09,2025-02-16,2025-02-16,250,On-Time
DEL-05829,PO-05829,SUP05,2025-02-09,2025-02-15,2025-02-15,300,On-Time
DEL-05830,PO-05830,SUP13,2025-02-09,2025-02-19,2025-02-22,120,Delayed
DEL-05831,PO-05831,SUP08,2025-02-10,2025-02-26,2025-02-26,40,On-Time
DEL-05832,PO-05832,SUP04,2025-02-10,2025-02-28,2025-02-28,20,On-Time
DEL-05833,PO-05833,SUP15,2025-02-10,2025-02-19,2025-02-18,80,On-Time
DEL-05834,PO-05834,SUP05,2025-02-10,2025-02-15,2025-02-15,500,On-Time
DEL-05835,PO-05835,SUP12,2025-02-10,2025-02-20,2025-02-20,60,On-Time
DEL-05836,PO-05836,SUP15,2025-02-10,2025-02-17,2025-02-17,150,On-Time
DEL-05837,PO-05837,SUP01,2025-02-10,2025-02-18,2025-02-19,100,Delayed
DEL-05838,PO-05838,SUP01,2025-02-10,2025-02-24,2025-02-23,60,On-Time
DEL-05839,PO-05839,SUP05,2025-02-10,2025-02-17,2025-02-17,400,On-Time
DEL-05840,PO-05840,SUP06,2025-02-10,2025-02-17,2025-02-17,100,On-Time
DEL-05841,PO-05841,SUP15,2025-02-10,2025-02-16,2025-02-18,150,Delayed
DEL-05842,PO-05842,SUP08,2025-02-10,2025-02-19,2025-02-18,100,On-Time
DEL-05843,PO-05843,SUP01,2025-02-10,2025-02-20,2025-02-20,100,On-Time
DEL-05844,PO-05844,SUP12,2025-02-10,2025-02-20,2025-02-20,50,On-Time
DEL-05845,PO-05845,SUP05,2025-02-11,2025-02-19,2025-02-19,500,On-Time
DEL-05846,PO-05846,SUP01,2025-02-11,2025-03-01,2025-03-01,40,On-Time
DEL-05847,PO-05847,SUP15,2025-02-11,2025-02-16,2025-02-17,300,Delayed
DEL-05848,PO-05848,SUP03,2025-02-11,2025-02-23,2025-02-23,80,On-Time
DEL-05849,PO-05849,SUP12,2025-02-11,2025-02-19,2025-02-18,100,On-Time
DEL-05850,PO-05850,SUP15,2025-02-11,2025-02-19,2025-02-17,100,On-Time
DEL-05851,PO-05851,SUP13,2025-02-11,2025-02-19,2025-02-19,60,On-Time
DEL-05852,PO-05852,SUP15,2025-02-11,2025-02-19,2025-02-19,500,On-Time
DEL-05853,PO-05853,SUP01,2025-02-11,2025-02-20,2025-02-20,500,On-Time
DEL-05854,PO-05854,SUP13,2025-02-11,2025-02-25,2025-03-05,50,Delayed
DEL-05855,PO-05855,SUP15,2025-02-12,2025-02-19,2025-02-20,500,Delayed
DEL-05856,PO-05856,SUP13,2025-02-12,2025-02-23,2025-02-24,200,Delayed
DEL-05857,PO-05857,SUP15,2025-02-12,2025-02-22,2025-02-22,40,On-Time
DEL-05858,PO-05858,SUP02,2025-02-12,2025-02-24,2025-02-24,300,On-Time
DEL-05859,PO-05859,SUP01,2025-02-12,2025-02-21,2025-02-21,500,On-Time
DEL-05860,PO-05860,SUP15,2025-02-12,2025-03-04,2025-03-04,15,On-Time
DEL-05861,PO-05861,SUP15,2025-02-12,2025-03-04,2025-03-03,15,On-Time
DEL-05862,PO-05862,SUP15,2025-02-12,2025-02-26,2025-02-26,250,On-Time
DEL-05863,PO-05863,SUP14,2025-02-12,2025-02-18,2025-02-18,100,On-Time
DEL-05864,PO-05864,SUP05,2025-02-13,2025-02-19,2025-02-19,300,On-Time
DEL-05865,PO-05865,SUP08,2025-02-13,2025-03-03,2025-03-03,100,On-Time
DEL-05866,PO-05866,SUP09,2025-02-13,2025-02-18,2025-02-18,500,On-Time
DEL-05867,PO-05867,SUP15,2025-02-13,2025-02-19,2025-02-19,300,On-Time
DEL-05868,PO-05868,SUP12,2025-02-13,2025-02-23,2025-02-23,80,On-Time
DEL-05869,PO-05869,SUP12,2025-02-13,2025-02-21,2025-02-21,300,On-Time
DEL-05870,PO-05870,SUP13,2025-02-13,2025-02-23,2025-03-13,80,Delayed
DEL-05871,PO-05871,SUP08,2025-02-13,2025-02-23,2025-02-21,250,On-Time
DEL-05872,PO-05872,SUP01,2025-02-13,2025-02-27,2025-02-27,60,On-Time
DEL-05873,PO-05873,SUP03,2025-02-13,2025-02-22,2025-02-22,100,On-Time
DEL-05874,PO-05874,SUP14,2025-02-13,2025-02-27,2025-02-27,500,On-Time
DEL-05875,PO-05875,SUP14,2025-02-14,2025-02-19,2025-02-22,300,Delayed
DEL-05876,PO-05876,SUP01,2025-02-14,2025-02-21,2025-02-19,100,On-Time
DEL-05877,PO-05877,SUP01,2025-02-14,2025-02-26,2025-02-26,500,On-Time
DEL-05878,PO-05878,SUP15,2025-02-14,2025-02-22,2025-02-22,100,On-Time
DEL-05879,PO-05879,SUP01,2025-02-14,2025-02-22,2025-02-22,120,On-Time
DEL-05880,PO-05880,SUP01,2025-02-14,2025-02-21,2025-02-21,300,On-Time
DEL-05881,PO-05881,SUP15,2025-02-14,2025-02-22,2025-02-21,60,On-Time
DEL-05882,PO-05882,SUP15,2025-02-14,2025-03-06,2025-03-06,100,On-Time
DEL-05883,PO-05883,SUP01,2025-02-14,2025-02-23,2025-02-23,500,On-Time
DEL-05884,PO-05884,SUP15,2025-02-15,2025-02-20,2025-02-19,400,On-Time
DEL-05885,PO-05885,SUP01,2025-02-15,2025-03-15,2025-03-15,40,On-Time
DEL-05886,PO-05886,SUP09,2025-02-15,2025-02-20,2025-02-19,200,On-Time
DEL-05887,PO-05887,SUP08,2025-02-15,2025-02-22,2025-02-22,150,On-Time
DEL-05888,PO-05888,SUP10,2025-02-15,2025-03-02,2025-03-02,40,On-Time
DEL-05889,PO-05889,SUP10,2025-02-15,2025-03-11,2025-03-11,20,On-Time
DEL-05890,PO-05890,SUP15,2025-02-15,2025-02-21,2025-02-21,150,On-Time
DEL-05891,PO-05891,SUP01,2025-02-15,2025-02-27,2025-02-25,150,On-Time
DEL-05892,PO-05892,SUP14,2025-02-15,2025-03-02,2025-03-02,40,On-Time
DEL-05893,PO-05893,SUP15,2025-02-15,2025-02-22,2025-02-22,200,On-Time
DEL-05894,PO-05894,SUP11,2025-02-15,2025-02-27,2025-02-25,250,On-Time
DEL-05895,PO-05895,SUP14,2025-02-15,2025-03-05,2025-03-05,40,On-Time
DEL-05896,PO-05896,SUP05,2025-02-15,2025-02-21,2025-02-21,100,On-Time
DEL-05897,PO-05897,SUP15,2025-02-15,2025-02-22,2025-02-22,400,On-Time
DEL-05898,PO-05898,SUP09,2025-02-15,2025-02-23,2025-02-23,200,On-Time
DEL-05899,PO-05899,SUP14,2025-02-16,2025-02-22,2025-02-22,150,On-Time
DEL-05900,PO-05900,SUP15,2025-02-16,2025-02-24,2025-02-24,150,On-Time
DEL-05901,PO-05901,SUP02,2025-02-16,2025-03-08,2025-03-08,80,On-Time
DEL-05902,PO-05902,SUP02,2025-02-16,2025-02-23,2025-02-22,150,On-Time
DEL-05903,PO-05903,SUP14,2025-02-16,2025-02-22,2025-02-22,400,On-Time
DEL-05904,PO-05904,SUP01,2025-02-16,2025-02-26,2025-02-26,150,On-Time
DEL-05905,PO-05905,SUP01,2025-02-16,2025-02-24,2025-02-23,120,On-Time
DEL-05906,PO-05906,SUP15,2025-02-16,2025-02-26,2025-02-26,120,On-Time
DEL-05907,PO-05907,SUP12,2025-02-16,2025-03-06,2025-03-06,30,On-Time
DEL-05908,PO-05908,SUP03,2025-02-16,2025-02-25,2025-03-02,200,Delayed
DEL-05909,PO-05909,SUP15,2025-02-16,2025-02-26,2025-02-26,100,On-Time
DEL-05910,PO-05910,SUP15,2025-02-17,2025-02-23,2025-02-28,100,Delayed
DEL-05911,PO-05911,SUP09,2025-02-17,2025-02-22,2025-02-23,200,Delayed
DEL-05912,PO-05912,SUP15,2025-02-17,2025-03-04,2025-03-04,120,On-Time
DEL-05913,PO-05913,SUP15,2025-02-17,2025-02-25,2025-02-25,400,On-Time
DEL-05914,PO-05914,SUP13,2025-02-17,2025-02-28,2025-02-28,250,On-Time
DEL-05915,PO-05915,SUP09,2025-02-17,2025-02-22,2025-02-22,100,On-Time
DEL-05916,PO-05916,SUP11,2025-02-17,2025-03-10,2025-03-10,80,On-Time
DEL-05917,PO-05917,SUP10,2025-02-17,2025-02-27,2025-02-27,300,On-Time
DEL-05918,PO-05918,SUP14,2025-02-17,2025-02-26,2025-02-26,40,On-Time
DEL-05919,PO-05919,SUP03,2025-02-17,2025-03-01,2025-03-01,50,On-Time
DEL-05920,PO-05920,SUP01,2025-02-17,2025-02-27,2025-02-27,40,On-Time
DEL-05921,PO-05921,SUP15,2025-02-17,2025-02-24,2025-02-24,250,On-Time
DEL-05922,PO-05922,SUP02,2025-02-17,2025-03-10,2025-03-09,80,On-Time
DEL-05923,PO-05923,SUP15,2025-02-17,2025-02-24,2025-02-24,150,On-Time
DEL-05924,PO-05924,SUP03,2025-02-17,2025-03-01,2025-03-01,60,On-Time
DEL-05925,PO-05925,SUP09,2025-02-17,2025-02-24,2025-02-24,400,On-Time
DEL-05926,PO-05926,SUP06,2025-02-17,2025-02-26,2025-02-26,300,On-Time
DEL-05927,PO-05927,SUP15,2025-02-18,2025-02-26,2025-02-25,250,On-Time
DEL-05928,PO-05928,SUP15,2025-02-18,2025-02-26,2025-02-26,80,On-Time
DEL-05929,PO-05929,SUP05,2025-02-18,2025-02-25,2025-02-24,250,On-Time
DEL-05930,PO-05930,SUP09,2025-02-18,2025-02-25,2025-02-25,500,On-Time
DEL-05931,PO-05931,SUP01,2025-02-18,2025-02-28,2025-02-27,60,On-Time
DEL-05932,PO-05932,SUP14,2025-02-18,2025-02-28,2025-02-28,100,On-Time
DEL-05933,PO-05933,SUP10,2025-02-18,2025-03-05,2025-03-06,100,Delayed
DEL-05934,PO-05934,SUP15,2025-02-18,2025-02-28,2025-02-28,80,On-Time
DEL-05935,PO-05935,SUP01,2025-02-18,2025-02-28,2025-02-28,300,On-Time
DEL-05936,PO-05936,SUP04,2025-02-18,2025-03-02,2025-03-01,300,On-Time
DEL-05937,PO-05937,SUP04,2025-02-18,2025-03-05,2025-03-12,60,Delayed
DEL-05938,PO-05938,SUP15,2025-02-18,2025-03-02,2025-03-01,400,On-Time
DEL-05939,PO-05939,SUP14,2025-02-18,2025-02-23,2025-02-21,500,On-Time
DEL-05940,PO-05940,SUP14,2025-02-18,2025-03-02,2025-03-01,300,On-Time
DEL-05941,PO-05941,SUP15,2025-02-18,2025-02-26,2025-03-01,400,Delayed
DEL-05942,PO-05942,SUP15,2025-02-18,2025-02-26,2025-02-26,250,On-Time
DEL-05943,PO-05943,SUP09,2025-02-19,2025-02-27,2025-02-27,500,On-Time
DEL-05944,PO-05944,SUP14,2025-02-19,2025-02-26,2025-02-26,250,On-Time
DEL-05945,PO-05945,SUP07,2025-02-19,2025-03-06,2025-03-07,60,Delayed
DEL-05946,PO-05946,SUP06,2025-02-19,2025-03-01,2025-03-01,300,On-Time
DEL-05947,PO-05947,SUP07,2025-02-19,2025-03-05,2025-03-13,60,Delayed
DEL-05948,PO-05948,SUP14,2025-02-19,2025-02-27,2025-02-26,500,On-Time
DEL-05949,PO-05949,SUP09,2025-02-19,2025-02-25,2025-02-24,250,On-Time
DEL-05950,PO-05950,SUP13,2025-02-19,2025-03-05,2025-03-14,40,Delayed
DEL-05951,PO-05951,SUP13,2025-02-19,2025-03-03,2025-03-03,150,On-Time
DEL-05952,PO-05952,SUP08,2025-02-19,2025-03-03,2025-03-03,40,On-Time
DEL-05953,PO-05953,SUP08,2025-02-19,2025-02-27,2025-02-25,500,On-Time
DEL-05954,PO-05954,SUP06,2025-02-19,2025-03-05,2025-03-14,500,Delayed
DEL-05955,PO-05955,SUP14,2025-02-19,2025-03-07,2025-03-07,20,On-Time
DEL-05956,PO-05956,SUP02,2025-02-19,2025-03-06,2025-03-06,120,On-Time
DEL-05957,PO-05957,SUP01,2025-02-19,2025-03-05,2025-03-05,400,On-Time
DEL-05958,PO-05958,SUP01,2025-02-19,2025-03-16,2025-03-16,15,On-Time
DEL-05959,PO-05959,SUP14,2025-02-19,2025-03-11,2025-03-11,15,On-Time
DEL-05960,PO-05960,SUP14,2025-02-20,2025-02-27,2025-02-27,200,On-Time
DEL-05961,PO-05961,SUP10,2025-02-20,2025-03-08,2025-03-09,120,Delayed
DEL-05962,PO-05962,SUP15,2025-02-20,2025-03-04,2025-03-04,40,On-Time
DEL-05963,PO-05963,SUP15,2025-02-20,2025-02-28,2025-02-27,150,On-Time
DEL-05964,PO-05964,SUP15,2025-02-20,2025-02-28,2025-02-28,120,On-Time
DEL-05965,PO-05965,SUP14,2025-02-20,2025-02-25,2025-02-25,400,On-Time
DEL-05966,PO-05966,SUP15,2025-02-20,2025-03-03,2025-03-11,200,Delayed
DEL-05967,PO-05967,SUP15,2025-02-20,2025-03-04,2025-03-06,100,Delayed
DEL-05968,PO-05968,SUP08,2025-02-20,2025-03-02,2025-03-02,120,On-Time
DEL-05969,PO-05969,SUP05,2025-02-21,2025-02-27,2025-02-27,200,On-Time
DEL-05970,PO-05970,SUP03,2025-02-21,2025-03-07,2025-03-07,50,On-Time
DEL-05971,PO-05971,SUP06,2025-02-21,2025-03-08,2025-03-08,60,On-Time
DEL-05972,PO-05972,SUP14,2025-02-21,2025-03-05,2025-03-07,100,Delayed
DEL-05973,PO-05973,SUP14,2025-02-21,2025-02-27,2025-02-27,400,On-Time
DEL-05974,PO-05974,SUP15,2025-02-21,2025-03-07,2025-03-07,100,On-Time
DEL-05975,PO-05975,SUP01,2025-02-21,2025-03-01,2025-03-01,80,On-Time
DEL-05976,PO-05976,SUP06,2025-02-21,2025-03-15,2025-03-15,30,On-Time
DEL-05977,PO-05977,SUP15,2025-02-21,2025-03-01,2025-03-01,50,On-Time
DEL-05978,PO-05978,SUP05,2025-02-21,2025-02-27,2025-02-27,100,On-Time
DEL-05979,PO-05979,SUP08,2025-02-22,2025-03-03,2025-03-03,250,On-Time
DEL-05980,PO-05980,SUP13,2025-02-22,2025-03-05,2025-03-05,100,On-Time
DEL-05981,PO-05981,SUP12,2025-02-22,2025-03-04,2025-03-04,40,On-Time
DEL-05982,PO-05982,SUP08,2025-02-22,2025-03-04,2025-03-02,100,On-Time
DEL-05983,PO-05983,SUP12,2025-02-22,2025-03-02,2025-02-28,250,On-Time
DEL-05984,PO-05984,SUP15,2025-02-22,2025-03-15,2025-03-15,120,On-Time
DEL-05985,PO-05985,SUP05,2025-02-22,2025-03-04,2025-03-03,120,On-Time
DEL-05986,PO-05986,SUP06,2025-02-22,2025-03-03,2025-03-02,400,On-Time
DEL-05987,PO-05987,SUP07,2025-02-22,2025-03-04,2025-03-04,60,On-Time
DEL-05988,PO-05988,SUP11,2025-02-22,2025-03-08,2025-03-08,150,On-Time
DEL-05989,PO-05989,SUP05,2025-02-22,2025-02-27,2025-02-26,200,On-Time
DEL-05990,PO-05990,SUP14,2025-02-22,2025-03-01,2025-03-01,250,On-Time
DEL-05991,PO-05991,SUP06,2025-02-22,2025-03-08,2025-03-08,150,On-Time
DEL-05992,PO-05992,SUP10,2025-02-22,2025-03-12,2025-03-17,40,Delayed
DEL-05993,PO-05993,SUP05,2025-02-22,2025-02-28,2025-02-28,400,On-Time
DEL-05994,PO-05994,SUP09,2025-02-22,2025-02-27,2025-02-27,150,On-Time
DEL-05995,PO-05995,SUP11,2025-02-23,2025-03-13,2025-03-13,120,On-Time
DEL-05996,PO-05996,SUP03,2025-02-23,2025-03-04,2025-03-04,200,On-Time
DEL-05997,PO-05997,SUP14,2025-02-23,2025-03-07,2025-03-07,100,On-Time
DEL-05998,PO-05998,SUP01,2025-02-23,2025-03-05,2025-03-05,250,On-Time
DEL-05999,PO-05999,SUP12,2025-02-23,2025-03-09,2025-03-09,10,On-Time
DEL-06000,PO-06000,SUP14,2025-02-23,2025-03-02,2025-03-02,150,On-Time
DEL-06001,PO-06001,SUP05,2025-02-23,2025-03-01,2025-03-09,150,Delayed
DEL-06002,PO-06002,SUP04,2025-02-23,2025-03-07,2025-03-07,100,On-Time
DEL-06003,PO-06003,SUP10,2025-02-23,2025-03-05,2025-03-05,300,On-Time
DEL-06004,PO-06004,SUP09,2025-02-23,2025-03-03,2025-03-07,250,Delayed
DEL-06005,PO-06005,SUP15,2025-02-23,2025-03-07,2025-03-06,500,On-Time
DEL-06006,PO-06006,SUP09,2025-02-23,2025-03-03,2025-03-03,500,On-Time
DEL-06007,PO-06007,SUP03,2025-02-23,2025-03-17,2025-03-17,10,On-Time
DEL-06008,PO-06008,SUP15,2025-02-23,2025-03-03,2025-03-03,500,On-Time
DEL-06009,PO-06009,SUP11,2025-02-23,2025-03-02,2025-03-02,250,On-Time
DEL-06010,PO-06010,SUP01,2025-02-23,2025-03-07,2025-03-07,40,On-Time
DEL-06011,PO-06011,SUP03,2025-02-23,2025-03-11,2025-03-11,100,On-Time
DEL-06012,PO-06012,SUP09,2025-02-23,2025-02-28,2025-02-28,400,On-Time
DEL-06013,PO-06013,SUP03,2025-02-23,2025-03-19,2025-03-19,15,On-Time
DEL-06014,PO-06014,SUP15,2025-02-23,2025-03-03,2025-03-03,200,On-Time
DEL-06015,PO-06015,SUP06,2025-02-23,2025-03-02,2025-03-02,250,On-Time
DEL-06016,PO-06016,SUP05,2025-02-23,2025-02-28,2025-02-28,200,On-Time
DEL-06017,PO-06017,SUP15,2025-02-23,2025-03-06,2025-03-04,500,On-Time
DEL-06018,PO-06018,SUP14,2025-02-24,2025-03-10,2025-03-11,50,Delayed
DEL-06019,PO-06019,SUP08,2025-02-24,2025-03-05,2025-03-05,400,On-Time
DEL-06020,PO-06020,SUP13,2025-02-24,2025-03-10,2025-03-10,100,On-Time
DEL-06021,PO-06021,SUP15,2025-02-24,2025-03-04,2025-03-04,500,On-Time
DEL-06022,PO-06022,SUP08,2025-02-24,2025-03-04,2025-03-04,60,On-Time
DEL-06023,PO-06023,SUP08,2025-02-24,2025-03-06,2025-03-05,100,On-Time
DEL-06024,PO-06024,SUP15,2025-02-24,2025-03-10,2025-03-10,300,On-Time
DEL-06025,PO-06025,SUP09,2025-02-24,2025-03-01,2025-03-01,250,On-Time
DEL-06026,PO-06026,SUP06,2025-02-24,2025-03-10,2025-03-10,200,On-Time
DEL-06027,PO-06027,SUP02,2025-02-24,2025-03-11,2025-03-11,80,On-Time
DEL-06028,PO-06028,SUP05,2025-02-24,2025-03-01,2025-02-27,500,On-Time
DEL-06029,PO-06029,SUP09,2025-02-24,2025-03-02,2025-03-02,150,On-Time
DEL-06030,PO-06030,SUP08,2025-02-24,2025-03-04,2025-03-04,400,On-Time
DEL-06031,PO-06031,SUP05,2025-02-24,2025-03-05,2025-03-05,100,On-Time
DEL-06032,PO-06032,SUP06,2025-02-24,2025-03-11,2025-03-11,60,On-Time
DEL-06033,PO-06033,SUP09,2025-02-25,2025-03-03,2025-03-03,100,On-Time
DEL-06034,PO-06034,SUP14,2025-02-25,2025-03-11,2025-03-11,80,On-Time
DEL-06035,PO-06035,SUP10,2025-02-25,2025-03-13,2025-03-13,60,On-Time
DEL-06036,PO-06036,SUP07,2025-02-25,2025-03-11,2025-03-10,50,On-Time
DEL-06037,PO-06037,SUP03,2025-02-25,2025-03-09,2025-03-12,100,Delayed
DEL-06038,PO-06038,SUP05,2025-02-25,2025-03-05,2025-03-05,150,On-Time
DEL-06039,PO-06039,SUP15,2025-02-25,2025-03-04,2025-03-04,200,On-Time
DEL-06040,PO-06040,SUP05,2025-02-25,2025-03-04,2025-03-04,400,On-Time
DEL-06041,PO-06041,SUP08,2025-02-25,2025-03-11,2025-03-11,50,On-Time
DEL-06042,PO-06042,SUP03,2025-02-25,2025-03-07,2025-03-07,200,On-Time
DEL-06043,PO-06043,SUP15,2025-02-25,2025-03-05,2025-03-05,50,On-Time
DEL-06044,PO-06044,SUP02,2025-02-25,2025-03-22,2025-03-22,40,On-Time
DEL-06045,PO-06045,SUP01,2025-02-25,2025-03-05,2025-03-05,40,On-Time
DEL-06046,PO-06046,SUP15,2025-02-25,2025-03-09,2025-03-08,300,On-Time
DEL-06047,PO-06047,SUP15,2025-02-25,2025-03-07,2025-03-07,60,On-Time
DEL-06048,PO-06048,SUP12,2025-02-25,2025-03-07,2025-03-07,120,On-Time
DEL-06049,PO-06049,SUP11,2025-02-25,2025-03-09,2025-03-09,100,On-Time
DEL-06050,PO-06050,SUP08,2025-02-25,2025-03-25,2025-03-25,30,On-Time
DEL-06051,PO-06051,SUP01,2025-02-25,2025-03-12,2025-03-12,40,On-Time
DEL-06052,PO-06052,SUP14,2025-02-25,2025-03-02,2025-03-01,400,On-Time
DEL-06053,PO-06053,SUP15,2025-02-26,2025-03-06,2025-03-06,300,On-Time
DEL-06054,PO-06054,SUP04,2025-02-26,2025-03-10,2025-03-11,300,Delayed
DEL-06055,PO-06055,SUP09,2025-02-26,2025-03-03,2025-03-05,200,Delayed
DEL-06056,PO-06056,SUP01,2025-02-26,2025-03-06,2025-03-05,300,On-Time
DEL-06057,PO-06057,SUP15,2025-02-26,2025-03-05,2025-03-05,300,On-Time
DEL-06058,PO-06058,SUP15,2025-02-26,2025-03-10,2025-03-10,300,On-Time
DEL-06059,PO-06059,SUP04,2025-02-26,2025-03-09,2025-03-08,300,On-Time
DEL-06060,PO-06060,SUP09,2025-02-26,2025-03-06,2025-03-06,150,On-Time
DEL-06061,PO-06061,SUP09,2025-02-26,2025-03-04,2025-03-04,200,On-Time
DEL-06062,PO-06062,SUP01,2025-02-27,2025-03-19,2025-03-19,50,On-Time
DEL-06063,PO-06063,SUP01,2025-02-27,2025-03-11,2025-03-11,250,On-Time
DEL-06064,PO-06064,SUP01,2025-02-27,2025-03-08,2025-03-08,150,On-Time
DEL-06065,PO-06065,SUP12,2025-02-27,2025-03-15,2025-03-15,20,On-Time
DEL-06066,PO-06066,SUP14,2025-02-27,2025-03-11,2025-03-11,500,On-Time
DEL-06067,PO-06067,SUP12,2025-02-27,2025-03-06,2025-03-06,250,On-Time
DEL-06068,PO-06068,SUP08,2025-02-27,2025-03-06,2025-03-06,250,On-Time
DEL-06069,PO-06069,SUP04,2025-02-27,2025-03-11,2025-03-11,150,On-Time
DEL-06070,PO-06070,SUP15,2025-02-27,2025-03-07,2025-03-07,150,On-Time
DEL-06071,PO-06071,SUP03,2025-02-27,2025-03-08,2025-03-08,400,On-Time
DEL-06072,PO-06072,SUP09,2025-02-27,2025-03-04,2025-03-04,400,On-Time
DEL-06073,PO-06073,SUP03,2025-02-27,2025-03-11,2025-03-14,120,Delayed
DEL-06074,PO-06074,SUP07,2025-02-28,2025-03-12,2025-03-12,150,On-Time
DEL-06075,PO-06075,SUP15,2025-02-28,2025-03-05,2025-03-05,100,On-Time
DEL-06076,PO-06076,SUP04,2025-02-28,2025-03-14,2025-03-14,40,On-Time
DEL-06077,PO-06077,SUP09,2025-02-28,2025-03-10,2025-03-10,80,On-Time
DEL-06078,PO-06078,SUP08,2025-02-28,2025-03-09,2025-03-09,200,On-Time
DEL-06079,PO-06079,SUP14,2025-02-28,2025-03-07,2025-03-07,200,On-Time
DEL-06080,PO-06080,SUP15,2025-02-28,2025-03-06,2025-03-06,200,On-Time
DEL-06081,PO-06081,SUP07,2025-02-28,2025-03-12,2025-03-11,300,On-Time
DEL-06082,PO-06082,SUP06,2025-02-28,2025-03-10,2025-03-10,400,On-Time
DEL-06083,PO-06083,SUP04,2025-02-28,2025-03-12,2025-03-12,100,On-Time
DEL-06084,PO-06084,SUP13,2025-02-28,2025-03-14,2025-03-13,60,On-Time
DEL-06085,PO-06085,SUP05,2025-02-28,2025-03-07,2025-03-06,250,On-Time
DEL-06086,PO-06086,SUP12,2025-02-28,2025-03-18,2025-03-18,10,On-Time
DEL-06087,PO-06087,SUP15,2025-02-28,2025-03-10,2025-03-10,120,On-Time
DEL-06088,PO-06088,SUP01,2025-02-28,2025-03-21,2025-03-21,80,On-Time
DEL-06089,PO-06089,SUP15,2025-03-01,2025-03-09,2025-03-08,150,On-Time
DEL-06090,PO-06090,SUP06,2025-03-01,2025-03-17,2025-03-17,120,On-Time
DEL-06091,PO-06091,SUP14,2025-03-01,2025-03-07,2025-03-07,400,On-Time
DEL-06092,PO-06092,SUP01,2025-03-01,2025-03-08,2025-03-08,300,On-Time
DEL-06093,PO-06093,SUP11,2025-03-01,2025-03-08,2025-03-08,150,On-Time
DEL-06094,PO-06094,SUP14,2025-03-01,2025-03-16,2025-03-16,100,On-Time
DEL-06095,PO-06095,SUP08,2025-03-01,2025-03-15,2025-03-19,20,Delayed
DEL-06096,PO-06096,SUP09,2025-03-01,2025-03-08,2025-03-08,400,On-Time
DEL-06097,PO-06097,SUP08,2025-03-01,2025-03-16,2025-03-16,50,On-Time
DEL-06098,PO-06098,SUP05,2025-03-01,2025-03-10,2025-03-10,40,On-Time
DEL-06099,PO-06099,SUP02,2025-03-01,2025-03-09,2025-03-09,60,On-Time
DEL-06100,PO-06100,SUP15,2025-03-01,2025-03-06,2025-03-06,100,On-Time
DEL-06101,PO-06101,SUP01,2025-03-01,2025-03-21,2025-03-21,40,On-Time
DEL-06102,PO-06102,SUP08,2025-03-01,2025-03-08,2025-03-08,300,On-Time
DEL-06103,PO-06103,SUP05,2025-03-01,2025-03-07,2025-03-07,400,On-Time
DEL-06104,PO-06104,SUP14,2025-03-01,2025-03-06,2025-03-06,300,On-Time
DEL-06105,PO-06105,SUP08,2025-03-02,2025-03-10,2025-03-10,200,On-Time
DEL-06106,PO-06106,SUP15,2025-03-02,2025-03-20,2025-03-23,120,Delayed
DEL-06107,PO-06107,SUP12,2025-03-02,2025-03-17,2025-03-17,80,On-Time
DEL-06108,PO-06108,SUP12,2025-03-02,2025-03-12,2025-03-12,100,On-Time
DEL-06109,PO-06109,SUP15,2025-03-02,2025-03-22,2025-03-22,120,On-Time
DEL-06110,PO-06110,SUP06,2025-03-02,2025-03-17,2025-03-17,40,On-Time
DEL-06111,PO-06111,SUP05,2025-03-02,2025-03-09,2025-03-08,500,On-Time
DEL-06112,PO-06112,SUP01,2025-03-02,2025-03-10,2025-03-09,200,On-Time
DEL-06113,PO-06113,SUP15,2025-03-02,2025-03-18,2025-03-18,15,On-Time
DEL-06114,PO-06114,SUP15,2025-03-02,2025-03-10,2025-03-10,200,On-Time
DEL-06115,PO-06115,SUP01,2025-03-02,2025-03-16,2025-03-16,100,On-Time
DEL-06116,PO-06116,SUP08,2025-03-02,2025-03-10,2025-03-10,150,On-Time
DEL-06117,PO-06117,SUP14,2025-03-02,2025-03-17,2025-03-17,80,On-Time
DEL-06118,PO-06118,SUP06,2025-03-02,2025-03-14,2025-03-14,300,On-Time
DEL-06119,PO-06119,SUP02,2025-03-02,2025-03-17,2025-03-17,120,On-Time
DEL-06120,PO-06120,SUP12,2025-03-03,2025-03-10,2025-03-13,200,Delayed
DEL-06121,PO-06121,SUP15,2025-03-03,2025-03-24,2025-03-25,80,Delayed
DEL-06122,PO-06122,SUP08,2025-03-03,2025-03-17,2025-03-17,15,On-Time
DEL-06123,PO-06123,SUP06,2025-03-03,2025-03-13,2025-03-13,500,On-Time
DEL-06124,PO-06124,SUP11,2025-03-03,2025-03-13,2025-03-13,300,On-Time
DEL-06125,PO-06125,SUP14,2025-03-03,2025-03-13,2025-03-13,50,On-Time
DEL-06126,PO-06126,SUP01,2025-03-03,2025-03-15,2025-03-15,40,On-Time
DEL-06127,PO-06127,SUP14,2025-03-03,2025-03-21,2025-03-21,20,On-Time
DEL-06128,PO-06128,SUP14,2025-03-03,2025-03-13,2025-03-13,80,On-Time
DEL-06129,PO-06129,SUP15,2025-03-03,2025-03-13,2025-03-23,60,Delayed
DEL-06130,PO-06130,SUP09,2025-03-03,2025-03-09,2025-03-18,500,Delayed
DEL-06131,PO-06131,SUP13,2025-03-03,2025-03-15,2025-03-20,200,Delayed
DEL-06132,PO-06132,SUP01,2025-03-03,2025-03-17,2025-03-17,15,On-Time
DEL-06133,PO-06133,SUP14,2025-03-03,2025-03-12,2025-03-12,60,On-Time
DEL-06134,PO-06134,SUP06,2025-03-03,2025-03-17,2025-03-17,200,On-Time
DEL-06135,PO-06135,SUP06,2025-03-03,2025-03-23,2025-03-23,100,On-Time
DEL-06136,PO-06136,SUP06,2025-03-04,2025-03-16,2025-03-16,200,On-Time
DEL-06137,PO-06137,SUP05,2025-03-04,2025-03-09,2025-03-09,400,On-Time
DEL-06138,PO-06138,SUP03,2025-03-04,2025-03-14,2025-03-14,300,On-Time
DEL-06139,PO-06139,SUP06,2025-03-04,2025-03-14,2025-03-13,500,On-Time
DEL-06140,PO-06140,SUP12,2025-03-04,2025-03-12,2025-03-12,150,On-Time
DEL-06141,PO-06141,SUP07,2025-03-04,2025-03-15,2025-03-15,200,On-Time
DEL-06142,PO-06142,SUP07,2025-03-04,2025-03-16,2025-03-16,300,On-Time
DEL-06143,PO-06143,SUP14,2025-03-04,2025-03-11,2025-03-11,300,On-Time
DEL-06144,PO-06144,SUP08,2025-03-04,2025-03-12,2025-03-24,500,Delayed
DEL-06145,PO-06145,SUP15,2025-03-04,2025-03-12,2025-03-17,150,Delayed
DEL-06146,PO-06146,SUP15,2025-03-04,2025-03-11,2025-03-11,300,On-Time
DEL-06147,PO-06147,SUP06,2025-03-04,2025-03-14,2025-03-14,100,On-Time
DEL-06148,PO-06148,SUP15,2025-03-04,2025-03-12,2025-03-12,400,On-Time
DEL-06149,PO-06149,SUP05,2025-03-04,2025-03-11,2025-03-11,150,On-Time
DEL-06150,PO-06150,SUP12,2025-03-04,2025-03-11,2025-03-11,300,On-Time
DEL-06151,PO-06151,SUP03,2025-03-04,2025-03-20,2025-03-27,50,Delayed
DEL-06152,PO-06152,SUP09,2025-03-04,2025-03-12,2025-03-12,100,On-Time
DEL-06153,PO-06153,SUP05,2025-03-05,2025-03-12,2025-03-12,400,On-Time
DEL-06154,PO-06154,SUP07,2025-03-05,2025-03-25,2025-03-25,20,On-Time
DEL-06155,PO-06155,SUP14,2025-03-05,2025-03-25,2025-03-25,20,On-Time
DEL-06156,PO-06156,SUP13,2025-03-05,2025-03-20,2025-03-19,60,On-Time
DEL-06157,PO-06157,SUP14,2025-03-05,2025-03-12,2025-03-12,100,On-Time
DEL-06158,PO-06158,SUP15,2025-03-06,2025-04-03,2025-04-05,20,Delayed
DEL-06159,PO-06159,SUP15,2025-03-06,2025-03-20,2025-03-20,250,On-Time
DEL-06160,PO-06160,SUP14,2025-03-06,2025-03-20,2025-03-20,50,On-Time
DEL-06161,PO-06161,SUP01,2025-03-06,2025-03-31,2025-03-31,15,On-Time
DEL-06162,PO-06162,SUP06,2025-03-06,2025-03-20,2025-03-20,200,On-Time
DEL-06163,PO-06163,SUP14,2025-03-06,2025-03-14,2025-03-14,500,On-Time
DEL-06164,PO-06164,SUP15,2025-03-06,2025-03-16,2025-03-16,100,On-Time
DEL-06165,PO-06165,SUP15,2025-03-06,2025-03-14,2025-03-14,40,On-Time
DEL-06166,PO-06166,SUP01,2025-03-06,2025-03-20,2025-03-20,60,On-Time
DEL-06167,PO-06167,SUP07,2025-03-06,2025-03-20,2025-03-20,150,On-Time
DEL-06168,PO-06168,SUP15,2025-03-06,2025-03-20,2025-03-20,400,On-Time
DEL-06169,PO-06169,SUP09,2025-03-06,2025-03-13,2025-03-13,150,On-Time
DEL-06170,PO-06170,SUP14,2025-03-06,2025-03-21,2025-03-21,100,On-Time
DEL-06171,PO-06171,SUP06,2025-03-07,2025-03-28,2025-03-27,40,On-Time
DEL-06172,PO-06172,SUP10,2025-03-07,2025-03-21,2025-03-21,60,On-Time
DEL-06173,PO-06173,SUP04,2025-03-07,2025-03-22,2025-03-22,80,On-Time
DEL-06174,PO-06174,SUP05,2025-03-07,2025-03-13,2025-03-13,500,On-Time
DEL-06175,PO-06175,SUP06,2025-03-07,2025-03-17,2025-03-16,400,On-Time
DEL-06176,PO-06176,SUP01,2025-03-07,2025-03-15,2025-03-15,250,On-Time
DEL-06177,PO-06177,SUP10,2025-03-07,2025-03-25,2025-03-25,40,On-Time
DEL-06178,PO-06178,SUP09,2025-03-07,2025-03-14,2025-03-14,400,On-Time
DEL-06179,PO-06179,SUP15,2025-03-07,2025-03-14,2025-03-14,250,On-Time
DEL-06180,PO-06180,SUP06,2025-03-07,2025-03-22,2025-03-20,80,On-Time
DEL-06181,PO-06181,SUP09,2025-03-07,2025-03-14,2025-03-14,100,On-Time
DEL-06182,PO-06182,SUP15,2025-03-07,2025-03-13,2025-03-23,400,Delayed
DEL-06183,PO-06183,SUP04,2025-03-07,2025-03-21,2025-03-21,400,On-Time
DEL-06184,PO-06184,SUP15,2025-03-07,2025-03-15,2025-03-15,150,On-Time
DEL-06185,PO-06185,SUP07,2025-03-08,2025-03-20,2025-03-21,200,Delayed
DEL-06186,PO-06186,SUP06,2025-03-08,2025-03-23,2025-03-23,50,On-Time
DEL-06187,PO-06187,SUP01,2025-03-08,2025-03-15,2025-03-15,150,On-Time
DEL-06188,PO-06188,SUP14,2025-03-08,2025-03-15,2025-03-15,200,On-Time
DEL-06189,PO-06189,SUP09,2025-03-08,2025-03-13,2025-03-25,400,Delayed
DEL-06190,PO-06190,SUP04,2025-03-08,2025-03-22,2025-03-22,250,On-Time
DEL-06191,PO-06191,SUP14,2025-03-08,2025-03-14,2025-03-14,200,On-Time
DEL-06192,PO-06192,SUP09,2025-03-08,2025-03-17,2025-03-17,100,On-Time
DEL-06193,PO-06193,SUP13,2025-03-08,2025-03-22,2025-03-22,250,On-Time
DEL-06194,PO-06194,SUP15,2025-03-08,2025-03-15,2025-03-21,150,Delayed
DEL-06195,PO-06195,SUP06,2025-03-08,2025-03-17,2025-03-17,250,On-Time
DEL-06196,PO-06196,SUP01,2025-03-08,2025-03-23,2025-03-23,40,On-Time
DEL-06197,PO-06197,SUP15,2025-03-08,2025-03-15,2025-03-30,250,Delayed
DEL-06198,PO-06198,SUP06,2025-03-08,2025-03-15,2025-03-15,500,On-Time
DEL-06199,PO-06199,SUP01,2025-03-08,2025-03-15,2025-03-15,200,On-Time
DEL-06200,PO-06200,SUP03,2025-03-09,2025-03-24,2025-03-24,40,On-Time
DEL-06201,PO-06201,SUP05,2025-03-09,2025-03-15,2025-03-18,250,Delayed
DEL-06202,PO-06202,SUP15,2025-03-09,2025-03-20,2025-03-18,400,On-Time
DEL-06203,PO-06203,SUP14,2025-03-09,2025-03-16,2025-03-16,300,On-Time
DEL-06204,PO-06204,SUP06,2025-03-09,2025-03-30,2025-03-30,100,On-Time
DEL-06205,PO-06205,SUP14,2025-03-09,2025-03-15,2025-03-15,200,On-Time
DEL-06206,PO-06206,SUP09,2025-03-09,2025-03-17,2025-03-24,300,Delayed
DEL-06207,PO-06207,SUP01,2025-03-09,2025-03-27,2025-03-27,40,On-Time
DEL-06208,PO-06208,SUP09,2025-03-09,2025-03-14,2025-03-12,150,On-Time
DEL-06209,PO-06209,SUP12,2025-03-09,2025-03-16,2025-03-16,150,On-Time
DEL-06210,PO-06210,SUP06,2025-03-09,2025-03-23,2025-03-23,100,On-Time
DEL-06211,PO-06211,SUP05,2025-03-09,2025-03-16,2025-03-16,250,On-Time
DEL-06212,PO-06212,SUP08,2025-03-09,2025-03-21,2025-03-28,60,Delayed
DEL-06213,PO-06213,SUP05,2025-03-09,2025-03-15,2025-03-15,100,On-Time
DEL-06214,PO-06214,SUP09,2025-03-10,2025-03-17,2025-03-17,400,On-Time
DEL-06215,PO-06215,SUP11,2025-03-10,2025-03-25,2025-03-25,80,On-Time
DEL-06216,PO-06216,SUP14,2025-03-10,2025-03-19,2025-03-19,40,On-Time
DEL-06217,PO-06217,SUP14,2025-03-10,2025-03-18,2025-03-18,400,On-Time
DEL-06218,PO-06218,SUP02,2025-03-10,2025-03-25,2025-03-25,80,On-Time
DEL-06219,PO-06219,SUP01,2025-03-10,2025-03-22,2025-03-22,150,On-Time
DEL-06220,PO-06220,SUP10,2025-03-10,2025-03-28,2025-03-28,120,On-Time
DEL-06221,PO-06221,SUP08,2025-03-10,2025-03-18,2025-03-18,300,On-Time
DEL-06222,PO-06222,SUP13,2025-03-10,2025-03-22,2025-03-21,400,On-Time
DEL-06223,PO-06223,SUP06,2025-03-10,2025-03-24,2025-03-23,80,On-Time
DEL-06224,PO-06224,SUP04,2025-03-10,2025-03-22,2025-03-22,500,On-Time
DEL-06225,PO-06225,SUP15,2025-03-10,2025-03-22,2025-03-22,300,On-Time
DEL-06226,PO-06226,SUP14,2025-03-10,2025-03-15,2025-03-15,500,On-Time
DEL-06227,PO-06227,SUP15,2025-03-10,2025-03-25,2025-03-25,40,On-Time
DEL-06228,PO-06228,SUP05,2025-03-10,2025-03-15,2025-03-15,150,On-Time
DEL-06229,PO-06229,SUP11,2025-03-10,2025-03-22,2025-03-22,200,On-Time
DEL-06230,PO-06230,SUP06,2025-03-10,2025-03-20,2025-03-20,250,On-Time
DEL-06231,PO-06231,SUP01,2025-03-11,2025-03-25,2025-03-28,15,Delayed
DEL-06232,PO-06232,SUP14,2025-03-11,2025-03-16,2025-03-16,100,On-Time
DEL-06233,PO-06233,SUP01,2025-03-11,2025-03-18,2025-03-18,400,On-Time
DEL-06234,PO-06234,SUP06,2025-03-11,2025-04-05,2025-04-05,40,On-Time
DEL-06235,PO-06235,SUP12,2025-03-11,2025-03-21,2025-03-29,100,Delayed
DEL-06236,PO-06236,SUP15,2025-03-11,2025-03-16,2025-03-16,150,On-Time
DEL-06237,PO-06237,SUP01,2025-03-11,2025-03-21,2025-03-21,400,On-Time
DEL-06238,PO-06238,SUP05,2025-03-11,2025-03-19,2025-03-19,250,On-Time
DEL-06239,PO-06239,SUP07,2025-03-11,2025-03-31,2025-04-02,20,Delayed
DEL-06240,PO-06240,SUP15,2025-03-11,2025-03-23,2025-03-23,100,On-Time
DEL-06241,PO-06241,SUP07,2025-03-11,2025-03-22,2025-03-25,300,Delayed
DEL-06242,PO-06242,SUP14,2025-03-11,2025-03-16,2025-03-16,400,On-Time
DEL-06243,PO-06243,SUP14,2025-03-11,2025-03-17,2025-03-17,150,On-Time
DEL-06244,PO-06244,SUP14,2025-03-11,2025-03-29,2025-03-29,10,On-Time
DEL-06245,PO-06245,SUP07,2025-03-11,2025-03-25,2025-03-24,150,On-Time
DEL-06246,PO-06246,SUP10,2025-03-12,2025-03-28,2025-03-28,120,On-Time
DEL-06247,PO-06247,SUP14,2025-03-12,2025-03-19,2025-03-19,150,On-Time
DEL-06248,PO-06248,SUP15,2025-03-12,2025-03-26,2025-03-26,250,On-Time
DEL-06249,PO-06249,SUP03,2025-03-12,2025-04-09,2025-04-09,30,On-Time
DEL-06250,PO-06250,SUP05,2025-03-12,2025-03-17,2025-03-17,400,On-Time
DEL-06251,PO-06251,SUP11,2025-03-12,2025-03-22,2025-03-22,200,On-Time
DEL-06252,PO-06252,SUP09,2025-03-12,2025-03-17,2025-03-17,500,On-Time
DEL-06253,PO-06253,SUP06,2025-03-12,2025-03-27,2025-03-27,80,On-Time
DEL-06254,PO-06254,SUP15,2025-03-12,2025-03-20,2025-03-20,400,On-Time
DEL-06255,PO-06255,SUP14,2025-03-12,2025-03-30,2025-03-30,10,On-Time
DEL-06256,PO-06256,SUP14,2025-03-12,2025-03-19,2025-03-19,200,On-Time
DEL-06257,PO-06257,SUP11,2025-03-13,2025-04-03,2025-04-03,40,On-Time
DEL-06258,PO-06258,SUP06,2025-03-13,2025-03-28,2025-03-28,120,On-Time
DEL-06259,PO-06259,SUP11,2025-03-13,2025-03-31,2025-03-31,60,On-Time
DEL-06260,PO-06260,SUP09,2025-03-13,2025-03-18,2025-03-22,150,Delayed
DEL-06261,PO-06261,SUP14,2025-03-13,2025-03-20,2025-03-20,400,On-Time
DEL-06262,PO-06262,SUP15,2025-03-13,2025-03-21,2025-03-21,50,On-Time
DEL-06263,PO-06263,SUP01,2025-03-13,2025-03-25,2025-03-25,150,On-Time
DEL-06264,PO-06264,SUP14,2025-03-13,2025-03-20,2025-03-20,150,On-Time
DEL-06265,PO-06265,SUP09,2025-03-13,2025-03-19,2025-03-19,400,On-Time
DEL-06266,PO-06266,SUP14,2025-03-13,2025-03-25,2025-03-25,100,On-Time
DEL-06267,PO-06267,SUP14,2025-03-13,2025-03-20,2025-03-20,200,On-Time
DEL-06268,PO-06268,SUP09,2025-03-13,2025-03-20,2025-03-20,100,On-Time
DEL-06269,PO-06269,SUP08,2025-03-13,2025-03-22,2025-03-29,400,Delayed
DEL-06270,PO-06270,SUP15,2025-03-13,2025-03-27,2025-03-27,400,On-Time
DEL-06271,PO-06271,SUP08,2025-03-13,2025-03-31,2025-03-31,120,On-Time
DEL-06272,PO-06272,SUP13,2025-03-14,2025-03-29,2025-03-29,60,On-Time
DEL-06273,PO-06273,SUP14,2025-03-14,2025-03-21,2025-03-21,150,On-Time
DEL-06274,PO-06274,SUP02,2025-03-14,2025-03-24,2025-03-24,500,On-Time
DEL-06275,PO-06275,SUP01,2025-03-14,2025-04-05,2025-04-05,40,On-Time
DEL-06276,PO-06276,SUP14,2025-03-14,2025-03-21,2025-03-21,400,On-Time
DEL-06277,PO-06277,SUP11,2025-03-14,2025-03-21,2025-03-21,400,On-Time
DEL-06278,PO-06278,SUP11,2025-03-14,2025-03-24,2025-03-24,250,On-Time
DEL-06279,PO-06279,SUP15,2025-03-14,2025-03-29,2025-04-02,100,Delayed
DEL-06280,PO-06280,SUP06,2025-03-14,2025-03-28,2025-03-27,300,On-Time
DEL-06281,PO-06281,SUP13,2025-03-14,2025-03-26,2025-03-29,500,Delayed
DEL-06282,PO-06282,SUP08,2025-03-14,2025-03-21,2025-03-21,100,On-Time
DEL-06283,PO-06283,SUP14,2025-03-14,2025-03-22,2025-03-27,250,Delayed
DEL-06284,PO-06284,SUP06,2025-03-14,2025-04-01,2025-04-01,40,On-Time
DEL-06285,PO-06285,SUP05,2025-03-14,2025-03-24,2025-03-24,100,On-Time
DEL-06286,PO-06286,SUP09,2025-03-14,2025-03-19,2025-03-20,150,Delayed
DEL-06287,PO-06287,SUP02,2025-03-14,2025-03-22,2025-03-20,50,On-Time
DEL-06288,PO-06288,SUP14,2025-03-14,2025-03-22,2025-03-22,500,On-Time
DEL-06289,PO-06289,SUP13,2025-03-14,2025-03-25,2025-03-28,300,Delayed
DEL-06290,PO-06290,SUP10,2025-03-14,2025-03-28,2025-03-27,120,On-Time
DEL-06291,PO-06291,SUP07,2025-03-14,2025-03-24,2025-03-24,50,On-Time
DEL-06292,PO-06292,SUP08,2025-03-14,2025-03-28,2025-03-30,20,Delayed
DEL-06293,PO-06293,SUP06,2025-03-15,2025-03-25,2025-03-25,400,On-Time
DEL-06294,PO-06294,SUP11,2025-03-15,2025-03-22,2025-03-21,400,On-Time
DEL-06295,PO-06295,SUP15,2025-03-15,2025-03-23,2025-03-22,40,On-Time
DEL-06296,PO-06296,SUP06,2025-03-15,2025-04-05,2025-04-03,100,On-Time
DEL-06297,PO-06297,SUP09,2025-03-15,2025-03-23,2025-03-23,200,On-Time
DEL-06298,PO-06298,SUP13,2025-03-15,2025-03-29,2025-03-29,400,On-Time
DEL-06299,PO-06299,SUP12,2025-03-15,2025-03-22,2025-03-22,150,On-Time
DEL-06300,PO-06300,SUP07,2025-03-15,2025-03-29,2025-03-29,400,On-Time
DEL-06301,PO-06301,SUP15,2025-03-15,2025-03-25,2025-03-25,120,On-Time
DEL-06302,PO-06302,SUP10,2025-03-15,2025-03-31,2025-04-14,100,Delayed
DEL-06303,PO-06303,SUP14,2025-03-15,2025-03-29,2025-03-29,200,On-Time
DEL-06304,PO-06304,SUP06,2025-03-15,2025-03-25,2025-03-23,150,On-Time
DEL-06305,PO-06305,SUP09,2025-03-16,2025-03-21,2025-03-21,100,On-Time
DEL-06306,PO-06306,SUP03,2025-03-16,2025-03-25,2025-03-25,500,On-Time
DEL-06307,PO-06307,SUP09,2025-03-16,2025-03-21,2025-03-21,250,On-Time
DEL-06308,PO-06308,SUP05,2025-03-16,2025-03-24,2025-03-22,400,On-Time
DEL-06309,PO-06309,SUP06,2025-03-16,2025-03-25,2025-03-25,200,On-Time
DEL-06310,PO-06310,SUP01,2025-03-16,2025-03-24,2025-03-24,200,On-Time
DEL-06311,PO-06311,SUP07,2025-03-16,2025-03-24,2025-03-24,100,On-Time
DEL-06312,PO-06312,SUP15,2025-03-16,2025-04-06,2025-04-06,40,On-Time
DEL-06313,PO-06313,SUP05,2025-03-16,2025-03-23,2025-03-23,150,On-Time
DEL-06314,PO-06314,SUP14,2025-03-16,2025-03-23,2025-03-23,200,On-Time
DEL-06315,PO-06315,SUP15,2025-03-16,2025-03-24,2025-03-24,150,On-Time
DEL-06316,PO-06316,SUP06,2025-03-16,2025-03-28,2025-03-27,100,On-Time
DEL-06317,PO-06317,SUP08,2025-03-16,2025-03-26,2025-03-27,80,Delayed
DEL-06318,PO-06318,SUP10,2025-03-16,2025-04-01,2025-04-01,100,On-Time
DEL-06319,PO-06319,SUP15,2025-03-16,2025-03-24,2025-03-24,500,On-Time
DEL-06320,PO-06320,SUP14,2025-03-16,2025-03-23,2025-03-23,200,On-Time
DEL-06321,PO-06321,SUP14,2025-03-16,2025-03-23,2025-03-23,150,On-Time
DEL-06322,PO-06322,SUP15,2025-03-16,2025-03-27,2025-03-27,500,On-Time
DEL-06323,PO-06323,SUP06,2025-03-16,2025-04-05,2025-04-05,40,On-Time
DEL-06324,PO-06324,SUP12,2025-03-17,2025-03-25,2025-03-24,300,On-Time
DEL-06325,PO-06325,SUP08,2025-03-17,2025-04-04,2025-04-04,60,On-Time
DEL-06326,PO-06326,SUP15,2025-03-17,2025-03-23,2025-03-22,500,On-Time
DEL-06327,PO-06327,SUP11,2025-03-17,2025-03-27,2025-03-27,250,On-Time
DEL-06328,PO-06328,SUP13,2025-03-17,2025-03-28,2025-03-28,500,On-Time
DEL-06329,PO-06329,SUP11,2025-03-17,2025-03-25,2025-03-25,80,On-Time
DEL-06330,PO-06330,SUP14,2025-03-17,2025-03-31,2025-03-31,100,On-Time
DEL-06331,PO-06331,SUP02,2025-03-17,2025-03-27,2025-03-27,250,On-Time
DEL-06332,PO-06332,SUP06,2025-03-17,2025-04-06,2025-04-06,50,On-Time
DEL-06333,PO-06333,SUP06,2025-03-17,2025-04-01,2025-04-01,80,On-Time
DEL-06334,PO-06334,SUP15,2025-03-17,2025-03-24,2025-03-27,250,Delayed
DEL-06335,PO-06335,SUP14,2025-03-17,2025-03-31,2025-03-31,300,On-Time
DEL-06336,PO-06336,SUP10,2025-03-17,2025-04-02,2025-04-04,40,Delayed
DEL-06337,PO-06337,SUP07,2025-03-17,2025-03-31,2025-03-31,150,On-Time
DEL-06338,PO-06338,SUP08,2025-03-17,2025-03-31,2025-03-31,120,On-Time
DEL-06339,PO-06339,SUP13,2025-03-17,2025-03-31,2025-03-31,60,On-Time
DEL-06340,PO-06340,SUP15,2025-03-17,2025-03-26,2025-03-26,60,On-Time
DEL-06341,PO-06341,SUP05,2025-03-17,2025-03-24,2025-03-23,250,On-Time
DEL-06342,PO-06342,SUP08,2025-03-17,2025-03-26,2025-03-29,100,Delayed
DEL-06343,PO-06343,SUP15,2025-03-17,2025-03-31,2025-03-30,150,On-Time
DEL-06344,PO-06344,SUP03,2025-03-18,2025-03-28,2025-03-28,300,On-Time
DEL-06345,PO-06345,SUP12,2025-03-18,2025-03-26,2025-03-26,150,On-Time
DEL-06346,PO-06346,SUP15,2025-03-18,2025-04-01,2025-04-07,150,Delayed
DEL-06347,PO-06347,SUP11,2025-03-18,2025-04-01,2025-04-01,300,On-Time
DEL-06348,PO-06348,SUP15,2025-03-18,2025-03-26,2025-03-26,100,On-Time
DEL-06349,PO-06349,SUP01,2025-03-18,2025-03-30,2025-03-30,40,On-Time
DEL-06350,PO-06350,SUP13,2025-03-18,2025-03-26,2025-03-26,120,On-Time
DEL-06351,PO-06351,SUP05,2025-03-18,2025-03-23,2025-03-22,150,On-Time
DEL-06352,PO-06352,SUP05,2025-03-18,2025-03-25,2025-03-25,400,On-Time
DEL-06353,PO-06353,SUP06,2025-03-18,2025-04-05,2025-04-05,50,On-Time
DEL-06354,PO-06354,SUP15,2025-03-18,2025-03-23,2025-03-25,150,Delayed
DEL-06355,PO-06355,SUP06,2025-03-18,2025-04-02,2025-04-02,40,On-Time
DEL-06356,PO-06356,SUP14,2025-03-18,2025-03-25,2025-03-23,250,On-Time
DEL-06357,PO-06357,SUP09,2025-03-18,2025-03-25,2025-03-25,300,On-Time
DEL-06358,PO-06358,SUP08,2025-03-18,2025-03-28,2025-03-28,100,On-Time
DEL-06359,PO-06359,SUP15,2025-03-18,2025-04-01,2025-04-01,15,On-Time
DEL-06360,PO-06360,SUP09,2025-03-18,2025-03-25,2025-03-29,300,Delayed
DEL-06361,PO-06361,SUP15,2025-03-19,2025-04-02,2025-04-02,150,On-Time
DEL-06362,PO-06362,SUP15,2025-03-19,2025-03-27,2025-03-27,300,On-Time
DEL-06363,PO-06363,SUP13,2025-03-19,2025-03-31,2025-03-31,500,On-Time
DEL-06364,PO-06364,SUP01,2025-03-19,2025-03-31,2025-03-29,100,On-Time
DEL-06365,PO-06365,SUP14,2025-03-19,2025-04-02,2025-04-02,15,On-Time
DEL-06366,PO-06366,SUP08,2025-03-19,2025-04-02,2025-04-02,10,On-Time
DEL-06367,PO-06367,SUP05,2025-03-19,2025-03-24,2025-03-24,150,On-Time
DEL-06368,PO-06368,SUP11,2025-03-19,2025-03-29,2025-03-29,300,On-Time
DEL-06369,PO-06369,SUP06,2025-03-19,2025-03-29,2025-03-29,100,On-Time
DEL-06370,PO-06370,SUP10,2025-03-19,2025-04-04,2025-04-10,100,Delayed
DEL-06371,PO-06371,SUP05,2025-03-19,2025-03-24,2025-03-24,100,On-Time
DEL-06372,PO-06372,SUP05,2025-03-19,2025-03-25,2025-03-25,200,On-Time
DEL-06373,PO-06373,SUP10,2025-03-19,2025-03-29,2025-03-30,250,Delayed
DEL-06374,PO-06374,SUP15,2025-03-19,2025-04-03,2025-04-03,100,On-Time
DEL-06375,PO-06375,SUP01,2025-03-20,2025-04-01,2025-04-01,150,On-Time
DEL-06376,PO-06376,SUP15,2025-03-20,2025-03-27,2025-03-27,500,On-Time
DEL-06377,PO-06377,SUP14,2025-03-20,2025-04-03,2025-04-03,400,On-Time
DEL-06378,PO-06378,SUP10,2025-03-20,2025-03-30,2025-03-30,100,On-Time
DEL-06379,PO-06379,SUP01,2025-03-20,2025-03-30,2025-03-30,150,On-Time
DEL-06380,PO-06380,SUP06,2025-03-20,2025-04-17,2025-04-17,20,On-Time
DEL-06381,PO-06381,SUP06,2025-03-20,2025-04-04,2025-04-03,80,On-Time
DEL-06382,PO-06382,SUP06,2025-03-20,2025-04-01,2025-03-31,200,On-Time
DEL-06383,PO-06383,SUP14,2025-03-20,2025-04-09,2025-04-09,40,On-Time
DEL-06384,PO-06384,SUP13,2025-03-20,2025-04-03,2025-04-02,200,On-Time
DEL-06385,PO-06385,SUP01,2025-03-20,2025-03-28,2025-03-28,120,On-Time
DEL-06386,PO-06386,SUP13,2025-03-20,2025-04-07,2025-04-07,30,On-Time
DEL-06387,PO-06387,SUP09,2025-03-20,2025-03-27,2025-03-26,150,On-Time
DEL-06388,PO-06388,SUP08,2025-03-20,2025-03-27,2025-03-29,200,Delayed
DEL-06389,PO-06389,SUP02,2025-03-20,2025-03-27,2025-03-27,100,On-Time
DEL-06390,PO-06390,SUP15,2025-03-20,2025-03-25,2025-03-25,100,On-Time
DEL-06391,PO-06391,SUP15,2025-03-20,2025-03-28,2025-03-29,200,Delayed
DEL-06392,PO-06392,SUP14,2025-03-21,2025-03-27,2025-03-27,500,On-Time
DEL-06393,PO-06393,SUP09,2025-03-21,2025-03-26,2025-03-26,250,On-Time
DEL-06394,PO-06394,SUP15,2025-03-21,2025-04-04,2025-04-05,500,Delayed
DEL-06395,PO-06395,SUP03,2025-03-21,2025-04-14,2025-04-14,15,On-Time
DEL-06396,PO-06396,SUP11,2025-03-21,2025-04-04,2025-04-04,200,On-Time
DEL-06397,PO-06397,SUP15,2025-03-21,2025-03-31,2025-03-31,250,On-Time
DEL-06398,PO-06398,SUP08,2025-03-21,2025-03-28,2025-03-28,100,On-Time
DEL-06399,PO-06399,SUP15,2025-03-21,2025-04-04,2025-04-04,200,On-Time
DEL-06400,PO-06400,SUP15,2025-03-21,2025-03-29,2025-03-29,50,On-Time
DEL-06401,PO-06401,SUP09,2025-03-21,2025-03-26,2025-03-26,100,On-Time
DEL-06402,PO-06402,SUP11,2025-03-21,2025-04-05,2025-04-05,50,On-Time
DEL-06403,PO-06403,SUP15,2025-03-21,2025-03-29,2025-03-29,40,On-Time
DEL-06404,PO-06404,SUP15,2025-03-21,2025-04-02,2025-04-02,40,On-Time
DEL-06405,PO-06405,SUP10,2025-03-21,2025-04-12,2025-04-15,10,Delayed
DEL-06406,PO-06406,SUP06,2025-03-21,2025-04-05,2025-04-08,80,Delayed
DEL-06407,PO-06407,SUP14,2025-03-21,2025-03-27,2025-03-29,200,Delayed
DEL-06408,PO-06408,SUP06,2025-03-21,2025-04-06,2025-04-06,120,On-Time
DEL-06409,PO-06409,SUP15,2025-03-21,2025-03-28,2025-03-28,250,On-Time
DEL-06410,PO-06410,SUP08,2025-03-22,2025-03-29,2025-04-05,200,Delayed
DEL-06411,PO-06411,SUP05,2025-03-22,2025-03-28,2025-03-28,500,On-Time
DEL-06412,PO-06412,SUP15,2025-03-22,2025-03-27,2025-03-27,150,On-Time
DEL-06413,PO-06413,SUP05,2025-03-22,2025-03-27,2025-03-27,400,On-Time
DEL-06414,PO-06414,SUP14,2025-03-22,2025-04-02,2025-04-02,150,On-Time
DEL-06415,PO-06415,SUP15,2025-03-22,2025-04-03,2025-04-03,200,On-Time
DEL-06416,PO-06416,SUP04,2025-03-22,2025-04-03,2025-04-03,200,On-Time
DEL-06417,PO-06417,SUP08,2025-03-22,2025-04-19,2025-04-21,40,Delayed
DEL-06418,PO-06418,SUP11,2025-03-22,2025-04-05,2025-04-05,300,On-Time
DEL-06419,PO-06419,SUP01,2025-03-22,2025-04-01,2025-04-01,150,On-Time
DEL-06420,PO-06420,SUP14,2025-03-22,2025-04-01,2025-04-13,100,Delayed
DEL-06421,PO-06421,SUP01,2025-03-22,2025-04-01,2025-03-31,400,On-Time
DEL-06422,PO-06422,SUP01,2025-03-22,2025-04-05,2025-04-05,40,On-Time
DEL-06423,PO-06423,SUP08,2025-03-22,2025-04-01,2025-04-01,300,On-Time
DEL-06424,PO-06424,SUP13,2025-03-22,2025-04-03,2025-04-03,250,On-Time
DEL-06425,PO-06425,SUP04,2025-03-23,2025-04-08,2025-04-08,40,On-Time
DEL-06426,PO-06426,SUP15,2025-03-23,2025-04-04,2025-04-04,400,On-Time
DEL-06427,PO-06427,SUP01,2025-03-23,2025-04-10,2025-04-09,80,On-Time
DEL-06428,PO-06428,SUP14,2025-03-23,2025-04-12,2025-04-12,30,On-Time
DEL-06429,PO-06429,SUP01,2025-03-23,2025-03-31,2025-03-31,120,On-Time
DEL-06430,PO-06430,SUP09,2025-03-23,2025-03-28,2025-03-28,400,On-Time
DEL-06431,PO-06431,SUP03,2025-03-23,2025-04-02,2025-04-02,300,On-Time
DEL-06432,PO-06432,SUP10,2025-03-23,2025-04-07,2025-04-07,100,On-Time
DEL-06433,PO-06433,SUP15,2025-03-23,2025-03-30,2025-03-30,400,On-Time
DEL-06434,PO-06434,SUP14,2025-03-24,2025-04-02,2025-04-02,80,On-Time
DEL-06435,PO-06435,SUP14,2025-03-24,2025-04-08,2025-04-08,80,On-Time
DEL-06436,PO-06436,SUP15,2025-03-24,2025-03-31,2025-03-31,150,On-Time
DEL-06437,PO-06437,SUP09,2025-03-24,2025-04-03,2025-04-03,120,On-Time
DEL-06438,PO-06438,SUP11,2025-03-24,2025-04-07,2025-04-07,100,On-Time
DEL-06439,PO-06439,SUP01,2025-03-24,2025-04-08,2025-04-08,80,On-Time
DEL-06440,PO-06440,SUP12,2025-03-24,2025-04-08,2025-04-08,40,On-Time
DEL-06441,PO-06441,SUP10,2025-03-24,2025-04-07,2025-04-08,40,Delayed
DEL-06442,PO-06442,SUP02,2025-03-24,2025-04-01,2025-04-01,80,On-Time
DEL-06443,PO-06443,SUP10,2025-03-24,2025-04-02,2025-04-02,250,On-Time
DEL-06444,PO-06444,SUP11,2025-03-24,2025-04-01,2025-04-04,100,Delayed
DEL-06445,PO-06445,SUP01,2025-03-24,2025-04-07,2025-04-07,100,On-Time
DEL-06446,PO-06446,SUP10,2025-03-24,2025-04-11,2025-04-13,50,Delayed
DEL-06447,PO-06447,SUP02,2025-03-25,2025-04-15,2025-04-14,40,On-Time
DEL-06448,PO-06448,SUP13,2025-03-25,2025-04-08,2025-04-08,80,On-Time
DEL-06449,PO-06449,SUP08,2025-03-25,2025-04-12,2025-04-12,100,On-Time
DEL-06450,PO-06450,SUP15,2025-03-25,2025-04-04,2025-04-03,80,On-Time
DEL-06451,PO-06451,SUP15,2025-03-25,2025-04-08,2025-04-08,200,On-Time
DEL-06452,PO-06452,SUP13,2025-03-25,2025-04-09,2025-04-08,100,On-Time
DEL-06453,PO-06453,SUP09,2025-03-25,2025-04-01,2025-04-01,300,On-Time
DEL-06454,PO-06454,SUP01,2025-03-25,2025-04-02,2025-04-02,80,On-Time
DEL-06455,PO-06455,SUP03,2025-03-25,2025-04-04,2025-04-04,100,On-Time
DEL-06456,PO-06456,SUP09,2025-03-25,2025-03-31,2025-03-31,150,On-Time
DEL-06457,PO-06457,SUP15,2025-03-25,2025-04-09,2025-04-08,50,On-Time
DEL-06458,PO-06458,SUP01,2025-03-25,2025-04-06,2025-04-06,60,On-Time
DEL-06459,PO-06459,SUP13,2025-03-25,2025-04-08,2025-04-08,100,On-Time
DEL-06460,PO-06460,SUP01,2025-03-25,2025-04-03,2025-04-03,500,On-Time
DEL-06461,PO-06461,SUP10,2025-03-25,2025-04-03,2025-04-20,100,Delayed
DEL-06462,PO-06462,SUP13,2025-03-25,2025-04-08,2025-04-13,120,Delayed
DEL-06463,PO-06463,SUP13,2025-03-25,2025-04-08,2025-04-18,250,Delayed
DEL-06464,PO-06464,SUP06,2025-03-25,2025-04-06,2025-04-06,100,On-Time
DEL-06465,PO-06465,SUP13,2025-03-25,2025-04-04,2025-04-04,120,On-Time
DEL-06466,PO-06466,SUP01,2025-03-26,2025-04-19,2025-04-19,30,On-Time
DEL-06467,PO-06467,SUP06,2025-03-26,2025-04-16,2025-04-16,50,On-Time
DEL-06468,PO-06468,SUP01,2025-03-26,2025-04-07,2025-04-07,500,On-Time
DEL-06469,PO-06469,SUP07,2025-03-26,2025-04-07,2025-04-07,250,On-Time
DEL-06470,PO-06470,SUP02,2025-03-26,2025-04-07,2025-04-07,300,On-Time
DEL-06471,PO-06471,SUP05,2025-03-26,2025-04-03,2025-04-03,250,On-Time
DEL-06472,PO-06472,SUP14,2025-03-26,2025-04-01,2025-04-01,150,On-Time
DEL-06473,PO-06473,SUP09,2025-03-26,2025-04-02,2025-04-02,300,On-Time
DEL-06474,PO-06474,SUP04,2025-03-26,2025-04-07,2025-04-05,300,On-Time
DEL-06475,PO-06475,SUP14,2025-03-27,2025-04-04,2025-04-04,80,On-Time
DEL-06476,PO-06476,SUP14,2025-03-27,2025-04-05,2025-04-05,40,On-Time
DEL-06477,PO-06477,SUP09,2025-03-27,2025-04-02,2025-04-01,150,On-Time
DEL-06478,PO-06478,SUP06,2025-03-27,2025-04-10,2025-04-10,500,On-Time
DEL-06479,PO-06479,SUP09,2025-03-27,2025-04-02,2025-04-02,100,On-Time
DEL-06480,PO-06480,SUP15,2025-03-27,2025-04-03,2025-04-03,200,On-Time
DEL-06481,PO-06481,SUP05,2025-03-27,2025-04-03,2025-04-05,100,Delayed
DEL-06482,PO-06482,SUP13,2025-03-27,2025-04-10,2025-04-10,300,On-Time
DEL-06483,PO-06483,SUP04,2025-03-27,2025-04-12,2025-04-12,10,On-Time
DEL-06484,PO-06484,SUP11,2025-03-27,2025-04-14,2025-04-14,100,On-Time
DEL-06485,PO-06485,SUP14,2025-03-27,2025-04-03,2025-04-03,250,On-Time
DEL-06486,PO-06486,SUP14,2025-03-27,2025-04-03,2025-04-03,200,On-Time
DEL-06487,PO-06487,SUP03,2025-03-27,2025-04-08,2025-04-08,100,On-Time
DEL-06488,PO-06488,SUP06,2025-03-27,2025-04-04,2025-04-08,120,Delayed
DEL-06489,PO-06489,SUP05,2025-03-27,2025-04-01,2025-04-01,300,On-Time
DEL-06490,PO-06490,SUP09,2025-03-28,2025-04-03,2025-04-02,400,On-Time
DEL-06491,PO-06491,SUP14,2025-03-28,2025-04-04,2025-04-04,400,On-Time
DEL-06492,PO-06492,SUP14,2025-03-28,2025-04-25,2025-04-29,40,Delayed
DEL-06493,PO-06493,SUP02,2025-03-28,2025-04-09,2025-04-09,300,On-Time
DEL-06494,PO-06494,SUP15,2025-03-28,2025-04-03,2025-04-03,300,On-Time
DEL-06495,PO-06495,SUP02,2025-03-28,2025-04-04,2025-04-04,500,On-Time
DEL-06496,PO-06496,SUP14,2025-03-28,2025-04-02,2025-04-02,300,On-Time
DEL-06497,PO-06497,SUP06,2025-03-28,2025-04-09,2025-04-09,250,On-Time
DEL-06498,PO-06498,SUP13,2025-03-28,2025-04-11,2025-04-11,150,On-Time
DEL-06499,PO-06499,SUP09,2025-03-28,2025-04-06,2025-04-06,40,On-Time
DEL-06500,PO-06500,SUP12,2025-03-28,2025-04-12,2025-04-15,80,Delayed
DEL-06501,PO-06501,SUP06,2025-03-28,2025-04-07,2025-04-07,200,On-Time
DEL-06502,PO-06502,SUP15,2025-03-28,2025-04-05,2025-04-06,400,Delayed
DEL-06503,PO-06503,SUP15,2025-03-28,2025-04-04,2025-04-04,200,On-Time
DEL-06504,PO-06504,SUP05,2025-03-28,2025-04-04,2025-04-04,250,On-Time
DEL-06505,PO-06505,SUP05,2025-03-28,2025-04-03,2025-04-03,500,On-Time
DEL-06506,PO-06506,SUP14,2025-03-29,2025-04-08,2025-04-08,80,On-Time
DEL-06507,PO-06507,SUP14,2025-03-29,2025-04-04,2025-04-04,100,On-Time
DEL-06508,PO-06508,SUP10,2025-03-29,2025-04-26,2025-05-05,15,Delayed
DEL-06509,PO-06509,SUP05,2025-03-29,2025-04-08,2025-04-10,80,Delayed
DEL-06510,PO-06510,SUP06,2025-03-29,2025-04-07,2025-04-05,200,On-Time
DEL-06511,PO-06511,SUP14,2025-03-29,2025-04-04,2025-04-08,200,Delayed
DEL-06512,PO-06512,SUP07,2025-03-29,2025-04-16,2025-04-16,15,On-Time
DEL-06513,PO-06513,SUP02,2025-03-29,2025-04-06,2025-04-06,60,On-Time
DEL-06514,PO-06514,SUP15,2025-03-29,2025-04-08,2025-04-09,150,Delayed
DEL-06515,PO-06515,SUP05,2025-03-29,2025-04-06,2025-04-05,150,On-Time
DEL-06516,PO-06516,SUP10,2025-03-29,2025-04-13,2025-04-13,80,On-Time
DEL-06517,PO-06517,SUP15,2025-03-30,2025-04-27,2025-04-25,10,On-Time
DEL-06518,PO-06518,SUP10,2025-03-30,2025-04-08,2025-04-09,250,Delayed
DEL-06519,PO-06519,SUP09,2025-03-30,2025-04-04,2025-04-10,500,Delayed
DEL-06520,PO-06520,SUP15,2025-03-30,2025-04-07,2025-04-07,500,On-Time
DEL-06521,PO-06521,SUP05,2025-03-30,2025-04-08,2025-04-08,80,On-Time
DEL-06522,PO-06522,SUP08,2025-03-30,2025-04-09,2025-04-09,80,On-Time
DEL-06523,PO-06523,SUP15,2025-03-30,2025-04-13,2025-04-13,400,On-Time
DEL-06524,PO-06524,SUP14,2025-03-30,2025-04-11,2025-04-11,300,On-Time
DEL-06525,PO-06525,SUP09,2025-03-30,2025-04-04,2025-04-04,150,On-Time
DEL-06526,PO-06526,SUP15,2025-03-30,2025-04-04,2025-04-04,100,On-Time
DEL-06527,PO-06527,SUP14,2025-03-30,2025-04-08,2025-04-08,80,On-Time
DEL-06528,PO-06528,SUP08,2025-03-30,2025-04-15,2025-04-13,40,On-Time
DEL-06529,PO-06529,SUP14,2025-03-30,2025-04-08,2025-04-08,80,On-Time
DEL-06530,PO-06530,SUP07,2025-03-30,2025-04-13,2025-04-13,500,On-Time
DEL-06531,PO-06531,SUP09,2025-03-30,2025-04-07,2025-04-07,150,On-Time
DEL-06532,PO-06532,SUP14,2025-03-30,2025-04-06,2025-04-06,300,On-Time
DEL-06533,PO-06533,SUP06,2025-03-30,2025-04-19,2025-04-17,40,On-Time
DEL-06534,PO-06534,SUP09,2025-03-30,2025-04-04,2025-04-04,500,On-Time
DEL-06535,PO-06535,SUP09,2025-03-30,2025-04-05,2025-04-05,200,On-Time
DEL-06536,PO-06536,SUP05,2025-03-30,2025-04-06,2025-04-06,250,On-Time
DEL-06537,PO-06537,SUP14,2025-03-31,2025-04-08,2025-04-08,200,On-Time
DEL-06538,PO-06538,SUP15,2025-03-31,2025-04-12,2025-04-12,40,On-Time
DEL-06539,PO-06539,SUP09,2025-03-31,2025-04-06,2025-04-06,150,On-Time
DEL-06540,PO-06540,SUP15,2025-03-31,2025-04-07,2025-04-09,500,Delayed
DEL-06541,PO-06541,SUP14,2025-03-31,2025-04-08,2025-04-15,200,Delayed
DEL-06542,PO-06542,SUP15,2025-03-31,2025-04-10,2025-04-10,120,On-Time
DEL-06543,PO-06543,SUP01,2025-03-31,2025-04-18,2025-04-18,20,On-Time
DEL-06544,PO-06544,SUP01,2025-03-31,2025-04-18,2025-04-17,120,On-Time
DEL-06545,PO-06545,SUP09,2025-03-31,2025-04-06,2025-04-06,150,On-Time
DEL-06546,PO-06546,SUP14,2025-03-31,2025-04-05,2025-04-05,300,On-Time
DEL-06547,PO-06547,SUP02,2025-03-31,2025-04-07,2025-04-07,250,On-Time
DEL-06548,PO-06548,SUP08,2025-03-31,2025-04-12,2025-04-12,50,On-Time
DEL-06549,PO-06549,SUP01,2025-04-01,2025-04-09,2025-04-09,200,On-Time
DEL-06550,PO-06550,SUP05,2025-04-01,2025-04-08,2025-04-08,250,On-Time
DEL-06551,PO-06551,SUP14,2025-04-01,2025-04-11,2025-04-11,60,On-Time
DEL-06552,PO-06552,SUP08,2025-04-01,2025-04-16,2025-04-16,50,On-Time
DEL-06553,PO-06553,SUP06,2025-04-01,2025-04-19,2025-04-19,80,On-Time
DEL-06554,PO-06554,SUP15,2025-04-01,2025-04-13,2025-04-13,60,On-Time
DEL-06555,PO-06555,SUP06,2025-04-01,2025-04-13,2025-04-13,150,On-Time
DEL-06556,PO-06556,SUP15,2025-04-01,2025-04-06,2025-04-06,200,On-Time
DEL-06557,PO-06557,SUP14,2025-04-01,2025-04-07,2025-04-06,500,On-Time
DEL-06558,PO-06558,SUP10,2025-04-01,2025-04-17,2025-04-16,60,On-Time
DEL-06559,PO-06559,SUP05,2025-04-01,2025-04-07,2025-04-07,100,On-Time
DEL-06560,PO-06560,SUP14,2025-04-01,2025-04-08,2025-04-08,500,On-Time
DEL-06561,PO-06561,SUP03,2025-04-02,2025-04-12,2025-04-12,200,On-Time
DEL-06562,PO-06562,SUP14,2025-04-02,2025-04-10,2025-04-08,150,On-Time
DEL-06563,PO-06563,SUP01,2025-04-02,2025-04-09,2025-04-09,250,On-Time
DEL-06564,PO-06564,SUP09,2025-04-02,2025-04-08,2025-04-08,250,On-Time
DEL-06565,PO-06565,SUP06,2025-04-02,2025-04-12,2025-04-12,400,On-Time
DEL-06566,PO-06566,SUP05,2025-04-02,2025-04-09,2025-04-17,200,Delayed
DEL-06567,PO-06567,SUP07,2025-04-02,2025-04-14,2025-04-18,250,Delayed
DEL-06568,PO-06568,SUP08,2025-04-02,2025-04-17,2025-04-24,100,Delayed
DEL-06569,PO-06569,SUP07,2025-04-02,2025-04-16,2025-04-16,100,On-Time
DEL-06570,PO-06570,SUP15,2025-04-03,2025-04-18,2025-04-18,60,On-Time
DEL-06571,PO-06571,SUP05,2025-04-03,2025-04-11,2025-04-15,150,Delayed
DEL-06572,PO-06572,SUP03,2025-04-03,2025-04-21,2025-05-01,60,Delayed
DEL-06573,PO-06573,SUP15,2025-04-03,2025-04-15,2025-04-15,300,On-Time
DEL-06574,PO-06574,SUP14,2025-04-03,2025-04-17,2025-04-17,50,On-Time
DEL-06575,PO-06575,SUP01,2025-04-03,2025-04-13,2025-04-13,400,On-Time
DEL-06576,PO-06576,SUP02,2025-04-03,2025-04-28,2025-04-28,20,On-Time
DEL-06577,PO-06577,SUP04,2025-04-03,2025-04-17,2025-04-17,400,On-Time
DEL-06578,PO-06578,SUP06,2025-04-03,2025-04-17,2025-04-17,200,On-Time
DEL-06579,PO-06579,SUP06,2025-04-03,2025-04-15,2025-04-15,300,On-Time
DEL-06580,PO-06580,SUP05,2025-04-03,2025-04-10,2025-04-08,400,On-Time
DEL-06581,PO-06581,SUP06,2025-04-03,2025-04-13,2025-04-13,400,On-Time
DEL-06582,PO-06582,SUP15,2025-04-03,2025-04-23,2025-04-22,120,On-Time
DEL-06583,PO-06583,SUP02,2025-04-03,2025-04-21,2025-04-21,120,On-Time
DEL-06584,PO-06584,SUP10,2025-04-03,2025-04-19,2025-04-19,40,On-Time
DEL-06585,PO-06585,SUP03,2025-04-03,2025-04-18,2025-04-24,40,Delayed
DEL-06586,PO-06586,SUP09,2025-04-03,2025-04-12,2025-04-12,100,On-Time
DEL-06587,PO-06587,SUP07,2025-04-04,2025-04-12,2025-04-12,60,On-Time
DEL-06588,PO-06588,SUP06,2025-04-04,2025-04-16,2025-04-14,300,On-Time
DEL-06589,PO-06589,SUP08,2025-04-04,2025-04-12,2025-04-12,40,On-Time
DEL-06590,PO-06590,SUP08,2025-04-04,2025-04-19,2025-04-19,80,On-Time
DEL-06591,PO-06591,SUP14,2025-04-04,2025-04-12,2025-04-12,300,On-Time
DEL-06592,PO-06592,SUP01,2025-04-04,2025-04-12,2025-04-12,200,On-Time
DEL-06593,PO-06593,SUP15,2025-04-04,2025-04-19,2025-04-19,100,On-Time
DEL-06594,PO-06594,SUP09,2025-04-04,2025-04-09,2025-04-09,100,On-Time
DEL-06595,PO-06595,SUP01,2025-04-04,2025-04-13,2025-04-13,300,On-Time
DEL-06596,PO-06596,SUP11,2025-04-04,2025-04-14,2025-04-14,300,On-Time
DEL-06597,PO-06597,SUP14,2025-04-04,2025-04-19,2025-04-19,80,On-Time
DEL-06598,PO-06598,SUP08,2025-04-04,2025-04-26,2025-04-25,10,On-Time
DEL-06599,PO-06599,SUP14,2025-04-04,2025-04-10,2025-04-10,300,On-Time
DEL-06600,PO-06600,SUP05,2025-04-05,2025-04-12,2025-04-12,200,On-Time
DEL-06601,PO-06601,SUP15,2025-04-05,2025-04-17,2025-04-18,40,Delayed
DEL-06602,PO-06602,SUP14,2025-04-05,2025-04-10,2025-04-10,100,On-Time
DEL-06603,PO-06603,SUP01,2025-04-05,2025-04-20,2025-04-20,60,On-Time
DEL-06604,PO-06604,SUP05,2025-04-05,2025-04-10,2025-04-10,500,On-Time
DEL-06605,PO-06605,SUP01,2025-04-05,2025-04-13,2025-04-13,120,On-Time
DEL-06606,PO-06606,SUP06,2025-04-05,2025-04-13,2025-04-11,120,On-Time
DEL-06607,PO-06607,SUP09,2025-04-05,2025-04-10,2025-04-10,200,On-Time
DEL-06608,PO-06608,SUP05,2025-04-05,2025-04-14,2025-04-14,100,On-Time
DEL-06609,PO-06609,SUP06,2025-04-05,2025-04-15,2025-04-15,400,On-Time
DEL-06610,PO-06610,SUP04,2025-04-05,2025-04-15,2025-04-14,40,On-Time
DEL-06611,PO-06611,SUP14,2025-04-05,2025-04-20,2025-04-20,40,On-Time
DEL-06612,PO-06612,SUP08,2025-04-05,2025-04-14,2025-04-23,500,Delayed
DEL-06613,PO-06613,SUP10,2025-04-05,2025-04-17,2025-04-17,60,On-Time
DEL-06614,PO-06614,SUP05,2025-04-06,2025-04-13,2025-04-13,300,On-Time
DEL-06615,PO-06615,SUP14,2025-04-06,2025-04-11,2025-04-11,150,On-Time
DEL-06616,PO-06616,SUP10,2025-04-06,2025-04-20,2025-04-19,100,On-Time
DEL-06617,PO-06617,SUP06,2025-04-06,2025-04-16,2025-04-16,100,On-Time
DEL-06618,PO-06618,SUP06,2025-04-06,2025-05-01,2025-05-01,20,On-Time
DEL-06619,PO-06619,SUP15,2025-04-06,2025-04-21,2025-04-21,50,On-Time
DEL-06620,PO-06620,SUP07,2025-04-06,2025-04-20,2025-04-20,100,On-Time
DEL-06621,PO-06621,SUP11,2025-04-06,2025-04-27,2025-04-27,80,On-Time
DEL-06622,PO-06622,SUP08,2025-04-06,2025-04-16,2025-04-16,500,On-Time
DEL-06623,PO-06623,SUP06,2025-04-06,2025-04-16,2025-04-16,400,On-Time
DEL-06624,PO-06624,SUP15,2025-04-06,2025-04-18,2025-04-18,200,On-Time
DEL-06625,PO-06625,SUP06,2025-04-06,2025-04-24,2025-04-24,50,On-Time
DEL-06626,PO-06626,SUP11,2025-04-06,2025-04-13,2025-04-13,200,On-Time
DEL-06627,PO-06627,SUP15,2025-04-07,2025-04-22,2025-04-22,50,On-Time
DEL-06628,PO-06628,SUP05,2025-04-07,2025-04-15,2025-04-15,100,On-Time
DEL-06629,PO-06629,SUP15,2025-04-07,2025-04-14,2025-04-16,200,Delayed
DEL-06630,PO-06630,SUP10,2025-04-07,2025-04-16,2025-04-16,150,On-Time
DEL-06631,PO-06631,SUP09,2025-04-07,2025-04-13,2025-04-13,500,On-Time
DEL-06632,PO-06632,SUP15,2025-04-07,2025-04-13,2025-04-18,100,Delayed
DEL-06633,PO-06633,SUP06,2025-04-07,2025-04-21,2025-04-21,100,On-Time
DEL-06634,PO-06634,SUP08,2025-04-07,2025-04-22,2025-04-22,40,On-Time
DEL-06635,PO-06635,SUP15,2025-04-07,2025-05-05,2025-05-04,40,On-Time
DEL-06636,PO-06636,SUP13,2025-04-07,2025-04-17,2025-04-17,120,On-Time
DEL-06637,PO-06637,SUP09,2025-04-07,2025-04-12,2025-04-12,100,On-Time
DEL-06638,PO-06638,SUP14,2025-04-07,2025-04-12,2025-04-12,100,On-Time
DEL-06639,PO-06639,SUP15,2025-04-07,2025-04-17,2025-04-17,150,On-Time
DEL-06640,PO-06640,SUP05,2025-04-07,2025-04-12,2025-04-12,200,On-Time
DEL-06641,PO-06641,SUP08,2025-04-07,2025-04-17,2025-04-17,400,On-Time
DEL-06642,PO-06642,SUP11,2025-04-07,2025-04-17,2025-04-17,100,On-Time
DEL-06643,PO-06643,SUP07,2025-04-08,2025-04-22,2025-04-20,40,On-Time
DEL-06644,PO-06644,SUP14,2025-04-08,2025-04-13,2025-04-13,400,On-Time
DEL-06645,PO-06645,SUP07,2025-04-08,2025-04-16,2025-04-16,120,On-Time
DEL-06646,PO-06646,SUP08,2025-04-08,2025-04-16,2025-04-16,150,On-Time
DEL-06647,PO-06647,SUP13,2025-04-08,2025-04-22,2025-04-22,500,On-Time
DEL-06648,PO-06648,SUP15,2025-04-08,2025-04-15,2025-04-15,500,On-Time
DEL-06649,PO-06649,SUP02,2025-04-08,2025-04-26,2025-04-26,50,On-Time
DEL-06650,PO-06650,SUP01,2025-04-08,2025-04-20,2025-04-20,50,On-Time
DEL-06651,PO-06651,SUP04,2025-04-08,2025-04-22,2025-04-30,60,Delayed
DEL-06652,PO-06652,SUP02,2025-04-08,2025-04-20,2025-04-20,300,On-Time
DEL-06653,PO-06653,SUP09,2025-04-08,2025-04-13,2025-04-13,300,On-Time
DEL-06654,PO-06654,SUP02,2025-04-08,2025-04-26,2025-04-26,100,On-Time
DEL-06655,PO-06655,SUP05,2025-04-08,2025-04-14,2025-04-14,250,On-Time
DEL-06656,PO-06656,SUP11,2025-04-08,2025-04-22,2025-04-22,400,On-Time
DEL-06657,PO-06657,SUP02,2025-04-08,2025-04-15,2025-04-15,100,On-Time
DEL-06658,PO-06658,SUP13,2025-04-09,2025-04-24,2025-04-24,120,On-Time
DEL-06659,PO-06659,SUP15,2025-04-09,2025-04-23,2025-04-29,150,Delayed
DEL-06660,PO-06660,SUP13,2025-04-09,2025-04-17,2025-04-17,60,On-Time
DEL-06661,PO-06661,SUP15,2025-04-09,2025-04-14,2025-04-14,100,On-Time
DEL-06662,PO-06662,SUP15,2025-04-09,2025-04-17,2025-04-17,500,On-Time
DEL-06663,PO-06663,SUP03,2025-04-09,2025-04-21,2025-04-21,50,On-Time
DEL-06664,PO-06664,SUP09,2025-04-09,2025-04-15,2025-04-15,300,On-Time
DEL-06665,PO-06665,SUP11,2025-04-09,2025-04-21,2025-04-20,200,On-Time
DEL-06666,PO-06666,SUP08,2025-04-09,2025-04-17,2025-04-17,100,On-Time
DEL-06667,PO-06667,SUP14,2025-04-10,2025-04-24,2025-04-24,80,On-Time
DEL-06668,PO-06668,SUP09,2025-04-10,2025-04-16,2025-05-02,150,Delayed
DEL-06669,PO-06669,SUP08,2025-04-10,2025-04-18,2025-04-18,150,On-Time
DEL-06670,PO-06670,SUP06,2025-04-10,2025-04-19,2025-04-18,400,On-Time
DEL-06671,PO-06671,SUP01,2025-04-10,2025-04-22,2025-04-22,60,On-Time
DEL-06672,PO-06672,SUP07,2025-04-10,2025-04-22,2025-04-28,150,Delayed
DEL-06673,PO-06673,SUP05,2025-04-10,2025-04-15,2025-04-15,150,On-Time
DEL-06674,PO-06674,SUP01,2025-04-10,2025-04-17,2025-04-16,100,On-Time
DEL-06675,PO-06675,SUP05,2025-04-10,2025-04-15,2025-04-15,200,On-Time
DEL-06676,PO-06676,SUP01,2025-04-10,2025-04-24,2025-04-24,250,On-Time
DEL-06677,PO-06677,SUP15,2025-04-10,2025-04-15,2025-04-15,500,On-Time
DEL-06678,PO-06678,SUP01,2025-04-10,2025-05-02,2025-05-02,20,On-Time
DEL-06679,PO-06679,SUP07,2025-04-10,2025-04-22,2025-04-22,150,On-Time
DEL-06680,PO-06680,SUP02,2025-04-10,2025-04-22,2025-04-22,200,On-Time
DEL-06681,PO-06681,SUP01,2025-04-11,2025-04-19,2025-04-18,500,On-Time
DEL-06682,PO-06682,SUP06,2025-04-11,2025-04-23,2025-04-21,200,On-Time
DEL-06683,PO-06683,SUP15,2025-04-11,2025-04-19,2025-04-19,100,On-Time
DEL-06684,PO-06684,SUP11,2025-04-11,2025-05-02,2025-05-02,60,On-Time
DEL-06685,PO-06685,SUP14,2025-04-11,2025-04-17,2025-04-17,200,On-Time
DEL-06686,PO-06686,SUP10,2025-04-11,2025-04-26,2025-04-26,100,On-Time
DEL-06687,PO-06687,SUP04,2025-04-11,2025-04-23,2025-04-23,150,On-Time
DEL-06688,PO-06688,SUP15,2025-04-11,2025-04-16,2025-04-18,400,Delayed
DEL-06689,PO-06689,SUP14,2025-04-11,2025-04-25,2025-04-25,500,On-Time
DEL-06690,PO-06690,SUP05,2025-04-11,2025-04-16,2025-04-16,400,On-Time
DEL-06691,PO-06691,SUP11,2025-04-11,2025-04-26,2025-04-24,120,On-Time
DEL-06692,PO-06692,SUP08,2025-04-11,2025-04-26,2025-04-26,50,On-Time
DEL-06693,PO-06693,SUP01,2025-04-11,2025-04-26,2025-04-26,80,On-Time
DEL-06694,PO-06694,SUP15,2025-04-11,2025-04-18,2025-04-18,100,On-Time
DEL-06695,PO-06695,SUP09,2025-04-11,2025-04-17,2025-04-16,200,On-Time
DEL-06696,PO-06696,SUP15,2025-04-12,2025-04-19,2025-04-19,150,On-Time
DEL-06697,PO-06697,SUP05,2025-04-12,2025-04-18,2025-04-17,500,On-Time
DEL-06698,PO-06698,SUP06,2025-04-12,2025-05-03,2025-05-02,80,On-Time
DEL-06699,PO-06699,SUP15,2025-04-12,2025-04-26,2025-04-28,250,Delayed
DEL-06700,PO-06700,SUP04,2025-04-12,2025-04-24,2025-04-22,400,On-Time
DEL-06701,PO-06701,SUP14,2025-04-12,2025-04-17,2025-04-17,500,On-Time
DEL-06702,PO-06702,SUP08,2025-04-12,2025-04-28,2025-04-28,40,On-Time
DEL-06703,PO-06703,SUP08,2025-04-12,2025-04-21,2025-04-21,250,On-Time
DEL-06704,PO-06704,SUP11,2025-04-12,2025-04-24,2025-04-24,500,On-Time
DEL-06705,PO-06705,SUP09,2025-04-12,2025-04-18,2025-04-18,200,On-Time
DEL-06706,PO-06706,SUP07,2025-04-12,2025-04-24,2025-04-23,250,On-Time
DEL-06707,PO-06707,SUP03,2025-04-13,2025-04-23,2025-04-23,500,On-Time
DEL-06708,PO-06708,SUP01,2025-04-13,2025-04-28,2025-04-28,120,On-Time
DEL-06709,PO-06709,SUP14,2025-04-13,2025-04-23,2025-04-23,40,On-Time
DEL-06710,PO-06710,SUP05,2025-04-13,2025-04-21,2025-04-21,150,On-Time
DEL-06711,PO-06711,SUP01,2025-04-13,2025-04-20,2025-04-20,150,On-Time
DEL-06712,PO-06712,SUP01,2025-04-13,2025-04-20,2025-04-20,500,On-Time
DEL-06713,PO-06713,SUP15,2025-04-13,2025-04-27,2025-04-27,30,On-Time
DEL-06714,PO-06714,SUP09,2025-04-13,2025-04-23,2025-04-23,60,On-Time
DEL-06715,PO-06715,SUP02,2025-04-13,2025-04-25,2025-04-24,150,On-Time
DEL-06716,PO-06716,SUP05,2025-04-14,2025-04-22,2025-04-22,250,On-Time
DEL-06717,PO-06717,SUP14,2025-04-14,2025-04-22,2025-04-21,400,On-Time
DEL-06718,PO-06718,SUP01,2025-04-14,2025-04-29,2025-04-27,80,On-Time
DEL-06719,PO-06719,SUP08,2025-04-14,2025-04-22,2025-04-22,300,On-Time
DEL-06720,PO-06720,SUP08,2025-04-14,2025-04-21,2025-04-21,200,On-Time
DEL-06721,PO-06721,SUP14,2025-04-14,2025-04-21,2025-04-19,400,On-Time
DEL-06722,PO-06722,SUP02,2025-04-14,2025-04-26,2025-04-25,300,On-Time
DEL-06723,PO-06723,SUP11,2025-04-15,2025-04-27,2025-04-26,100,On-Time
DEL-06724,PO-06724,SUP05,2025-04-15,2025-04-27,2025-04-27,60,On-Time
DEL-06725,PO-06725,SUP15,2025-04-15,2025-04-22,2025-04-22,200,On-Time
DEL-06726,PO-06726,SUP05,2025-04-15,2025-04-22,2025-04-22,250,On-Time
DEL-06727,PO-06727,SUP01,2025-04-15,2025-04-27,2025-04-25,50,On-Time
DEL-06728,PO-06728,SUP15,2025-04-15,2025-04-23,2025-04-22,100,On-Time
DEL-06729,PO-06729,SUP15,2025-04-15,2025-05-05,2025-05-05,100,On-Time
DEL-06730,PO-06730,SUP07,2025-04-15,2025-04-27,2025-04-27,250,On-Time
DEL-06731,PO-06731,SUP01,2025-04-15,2025-04-25,2025-04-25,100,On-Time
DEL-06732,PO-06732,SUP10,2025-04-15,2025-04-27,2025-04-26,100,On-Time
DEL-06733,PO-06733,SUP07,2025-04-15,2025-04-29,2025-04-29,100,On-Time
DEL-06734,PO-06734,SUP08,2025-04-15,2025-04-23,2025-04-23,200,On-Time
DEL-06735,PO-06735,SUP15,2025-04-15,2025-04-23,2025-04-23,300,On-Time
DEL-06736,PO-06736,SUP02,2025-04-15,2025-04-22,2025-04-22,300,On-Time
DEL-06737,PO-06737,SUP02,2025-04-15,2025-04-22,2025-04-21,150,On-Time
DEL-06738,PO-06738,SUP14,2025-04-15,2025-04-27,2025-04-27,80,On-Time
DEL-06739,PO-06739,SUP14,2025-04-15,2025-04-25,2025-04-25,120,On-Time
DEL-06740,PO-06740,SUP12,2025-04-15,2025-04-22,2025-04-22,250,On-Time
DEL-06741,PO-06741,SUP13,2025-04-15,2025-04-23,2025-04-23,100,On-Time
DEL-06742,PO-06742,SUP13,2025-04-15,2025-04-25,2025-05-01,50,Delayed
DEL-06743,PO-06743,SUP08,2025-04-15,2025-04-30,2025-04-30,100,On-Time
DEL-06744,PO-06744,SUP13,2025-04-15,2025-05-03,2025-05-03,40,On-Time
DEL-06745,PO-06745,SUP15,2025-04-16,2025-04-28,2025-04-28,500,On-Time
DEL-06746,PO-06746,SUP02,2025-04-16,2025-05-06,2025-05-05,120,On-Time
DEL-06747,PO-06747,SUP09,2025-04-16,2025-04-22,2025-04-22,300,On-Time
DEL-06748,PO-06748,SUP11,2025-04-16,2025-04-23,2025-04-23,400,On-Time
DEL-06749,PO-06749,SUP12,2025-04-16,2025-04-26,2025-04-26,40,On-Time
DEL-06750,PO-06750,SUP09,2025-04-16,2025-04-23,2025-04-23,500,On-Time
DEL-06751,PO-06751,SUP01,2025-04-16,2025-05-01,2025-05-01,100,On-Time
DEL-06752,PO-06752,SUP02,2025-04-16,2025-04-24,2025-04-24,60,On-Time
DEL-06753,PO-06753,SUP10,2025-04-16,2025-04-28,2025-04-28,120,On-Time
DEL-06754,PO-06754,SUP13,2025-04-16,2025-04-30,2025-04-30,80,On-Time
DEL-06755,PO-06755,SUP15,2025-04-16,2025-05-01,2025-05-09,100,Delayed
DEL-06756,PO-06756,SUP15,2025-04-17,2025-04-28,2025-04-28,400,On-Time
DEL-06757,PO-06757,SUP04,2025-04-17,2025-04-29,2025-04-29,300,On-Time
DEL-06758,PO-06758,SUP03,2025-04-17,2025-05-02,2025-05-01,60,On-Time
DEL-06759,PO-06759,SUP03,2025-04-17,2025-05-01,2025-05-01,60,On-Time
DEL-06760,PO-06760,SUP06,2025-04-17,2025-04-24,2025-04-24,250,On-Time
DEL-06761,PO-06761,SUP15,2025-04-17,2025-04-22,2025-04-21,500,On-Time
DEL-06762,PO-06762,SUP09,2025-04-17,2025-04-22,2025-04-21,300,On-Time
DEL-06763,PO-06763,SUP07,2025-04-17,2025-05-01,2025-05-01,100,On-Time
DEL-06764,PO-06764,SUP12,2025-04-17,2025-04-25,2025-04-25,150,On-Time
DEL-06765,PO-06765,SUP11,2025-04-18,2025-05-13,2025-05-13,15,On-Time
DEL-06766,PO-06766,SUP15,2025-04-18,2025-04-27,2025-04-26,100,On-Time
DEL-06767,PO-06767,SUP13,2025-04-18,2025-04-30,2025-04-30,100,On-Time
DEL-06768,PO-06768,SUP14,2025-04-18,2025-04-25,2025-04-25,300,On-Time
DEL-06769,PO-06769,SUP08,2025-04-18,2025-05-06,2025-05-06,80,On-Time
DEL-06770,PO-06770,SUP14,2025-04-18,2025-05-02,2025-05-01,300,On-Time
DEL-06771,PO-06771,SUP15,2025-04-18,2025-04-28,2025-04-30,120,Delayed
DEL-06772,PO-06772,SUP06,2025-04-18,2025-04-28,2025-04-28,150,On-Time
DEL-06773,PO-06773,SUP14,2025-04-18,2025-05-03,2025-05-03,120,On-Time
DEL-06774,PO-06774,SUP14,2025-04-18,2025-04-28,2025-04-28,60,On-Time
DEL-06775,PO-06775,SUP09,2025-04-18,2025-04-26,2025-04-26,200,On-Time
DEL-06776,PO-06776,SUP11,2025-04-18,2025-04-25,2025-04-25,200,On-Time
DEL-06777,PO-06777,SUP07,2025-04-18,2025-04-30,2025-04-30,400,On-Time
DEL-06778,PO-06778,SUP06,2025-04-18,2025-04-25,2025-04-25,300,On-Time
DEL-06779,PO-06779,SUP14,2025-04-18,2025-04-25,2025-04-25,400,On-Time
DEL-06780,PO-06780,SUP15,2025-04-18,2025-04-28,2025-04-28,250,On-Time
DEL-06781,PO-06781,SUP14,2025-04-19,2025-04-26,2025-04-26,200,On-Time
DEL-06782,PO-06782,SUP10,2025-04-19,2025-04-29,2025-04-29,200,On-Time
DEL-06783,PO-06783,SUP14,2025-04-19,2025-04-26,2025-04-26,300,On-Time
DEL-06784,PO-06784,SUP01,2025-04-19,2025-04-26,2025-04-26,250,On-Time
DEL-06785,PO-06785,SUP11,2025-04-19,2025-05-09,2025-05-09,50,On-Time
DEL-06786,PO-06786,SUP01,2025-04-19,2025-05-04,2025-05-03,50,On-Time
DEL-06787,PO-06787,SUP08,2025-04-19,2025-04-27,2025-04-27,250,On-Time
DEL-06788,PO-06788,SUP14,2025-04-19,2025-04-29,2025-04-29,40,On-Time
DEL-06789,PO-06789,SUP08,2025-04-20,2025-04-27,2025-04-27,200,On-Time
DEL-06790,PO-06790,SUP01,2025-04-20,2025-04-27,2025-04-27,150,On-Time
DEL-06791,PO-06791,SUP08,2025-04-20,2025-05-04,2025-05-04,15,On-Time
DEL-06792,PO-06792,SUP01,2025-04-20,2025-04-27,2025-04-27,200,On-Time
DEL-06793,PO-06793,SUP01,2025-04-20,2025-05-11,2025-05-11,80,On-Time
DEL-06794,PO-06794,SUP15,2025-04-20,2025-04-30,2025-04-30,400,On-Time
DEL-06795,PO-06795,SUP02,2025-04-20,2025-05-10,2025-05-10,50,On-Time
DEL-06796,PO-06796,SUP12,2025-04-20,2025-04-28,2025-04-28,100,On-Time
DEL-06797,PO-06797,SUP05,2025-04-20,2025-04-27,2025-04-27,100,On-Time
DEL-06798,PO-06798,SUP14,2025-04-20,2025-04-30,2025-04-30,60,On-Time
DEL-06799,PO-06799,SUP14,2025-04-20,2025-04-25,2025-04-25,300,On-Time
DEL-06800,PO-06800,SUP09,2025-04-20,2025-04-27,2025-04-27,300,On-Time
DEL-06801,PO-06801,SUP15,2025-04-20,2025-04-27,2025-05-02,100,Delayed
DEL-06802,PO-06802,SUP03,2025-04-20,2025-05-05,2025-05-05,100,On-Time
DEL-06803,PO-06803,SUP14,2025-04-20,2025-04-30,2025-04-30,60,On-Time
DEL-06804,PO-06804,SUP01,2025-04-20,2025-04-28,2025-04-28,120,On-Time
DEL-06805,PO-06805,SUP11,2025-04-20,2025-04-28,2025-04-28,120,On-Time
DEL-06806,PO-06806,SUP06,2025-04-21,2025-05-11,2025-05-11,60,On-Time
DEL-06807,PO-06807,SUP08,2025-04-21,2025-05-07,2025-05-06,50,On-Time
DEL-06808,PO-06808,SUP02,2025-04-21,2025-04-29,2025-04-27,80,On-Time
DEL-06809,PO-06809,SUP12,2025-04-21,2025-04-28,2025-05-10,100,Delayed
DEL-06810,PO-06810,SUP15,2025-04-21,2025-05-12,2025-05-12,80,On-Time
DEL-06811,PO-06811,SUP01,2025-04-21,2025-05-05,2025-05-05,100,On-Time
DEL-06812,PO-06812,SUP15,2025-04-21,2025-04-27,2025-04-28,300,Delayed
DEL-06813,PO-06813,SUP07,2025-04-21,2025-05-02,2025-05-02,100,On-Time
DEL-06814,PO-06814,SUP01,2025-04-21,2025-05-11,2025-05-11,60,On-Time
DEL-06815,PO-06815,SUP03,2025-04-21,2025-05-13,2025-05-13,30,On-Time
DEL-06816,PO-06816,SUP01,2025-04-21,2025-04-30,2025-04-30,300,On-Time
DEL-06817,PO-06817,SUP15,2025-04-21,2025-05-06,2025-05-06,60,On-Time
DEL-06818,PO-06818,SUP01,2025-04-21,2025-05-09,2025-05-07,120,On-Time
DEL-06819,PO-06819,SUP12,2025-04-21,2025-04-28,2025-05-08,400,Delayed
DEL-06820,PO-06820,SUP08,2025-04-21,2025-04-28,2025-04-28,400,On-Time
DEL-06821,PO-06821,SUP06,2025-04-21,2025-05-03,2025-05-03,400,On-Time
DEL-06822,PO-06822,SUP03,2025-04-21,2025-04-30,2025-04-30,100,On-Time
DEL-06823,PO-06823,SUP04,2025-04-21,2025-05-01,2025-05-01,80,On-Time
DEL-06824,PO-06824,SUP04,2025-04-21,2025-05-05,2025-05-05,200,On-Time
DEL-06825,PO-06825,SUP14,2025-04-22,2025-05-06,2025-05-06,500,On-Time
DEL-06826,PO-06826,SUP04,2025-04-22,2025-05-04,2025-05-04,200,On-Time
DEL-06827,PO-06827,SUP15,2025-04-22,2025-05-02,2025-05-02,100,On-Time
DEL-06828,PO-06828,SUP05,2025-04-22,2025-04-28,2025-04-27,250,On-Time
DEL-06829,PO-06829,SUP08,2025-04-22,2025-04-29,2025-04-29,200,On-Time
DEL-06830,PO-06830,SUP14,2025-04-22,2025-04-27,2025-05-01,300,Delayed
DEL-06831,PO-06831,SUP06,2025-04-22,2025-05-06,2025-05-06,250,On-Time
DEL-06832,PO-06832,SUP14,2025-04-22,2025-05-06,2025-05-09,30,Delayed
DEL-06833,PO-06833,SUP14,2025-04-22,2025-05-06,2025-05-06,250,On-Time
DEL-06834,PO-06834,SUP08,2025-04-22,2025-04-30,2025-04-30,300,On-Time
DEL-06835,PO-06835,SUP14,2025-04-23,2025-05-11,2025-05-23,20,Delayed
DEL-06836,PO-06836,SUP05,2025-04-23,2025-04-30,2025-04-29,150,On-Time
DEL-06837,PO-06837,SUP15,2025-04-23,2025-05-18,2025-05-18,30,On-Time
DEL-06838,PO-06838,SUP05,2025-04-23,2025-04-30,2025-05-09,150,Delayed
DEL-06839,PO-06839,SUP13,2025-04-23,2025-05-07,2025-05-07,50,On-Time
DEL-06840,PO-06840,SUP06,2025-04-23,2025-05-03,2025-05-03,100,On-Time
DEL-06841,PO-06841,SUP03,2025-04-23,2025-05-02,2025-05-02,400,On-Time
DEL-06842,PO-06842,SUP15,2025-04-23,2025-05-01,2025-05-03,400,Delayed
DEL-06843,PO-06843,SUP05,2025-04-23,2025-04-29,2025-04-29,150,On-Time
DEL-06844,PO-06844,SUP06,2025-04-23,2025-05-07,2025-05-07,60,On-Time
DEL-06845,PO-06845,SUP14,2025-04-23,2025-05-05,2025-05-07,60,Delayed
DEL-06846,PO-06846,SUP14,2025-04-24,2025-04-29,2025-04-28,250,On-Time
DEL-06847,PO-06847,SUP14,2025-04-24,2025-05-02,2025-05-02,400,On-Time
DEL-06848,PO-06848,SUP15,2025-04-24,2025-05-01,2025-05-01,400,On-Time
DEL-06849,PO-06849,SUP15,2025-04-24,2025-05-06,2025-05-06,300,On-Time
DEL-06850,PO-06850,SUP14,2025-04-24,2025-05-01,2025-05-01,100,On-Time
DEL-06851,PO-06851,SUP03,2025-04-24,2025-05-03,2025-05-03,400,On-Time
DEL-06852,PO-06852,SUP02,2025-04-24,2025-05-04,2025-05-04,200,On-Time
DEL-06853,PO-06853,SUP14,2025-04-24,2025-05-02,2025-05-02,40,On-Time
DEL-06854,PO-06854,SUP14,2025-04-24,2025-04-30,2025-04-30,300,On-Time
DEL-06855,PO-06855,SUP10,2025-04-24,2025-05-04,2025-05-04,150,On-Time
DEL-06856,PO-06856,SUP01,2025-04-24,2025-05-12,2025-05-12,20,On-Time
DEL-06857,PO-06857,SUP15,2025-04-24,2025-04-29,2025-04-29,150,On-Time
DEL-06858,PO-06858,SUP07,2025-04-24,2025-05-06,2025-05-06,200,On-Time
DEL-06859,PO-06859,SUP13,2025-04-24,2025-05-04,2025-05-04,60,On-Time
DEL-06860,PO-06860,SUP15,2025-04-24,2025-05-02,2025-05-02,250,On-Time
DEL-06861,PO-06861,SUP15,2025-04-24,2025-04-29,2025-04-29,100,On-Time
DEL-06862,PO-06862,SUP14,2025-04-24,2025-05-02,2025-05-02,100,On-Time
DEL-06863,PO-06863,SUP09,2025-04-25,2025-05-02,2025-05-02,150,On-Time
DEL-06864,PO-06864,SUP15,2025-04-25,2025-05-03,2025-05-03,150,On-Time
DEL-06865,PO-06865,SUP09,2025-04-25,2025-05-01,2025-05-01,400,On-Time
DEL-06866,PO-06866,SUP14,2025-04-25,2025-04-30,2025-05-10,300,Delayed
DEL-06867,PO-06867,SUP09,2025-04-25,2025-04-30,2025-04-28,500,On-Time
DEL-06868,PO-06868,SUP08,2025-04-25,2025-05-03,2025-05-03,200,On-Time
DEL-06869,PO-06869,SUP04,2025-04-25,2025-05-05,2025-05-05,100,On-Time
DEL-06870,PO-06870,SUP05,2025-04-25,2025-05-01,2025-04-29,100,On-Time
DEL-06871,PO-06871,SUP06,2025-04-25,2025-05-09,2025-05-09,300,On-Time
DEL-06872,PO-06872,SUP01,2025-04-25,2025-05-04,2025-05-04,200,On-Time
DEL-06873,PO-06873,SUP15,2025-04-25,2025-05-15,2025-05-15,50,On-Time
DEL-06874,PO-06874,SUP15,2025-04-25,2025-05-03,2025-05-05,50,Delayed
DEL-06875,PO-06875,SUP15,2025-04-25,2025-05-07,2025-05-07,300,On-Time
DEL-06876,PO-06876,SUP13,2025-04-26,2025-05-08,2025-05-08,400,On-Time
DEL-06877,PO-06877,SUP15,2025-04-26,2025-05-08,2025-05-08,100,On-Time
DEL-06878,PO-06878,SUP01,2025-04-26,2025-05-03,2025-05-03,100,On-Time
DEL-06879,PO-06879,SUP15,2025-04-26,2025-05-03,2025-05-03,400,On-Time
DEL-06880,PO-06880,SUP15,2025-04-26,2025-05-06,2025-05-06,50,On-Time
DEL-06881,PO-06881,SUP05,2025-04-26,2025-05-01,2025-05-01,150,On-Time
DEL-06882,PO-06882,SUP11,2025-04-26,2025-05-10,2025-05-10,200,On-Time
DEL-06883,PO-06883,SUP15,2025-04-26,2025-05-10,2025-05-13,30,Delayed
DEL-06884,PO-06884,SUP10,2025-04-26,2025-05-10,2025-05-14,40,Delayed
DEL-06885,PO-06885,SUP06,2025-04-26,2025-05-21,2025-05-21,40,On-Time
DEL-06886,PO-06886,SUP14,2025-04-26,2025-05-08,2025-05-08,400,On-Time
DEL-06887,PO-06887,SUP09,2025-04-26,2025-05-01,2025-05-02,300,Delayed
DEL-06888,PO-06888,SUP14,2025-04-26,2025-05-11,2025-05-11,40,On-Time
DEL-06889,PO-06889,SUP07,2025-04-26,2025-05-10,2025-05-16,120,Delayed
DEL-06890,PO-06890,SUP02,2025-04-26,2025-05-10,2025-05-10,200,On-Time
DEL-06891,PO-06891,SUP14,2025-04-27,2025-05-04,2025-05-04,300,On-Time
DEL-06892,PO-06892,SUP15,2025-04-27,2025-05-11,2025-05-11,150,On-Time
DEL-06893,PO-06893,SUP06,2025-04-27,2025-05-22,2025-05-22,40,On-Time
DEL-06894,PO-06894,SUP09,2025-04-27,2025-05-02,2025-05-01,150,On-Time
DEL-06895,PO-06895,SUP15,2025-04-27,2025-05-04,2025-05-04,300,On-Time
DEL-06896,PO-06896,SUP14,2025-04-27,2025-05-05,2025-05-05,60,On-Time
DEL-06897,PO-06897,SUP15,2025-04-27,2025-05-04,2025-05-04,150,On-Time
DEL-06898,PO-06898,SUP01,2025-04-27,2025-05-04,2025-05-04,300,On-Time
DEL-06899,PO-06899,SUP04,2025-04-27,2025-05-05,2025-05-05,40,On-Time
DEL-06900,PO-06900,SUP11,2025-04-27,2025-05-09,2025-05-09,500,On-Time
DEL-06901,PO-06901,SUP11,2025-04-27,2025-05-17,2025-05-17,120,On-Time
DEL-06902,PO-06902,SUP15,2025-04-27,2025-05-09,2025-05-09,400,On-Time
DEL-06903,PO-06903,SUP04,2025-04-27,2025-05-11,2025-05-11,40,On-Time
DEL-06904,PO-06904,SUP05,2025-04-27,2025-05-04,2025-05-04,200,On-Time
DEL-06905,PO-06905,SUP08,2025-04-27,2025-05-07,2025-05-07,40,On-Time
DEL-06906,PO-06906,SUP14,2025-04-27,2025-05-05,2025-05-05,400,On-Time
DEL-06907,PO-06907,SUP13,2025-04-28,2025-05-09,2025-05-09,200,On-Time
DEL-06908,PO-06908,SUP14,2025-04-28,2025-05-13,2025-05-13,80,On-Time
DEL-06909,PO-06909,SUP01,2025-04-28,2025-05-07,2025-05-07,150,On-Time
DEL-06910,PO-06910,SUP09,2025-04-28,2025-05-04,2025-05-03,400,On-Time
DEL-06911,PO-06911,SUP11,2025-04-28,2025-05-05,2025-05-05,300,On-Time
DEL-06912,PO-06912,SUP08,2025-04-28,2025-05-07,2025-05-07,250,On-Time
DEL-06913,PO-06913,SUP05,2025-04-28,2025-05-04,2025-05-04,250,On-Time
DEL-06914,PO-06914,SUP07,2025-04-28,2025-05-10,2025-05-10,400,On-Time
DEL-06915,PO-06915,SUP04,2025-04-29,2025-05-14,2025-05-13,120,On-Time
DEL-06916,PO-06916,SUP04,2025-04-29,2025-05-11,2025-05-11,250,On-Time
DEL-06917,PO-06917,SUP01,2025-04-29,2025-05-19,2025-05-26,120,Delayed
DEL-06918,PO-06918,SUP14,2025-04-29,2025-05-06,2025-05-06,150,On-Time
DEL-06919,PO-06919,SUP01,2025-04-29,2025-05-13,2025-05-13,300,On-Time
DEL-06920,PO-06920,SUP01,2025-04-29,2025-05-17,2025-05-17,120,On-Time
DEL-06921,PO-06921,SUP09,2025-04-29,2025-05-04,2025-05-03,250,On-Time
DEL-06922,PO-06922,SUP09,2025-04-29,2025-05-07,2025-05-07,250,On-Time
DEL-06923,PO-06923,SUP09,2025-04-29,2025-05-09,2025-05-10,120,Delayed
DEL-06924,PO-06924,SUP02,2025-04-29,2025-05-17,2025-05-16,40,On-Time
DEL-06925,PO-06925,SUP15,2025-04-29,2025-05-14,2025-05-14,50,On-Time
DEL-06926,PO-06926,SUP11,2025-04-29,2025-05-07,2025-05-06,40,On-Time
DEL-06927,PO-06927,SUP11,2025-04-29,2025-05-11,2025-05-11,200,On-Time
DEL-06928,PO-06928,SUP10,2025-04-29,2025-05-23,2025-05-23,20,On-Time
DEL-06929,PO-06929,SUP01,2025-04-29,2025-05-09,2025-05-09,150,On-Time
DEL-06930,PO-06930,SUP09,2025-04-29,2025-05-05,2025-05-03,150,On-Time
DEL-06931,PO-06931,SUP04,2025-04-29,2025-05-14,2025-05-13,120,On-Time
DEL-06932,PO-06932,SUP02,2025-04-29,2025-05-20,2025-05-20,100,On-Time
DEL-06933,PO-06933,SUP01,2025-04-30,2025-05-12,2025-05-12,100,On-Time
DEL-06934,PO-06934,SUP13,2025-04-30,2025-05-11,2025-05-11,250,On-Time
DEL-06935,PO-06935,SUP08,2025-04-30,2025-05-10,2025-05-10,300,On-Time
DEL-06936,PO-06936,SUP14,2025-04-30,2025-05-05,2025-05-09,100,Delayed
DEL-06937,PO-06937,SUP06,2025-04-30,2025-05-14,2025-05-14,80,On-Time
DEL-06938,PO-06938,SUP05,2025-04-30,2025-05-05,2025-05-05,400,On-Time
DEL-06939,PO-06939,SUP14,2025-04-30,2025-05-08,2025-05-08,40,On-Time
DEL-06940,PO-06940,SUP05,2025-04-30,2025-05-07,2025-05-07,400,On-Time
DEL-06941,PO-06941,SUP04,2025-04-30,2025-05-10,2025-05-10,120,On-Time
DEL-06942,PO-06942,SUP08,2025-04-30,2025-05-10,2025-05-10,40,On-Time
DEL-06943,PO-06943,SUP14,2025-04-30,2025-05-05,2025-05-03,150,On-Time
DEL-06944,PO-06944,SUP11,2025-04-30,2025-05-20,2025-05-20,80,On-Time
DEL-06945,PO-06945,SUP14,2025-05-01,2025-05-07,2025-05-08,100,Delayed
DEL-06946,PO-06946,SUP13,2025-05-01,2025-05-09,2025-05-09,50,On-Time
DEL-06947,PO-06947,SUP14,2025-05-01,2025-05-08,2025-05-08,200,On-Time
DEL-06948,PO-06948,SUP05,2025-05-01,2025-05-07,2025-05-07,500,On-Time
DEL-06949,PO-06949,SUP15,2025-05-01,2025-05-08,2025-05-08,250,On-Time
DEL-06950,PO-06950,SUP13,2025-05-01,2025-05-11,2025-05-11,100,On-Time
DEL-06951,PO-06951,SUP05,2025-05-01,2025-05-13,2025-05-13,100,On-Time
DEL-06952,PO-06952,SUP02,2025-05-01,2025-05-08,2025-05-08,200,On-Time
DEL-06953,PO-06953,SUP07,2025-05-01,2025-05-16,2025-05-16,60,On-Time
DEL-06954,PO-06954,SUP07,2025-05-01,2025-05-13,2025-05-22,500,Delayed
DEL-06955,PO-06955,SUP09,2025-05-02,2025-05-09,2025-05-09,100,On-Time
DEL-06956,PO-06956,SUP15,2025-05-02,2025-05-09,2025-05-10,150,Delayed
DEL-06957,PO-06957,SUP06,2025-05-02,2025-05-11,2025-05-11,250,On-Time
DEL-06958,PO-06958,SUP14,2025-05-02,2025-05-16,2025-05-15,10,On-Time
DEL-06959,PO-06959,SUP15,2025-05-02,2025-05-10,2025-05-10,150,On-Time
DEL-06960,PO-06960,SUP15,2025-05-02,2025-05-09,2025-05-09,250,On-Time
DEL-06961,PO-06961,SUP01,2025-05-02,2025-05-17,2025-05-17,50,On-Time
DEL-06962,PO-06962,SUP15,2025-05-02,2025-05-16,2025-05-16,200,On-Time
DEL-06963,PO-06963,SUP14,2025-05-02,2025-05-09,2025-05-09,400,On-Time
DEL-06964,PO-06964,SUP11,2025-05-02,2025-05-23,2025-05-23,50,On-Time
DEL-06965,PO-06965,SUP05,2025-05-02,2025-05-08,2025-05-08,150,On-Time
DEL-06966,PO-06966,SUP08,2025-05-02,2025-05-09,2025-05-09,300,On-Time
DEL-06967,PO-06967,SUP01,2025-05-03,2025-05-17,2025-05-17,300,On-Time
DEL-06968,PO-06968,SUP15,2025-05-03,2025-05-08,2025-05-08,150,On-Time
DEL-06969,PO-06969,SUP09,2025-05-03,2025-05-11,2025-05-14,250,Delayed
DEL-06970,PO-06970,SUP11,2025-05-03,2025-05-11,2025-05-11,80,On-Time
DEL-06971,PO-06971,SUP07,2025-05-03,2025-05-17,2025-05-16,150,On-Time
DEL-06972,PO-06972,SUP01,2025-05-03,2025-05-10,2025-05-10,100,On-Time
DEL-06973,PO-06973,SUP14,2025-05-03,2025-05-11,2025-05-11,50,On-Time
DEL-06974,PO-06974,SUP09,2025-05-03,2025-05-09,2025-05-09,400,On-Time
DEL-06975,PO-06975,SUP14,2025-05-03,2025-05-09,2025-05-09,250,On-Time
DEL-06976,PO-06976,SUP15,2025-05-03,2025-05-09,2025-05-11,150,Delayed
DEL-06977,PO-06977,SUP14,2025-05-03,2025-05-11,2025-05-11,100,On-Time
DEL-06978,PO-06978,SUP10,2025-05-03,2025-05-15,2025-05-15,80,On-Time
DEL-06979,PO-06979,SUP09,2025-05-04,2025-05-10,2025-05-10,250,On-Time
DEL-06980,PO-06980,SUP09,2025-05-04,2025-05-16,2025-05-15,80,On-Time
DEL-06981,PO-06981,SUP08,2025-05-04,2025-05-19,2025-05-19,40,On-Time
DEL-06982,PO-06982,SUP04,2025-05-04,2025-05-12,2025-05-12,40,On-Time
DEL-06983,PO-06983,SUP15,2025-05-04,2025-05-22,2025-05-22,60,On-Time
DEL-06984,PO-06984,SUP15,2025-05-04,2025-05-09,2025-05-08,150,On-Time
DEL-06985,PO-06985,SUP02,2025-05-04,2025-05-18,2025-05-18,300,On-Time
DEL-06986,PO-06986,SUP15,2025-05-04,2025-05-18,2025-05-16,10,On-Time
DEL-06987,PO-06987,SUP15,2025-05-04,2025-05-14,2025-05-14,40,On-Time
DEL-06988,PO-06988,SUP01,2025-05-04,2025-05-19,2025-05-19,120,On-Time
DEL-06989,PO-06989,SUP06,2025-05-04,2025-05-16,2025-05-18,500,Delayed
DEL-06990,PO-06990,SUP15,2025-05-04,2025-05-10,2025-05-10,100,On-Time
DEL-06991,PO-06991,SUP15,2025-05-04,2025-05-10,2025-05-08,300,On-Time
DEL-06992,PO-06992,SUP05,2025-05-04,2025-05-12,2025-05-11,300,On-Time
DEL-06993,PO-06993,SUP14,2025-05-04,2025-05-12,2025-05-12,400,On-Time
DEL-06994,PO-06994,SUP05,2025-05-04,2025-05-13,2025-05-12,120,On-Time
DEL-06995,PO-06995,SUP15,2025-05-04,2025-05-12,2025-05-13,60,Delayed
DEL-06996,PO-06996,SUP01,2025-05-05,2025-05-15,2025-05-15,300,On-Time
DEL-06997,PO-06997,SUP14,2025-05-05,2025-05-14,2025-05-14,50,On-Time
DEL-06998,PO-06998,SUP14,2025-05-05,2025-05-13,2025-05-13,100,On-Time
DEL-06999,PO-06999,SUP15,2025-05-05,2025-05-10,2025-05-11,400,Delayed
DEL-07000,PO-07000,SUP14,2025-05-05,2025-05-12,2025-05-12,250,On-Time
DEL-07001,PO-07001,SUP09,2025-05-05,2025-05-17,2025-05-17,100,On-Time
DEL-07002,PO-07002,SUP15,2025-05-05,2025-05-20,2025-05-20,120,On-Time
DEL-07003,PO-07003,SUP10,2025-05-05,2025-05-14,2025-05-15,200,Delayed
DEL-07004,PO-07004,SUP13,2025-05-05,2025-05-13,2025-05-13,60,On-Time
DEL-07005,PO-07005,SUP11,2025-05-05,2025-05-12,2025-05-12,300,On-Time
DEL-07006,PO-07006,SUP08,2025-05-05,2025-05-15,2025-05-15,80,On-Time
DEL-07007,PO-07007,SUP14,2025-05-05,2025-05-13,2025-05-13,200,On-Time
DEL-07008,PO-07008,SUP14,2025-05-06,2025-05-13,2025-05-13,500,On-Time
DEL-07009,PO-07009,SUP08,2025-05-06,2025-05-24,2025-05-24,120,On-Time
DEL-07010,PO-07010,SUP10,2025-05-06,2025-05-16,2025-05-16,250,On-Time
DEL-07011,PO-07011,SUP05,2025-05-06,2025-05-12,2025-05-12,150,On-Time
DEL-07012,PO-07012,SUP09,2025-05-06,2025-05-14,2025-05-14,150,On-Time
DEL-07013,PO-07013,SUP15,2025-05-06,2025-05-13,2025-05-13,300,On-Time
DEL-07014,PO-07014,SUP14,2025-05-06,2025-05-14,2025-05-14,250,On-Time
DEL-07015,PO-07015,SUP09,2025-05-06,2025-05-18,2025-05-18,60,On-Time
DEL-07016,PO-07016,SUP15,2025-05-06,2025-05-11,2025-05-11,500,On-Time
DEL-07017,PO-07017,SUP05,2025-05-06,2025-05-14,2025-05-14,400,On-Time
DEL-07018,PO-07018,SUP13,2025-05-06,2025-05-21,2025-05-20,120,On-Time
DEL-07019,PO-07019,SUP05,2025-05-06,2025-05-11,2025-05-11,400,On-Time
DEL-07020,PO-07020,SUP15,2025-05-06,2025-05-14,2025-05-16,200,Delayed
DEL-07021,PO-07021,SUP04,2025-05-06,2025-05-26,2025-05-26,10,On-Time
DEL-07022,PO-07022,SUP15,2025-05-07,2025-05-13,2025-05-14,250,Delayed
DEL-07023,PO-07023,SUP01,2025-05-07,2025-05-17,2025-05-17,40,On-Time
DEL-07024,PO-07024,SUP07,2025-05-07,2025-05-18,2025-05-18,500,On-Time
DEL-07025,PO-07025,SUP11,2025-05-07,2025-05-19,2025-05-19,500,On-Time
DEL-07026,PO-07026,SUP09,2025-05-07,2025-05-12,2025-05-12,150,On-Time
DEL-07027,PO-07027,SUP14,2025-05-07,2025-06-04,2025-06-03,30,On-Time
DEL-07028,PO-07028,SUP07,2025-05-07,2025-05-19,2025-05-17,400,On-Time
DEL-07029,PO-07029,SUP06,2025-05-07,2025-05-17,2025-05-17,200,On-Time
DEL-07030,PO-07030,SUP15,2025-05-07,2025-05-15,2025-05-15,250,On-Time
DEL-07031,PO-07031,SUP14,2025-05-07,2025-05-14,2025-05-13,300,On-Time
DEL-07032,PO-07032,SUP02,2025-05-07,2025-05-22,2025-05-22,60,On-Time
DEL-07033,PO-07033,SUP02,2025-05-07,2025-05-19,2025-05-19,400,On-Time
DEL-07034,PO-07034,SUP03,2025-05-07,2025-05-19,2025-05-17,60,On-Time
DEL-07035,PO-07035,SUP04,2025-05-08,2025-05-20,2025-05-20,150,On-Time
DEL-07036,PO-07036,SUP07,2025-05-08,2025-05-22,2025-05-22,500,On-Time
DEL-07037,PO-07037,SUP03,2025-05-08,2025-06-05,2025-06-05,10,On-Time
DEL-07038,PO-07038,SUP10,2025-05-08,2025-05-18,2025-05-18,400,On-Time
DEL-07039,PO-07039,SUP11,2025-05-08,2025-05-16,2025-05-16,120,On-Time
DEL-07040,PO-07040,SUP15,2025-05-08,2025-05-16,2025-05-16,100,On-Time
DEL-07041,PO-07041,SUP09,2025-05-08,2025-05-13,2025-05-13,150,On-Time
DEL-07042,PO-07042,SUP06,2025-05-08,2025-05-17,2025-05-17,400,On-Time
DEL-07043,PO-07043,SUP05,2025-05-08,2025-05-16,2025-05-17,300,Delayed
DEL-07044,PO-07044,SUP09,2025-05-08,2025-05-13,2025-05-13,100,On-Time
DEL-07045,PO-07045,SUP12,2025-05-08,2025-05-22,2025-05-21,10,On-Time
DEL-07046,PO-07046,SUP08,2025-05-08,2025-05-15,2025-05-15,250,On-Time
DEL-07047,PO-07047,SUP14,2025-05-08,2025-05-20,2025-05-20,50,On-Time
DEL-07048,PO-07048,SUP01,2025-05-08,2025-05-26,2025-05-26,100,On-Time
DEL-07049,PO-07049,SUP08,2025-05-08,2025-05-17,2025-05-17,500,On-Time
DEL-07050,PO-07050,SUP08,2025-05-08,2025-05-26,2025-05-26,60,On-Time
DEL-07051,PO-07051,SUP06,2025-05-08,2025-05-18,2025-05-18,300,On-Time
DEL-07052,PO-07052,SUP05,2025-05-08,2025-05-14,2025-05-14,400,On-Time
DEL-07053,PO-07053,SUP10,2025-05-08,2025-05-26,2025-05-26,50,On-Time
DEL-07054,PO-07054,SUP01,2025-05-09,2025-05-16,2025-05-16,200,On-Time
DEL-07055,PO-07055,SUP01,2025-05-09,2025-05-19,2025-05-19,100,On-Time
DEL-07056,PO-07056,SUP03,2025-05-09,2025-05-19,2025-05-20,150,Delayed
DEL-07057,PO-07057,SUP04,2025-05-09,2025-05-20,2025-05-20,300,On-Time
DEL-07058,PO-07058,SUP09,2025-05-09,2025-05-15,2025-05-16,250,Delayed
DEL-07059,PO-07059,SUP03,2025-05-09,2025-05-18,2025-05-18,300,On-Time
DEL-07060,PO-07060,SUP15,2025-05-09,2025-05-15,2025-05-15,300,On-Time
DEL-07061,PO-07061,SUP15,2025-05-09,2025-05-25,2025-05-25,40,On-Time
DEL-07062,PO-07062,SUP04,2025-05-09,2025-05-17,2025-05-17,120,On-Time
DEL-07063,PO-07063,SUP14,2025-05-09,2025-05-19,2025-05-18,80,On-Time
DEL-07064,PO-07064,SUP15,2025-05-09,2025-05-17,2025-05-17,100,On-Time
DEL-07065,PO-07065,SUP01,2025-05-09,2025-05-21,2025-05-21,300,On-Time
DEL-07066,PO-07066,SUP14,2025-05-09,2025-05-19,2025-05-19,60,On-Time
DEL-07067,PO-07067,SUP09,2025-05-09,2025-05-16,2025-05-15,400,On-Time
DEL-07068,PO-07068,SUP12,2025-05-09,2025-05-16,2025-05-15,400,On-Time
DEL-07069,PO-07069,SUP05,2025-05-10,2025-05-15,2025-05-15,250,On-Time
DEL-07070,PO-07070,SUP05,2025-05-10,2025-05-16,2025-05-16,100,On-Time
DEL-07071,PO-07071,SUP11,2025-05-10,2025-05-20,2025-05-20,250,On-Time
DEL-07072,PO-07072,SUP10,2025-05-10,2025-05-26,2025-05-26,50,On-Time
DEL-07073,PO-07073,SUP15,2025-05-10,2025-05-25,2025-05-25,60,On-Time
DEL-07074,PO-07074,SUP15,2025-05-10,2025-05-28,2025-05-28,60,On-Time
DEL-07075,PO-07075,SUP05,2025-05-10,2025-05-17,2025-05-15,300,On-Time
DEL-07076,PO-07076,SUP01,2025-05-10,2025-05-31,2025-05-31,60,On-Time
DEL-07077,PO-07077,SUP12,2025-05-10,2025-05-24,2025-05-24,20,On-Time
DEL-07078,PO-07078,SUP15,2025-05-10,2025-05-25,2025-05-25,100,On-Time
DEL-07079,PO-07079,SUP05,2025-05-10,2025-05-15,2025-05-15,200,On-Time
DEL-07080,PO-07080,SUP09,2025-05-10,2025-05-15,2025-05-15,200,On-Time
DEL-07081,PO-07081,SUP15,2025-05-10,2025-05-19,2025-05-19,100,On-Time
DEL-07082,PO-07082,SUP12,2025-05-10,2025-05-18,2025-05-18,500,On-Time
DEL-07083,PO-07083,SUP04,2025-05-11,2025-05-27,2025-05-27,10,On-Time
DEL-07084,PO-07084,SUP14,2025-05-11,2025-06-08,2025-06-08,20,On-Time
DEL-07085,PO-07085,SUP15,2025-05-11,2025-05-18,2025-05-17,250,On-Time
DEL-07086,PO-07086,SUP07,2025-05-11,2025-05-21,2025-05-21,40,On-Time
DEL-07087,PO-07087,SUP01,2025-05-11,2025-05-26,2025-05-26,60,On-Time
DEL-07088,PO-07088,SUP01,2025-05-11,2025-05-26,2025-05-25,100,On-Time
DEL-07089,PO-07089,SUP07,2025-05-11,2025-05-25,2025-05-29,200,Delayed
DEL-07090,PO-07090,SUP15,2025-05-11,2025-05-18,2025-05-18,400,On-Time
DEL-07091,PO-07091,SUP04,2025-05-11,2025-05-21,2025-05-21,60,On-Time
DEL-07092,PO-07092,SUP05,2025-05-11,2025-05-18,2025-05-18,500,On-Time
DEL-07093,PO-07093,SUP06,2025-05-11,2025-05-31,2025-05-31,100,On-Time
DEL-07094,PO-07094,SUP13,2025-05-11,2025-05-25,2025-05-25,500,On-Time
DEL-07095,PO-07095,SUP09,2025-05-11,2025-05-21,2025-05-25,100,Delayed
DEL-07096,PO-07096,SUP01,2025-05-11,2025-05-20,2025-05-19,100,On-Time
DEL-07097,PO-07097,SUP06,2025-05-11,2025-05-18,2025-05-17,100,On-Time
DEL-07098,PO-07098,SUP06,2025-05-12,2025-05-26,2025-05-26,40,On-Time
DEL-07099,PO-07099,SUP14,2025-05-12,2025-05-22,2025-05-22,120,On-Time
DEL-07100,PO-07100,SUP02,2025-05-12,2025-05-30,2025-05-30,40,On-Time
DEL-07101,PO-07101,SUP12,2025-05-12,2025-05-19,2025-05-19,500,On-Time
DEL-07102,PO-07102,SUP13,2025-05-12,2025-05-26,2025-05-26,250,On-Time
DEL-07103,PO-07103,SUP15,2025-05-12,2025-05-19,2025-05-18,150,On-Time
DEL-07104,PO-07104,SUP09,2025-05-12,2025-05-18,2025-05-18,250,On-Time
DEL-07105,PO-07105,SUP14,2025-05-12,2025-05-19,2025-05-19,100,On-Time
DEL-07106,PO-07106,SUP13,2025-05-12,2025-05-26,2025-06-11,150,Delayed
DEL-07107,PO-07107,SUP08,2025-05-12,2025-05-19,2025-05-24,150,Delayed
DEL-07108,PO-07108,SUP05,2025-05-12,2025-05-18,2025-05-16,500,On-Time
DEL-07109,PO-07109,SUP04,2025-05-12,2025-05-20,2025-05-19,50,On-Time
DEL-07110,PO-07110,SUP14,2025-05-12,2025-05-22,2025-05-21,80,On-Time
DEL-07111,PO-07111,SUP14,2025-05-12,2025-05-27,2025-05-26,50,On-Time
DEL-07112,PO-07112,SUP01,2025-05-13,2025-05-20,2025-05-19,200,On-Time
DEL-07113,PO-07113,SUP06,2025-05-13,2025-05-31,2025-05-31,120,On-Time
DEL-07114,PO-07114,SUP14,2025-05-13,2025-05-19,2025-05-19,200,On-Time
DEL-07115,PO-07115,SUP01,2025-05-13,2025-05-23,2025-05-23,200,On-Time
DEL-07116,PO-07116,SUP14,2025-05-13,2025-05-28,2025-05-28,60,On-Time
DEL-07117,PO-07117,SUP06,2025-05-13,2025-05-25,2025-05-25,250,On-Time
DEL-07118,PO-07118,SUP15,2025-05-13,2025-05-24,2025-05-24,400,On-Time
DEL-07119,PO-07119,SUP02,2025-05-13,2025-05-31,2025-05-31,50,On-Time
DEL-07120,PO-07120,SUP15,2025-05-13,2025-06-07,2025-06-07,40,On-Time
DEL-07121,PO-07121,SUP06,2025-05-13,2025-05-27,2025-05-27,250,On-Time
DEL-07122,PO-07122,SUP06,2025-05-13,2025-05-31,2025-05-29,40,On-Time
DEL-07123,PO-07123,SUP02,2025-05-13,2025-05-20,2025-05-20,500,On-Time
DEL-07124,PO-07124,SUP14,2025-05-13,2025-05-24,2025-05-25,500,Delayed
DEL-07125,PO-07125,SUP15,2025-05-13,2025-05-22,2025-05-22,40,On-Time
DEL-07126,PO-07126,SUP14,2025-05-13,2025-05-21,2025-05-20,200,On-Time
DEL-07127,PO-07127,SUP14,2025-05-13,2025-05-18,2025-05-17,500,On-Time
DEL-07128,PO-07128,SUP01,2025-05-14,2025-05-22,2025-05-22,500,On-Time
DEL-07129,PO-07129,SUP12,2025-05-14,2025-05-21,2025-05-21,200,On-Time
DEL-07130,PO-07130,SUP04,2025-05-14,2025-05-25,2025-05-25,150,On-Time
DEL-07131,PO-07131,SUP08,2025-05-14,2025-05-22,2025-05-22,300,On-Time
DEL-07132,PO-07132,SUP01,2025-05-14,2025-05-24,2025-05-24,400,On-Time
DEL-07133,PO-07133,SUP02,2025-05-14,2025-05-24,2025-05-24,400,On-Time
DEL-07134,PO-07134,SUP14,2025-05-14,2025-05-19,2025-05-19,200,On-Time
DEL-07135,PO-07135,SUP14,2025-05-14,2025-05-30,2025-05-30,40,On-Time
DEL-07136,PO-07136,SUP04,2025-05-14,2025-05-28,2025-05-28,200,On-Time
DEL-07137,PO-07137,SUP08,2025-05-14,2025-05-28,2025-05-28,100,On-Time
DEL-07138,PO-07138,SUP07,2025-05-14,2025-05-28,2025-05-27,150,On-Time
DEL-07139,PO-07139,SUP15,2025-05-14,2025-05-23,2025-05-23,120,On-Time
DEL-07140,PO-07140,SUP01,2025-05-14,2025-05-23,2025-05-23,500,On-Time
DEL-07141,PO-07141,SUP08,2025-05-14,2025-05-23,2025-05-23,200,On-Time
DEL-07142,PO-07142,SUP09,2025-05-14,2025-05-21,2025-05-21,400,On-Time
DEL-07143,PO-07143,SUP15,2025-05-14,2025-06-04,2025-06-04,100,On-Time
DEL-07144,PO-07144,SUP08,2025-05-15,2025-05-25,2025-05-25,100,On-Time
DEL-07145,PO-07145,SUP01,2025-05-15,2025-06-09,2025-06-09,20,On-Time
DEL-07146,PO-07146,SUP04,2025-05-15,2025-05-29,2025-05-29,50,On-Time
DEL-07147,PO-07147,SUP13,2025-05-15,2025-05-25,2025-05-27,80,Delayed
DEL-07148,PO-07148,SUP15,2025-05-15,2025-05-23,2025-05-28,40,Delayed
DEL-07149,PO-07149,SUP15,2025-05-15,2025-05-27,2025-05-31,300,Delayed
DEL-07150,PO-07150,SUP14,2025-05-15,2025-05-21,2025-05-21,150,On-Time
DEL-07151,PO-07151,SUP08,2025-05-15,2025-05-25,2025-05-25,500,On-Time
DEL-07152,PO-07152,SUP06,2025-05-15,2025-05-25,2025-05-25,500,On-Time
DEL-07153,PO-07153,SUP14,2025-05-15,2025-05-26,2025-05-26,100,On-Time
DEL-07154,PO-07154,SUP01,2025-05-16,2025-06-03,2025-06-03,80,On-Time
DEL-07155,PO-07155,SUP01,2025-05-16,2025-05-26,2025-05-26,100,On-Time
DEL-07156,PO-07156,SUP02,2025-05-16,2025-05-23,2025-05-23,150,On-Time
DEL-07157,PO-07157,SUP01,2025-05-16,2025-05-23,2025-05-23,150,On-Time
DEL-07158,PO-07158,SUP15,2025-05-16,2025-05-28,2025-05-28,200,On-Time
DEL-07159,PO-07159,SUP15,2025-05-16,2025-05-22,2025-05-22,300,On-Time
DEL-07160,PO-07160,SUP08,2025-05-16,2025-05-24,2025-05-24,400,On-Time
DEL-07161,PO-07161,SUP09,2025-05-16,2025-05-23,2025-05-23,200,On-Time
DEL-07162,PO-07162,SUP11,2025-05-16,2025-06-03,2025-06-03,60,On-Time
DEL-07163,PO-07163,SUP15,2025-05-16,2025-05-24,2025-05-25,50,Delayed
DEL-07164,PO-07164,SUP09,2025-05-16,2025-05-21,2025-05-21,200,On-Time
DEL-07165,PO-07165,SUP07,2025-05-16,2025-05-30,2025-05-29,100,On-Time
DEL-07166,PO-07166,SUP06,2025-05-16,2025-05-23,2025-05-23,250,On-Time
DEL-07167,PO-07167,SUP09,2025-05-17,2025-05-24,2025-05-23,200,On-Time
DEL-07168,PO-07168,SUP11,2025-05-17,2025-05-25,2025-05-25,80,On-Time
DEL-07169,PO-07169,SUP10,2025-05-17,2025-05-26,2025-05-26,400,On-Time
DEL-07170,PO-07170,SUP11,2025-05-17,2025-05-27,2025-05-27,150,On-Time
DEL-07171,PO-07171,SUP08,2025-05-17,2025-05-27,2025-05-27,100,On-Time
DEL-07172,PO-07172,SUP05,2025-05-17,2025-05-24,2025-05-24,300,On-Time
DEL-07173,PO-07173,SUP09,2025-05-17,2025-05-23,2025-05-23,150,On-Time
DEL-07174,PO-07174,SUP09,2025-05-17,2025-05-27,2025-05-27,60,On-Time
DEL-07175,PO-07175,SUP04,2025-05-17,2025-05-25,2025-06-03,100,Delayed
DEL-07176,PO-07176,SUP15,2025-05-17,2025-05-28,2025-05-30,300,Delayed
DEL-07177,PO-07177,SUP04,2025-05-17,2025-05-25,2025-05-25,60,On-Time
DEL-07178,PO-07178,SUP09,2025-05-17,2025-05-24,2025-05-24,300,On-Time
DEL-07179,PO-07179,SUP14,2025-05-17,2025-05-25,2025-05-30,100,Delayed
DEL-07180,PO-07180,SUP15,2025-05-17,2025-05-29,2025-05-29,500,On-Time
DEL-07181,PO-07181,SUP04,2025-05-17,2025-05-25,2025-05-25,80,On-Time
DEL-07182,PO-07182,SUP02,2025-05-17,2025-06-01,2025-06-04,40,Delayed
DEL-07183,PO-07183,SUP05,2025-05-17,2025-05-24,2025-05-24,250,On-Time
DEL-07184,PO-07184,SUP06,2025-05-17,2025-05-29,2025-05-28,80,On-Time
DEL-07185,PO-07185,SUP06,2025-05-18,2025-05-27,2025-05-27,400,On-Time
DEL-07186,PO-07186,SUP15,2025-05-18,2025-05-29,2025-06-09,400,Delayed
DEL-07187,PO-07187,SUP09,2025-05-18,2025-05-23,2025-05-23,500,On-Time
DEL-07188,PO-07188,SUP08,2025-05-18,2025-06-02,2025-06-02,50,On-Time
DEL-07189,PO-07189,SUP15,2025-05-18,2025-05-25,2025-05-28,500,Delayed
DEL-07190,PO-07190,SUP11,2025-05-18,2025-05-25,2025-05-24,300,On-Time
DEL-07191,PO-07191,SUP14,2025-05-18,2025-05-26,2025-05-29,150,Delayed
DEL-07192,PO-07192,SUP13,2025-05-18,2025-05-29,2025-05-29,300,On-Time
DEL-07193,PO-07193,SUP01,2025-05-18,2025-05-28,2025-05-28,200,On-Time
DEL-07194,PO-07194,SUP15,2025-05-18,2025-05-30,2025-05-30,250,On-Time
DEL-07195,PO-07195,SUP05,2025-05-18,2025-05-25,2025-05-24,400,On-Time
DEL-07196,PO-07196,SUP02,2025-05-18,2025-06-02,2025-06-02,80,On-Time
DEL-07197,PO-07197,SUP15,2025-05-18,2025-05-29,2025-05-28,250,On-Time
DEL-07198,PO-07198,SUP15,2025-05-18,2025-05-28,2025-05-27,80,On-Time
DEL-07199,PO-07199,SUP05,2025-05-18,2025-05-23,2025-05-23,150,On-Time
DEL-07200,PO-07200,SUP06,2025-05-18,2025-05-28,2025-05-28,150,On-Time
DEL-07201,PO-07201,SUP09,2025-05-18,2025-05-25,2025-05-25,300,On-Time
DEL-07202,PO-07202,SUP07,2025-05-19,2025-05-30,2025-05-30,100,On-Time
DEL-07203,PO-07203,SUP13,2025-05-19,2025-05-27,2025-05-27,50,On-Time
DEL-07204,PO-07204,SUP10,2025-05-19,2025-05-31,2025-05-30,100,On-Time
DEL-07205,PO-07205,SUP15,2025-05-19,2025-06-06,2025-06-06,80,On-Time
DEL-07206,PO-07206,SUP05,2025-05-19,2025-05-25,2025-05-25,300,On-Time
DEL-07207,PO-07207,SUP07,2025-05-19,2025-05-31,2025-05-31,300,On-Time
DEL-07208,PO-07208,SUP04,2025-05-19,2025-06-03,2025-06-03,120,On-Time
DEL-07209,PO-07209,SUP08,2025-05-19,2025-06-06,2025-06-05,40,On-Time
DEL-07210,PO-07210,SUP09,2025-05-19,2025-05-25,2025-05-27,500,Delayed
DEL-07211,PO-07211,SUP15,2025-05-19,2025-05-27,2025-05-27,120,On-Time
DEL-07212,PO-07212,SUP12,2025-05-19,2025-05-27,2025-05-27,300,On-Time
DEL-07213,PO-07213,SUP08,2025-05-19,2025-05-29,2025-05-29,400,On-Time
DEL-07214,PO-07214,SUP10,2025-05-19,2025-06-02,2025-06-03,100,Delayed
DEL-07215,PO-07215,SUP06,2025-05-20,2025-05-30,2025-05-29,250,On-Time
DEL-07216,PO-07216,SUP01,2025-05-20,2025-05-30,2025-05-30,400,On-Time
DEL-07217,PO-07217,SUP14,2025-05-20,2025-05-26,2025-05-26,150,On-Time
DEL-07218,PO-07218,SUP13,2025-05-20,2025-05-28,2025-05-28,100,On-Time
DEL-07219,PO-07219,SUP01,2025-05-20,2025-05-27,2025-05-27,500,On-Time
DEL-07220,PO-07220,SUP15,2025-05-20,2025-05-25,2025-05-25,250,On-Time
DEL-07221,PO-07221,SUP02,2025-05-20,2025-05-28,2025-05-28,100,On-Time
DEL-07222,PO-07222,SUP09,2025-05-20,2025-05-27,2025-05-27,400,On-Time
DEL-07223,PO-07223,SUP15,2025-05-20,2025-06-03,2025-06-03,100,On-Time
DEL-07224,PO-07224,SUP06,2025-05-20,2025-05-27,2025-05-27,500,On-Time
DEL-07225,PO-07225,SUP14,2025-05-20,2025-05-27,2025-05-27,100,On-Time
DEL-07226,PO-07226,SUP15,2025-05-20,2025-05-25,2025-05-25,200,On-Time
DEL-07227,PO-07227,SUP02,2025-05-20,2025-05-27,2025-05-29,200,Delayed
DEL-07228,PO-07228,SUP08,2025-05-20,2025-06-03,2025-06-03,50,On-Time
DEL-07229,PO-07229,SUP06,2025-05-20,2025-06-03,2025-06-03,100,On-Time
DEL-07230,PO-07230,SUP10,2025-05-20,2025-06-04,2025-06-04,50,On-Time
DEL-07231,PO-07231,SUP10,2025-05-21,2025-05-31,2025-05-31,300,On-Time
DEL-07232,PO-07232,SUP13,2025-05-21,2025-05-29,2025-06-06,40,Delayed
DEL-07233,PO-07233,SUP01,2025-05-21,2025-05-29,2025-05-29,300,On-Time
DEL-07234,PO-07234,SUP01,2025-05-21,2025-06-02,2025-06-02,40,On-Time
DEL-07235,PO-07235,SUP14,2025-05-21,2025-05-29,2025-05-28,500,On-Time
DEL-07236,PO-07236,SUP08,2025-05-21,2025-05-28,2025-05-27,400,On-Time
DEL-07237,PO-07237,SUP15,2025-05-21,2025-06-15,2025-06-15,20,On-Time
DEL-07238,PO-07238,SUP05,2025-05-21,2025-05-26,2025-05-25,100,On-Time
DEL-07239,PO-07239,SUP15,2025-05-21,2025-05-30,2025-05-30,40,On-Time
DEL-07240,PO-07240,SUP06,2025-05-22,2025-05-31,2025-05-31,500,On-Time
DEL-07241,PO-07241,SUP06,2025-05-22,2025-05-29,2025-05-29,250,On-Time
DEL-07242,PO-07242,SUP06,2025-05-22,2025-06-13,2025-06-11,40,On-Time
DEL-07243,PO-07243,SUP05,2025-05-22,2025-05-31,2025-05-31,50,On-Time
DEL-07244,PO-07244,SUP05,2025-05-22,2025-05-27,2025-05-27,150,On-Time
DEL-07245,PO-07245,SUP11,2025-05-22,2025-06-05,2025-06-05,300,On-Time
DEL-07246,PO-07246,SUP06,2025-05-22,2025-06-01,2025-06-01,500,On-Time
DEL-07247,PO-07247,SUP05,2025-05-22,2025-05-29,2025-05-29,250,On-Time
DEL-07248,PO-07248,SUP03,2025-05-22,2025-05-31,2025-05-31,250,On-Time
DEL-07249,PO-07249,SUP11,2025-05-22,2025-06-05,2025-06-05,300,On-Time
DEL-07250,PO-07250,SUP04,2025-05-22,2025-06-02,2025-06-01,250,On-Time
DEL-07251,PO-07251,SUP01,2025-05-22,2025-05-29,2025-05-29,250,On-Time
DEL-07252,PO-07252,SUP01,2025-05-22,2025-06-03,2025-06-03,300,On-Time
DEL-07253,PO-07253,SUP14,2025-05-22,2025-05-29,2025-05-28,200,On-Time
DEL-07254,PO-07254,SUP12,2025-05-22,2025-05-30,2025-05-30,50,On-Time
DEL-07255,PO-07255,SUP01,2025-05-22,2025-05-29,2025-05-29,400,On-Time
DEL-07256,PO-07256,SUP01,2025-05-22,2025-06-03,2025-06-03,300,On-Time
DEL-07257,PO-07257,SUP05,2025-05-23,2025-05-29,2025-05-29,100,On-Time
DEL-07258,PO-07258,SUP15,2025-05-23,2025-06-07,2025-06-07,50,On-Time
DEL-07259,PO-07259,SUP01,2025-05-23,2025-06-20,2025-06-20,15,On-Time
DEL-07260,PO-07260,SUP06,2025-05-23,2025-06-06,2025-06-06,250,On-Time
DEL-07261,PO-07261,SUP14,2025-05-23,2025-06-07,2025-06-06,100,On-Time
DEL-07262,PO-07262,SUP15,2025-05-23,2025-06-06,2025-06-06,100,On-Time
DEL-07263,PO-07263,SUP04,2025-05-23,2025-06-12,2025-06-12,10,On-Time
DEL-07264,PO-07264,SUP15,2025-05-23,2025-06-03,2025-06-03,250,On-Time
DEL-07265,PO-07265,SUP06,2025-05-23,2025-06-02,2025-06-02,400,On-Time
DEL-07266,PO-07266,SUP02,2025-05-23,2025-06-06,2025-06-06,500,On-Time
DEL-07267,PO-07267,SUP15,2025-05-23,2025-06-06,2025-06-06,400,On-Time
DEL-07268,PO-07268,SUP15,2025-05-23,2025-06-06,2025-06-08,500,Delayed
DEL-07269,PO-07269,SUP08,2025-05-23,2025-06-10,2025-06-10,80,On-Time
DEL-07270,PO-07270,SUP03,2025-05-23,2025-06-07,2025-06-07,60,On-Time
DEL-07271,PO-07271,SUP14,2025-05-23,2025-06-04,2025-06-04,40,On-Time
DEL-07272,PO-07272,SUP15,2025-05-23,2025-06-13,2025-06-12,40,On-Time
DEL-07273,PO-07273,SUP08,2025-05-24,2025-06-08,2025-06-08,120,On-Time
DEL-07274,PO-07274,SUP01,2025-05-24,2025-06-11,2025-06-11,120,On-Time
DEL-07275,PO-07275,SUP01,2025-05-24,2025-06-09,2025-06-09,100,On-Time
DEL-07276,PO-07276,SUP08,2025-05-24,2025-06-07,2025-06-07,50,On-Time
DEL-07277,PO-07277,SUP12,2025-05-24,2025-06-01,2025-06-08,40,Delayed
DEL-07278,PO-07278,SUP13,2025-05-24,2025-06-04,2025-06-04,100,On-Time
DEL-07279,PO-07279,SUP11,2025-05-24,2025-06-07,2025-06-07,400,On-Time
DEL-07280,PO-07280,SUP13,2025-05-24,2025-06-05,2025-06-04,400,On-Time
DEL-07281,PO-07281,SUP01,2025-05-24,2025-06-11,2025-06-11,120,On-Time
DEL-07282,PO-07282,SUP14,2025-05-24,2025-06-05,2025-06-04,150,On-Time
DEL-07283,PO-07283,SUP15,2025-05-25,2025-06-06,2025-06-06,50,On-Time
DEL-07284,PO-07284,SUP07,2025-05-25,2025-06-04,2025-06-04,40,On-Time
DEL-07285,PO-07285,SUP15,2025-05-25,2025-05-31,2025-05-31,400,On-Time
DEL-07286,PO-07286,SUP02,2025-05-25,2025-06-06,2025-06-06,400,On-Time
DEL-07287,PO-07287,SUP08,2025-05-25,2025-06-18,2025-06-18,15,On-Time
DEL-07288,PO-07288,SUP08,2025-05-25,2025-06-03,2025-06-03,250,On-Time
DEL-07289,PO-07289,SUP08,2025-05-25,2025-06-02,2025-06-02,400,On-Time
DEL-07290,PO-07290,SUP15,2025-05-25,2025-06-02,2025-06-05,250,Delayed
DEL-07291,PO-07291,SUP15,2025-05-25,2025-05-31,2025-05-30,200,On-Time
DEL-07292,PO-07292,SUP01,2025-05-25,2025-06-01,2025-06-01,150,On-Time
DEL-07293,PO-07293,SUP14,2025-05-25,2025-06-01,2025-06-01,200,On-Time
DEL-07294,PO-07294,SUP05,2025-05-25,2025-06-01,2025-06-01,300,On-Time
DEL-07295,PO-07295,SUP14,2025-05-25,2025-06-06,2025-06-06,400,On-Time
DEL-07296,PO-07296,SUP05,2025-05-25,2025-05-31,2025-05-31,300,On-Time
DEL-07297,PO-07297,SUP15,2025-05-25,2025-06-06,2025-06-06,250,On-Time
DEL-07298,PO-07298,SUP15,2025-05-25,2025-06-02,2025-06-02,150,On-Time
DEL-07299,PO-07299,SUP01,2025-05-25,2025-06-08,2025-06-08,100,On-Time
DEL-07300,PO-07300,SUP15,2025-05-25,2025-06-02,2025-06-02,150,On-Time
DEL-07301,PO-07301,SUP09,2025-05-25,2025-05-31,2025-05-31,400,On-Time
DEL-07302,PO-07302,SUP02,2025-05-26,2025-06-07,2025-06-09,500,Delayed
DEL-07303,PO-07303,SUP10,2025-05-26,2025-06-17,2025-06-18,10,Delayed
DEL-07304,PO-07304,SUP06,2025-05-26,2025-06-09,2025-06-09,300,On-Time
DEL-07305,PO-07305,SUP15,2025-05-26,2025-06-01,2025-06-01,150,On-Time
DEL-07306,PO-07306,SUP09,2025-05-26,2025-06-01,2025-06-01,500,On-Time
DEL-07307,PO-07307,SUP15,2025-05-26,2025-06-01,2025-06-10,500,Delayed
DEL-07308,PO-07308,SUP02,2025-05-26,2025-06-02,2025-06-02,100,On-Time
DEL-07309,PO-07309,SUP10,2025-05-26,2025-06-13,2025-06-13,40,On-Time
DEL-07310,PO-07310,SUP15,2025-05-26,2025-06-03,2025-06-03,120,On-Time
DEL-07311,PO-07311,SUP06,2025-05-26,2025-06-04,2025-06-04,200,On-Time
DEL-07312,PO-07312,SUP04,2025-05-26,2025-06-10,2025-06-10,60,On-Time
DEL-07313,PO-07313,SUP01,2025-05-27,2025-06-06,2025-06-06,200,On-Time
DEL-07314,PO-07314,SUP11,2025-05-27,2025-06-08,2025-06-08,200,On-Time
DEL-07315,PO-07315,SUP15,2025-05-27,2025-06-07,2025-06-07,300,On-Time
DEL-07316,PO-07316,SUP03,2025-05-27,2025-06-05,2025-06-05,200,On-Time
DEL-07317,PO-07317,SUP11,2025-05-27,2025-06-06,2025-06-06,100,On-Time
DEL-07318,PO-07318,SUP13,2025-05-27,2025-06-04,2025-06-04,100,On-Time
DEL-07319,PO-07319,SUP13,2025-05-27,2025-06-10,2025-06-10,150,On-Time
DEL-07320,PO-07320,SUP15,2025-05-27,2025-06-02,2025-06-02,100,On-Time
DEL-07321,PO-07321,SUP11,2025-05-27,2025-06-16,2025-06-16,100,On-Time
DEL-07322,PO-07322,SUP10,2025-05-27,2025-06-11,2025-06-11,60,On-Time
DEL-07323,PO-07323,SUP06,2025-05-27,2025-06-12,2025-06-12,50,On-Time
DEL-07324,PO-07324,SUP14,2025-05-28,2025-06-03,2025-06-03,250,On-Time
DEL-07325,PO-07325,SUP15,2025-05-28,2025-06-18,2025-06-18,60,On-Time
DEL-07326,PO-07326,SUP14,2025-05-28,2025-06-03,2025-06-02,300,On-Time
DEL-07327,PO-07327,SUP05,2025-05-28,2025-06-05,2025-06-05,300,On-Time
DEL-07328,PO-07328,SUP13,2025-05-28,2025-06-11,2025-06-11,500,On-Time
DEL-07329,PO-07329,SUP05,2025-05-28,2025-06-07,2025-06-07,80,On-Time
DEL-07330,PO-07330,SUP05,2025-05-28,2025-06-09,2025-06-09,50,On-Time
DEL-07331,PO-07331,SUP06,2025-05-28,2025-06-07,2025-06-07,250,On-Time
DEL-07332,PO-07332,SUP12,2025-05-28,2025-06-13,2025-06-11,30,On-Time
DEL-07333,PO-07333,SUP01,2025-05-28,2025-06-13,2025-06-13,40,On-Time
DEL-07334,PO-07334,SUP13,2025-05-28,2025-06-05,2025-06-05,120,On-Time
DEL-07335,PO-07335,SUP12,2025-05-28,2025-06-07,2025-06-08,40,Delayed
DEL-07336,PO-07336,SUP09,2025-05-28,2025-06-04,2025-06-04,300,On-Time
DEL-07337,PO-07337,SUP14,2025-05-28,2025-06-06,2025-06-12,60,Delayed
DEL-07338,PO-07338,SUP14,2025-05-29,2025-06-10,2025-06-10,60,On-Time
DEL-07339,PO-07339,SUP03,2025-05-29,2025-06-14,2025-06-14,80,On-Time
DEL-07340,PO-07340,SUP14,2025-05-29,2025-06-07,2025-06-07,100,On-Time
DEL-07341,PO-07341,SUP11,2025-05-29,2025-06-05,2025-06-05,300,On-Time
DEL-07342,PO-07342,SUP10,2025-05-29,2025-06-12,2025-06-13,50,Delayed
DEL-07343,PO-07343,SUP11,2025-05-29,2025-06-12,2025-06-11,200,On-Time
DEL-07344,PO-07344,SUP15,2025-05-29,2025-06-06,2025-06-06,80,On-Time
DEL-07345,PO-07345,SUP09,2025-05-29,2025-06-03,2025-06-03,400,On-Time
DEL-07346,PO-07346,SUP14,2025-05-29,2025-06-18,2025-06-18,15,On-Time
DEL-07347,PO-07347,SUP08,2025-05-29,2025-06-12,2025-06-30,50,Delayed
DEL-07348,PO-07348,SUP02,2025-05-29,2025-06-08,2025-06-08,500,On-Time
DEL-07349,PO-07349,SUP15,2025-05-29,2025-06-04,2025-06-04,500,On-Time
DEL-07350,PO-07350,SUP01,2025-05-29,2025-06-06,2025-06-06,60,On-Time
DEL-07351,PO-07351,SUP06,2025-05-30,2025-06-09,2025-06-09,400,On-Time
DEL-07352,PO-07352,SUP14,2025-05-30,2025-06-04,2025-06-04,250,On-Time
DEL-07353,PO-07353,SUP04,2025-05-30,2025-06-10,2025-06-10,400,On-Time
DEL-07354,PO-07354,SUP09,2025-05-30,2025-06-05,2025-06-08,300,Delayed
DEL-07355,PO-07355,SUP14,2025-05-30,2025-06-07,2025-06-07,150,On-Time
DEL-07356,PO-07356,SUP04,2025-05-30,2025-06-09,2025-06-09,120,On-Time
DEL-07357,PO-07357,SUP15,2025-05-30,2025-06-06,2025-06-11,250,Delayed
DEL-07358,PO-07358,SUP15,2025-05-30,2025-06-07,2025-06-07,400,On-Time
DEL-07359,PO-07359,SUP15,2025-05-30,2025-06-06,2025-06-06,200,On-Time
DEL-07360,PO-07360,SUP02,2025-05-30,2025-06-13,2025-06-13,500,On-Time
DEL-07361,PO-07361,SUP08,2025-05-30,2025-06-09,2025-06-09,500,On-Time
DEL-07362,PO-07362,SUP14,2025-05-30,2025-06-04,2025-06-04,100,On-Time
DEL-07363,PO-07363,SUP15,2025-05-30,2025-06-05,2025-06-05,250,On-Time
DEL-07364,PO-07364,SUP10,2025-05-30,2025-06-13,2025-06-15,50,Delayed
DEL-07365,PO-07365,SUP01,2025-05-30,2025-06-13,2025-06-13,10,On-Time
DEL-07366,PO-07366,SUP02,2025-05-30,2025-06-14,2025-06-14,80,On-Time
DEL-07367,PO-07367,SUP06,2025-05-30,2025-06-09,2025-06-09,400,On-Time
DEL-07368,PO-07368,SUP14,2025-05-31,2025-06-06,2025-06-06,300,On-Time
DEL-07369,PO-07369,SUP10,2025-05-31,2025-06-12,2025-06-12,100,On-Time
DEL-07370,PO-07370,SUP07,2025-05-31,2025-06-20,2025-06-20,20,On-Time
DEL-07371,PO-07371,SUP07,2025-05-31,2025-06-20,2025-06-20,30,On-Time
DEL-07372,PO-07372,SUP15,2025-05-31,2025-06-05,2025-06-04,150,On-Time
DEL-07373,PO-07373,SUP15,2025-05-31,2025-06-14,2025-06-14,120,On-Time
DEL-07374,PO-07374,SUP06,2025-05-31,2025-06-18,2025-06-18,40,On-Time
DEL-07375,PO-07375,SUP15,2025-05-31,2025-06-20,2025-06-20,40,On-Time
DEL-07376,PO-07376,SUP14,2025-05-31,2025-06-05,2025-06-05,200,On-Time
DEL-07377,PO-07377,SUP15,2025-05-31,2025-06-12,2025-06-12,500,On-Time
DEL-07378,PO-07378,SUP01,2025-05-31,2025-06-07,2025-06-07,400,On-Time
DEL-07379,PO-07379,SUP14,2025-05-31,2025-06-07,2025-06-07,100,On-Time
DEL-07380,PO-07380,SUP14,2025-05-31,2025-06-06,2025-06-09,150,Delayed
DEL-07381,PO-07381,SUP10,2025-05-31,2025-06-18,2025-06-18,40,On-Time
DEL-07382,PO-07382,SUP10,2025-05-31,2025-06-10,2025-06-17,200,Delayed
DEL-07383,PO-07383,SUP15,2025-05-31,2025-06-12,2025-06-12,150,On-Time
DEL-07384,PO-07384,SUP08,2025-06-01,2025-06-11,2025-06-10,400,On-Time
DEL-07385,PO-07385,SUP14,2025-06-01,2025-06-16,2025-06-21,80,Delayed
DEL-07386,PO-07386,SUP07,2025-06-01,2025-06-12,2025-06-12,150,On-Time
DEL-07387,PO-07387,SUP04,2025-06-01,2025-06-15,2025-06-15,500,On-Time
DEL-07388,PO-07388,SUP08,2025-06-01,2025-06-11,2025-06-09,400,On-Time
DEL-07389,PO-07389,SUP11,2025-06-01,2025-06-08,2025-06-06,150,On-Time
DEL-07390,PO-07390,SUP01,2025-06-01,2025-06-19,2025-06-19,120,On-Time
DEL-07391,PO-07391,SUP14,2025-06-01,2025-06-08,2025-06-08,250,On-Time
DEL-07392,PO-07392,SUP01,2025-06-01,2025-06-19,2025-06-18,80,On-Time
DEL-07393,PO-07393,SUP15,2025-06-01,2025-06-15,2025-06-15,500,On-Time
DEL-07394,PO-07394,SUP01,2025-06-01,2025-06-09,2025-06-09,100,On-Time
DEL-07395,PO-07395,SUP15,2025-06-01,2025-06-13,2025-06-13,150,On-Time
DEL-07396,PO-07396,SUP15,2025-06-02,2025-06-07,2025-06-07,400,On-Time
DEL-07397,PO-07397,SUP08,2025-06-02,2025-06-16,2025-06-16,120,On-Time
DEL-07398,PO-07398,SUP07,2025-06-02,2025-06-22,2025-06-24,10,Delayed
DEL-07399,PO-07399,SUP14,2025-06-02,2025-06-10,2025-06-09,200,On-Time
DEL-07400,PO-07400,SUP09,2025-06-02,2025-06-09,2025-06-09,400,On-Time
DEL-07401,PO-07401,SUP14,2025-06-02,2025-06-09,2025-06-09,400,On-Time
DEL-07402,PO-07402,SUP08,2025-06-02,2025-06-11,2025-06-11,400,On-Time
DEL-07403,PO-07403,SUP02,2025-06-02,2025-06-23,2025-06-23,100,On-Time
DEL-07404,PO-07404,SUP04,2025-06-02,2025-06-16,2025-06-16,100,On-Time
DEL-07405,PO-07405,SUP01,2025-06-02,2025-06-12,2025-06-12,100,On-Time
DEL-07406,PO-07406,SUP09,2025-06-02,2025-06-09,2025-06-09,250,On-Time
DEL-07407,PO-07407,SUP06,2025-06-02,2025-06-18,2025-06-18,120,On-Time
DEL-07408,PO-07408,SUP01,2025-06-03,2025-06-17,2025-06-17,15,On-Time
DEL-07409,PO-07409,SUP08,2025-06-03,2025-06-21,2025-06-26,100,Delayed
DEL-07410,PO-07410,SUP15,2025-06-03,2025-06-12,2025-06-13,60,Delayed
DEL-07411,PO-07411,SUP06,2025-06-03,2025-06-17,2025-06-17,120,On-Time
DEL-07412,PO-07412,SUP14,2025-06-03,2025-06-11,2025-06-15,300,Delayed
DEL-07413,PO-07413,SUP14,2025-06-03,2025-06-19,2025-06-19,10,On-Time
DEL-07414,PO-07414,SUP04,2025-06-03,2025-06-18,2025-06-18,60,On-Time
DEL-07415,PO-07415,SUP15,2025-06-03,2025-06-10,2025-06-10,150,On-Time
DEL-07416,PO-07416,SUP15,2025-06-03,2025-06-18,2025-06-24,80,Delayed
DEL-07417,PO-07417,SUP10,2025-06-03,2025-06-13,2025-06-13,400,On-Time
DEL-07418,PO-07418,SUP14,2025-06-03,2025-06-18,2025-06-18,80,On-Time
DEL-07419,PO-07419,SUP14,2025-06-03,2025-06-15,2025-06-15,40,On-Time
DEL-07420,PO-07420,SUP03,2025-06-03,2025-06-15,2025-06-15,40,On-Time
DEL-07421,PO-07421,SUP14,2025-06-03,2025-06-19,2025-06-19,20,On-Time
DEL-07422,PO-07422,SUP05,2025-06-03,2025-06-12,2025-06-12,60,On-Time
DEL-07423,PO-07423,SUP09,2025-06-03,2025-06-11,2025-06-11,200,On-Time
DEL-07424,PO-07424,SUP01,2025-06-03,2025-06-18,2025-06-18,60,On-Time
DEL-07425,PO-07425,SUP02,2025-06-03,2025-06-24,2025-06-24,120,On-Time
DEL-07426,PO-07426,SUP06,2025-06-03,2025-06-12,2025-06-12,250,On-Time
DEL-07427,PO-07427,SUP07,2025-06-03,2025-06-15,2025-06-15,200,On-Time
DEL-07428,PO-07428,SUP10,2025-06-03,2025-06-18,2025-06-18,50,On-Time
DEL-07429,PO-07429,SUP13,2025-06-03,2025-06-13,2025-06-13,60,On-Time
DEL-07430,PO-07430,SUP13,2025-06-04,2025-06-20,2025-06-20,10,On-Time
DEL-07431,PO-07431,SUP14,2025-06-04,2025-06-12,2025-06-12,400,On-Time
DEL-07432,PO-07432,SUP06,2025-06-04,2025-06-19,2025-06-19,120,On-Time
DEL-07433,PO-07433,SUP14,2025-06-04,2025-06-22,2025-06-22,30,On-Time
DEL-07434,PO-07434,SUP15,2025-06-04,2025-06-18,2025-06-19,40,Delayed
DEL-07435,PO-07435,SUP14,2025-06-04,2025-06-12,2025-06-12,200,On-Time
DEL-07436,PO-07436,SUP04,2025-06-04,2025-06-24,2025-06-24,20,On-Time
DEL-07437,PO-07437,SUP09,2025-06-04,2025-06-11,2025-06-11,150,On-Time
DEL-07438,PO-07438,SUP15,2025-06-04,2025-06-11,2025-06-11,200,On-Time
DEL-07439,PO-07439,SUP03,2025-06-04,2025-06-20,2025-06-21,100,Delayed
DEL-07440,PO-07440,SUP11,2025-06-04,2025-06-29,2025-06-28,10,On-Time
DEL-07441,PO-07441,SUP09,2025-06-04,2025-06-16,2025-06-18,40,Delayed
DEL-07442,PO-07442,SUP03,2025-06-04,2025-06-14,2025-06-14,250,On-Time
DEL-07443,PO-07443,SUP08,2025-06-04,2025-06-26,2025-06-26,10,On-Time
DEL-07444,PO-07444,SUP08,2025-06-04,2025-06-18,2025-06-18,120,On-Time
DEL-07445,PO-07445,SUP04,2025-06-04,2025-06-18,2025-06-18,150,On-Time
DEL-07446,PO-07446,SUP15,2025-06-04,2025-06-09,2025-06-09,300,On-Time
DEL-07447,PO-07447,SUP15,2025-06-05,2025-06-19,2025-06-19,100,On-Time
DEL-07448,PO-07448,SUP14,2025-06-05,2025-06-19,2025-07-02,300,Delayed
DEL-07449,PO-07449,SUP14,2025-06-05,2025-06-15,2025-06-13,50,On-Time
DEL-07450,PO-07450,SUP08,2025-06-05,2025-07-03,2025-07-03,20,On-Time
DEL-07451,PO-07451,SUP06,2025-06-05,2025-06-20,2025-06-20,80,On-Time
DEL-07452,PO-07452,SUP15,2025-06-05,2025-06-13,2025-06-18,150,Delayed
DEL-07453,PO-07453,SUP02,2025-06-05,2025-06-25,2025-06-25,80,On-Time
DEL-07454,PO-07454,SUP15,2025-06-05,2025-06-10,2025-06-10,100,On-Time
DEL-07455,PO-07455,SUP08,2025-06-05,2025-06-20,2025-06-20,60,On-Time
DEL-07456,PO-07456,SUP03,2025-06-05,2025-06-21,2025-06-21,120,On-Time
DEL-07457,PO-07457,SUP05,2025-06-05,2025-06-10,2025-06-10,500,On-Time
DEL-07458,PO-07458,SUP14,2025-06-05,2025-06-20,2025-06-20,50,On-Time
DEL-07459,PO-07459,SUP15,2025-06-05,2025-06-19,2025-06-28,300,Delayed
DEL-07460,PO-07460,SUP11,2025-06-05,2025-06-26,2025-06-26,120,On-Time
DEL-07461,PO-07461,SUP14,2025-06-05,2025-06-11,2025-06-11,500,On-Time
DEL-07462,PO-07462,SUP15,2025-06-06,2025-06-11,2025-06-11,250,On-Time
DEL-07463,PO-07463,SUP06,2025-06-06,2025-06-20,2025-06-20,500,On-Time
DEL-07464,PO-07464,SUP15,2025-06-06,2025-06-14,2025-06-15,500,Delayed
DEL-07465,PO-07465,SUP15,2025-06-06,2025-06-15,2025-06-15,40,On-Time
DEL-07466,PO-07466,SUP11,2025-06-06,2025-06-21,2025-06-21,120,On-Time
DEL-07467,PO-07467,SUP08,2025-06-06,2025-06-21,2025-06-21,50,On-Time
DEL-07468,PO-07468,SUP15,2025-06-06,2025-06-13,2025-06-13,100,On-Time
DEL-07469,PO-07469,SUP01,2025-06-06,2025-06-16,2025-06-16,300,On-Time
DEL-07470,PO-07470,SUP08,2025-06-06,2025-06-15,2025-06-15,200,On-Time
DEL-07471,PO-07471,SUP15,2025-06-06,2025-06-22,2025-06-20,30,On-Time
DEL-07472,PO-07472,SUP01,2025-06-06,2025-06-16,2025-06-16,150,On-Time
DEL-07473,PO-07473,SUP05,2025-06-06,2025-06-13,2025-06-13,100,On-Time
DEL-07474,PO-07474,SUP06,2025-06-06,2025-06-16,2025-06-16,200,On-Time
DEL-07475,PO-07475,SUP14,2025-06-06,2025-06-16,2025-06-16,60,On-Time
DEL-07476,PO-07476,SUP01,2025-06-06,2025-06-21,2025-06-21,80,On-Time
DEL-07477,PO-07477,SUP13,2025-06-06,2025-06-16,2025-06-16,100,On-Time
DEL-07478,PO-07478,SUP15,2025-06-06,2025-06-16,2025-06-16,250,On-Time
DEL-07479,PO-07479,SUP10,2025-06-07,2025-06-23,2025-06-26,80,Delayed
DEL-07480,PO-07480,SUP08,2025-06-07,2025-07-05,2025-07-05,15,On-Time
DEL-07481,PO-07481,SUP07,2025-06-07,2025-06-21,2025-06-20,400,On-Time
DEL-07482,PO-07482,SUP05,2025-06-07,2025-06-17,2025-06-17,100,On-Time
DEL-07483,PO-07483,SUP14,2025-06-07,2025-06-15,2025-06-15,400,On-Time
DEL-07484,PO-07484,SUP04,2025-06-07,2025-06-19,2025-06-19,500,On-Time
DEL-07485,PO-07485,SUP11,2025-06-07,2025-06-15,2025-06-14,100,On-Time
DEL-07486,PO-07486,SUP10,2025-06-07,2025-06-22,2025-06-22,60,On-Time
DEL-07487,PO-07487,SUP01,2025-06-07,2025-06-15,2025-06-15,100,On-Time
DEL-07488,PO-07488,SUP08,2025-06-07,2025-06-21,2025-06-21,15,On-Time
DEL-07489,PO-07489,SUP13,2025-06-07,2025-06-22,2025-06-25,80,Delayed
DEL-07490,PO-07490,SUP01,2025-06-07,2025-06-15,2025-06-15,200,On-Time
DEL-07491,PO-07491,SUP15,2025-06-07,2025-06-18,2025-06-22,100,Delayed
DEL-07492,PO-07492,SUP05,2025-06-07,2025-06-15,2025-06-15,400,On-Time
DEL-07493,PO-07493,SUP14,2025-06-07,2025-06-21,2025-06-21,10,On-Time
DEL-07494,PO-07494,SUP01,2025-06-08,2025-06-15,2025-06-15,200,On-Time
DEL-07495,PO-07495,SUP06,2025-06-08,2025-06-16,2025-06-16,80,On-Time
DEL-07496,PO-07496,SUP13,2025-06-08,2025-06-20,2025-06-20,500,On-Time
DEL-07497,PO-07497,SUP08,2025-06-08,2025-06-23,2025-06-23,40,On-Time
DEL-07498,PO-07498,SUP15,2025-06-08,2025-07-03,2025-07-03,20,On-Time
DEL-07499,PO-07499,SUP04,2025-06-08,2025-06-22,2025-06-22,300,On-Time
DEL-07500,PO-07500,SUP06,2025-06-08,2025-06-16,2025-06-16,80,On-Time
DEL-07501,PO-07501,SUP04,2025-06-08,2025-06-16,2025-06-16,120,On-Time
DEL-07502,PO-07502,SUP02,2025-06-08,2025-06-28,2025-06-27,50,On-Time
DEL-07503,PO-07503,SUP14,2025-06-08,2025-06-15,2025-06-15,300,On-Time
DEL-07504,PO-07504,SUP11,2025-06-08,2025-06-26,2025-06-26,40,On-Time
DEL-07505,PO-07505,SUP13,2025-06-08,2025-06-19,2025-06-19,200,On-Time
DEL-07506,PO-07506,SUP06,2025-06-08,2025-06-20,2025-06-20,80,On-Time
DEL-07507,PO-07507,SUP15,2025-06-08,2025-06-22,2025-06-21,500,On-Time
DEL-07508,PO-07508,SUP14,2025-06-08,2025-06-18,2025-06-18,100,On-Time
DEL-07509,PO-07509,SUP14,2025-06-09,2025-06-14,2025-06-14,100,On-Time
DEL-07510,PO-07510,SUP05,2025-06-09,2025-06-19,2025-06-19,50,On-Time
DEL-07511,PO-07511,SUP15,2025-06-09,2025-07-07,2025-07-07,20,On-Time
DEL-07512,PO-07512,SUP02,2025-06-09,2025-06-16,2025-06-16,100,On-Time
DEL-07513,PO-07513,SUP15,2025-06-09,2025-06-24,2025-06-26,120,Delayed
DEL-07514,PO-07514,SUP11,2025-06-09,2025-06-30,2025-06-30,40,On-Time
DEL-07515,PO-07515,SUP15,2025-06-09,2025-06-16,2025-06-16,150,On-Time
DEL-07516,PO-07516,SUP14,2025-06-09,2025-06-16,2025-06-16,300,On-Time
DEL-07517,PO-07517,SUP14,2025-06-09,2025-06-19,2025-06-19,100,On-Time
DEL-07518,PO-07518,SUP01,2025-06-09,2025-06-16,2025-06-16,200,On-Time
DEL-07519,PO-07519,SUP15,2025-06-09,2025-06-23,2025-06-23,300,On-Time
DEL-07520,PO-07520,SUP09,2025-06-09,2025-06-16,2025-06-14,150,On-Time
DEL-07521,PO-07521,SUP01,2025-06-09,2025-06-16,2025-06-16,300,On-Time
DEL-07522,PO-07522,SUP10,2025-06-09,2025-06-19,2025-06-20,300,Delayed
DEL-07523,PO-07523,SUP07,2025-06-09,2025-06-19,2025-06-19,50,On-Time
DEL-07524,PO-07524,SUP12,2025-06-10,2025-06-18,2025-06-18,100,On-Time
DEL-07525,PO-07525,SUP01,2025-06-10,2025-06-18,2025-06-18,50,On-Time
DEL-07526,PO-07526,SUP13,2025-06-10,2025-06-24,2025-06-24,40,On-Time
DEL-07527,PO-07527,SUP14,2025-06-10,2025-06-17,2025-06-17,250,On-Time
DEL-07528,PO-07528,SUP07,2025-06-10,2025-06-21,2025-06-21,200,On-Time
DEL-07529,PO-07529,SUP01,2025-06-10,2025-06-26,2025-06-26,40,On-Time
DEL-07530,PO-07530,SUP15,2025-06-10,2025-06-18,2025-06-18,40,On-Time
DEL-07531,PO-07531,SUP06,2025-06-10,2025-06-24,2025-06-24,150,On-Time
DEL-07532,PO-07532,SUP01,2025-06-10,2025-06-28,2025-06-28,100,On-Time
DEL-07533,PO-07533,SUP07,2025-06-10,2025-06-24,2025-06-24,60,On-Time
DEL-07534,PO-07534,SUP08,2025-06-10,2025-06-24,2025-06-24,100,On-Time
DEL-07535,PO-07535,SUP07,2025-06-10,2025-06-25,2025-06-24,120,On-Time
DEL-07536,PO-07536,SUP14,2025-06-11,2025-06-16,2025-06-16,100,On-Time
DEL-07537,PO-07537,SUP12,2025-06-11,2025-06-19,2025-06-19,500,On-Time
DEL-07538,PO-07538,SUP04,2025-06-11,2025-06-19,2025-06-19,80,On-Time
DEL-07539,PO-07539,SUP05,2025-06-11,2025-06-20,2025-06-20,100,On-Time
DEL-07540,PO-07540,SUP14,2025-06-11,2025-06-18,2025-06-18,150,On-Time
DEL-07541,PO-07541,SUP12,2025-06-11,2025-07-09,2025-07-08,15,On-Time
DEL-07542,PO-07542,SUP15,2025-06-11,2025-06-17,2025-06-17,200,On-Time
DEL-07543,PO-07543,SUP15,2025-06-11,2025-06-21,2025-06-21,100,On-Time
DEL-07544,PO-07544,SUP05,2025-06-11,2025-06-18,2025-06-18,200,On-Time
DEL-07545,PO-07545,SUP02,2025-06-11,2025-06-26,2025-06-26,80,On-Time
DEL-07546,PO-07546,SUP04,2025-06-11,2025-06-23,2025-06-23,500,On-Time
DEL-07547,PO-07547,SUP01,2025-06-11,2025-06-26,2025-06-26,50,On-Time
DEL-07548,PO-07548,SUP13,2025-06-11,2025-06-25,2025-06-25,400,On-Time
DEL-07549,PO-07549,SUP09,2025-06-11,2025-06-16,2025-06-16,500,On-Time
DEL-07550,PO-07550,SUP04,2025-06-11,2025-06-26,2025-06-26,50,On-Time
DEL-07551,PO-07551,SUP15,2025-06-11,2025-06-17,2025-06-15,400,On-Time
DEL-07552,PO-07552,SUP10,2025-06-11,2025-06-21,2025-06-29,150,Delayed
DEL-07553,PO-07553,SUP01,2025-06-12,2025-06-22,2025-06-22,300,On-Time
DEL-07554,PO-07554,SUP05,2025-06-12,2025-06-22,2025-06-21,120,On-Time
DEL-07555,PO-07555,SUP10,2025-06-12,2025-06-27,2025-06-27,60,On-Time
DEL-07556,PO-07556,SUP05,2025-06-12,2025-06-20,2025-06-19,150,On-Time
DEL-07557,PO-07557,SUP15,2025-06-12,2025-06-19,2025-06-20,200,Delayed
DEL-07558,PO-07558,SUP14,2025-06-12,2025-06-24,2025-06-30,50,Delayed
DEL-07559,PO-07559,SUP09,2025-06-12,2025-06-19,2025-06-19,200,On-Time
DEL-07560,PO-07560,SUP15,2025-06-12,2025-06-20,2025-06-23,200,Delayed
DEL-07561,PO-07561,SUP04,2025-06-12,2025-06-20,2025-06-18,40,On-Time
DEL-07562,PO-07562,SUP05,2025-06-12,2025-06-18,2025-06-18,300,On-Time
DEL-07563,PO-07563,SUP08,2025-06-12,2025-06-21,2025-06-21,500,On-Time
DEL-07564,PO-07564,SUP15,2025-06-12,2025-06-20,2025-06-20,300,On-Time
DEL-07565,PO-07565,SUP09,2025-06-12,2025-06-17,2025-06-17,400,On-Time
DEL-07566,PO-07566,SUP09,2025-06-13,2025-06-21,2025-06-21,200,On-Time
DEL-07567,PO-07567,SUP09,2025-06-13,2025-06-22,2025-06-22,80,On-Time
DEL-07568,PO-07568,SUP10,2025-06-13,2025-06-28,2025-06-28,100,On-Time
DEL-07569,PO-07569,SUP15,2025-06-13,2025-06-27,2025-07-03,100,Delayed
DEL-07570,PO-07570,SUP15,2025-06-13,2025-06-27,2025-06-27,500,On-Time
DEL-07571,PO-07571,SUP06,2025-06-13,2025-07-05,2025-07-05,20,On-Time
DEL-07572,PO-07572,SUP05,2025-06-13,2025-06-20,2025-06-19,250,On-Time
DEL-07573,PO-07573,SUP07,2025-06-13,2025-07-01,2025-06-30,30,On-Time
DEL-07574,PO-07574,SUP08,2025-06-13,2025-06-23,2025-06-23,200,On-Time
DEL-07575,PO-07575,SUP07,2025-06-13,2025-06-27,2025-06-30,100,Delayed
DEL-07576,PO-07576,SUP15,2025-06-13,2025-06-21,2025-06-21,150,On-Time
DEL-07577,PO-07577,SUP09,2025-06-13,2025-06-20,2025-06-18,150,On-Time
DEL-07578,PO-07578,SUP15,2025-06-13,2025-06-28,2025-06-28,40,On-Time
DEL-07579,PO-07579,SUP13,2025-06-13,2025-06-23,2025-06-23,80,On-Time
DEL-07580,PO-07580,SUP11,2025-06-13,2025-07-01,2025-07-01,60,On-Time
DEL-07581,PO-07581,SUP06,2025-06-13,2025-06-23,2025-06-23,150,On-Time
DEL-07582,PO-07582,SUP09,2025-06-13,2025-06-20,2025-06-20,300,On-Time
DEL-07583,PO-07583,SUP06,2025-06-14,2025-06-28,2025-06-28,150,On-Time
DEL-07584,PO-07584,SUP15,2025-06-14,2025-06-28,2025-06-28,15,On-Time
DEL-07585,PO-07585,SUP08,2025-06-14,2025-06-29,2025-07-08,50,Delayed
DEL-07586,PO-07586,SUP14,2025-06-14,2025-06-21,2025-06-21,300,On-Time
DEL-07587,PO-07587,SUP05,2025-06-14,2025-06-19,2025-06-19,150,On-Time
DEL-07588,PO-07588,SUP06,2025-06-14,2025-06-28,2025-06-28,80,On-Time
DEL-07589,PO-07589,SUP14,2025-06-14,2025-06-21,2025-06-25,200,Delayed
DEL-07590,PO-07590,SUP12,2025-06-14,2025-06-28,2025-06-28,15,On-Time
DEL-07591,PO-07591,SUP07,2025-06-14,2025-06-29,2025-06-29,50,On-Time
DEL-07592,PO-07592,SUP14,2025-06-14,2025-06-22,2025-06-22,40,On-Time
DEL-07593,PO-07593,SUP11,2025-06-15,2025-06-29,2025-06-28,250,On-Time
DEL-07594,PO-07594,SUP14,2025-06-15,2025-06-29,2025-06-29,40,On-Time
DEL-07595,PO-07595,SUP02,2025-06-15,2025-07-03,2025-07-10,80,Delayed
DEL-07596,PO-07596,SUP14,2025-06-15,2025-06-26,2025-06-26,300,On-Time
DEL-07597,PO-07597,SUP15,2025-06-15,2025-07-05,2025-07-10,50,Delayed
DEL-07598,PO-07598,SUP09,2025-06-15,2025-06-20,2025-06-20,300,On-Time
DEL-07599,PO-07599,SUP08,2025-06-15,2025-06-24,2025-06-24,150,On-Time
DEL-07600,PO-07600,SUP01,2025-06-15,2025-06-29,2025-06-28,60,On-Time
DEL-07601,PO-07601,SUP15,2025-06-15,2025-06-29,2025-06-29,500,On-Time
DEL-07602,PO-07602,SUP06,2025-06-15,2025-06-29,2025-06-29,80,On-Time
DEL-07603,PO-07603,SUP13,2025-06-15,2025-06-23,2025-06-23,80,On-Time
DEL-07604,PO-07604,SUP09,2025-06-15,2025-06-21,2025-06-19,250,On-Time
DEL-07605,PO-07605,SUP15,2025-06-15,2025-06-20,2025-06-26,500,Delayed
DEL-07606,PO-07606,SUP03,2025-06-15,2025-07-03,2025-07-03,40,On-Time
DEL-07607,PO-07607,SUP05,2025-06-15,2025-06-21,2025-06-21,500,On-Time
DEL-07608,PO-07608,SUP06,2025-06-16,2025-06-28,2025-06-28,250,On-Time
DEL-07609,PO-07609,SUP14,2025-06-16,2025-06-27,2025-06-27,150,On-Time
DEL-07610,PO-07610,SUP15,2025-06-16,2025-06-26,2025-06-26,120,On-Time
DEL-07611,PO-07611,SUP05,2025-06-16,2025-06-23,2025-06-23,100,On-Time
DEL-07612,PO-07612,SUP02,2025-06-16,2025-06-28,2025-06-28,200,On-Time
DEL-07613,PO-07613,SUP15,2025-06-16,2025-06-30,2025-06-30,400,On-Time
DEL-07614,PO-07614,SUP09,2025-06-16,2025-06-24,2025-06-22,100,On-Time
DEL-07615,PO-07615,SUP15,2025-06-16,2025-06-26,2025-06-26,120,On-Time
DEL-07616,PO-07616,SUP04,2025-06-16,2025-06-28,2025-06-28,200,On-Time
DEL-07617,PO-07617,SUP05,2025-06-16,2025-06-23,2025-06-23,300,On-Time
DEL-07618,PO-07618,SUP08,2025-06-16,2025-06-26,2025-06-26,400,On-Time
DEL-07619,PO-07619,SUP10,2025-06-16,2025-06-25,2025-06-27,300,Delayed
DEL-07620,PO-07620,SUP14,2025-06-16,2025-06-26,2025-06-26,100,On-Time
DEL-07621,PO-07621,SUP08,2025-06-17,2025-06-24,2025-06-24,250,On-Time
DEL-07622,PO-07622,SUP03,2025-06-17,2025-06-26,2025-06-26,100,On-Time
DEL-07623,PO-07623,SUP12,2025-06-17,2025-07-03,2025-07-03,30,On-Time
DEL-07624,PO-07624,SUP14,2025-06-17,2025-06-22,2025-06-22,200,On-Time
DEL-07625,PO-07625,SUP15,2025-06-17,2025-06-25,2025-06-25,120,On-Time
DEL-07626,PO-07626,SUP08,2025-06-17,2025-06-29,2025-06-29,40,On-Time
DEL-07627,PO-07627,SUP11,2025-06-17,2025-06-24,2025-06-24,200,On-Time
DEL-07628,PO-07628,SUP15,2025-06-17,2025-06-24,2025-06-24,150,On-Time
DEL-07629,PO-07629,SUP02,2025-06-17,2025-07-05,2025-07-05,120,On-Time
DEL-07630,PO-07630,SUP01,2025-06-17,2025-06-24,2025-06-24,200,On-Time
DEL-07631,PO-07631,SUP01,2025-06-17,2025-07-15,2025-07-15,15,On-Time
DEL-07632,PO-07632,SUP14,2025-06-17,2025-06-25,2025-06-25,60,On-Time
DEL-07633,PO-07633,SUP09,2025-06-17,2025-06-27,2025-06-27,80,On-Time
DEL-07634,PO-07634,SUP09,2025-06-18,2025-06-24,2025-06-24,150,On-Time
DEL-07635,PO-07635,SUP15,2025-06-18,2025-06-28,2025-06-30,500,Delayed
DEL-07636,PO-07636,SUP14,2025-06-18,2025-06-25,2025-06-25,300,On-Time
DEL-07637,PO-07637,SUP08,2025-06-18,2025-06-26,2025-06-30,40,Delayed
DEL-07638,PO-07638,SUP04,2025-06-18,2025-07-02,2025-07-01,200,On-Time
DEL-07639,PO-07639,SUP15,2025-06-18,2025-06-24,2025-06-25,400,Delayed
DEL-07640,PO-07640,SUP15,2025-06-18,2025-06-24,2025-06-24,300,On-Time
DEL-07641,PO-07641,SUP15,2025-06-18,2025-06-30,2025-07-02,150,Delayed
DEL-07642,PO-07642,SUP15,2025-06-18,2025-06-24,2025-06-24,300,On-Time
DEL-07643,PO-07643,SUP05,2025-06-19,2025-06-24,2025-06-24,200,On-Time
DEL-07644,PO-07644,SUP12,2025-06-19,2025-07-04,2025-07-02,50,On-Time
DEL-07645,PO-07645,SUP12,2025-06-19,2025-06-26,2025-06-26,300,On-Time
DEL-07646,PO-07646,SUP14,2025-06-19,2025-06-25,2025-06-25,200,On-Time
DEL-07647,PO-07647,SUP01,2025-06-19,2025-07-07,2025-07-17,100,Delayed
DEL-07648,PO-07648,SUP08,2025-06-19,2025-07-03,2025-07-18,15,Delayed
DEL-07649,PO-07649,SUP14,2025-06-19,2025-06-25,2025-06-30,300,Delayed
DEL-07650,PO-07650,SUP02,2025-06-19,2025-06-27,2025-06-27,120,On-Time
DEL-07651,PO-07651,SUP04,2025-06-19,2025-07-03,2025-07-03,80,On-Time
DEL-07652,PO-07652,SUP01,2025-06-19,2025-07-11,2025-07-11,10,On-Time
DEL-07653,PO-07653,SUP15,2025-06-19,2025-07-01,2025-07-05,150,Delayed
DEL-07654,PO-07654,SUP03,2025-06-19,2025-07-05,2025-07-05,40,On-Time
DEL-07655,PO-07655,SUP05,2025-06-19,2025-06-27,2025-06-27,500,On-Time
DEL-07656,PO-07656,SUP14,2025-06-19,2025-06-26,2025-06-26,200,On-Time
DEL-07657,PO-07657,SUP15,2025-06-20,2025-06-28,2025-06-27,50,On-Time
DEL-07658,PO-07658,SUP08,2025-06-20,2025-06-29,2025-06-29,300,On-Time
DEL-07659,PO-07659,SUP05,2025-06-20,2025-06-25,2025-06-25,500,On-Time
DEL-07660,PO-07660,SUP15,2025-06-20,2025-06-29,2025-06-27,100,On-Time
DEL-07661,PO-07661,SUP02,2025-06-20,2025-06-27,2025-06-27,100,On-Time
DEL-07662,PO-07662,SUP14,2025-06-20,2025-06-27,2025-06-27,150,On-Time
DEL-07663,PO-07663,SUP04,2025-06-20,2025-07-01,2025-06-30,300,On-Time
DEL-07664,PO-07664,SUP05,2025-06-20,2025-06-27,2025-06-27,200,On-Time
DEL-07665,PO-07665,SUP12,2025-06-20,2025-07-06,2025-07-06,10,On-Time
DEL-07666,PO-07666,SUP14,2025-06-20,2025-06-30,2025-07-02,40,Delayed
DEL-07667,PO-07667,SUP15,2025-06-20,2025-06-30,2025-07-01,60,Delayed
DEL-07668,PO-07668,SUP15,2025-06-20,2025-06-26,2025-06-26,400,On-Time
DEL-07669,PO-07669,SUP15,2025-06-20,2025-07-04,2025-07-05,100,Delayed
DEL-07670,PO-07670,SUP08,2025-06-20,2025-06-27,2025-06-25,250,On-Time
DEL-07671,PO-07671,SUP01,2025-06-20,2025-07-06,2025-07-06,15,On-Time
DEL-07672,PO-07672,SUP14,2025-06-20,2025-06-27,2025-06-27,500,On-Time
DEL-07673,PO-07673,SUP13,2025-06-20,2025-07-02,2025-07-09,200,Delayed
DEL-07674,PO-07674,SUP02,2025-06-20,2025-07-05,2025-07-05,60,On-Time
DEL-07675,PO-07675,SUP06,2025-06-20,2025-07-02,2025-07-02,100,On-Time
DEL-07676,PO-07676,SUP03,2025-06-20,2025-07-02,2025-07-02,60,On-Time
DEL-07677,PO-07677,SUP09,2025-06-20,2025-06-26,2025-06-24,200,On-Time
DEL-07678,PO-07678,SUP01,2025-06-21,2025-06-28,2025-06-28,500,On-Time
DEL-07679,PO-07679,SUP09,2025-06-21,2025-06-26,2025-06-27,200,Delayed
DEL-07680,PO-07680,SUP06,2025-06-21,2025-06-29,2025-06-29,50,On-Time
DEL-07681,PO-07681,SUP05,2025-06-21,2025-06-30,2025-06-30,80,On-Time
DEL-07682,PO-07682,SUP15,2025-06-21,2025-07-06,2025-07-08,40,Delayed
DEL-07683,PO-07683,SUP01,2025-06-21,2025-07-16,2025-07-16,30,On-Time
DEL-07684,PO-07684,SUP14,2025-06-21,2025-07-11,2025-07-11,10,On-Time
DEL-07685,PO-07685,SUP06,2025-06-21,2025-07-09,2025-07-09,50,On-Time
DEL-07686,PO-07686,SUP04,2025-06-21,2025-07-02,2025-07-02,300,On-Time
DEL-07687,PO-07687,SUP01,2025-06-21,2025-07-07,2025-07-07,50,On-Time
DEL-07688,PO-07688,SUP15,2025-06-21,2025-07-19,2025-07-18,10,On-Time
DEL-07689,PO-07689,SUP06,2025-06-21,2025-07-11,2025-07-11,60,On-Time
DEL-07690,PO-07690,SUP01,2025-06-21,2025-07-01,2025-07-01,200,On-Time
DEL-07691,PO-07691,SUP11,2025-06-21,2025-07-03,2025-07-05,500,Delayed
DEL-07692,PO-07692,SUP10,2025-06-21,2025-07-05,2025-07-06,100,Delayed
DEL-07693,PO-07693,SUP07,2025-06-21,2025-07-06,2025-07-04,50,On-Time
DEL-07694,PO-07694,SUP08,2025-06-21,2025-07-05,2025-07-04,50,On-Time
DEL-07695,PO-07695,SUP03,2025-06-21,2025-07-07,2025-07-07,60,On-Time
DEL-07696,PO-07696,SUP08,2025-06-21,2025-07-07,2025-07-07,20,On-Time
DEL-07697,PO-07697,SUP14,2025-06-22,2025-06-30,2025-06-30,120,On-Time
DEL-07698,PO-07698,SUP04,2025-06-22,2025-07-03,2025-07-02,500,On-Time
DEL-07699,PO-07699,SUP15,2025-06-22,2025-06-29,2025-06-29,250,On-Time
DEL-07700,PO-07700,SUP03,2025-06-22,2025-07-01,2025-07-01,300,On-Time
DEL-07701,PO-07701,SUP15,2025-06-22,2025-06-29,2025-07-08,400,Delayed
DEL-07702,PO-07702,SUP15,2025-06-22,2025-07-07,2025-07-07,100,On-Time
DEL-07703,PO-07703,SUP13,2025-06-22,2025-07-07,2025-07-07,50,On-Time
DEL-07704,PO-07704,SUP05,2025-06-22,2025-07-04,2025-07-03,100,On-Time
DEL-07705,PO-07705,SUP15,2025-06-22,2025-06-29,2025-06-29,500,On-Time
DEL-07706,PO-07706,SUP15,2025-06-23,2025-07-01,2025-07-01,100,On-Time
DEL-07707,PO-07707,SUP10,2025-06-23,2025-07-02,2025-07-01,400,On-Time
DEL-07708,PO-07708,SUP03,2025-06-23,2025-07-03,2025-07-03,250,On-Time
DEL-07709,PO-07709,SUP14,2025-06-23,2025-07-01,2025-07-01,100,On-Time
DEL-07710,PO-07710,SUP10,2025-06-23,2025-07-03,2025-07-03,100,On-Time
DEL-07711,PO-07711,SUP05,2025-06-23,2025-06-29,2025-06-29,250,On-Time
DEL-07712,PO-07712,SUP02,2025-06-23,2025-07-07,2025-07-07,400,On-Time
DEL-07713,PO-07713,SUP14,2025-06-23,2025-06-28,2025-06-28,250,On-Time
DEL-07714,PO-07714,SUP15,2025-06-23,2025-06-29,2025-06-29,150,On-Time
DEL-07715,PO-07715,SUP15,2025-06-23,2025-07-05,2025-07-08,40,Delayed
DEL-07716,PO-07716,SUP09,2025-06-23,2025-06-30,2025-06-30,300,On-Time
DEL-07717,PO-07717,SUP14,2025-06-23,2025-07-07,2025-07-07,250,On-Time
DEL-07718,PO-07718,SUP02,2025-06-23,2025-07-07,2025-07-07,200,On-Time
DEL-07719,PO-07719,SUP08,2025-06-23,2025-06-30,2025-06-28,200,On-Time
DEL-07720,PO-07720,SUP02,2025-06-23,2025-07-03,2025-07-03,100,On-Time
DEL-07721,PO-07721,SUP06,2025-06-23,2025-07-11,2025-07-09,120,On-Time
DEL-07722,PO-07722,SUP14,2025-06-23,2025-06-30,2025-06-30,200,On-Time
DEL-07723,PO-07723,SUP06,2025-06-23,2025-07-05,2025-07-05,400,On-Time
DEL-07724,PO-07724,SUP11,2025-06-23,2025-07-07,2025-07-12,400,Delayed
DEL-07725,PO-07725,SUP04,2025-06-24,2025-07-08,2025-07-08,500,On-Time
DEL-07726,PO-07726,SUP01,2025-06-24,2025-07-01,2025-07-01,500,On-Time
DEL-07727,PO-07727,SUP15,2025-06-24,2025-07-01,2025-07-01,200,On-Time
DEL-07728,PO-07728,SUP02,2025-06-24,2025-07-01,2025-07-01,300,On-Time
DEL-07729,PO-07729,SUP06,2025-06-24,2025-07-15,2025-07-15,80,On-Time
DEL-07730,PO-07730,SUP10,2025-06-24,2025-07-09,2025-07-09,100,On-Time
DEL-07731,PO-07731,SUP14,2025-06-24,2025-07-03,2025-07-03,50,On-Time
DEL-07732,PO-07732,SUP13,2025-06-24,2025-07-09,2025-07-09,50,On-Time
DEL-07733,PO-07733,SUP01,2025-06-24,2025-07-04,2025-07-03,150,On-Time
DEL-07734,PO-07734,SUP08,2025-06-24,2025-07-12,2025-07-11,100,On-Time
DEL-07735,PO-07735,SUP10,2025-06-24,2025-07-04,2025-07-04,150,On-Time
DEL-07736,PO-07736,SUP05,2025-06-24,2025-07-01,2025-07-01,100,On-Time
DEL-07737,PO-07737,SUP08,2025-06-24,2025-07-12,2025-07-12,30,On-Time
DEL-07738,PO-07738,SUP13,2025-06-24,2025-07-08,2025-07-14,250,Delayed
DEL-07739,PO-07739,SUP15,2025-06-24,2025-07-06,2025-07-06,100,On-Time
DEL-07740,PO-07740,SUP15,2025-06-24,2025-07-06,2025-07-11,500,Delayed
DEL-07741,PO-07741,SUP11,2025-06-25,2025-07-02,2025-07-02,200,On-Time
DEL-07742,PO-07742,SUP04,2025-06-25,2025-07-05,2025-07-05,50,On-Time
DEL-07743,PO-07743,SUP14,2025-06-25,2025-07-05,2025-07-05,100,On-Time
DEL-07744,PO-07744,SUP09,2025-06-25,2025-07-07,2025-07-07,120,On-Time
DEL-07745,PO-07745,SUP15,2025-06-25,2025-06-30,2025-06-30,400,On-Time
DEL-07746,PO-07746,SUP06,2025-06-25,2025-07-07,2025-07-20,40,Delayed
DEL-07747,PO-07747,SUP15,2025-06-25,2025-07-01,2025-07-01,300,On-Time
DEL-07748,PO-07748,SUP15,2025-06-25,2025-06-30,2025-06-30,400,On-Time
DEL-07749,PO-07749,SUP08,2025-06-25,2025-07-11,2025-07-10,80,On-Time
DEL-07750,PO-07750,SUP13,2025-06-25,2025-07-07,2025-07-07,150,On-Time
DEL-07751,PO-07751,SUP06,2025-06-25,2025-07-04,2025-07-04,100,On-Time
DEL-07752,PO-07752,SUP01,2025-06-25,2025-07-11,2025-07-11,50,On-Time
DEL-07753,PO-07753,SUP14,2025-06-25,2025-07-06,2025-07-17,250,Delayed
DEL-07754,PO-07754,SUP15,2025-06-25,2025-07-05,2025-07-03,250,On-Time
DEL-07755,PO-07755,SUP14,2025-06-25,2025-07-03,2025-07-02,300,On-Time
DEL-07756,PO-07756,SUP15,2025-06-25,2025-07-09,2025-07-09,400,On-Time
DEL-07757,PO-07757,SUP02,2025-06-26,2025-07-06,2025-07-06,100,On-Time
DEL-07758,PO-07758,SUP09,2025-06-26,2025-07-03,2025-07-10,150,Delayed
DEL-07759,PO-07759,SUP11,2025-06-26,2025-07-03,2025-07-03,400,On-Time
DEL-07760,PO-07760,SUP01,2025-06-26,2025-07-17,2025-07-17,60,On-Time
DEL-07761,PO-07761,SUP09,2025-06-26,2025-07-04,2025-07-04,500,On-Time
DEL-07762,PO-07762,SUP14,2025-06-26,2025-07-06,2025-07-06,40,On-Time
DEL-07763,PO-07763,SUP06,2025-06-26,2025-07-06,2025-07-06,150,On-Time
DEL-07764,PO-07764,SUP15,2025-06-26,2025-07-04,2025-07-04,250,On-Time
DEL-07765,PO-07765,SUP01,2025-06-26,2025-07-14,2025-07-14,120,On-Time
DEL-07766,PO-07766,SUP15,2025-06-26,2025-07-04,2025-07-03,400,On-Time
DEL-07767,PO-07767,SUP15,2025-06-26,2025-07-04,2025-07-04,80,On-Time
DEL-07768,PO-07768,SUP14,2025-06-26,2025-07-01,2025-07-01,400,On-Time
DEL-07769,PO-07769,SUP10,2025-06-27,2025-07-25,2025-07-25,10,On-Time
DEL-07770,PO-07770,SUP03,2025-06-27,2025-07-12,2025-07-12,100,On-Time
DEL-07771,PO-07771,SUP02,2025-06-27,2025-07-07,2025-07-06,400,On-Time
DEL-07772,PO-07772,SUP15,2025-06-27,2025-07-09,2025-07-10,150,Delayed
DEL-07773,PO-07773,SUP06,2025-06-27,2025-07-19,2025-07-19,10,On-Time
DEL-07774,PO-07774,SUP01,2025-06-27,2025-07-07,2025-07-07,250,On-Time
DEL-07775,PO-07775,SUP06,2025-06-27,2025-07-15,2025-07-13,80,On-Time
DEL-07776,PO-07776,SUP09,2025-06-27,2025-07-02,2025-07-02,250,On-Time
DEL-07777,PO-07777,SUP05,2025-06-27,2025-07-05,2025-07-05,150,On-Time
DEL-07778,PO-07778,SUP14,2025-06-27,2025-07-04,2025-07-07,300,Delayed
DEL-07779,PO-07779,SUP14,2025-06-27,2025-07-04,2025-07-06,250,Delayed
DEL-07780,PO-07780,SUP15,2025-06-27,2025-07-05,2025-07-05,60,On-Time
DEL-07781,PO-07781,SUP15,2025-06-28,2025-07-18,2025-07-18,50,On-Time
DEL-07782,PO-07782,SUP06,2025-06-28,2025-07-08,2025-07-08,100,On-Time
DEL-07783,PO-07783,SUP09,2025-06-28,2025-07-05,2025-07-05,200,On-Time
DEL-07784,PO-07784,SUP15,2025-06-28,2025-07-04,2025-07-03,400,On-Time
DEL-07785,PO-07785,SUP06,2025-06-28,2025-07-19,2025-07-19,50,On-Time
DEL-07786,PO-07786,SUP03,2025-06-28,2025-07-07,2025-07-05,100,On-Time
DEL-07787,PO-07787,SUP14,2025-06-29,2025-07-04,2025-07-04,400,On-Time
DEL-07788,PO-07788,SUP09,2025-06-29,2025-07-08,2025-07-08,40,On-Time
DEL-07789,PO-07789,SUP09,2025-06-29,2025-07-06,2025-07-07,300,Delayed
DEL-07790,PO-07790,SUP04,2025-06-29,2025-07-13,2025-07-12,250,On-Time
DEL-07791,PO-07791,SUP06,2025-06-29,2025-07-07,2025-07-07,50,On-Time
DEL-07792,PO-07792,SUP06,2025-06-29,2025-07-09,2025-07-09,200,On-Time
DEL-07793,PO-07793,SUP05,2025-06-29,2025-07-05,2025-07-05,300,On-Time
DEL-07794,PO-07794,SUP14,2025-06-29,2025-07-08,2025-07-08,60,On-Time
DEL-07795,PO-07795,SUP06,2025-06-29,2025-07-27,2025-07-27,15,On-Time
DEL-07796,PO-07796,SUP07,2025-06-29,2025-07-15,2025-07-24,15,Delayed
DEL-07797,PO-07797,SUP14,2025-06-29,2025-07-07,2025-07-07,250,On-Time
DEL-07798,PO-07798,SUP15,2025-06-29,2025-07-09,2025-07-09,60,On-Time
DEL-07799,PO-07799,SUP06,2025-06-29,2025-07-13,2025-07-13,200,On-Time
DEL-07800,PO-07800,SUP14,2025-06-29,2025-07-04,2025-07-04,200,On-Time
DEL-07801,PO-07801,SUP15,2025-06-29,2025-07-04,2025-07-04,100,On-Time
DEL-07802,PO-07802,SUP01,2025-06-29,2025-07-09,2025-07-08,300,On-Time
DEL-07803,PO-07803,SUP01,2025-06-29,2025-07-11,2025-07-10,50,On-Time
DEL-07804,PO-07804,SUP15,2025-06-30,2025-07-16,2025-07-16,20,On-Time
DEL-07805,PO-07805,SUP03,2025-06-30,2025-07-18,2025-07-18,80,On-Time
DEL-07806,PO-07806,SUP11,2025-06-30,2025-07-07,2025-07-06,200,On-Time
DEL-07807,PO-07807,SUP07,2025-06-30,2025-07-11,2025-07-13,250,Delayed
DEL-07808,PO-07808,SUP07,2025-06-30,2025-07-08,2025-07-10,50,Delayed
DEL-07809,PO-07809,SUP14,2025-06-30,2025-07-09,2025-07-09,60,On-Time
DEL-07810,PO-07810,SUP14,2025-06-30,2025-07-05,2025-07-05,150,On-Time
DEL-07811,PO-07811,SUP05,2025-06-30,2025-07-07,2025-07-07,250,On-Time
DEL-07812,PO-07812,SUP15,2025-06-30,2025-07-08,2025-07-08,100,On-Time
DEL-07813,PO-07813,SUP13,2025-06-30,2025-07-12,2025-07-16,100,Delayed
DEL-07814,PO-07814,SUP15,2025-06-30,2025-07-15,2025-07-15,60,On-Time
DEL-07815,PO-07815,SUP09,2025-06-30,2025-07-06,2025-07-08,300,Delayed
DEL-07816,PO-07816,SUP14,2025-06-30,2025-07-14,2025-07-14,400,On-Time
DEL-07817,PO-07817,SUP07,2025-06-30,2025-07-14,2025-07-14,200,On-Time
DEL-07818,PO-07818,SUP15,2025-06-30,2025-07-08,2025-07-08,200,On-Time
DEL-07819,PO-07819,SUP13,2025-06-30,2025-07-14,2025-07-20,100,Delayed
DEL-07820,PO-07820,SUP07,2025-06-30,2025-07-11,2025-07-11,200,On-Time
DEL-07821,PO-07821,SUP01,2025-06-30,2025-07-12,2025-07-10,400,On-Time
DEL-07822,PO-07822,SUP09,2025-06-30,2025-07-05,2025-07-04,100,On-Time
DEL-07823,PO-07823,SUP02,2025-07-01,2025-07-16,2025-07-16,60,On-Time
DEL-07824,PO-07824,SUP09,2025-07-01,2025-07-07,2025-07-16,250,Delayed
DEL-07825,PO-07825,SUP04,2025-07-01,2025-07-15,2025-07-15,250,On-Time
DEL-07826,PO-07826,SUP14,2025-07-01,2025-07-15,2025-07-15,300,On-Time
DEL-07827,PO-07827,SUP10,2025-07-01,2025-07-11,2025-07-11,250,On-Time
DEL-07828,PO-07828,SUP05,2025-07-01,2025-07-06,2025-07-06,100,On-Time
DEL-07829,PO-07829,SUP15,2025-07-01,2025-07-08,2025-07-08,400,On-Time
DEL-07830,PO-07830,SUP02,2025-07-01,2025-07-11,2025-07-11,100,On-Time
DEL-07831,PO-07831,SUP01,2025-07-01,2025-07-19,2025-07-19,60,On-Time
DEL-07832,PO-07832,SUP02,2025-07-01,2025-07-22,2025-07-22,80,On-Time
DEL-07833,PO-07833,SUP14,2025-07-01,2025-07-16,2025-07-16,100,On-Time
DEL-07834,PO-07834,SUP06,2025-07-01,2025-07-11,2025-07-10,150,On-Time
DEL-07835,PO-07835,SUP08,2025-07-01,2025-07-09,2025-07-08,100,On-Time
DEL-07836,PO-07836,SUP05,2025-07-02,2025-07-09,2025-07-09,250,On-Time
DEL-07837,PO-07837,SUP14,2025-07-02,2025-07-09,2025-07-09,150,On-Time
DEL-07838,PO-07838,SUP10,2025-07-02,2025-07-14,2025-07-12,50,On-Time
DEL-07839,PO-07839,SUP15,2025-07-02,2025-07-20,2025-07-20,40,On-Time
DEL-07840,PO-07840,SUP08,2025-07-02,2025-07-11,2025-07-11,200,On-Time
DEL-07841,PO-07841,SUP14,2025-07-02,2025-07-07,2025-07-10,200,Delayed
DEL-07842,PO-07842,SUP02,2025-07-02,2025-07-14,2025-07-14,400,On-Time
DEL-07843,PO-07843,SUP01,2025-07-02,2025-07-18,2025-07-18,60,On-Time
DEL-07844,PO-07844,SUP08,2025-07-02,2025-07-10,2025-07-10,40,On-Time
DEL-07845,PO-07845,SUP06,2025-07-02,2025-07-14,2025-07-14,200,On-Time
DEL-07846,PO-07846,SUP01,2025-07-02,2025-07-12,2025-07-12,300,On-Time
DEL-07847,PO-07847,SUP06,2025-07-02,2025-07-18,2025-07-17,80,On-Time
DEL-07848,PO-07848,SUP15,2025-07-02,2025-07-10,2025-07-09,60,On-Time
DEL-07849,PO-07849,SUP11,2025-07-02,2025-07-23,2025-07-23,60,On-Time
DEL-07850,PO-07850,SUP13,2025-07-03,2025-07-11,2025-07-14,100,Delayed
DEL-07851,PO-07851,SUP01,2025-07-03,2025-07-10,2025-07-10,150,On-Time
DEL-07852,PO-07852,SUP15,2025-07-03,2025-07-18,2025-07-18,40,On-Time
DEL-07853,PO-07853,SUP07,2025-07-03,2025-07-11,2025-07-11,60,On-Time
DEL-07854,PO-07854,SUP09,2025-07-03,2025-07-11,2025-07-11,200,On-Time
DEL-07855,PO-07855,SUP14,2025-07-03,2025-07-08,2025-07-08,400,On-Time
DEL-07856,PO-07856,SUP05,2025-07-03,2025-07-08,2025-07-06,300,On-Time
DEL-07857,PO-07857,SUP15,2025-07-03,2025-07-08,2025-07-07,400,On-Time
DEL-07858,PO-07858,SUP04,2025-07-03,2025-07-21,2025-07-21,20,On-Time
DEL-07859,PO-07859,SUP15,2025-07-03,2025-07-18,2025-07-18,60,On-Time
DEL-07860,PO-07860,SUP05,2025-07-03,2025-07-10,2025-07-10,100,On-Time
DEL-07861,PO-07861,SUP14,2025-07-03,2025-07-13,2025-07-13,60,On-Time
DEL-07862,PO-07862,SUP05,2025-07-03,2025-07-10,2025-07-10,200,On-Time
DEL-07863,PO-07863,SUP01,2025-07-03,2025-07-28,2025-07-28,40,On-Time
DEL-07864,PO-07864,SUP01,2025-07-03,2025-07-23,2025-07-23,80,On-Time
DEL-07865,PO-07865,SUP09,2025-07-03,2025-07-11,2025-07-11,500,On-Time
DEL-07866,PO-07866,SUP01,2025-07-03,2025-07-21,2025-07-21,100,On-Time
DEL-07867,PO-07867,SUP04,2025-07-03,2025-07-14,2025-07-14,150,On-Time
DEL-07868,PO-07868,SUP15,2025-07-03,2025-07-15,2025-07-21,100,Delayed
DEL-07869,PO-07869,SUP07,2025-07-03,2025-07-17,2025-07-17,150,On-Time
DEL-07870,PO-07870,SUP05,2025-07-04,2025-07-12,2025-07-12,300,On-Time
DEL-07871,PO-07871,SUP15,2025-07-04,2025-07-19,2025-07-18,50,On-Time
DEL-07872,PO-07872,SUP07,2025-07-04,2025-07-16,2025-07-16,500,On-Time
DEL-07873,PO-07873,SUP15,2025-07-04,2025-07-16,2025-07-14,150,On-Time
DEL-07874,PO-07874,SUP11,2025-07-04,2025-07-22,2025-07-22,80,On-Time
DEL-07875,PO-07875,SUP01,2025-07-04,2025-07-13,2025-07-13,300,On-Time
DEL-07876,PO-07876,SUP15,2025-07-04,2025-07-18,2025-07-18,150,On-Time
DEL-07877,PO-07877,SUP14,2025-07-04,2025-07-20,2025-07-20,40,On-Time
DEL-07878,PO-07878,SUP12,2025-07-04,2025-07-12,2025-07-10,100,On-Time
DEL-07879,PO-07879,SUP08,2025-07-04,2025-07-19,2025-07-19,60,On-Time
DEL-07880,PO-07880,SUP08,2025-07-04,2025-07-14,2025-07-13,100,On-Time
DEL-07881,PO-07881,SUP01,2025-07-04,2025-08-01,2025-08-01,30,On-Time
DEL-07882,PO-07882,SUP05,2025-07-04,2025-07-09,2025-07-13,400,Delayed
DEL-07883,PO-07883,SUP14,2025-07-04,2025-07-15,2025-07-15,200,On-Time
DEL-07884,PO-07884,SUP14,2025-07-04,2025-07-15,2025-07-15,300,On-Time
DEL-07885,PO-07885,SUP13,2025-07-04,2025-07-16,2025-07-15,200,On-Time
DEL-07886,PO-07886,SUP01,2025-07-04,2025-07-16,2025-07-16,100,On-Time
DEL-07887,PO-07887,SUP09,2025-07-04,2025-07-11,2025-07-12,200,Delayed
DEL-07888,PO-07888,SUP08,2025-07-04,2025-07-19,2025-07-19,120,On-Time
DEL-07889,PO-07889,SUP02,2025-07-04,2025-07-16,2025-07-16,150,On-Time
DEL-07890,PO-07890,SUP11,2025-07-04,2025-07-11,2025-07-11,200,On-Time
DEL-07891,PO-07891,SUP01,2025-07-05,2025-07-15,2025-07-15,250,On-Time
DEL-07892,PO-07892,SUP10,2025-07-05,2025-07-19,2025-07-18,60,On-Time
DEL-07893,PO-07893,SUP15,2025-07-05,2025-07-30,2025-07-30,30,On-Time
DEL-07894,PO-07894,SUP01,2025-07-05,2025-07-13,2025-07-13,60,On-Time
DEL-07895,PO-07895,SUP04,2025-07-05,2025-07-25,2025-07-25,40,On-Time
DEL-07896,PO-07896,SUP15,2025-07-05,2025-07-11,2025-07-11,100,On-Time
DEL-07897,PO-07897,SUP14,2025-07-05,2025-07-10,2025-07-10,300,On-Time
DEL-07898,PO-07898,SUP11,2025-07-05,2025-07-12,2025-07-12,500,On-Time
DEL-07899,PO-07899,SUP14,2025-07-05,2025-07-13,2025-07-13,120,On-Time
DEL-07900,PO-07900,SUP05,2025-07-05,2025-07-12,2025-07-12,300,On-Time
DEL-07901,PO-07901,SUP09,2025-07-06,2025-07-14,2025-07-17,500,Delayed
DEL-07902,PO-07902,SUP15,2025-07-06,2025-07-12,2025-07-12,300,On-Time
DEL-07903,PO-07903,SUP06,2025-07-06,2025-07-16,2025-07-16,400,On-Time
DEL-07904,PO-07904,SUP11,2025-07-06,2025-07-31,2025-07-31,20,On-Time
DEL-07905,PO-07905,SUP14,2025-07-06,2025-07-13,2025-07-13,100,On-Time
DEL-07906,PO-07906,SUP12,2025-07-06,2025-07-14,2025-07-13,300,On-Time
DEL-07907,PO-07907,SUP01,2025-07-06,2025-07-18,2025-07-18,250,On-Time
DEL-07908,PO-07908,SUP13,2025-07-06,2025-07-14,2025-07-14,50,On-Time
DEL-07909,PO-07909,SUP14,2025-07-06,2025-07-12,2025-07-24,250,Delayed
DEL-07910,PO-07910,SUP15,2025-07-06,2025-07-14,2025-07-14,200,On-Time
DEL-07911,PO-07911,SUP02,2025-07-06,2025-07-18,2025-07-18,200,On-Time
DEL-07912,PO-07912,SUP14,2025-07-07,2025-07-19,2025-07-19,50,On-Time
DEL-07913,PO-07913,SUP01,2025-07-07,2025-07-19,2025-07-19,300,On-Time
DEL-07914,PO-07914,SUP02,2025-07-07,2025-07-21,2025-07-20,400,On-Time
DEL-07915,PO-07915,SUP05,2025-07-07,2025-07-13,2025-07-11,400,On-Time
DEL-07916,PO-07916,SUP15,2025-07-07,2025-07-19,2025-07-19,250,On-Time
DEL-07917,PO-07917,SUP07,2025-07-07,2025-07-19,2025-07-19,500,On-Time
DEL-07918,PO-07918,SUP14,2025-07-07,2025-07-19,2025-07-19,300,On-Time
DEL-07919,PO-07919,SUP14,2025-07-07,2025-07-14,2025-07-14,100,On-Time
DEL-07920,PO-07920,SUP15,2025-07-07,2025-07-14,2025-07-14,500,On-Time
DEL-07921,PO-07921,SUP15,2025-07-07,2025-07-25,2025-07-24,80,On-Time
DEL-07922,PO-07922,SUP10,2025-07-07,2025-07-16,2025-07-16,250,On-Time
DEL-07923,PO-07923,SUP13,2025-07-07,2025-07-18,2025-07-18,100,On-Time
DEL-07924,PO-07924,SUP08,2025-07-07,2025-07-25,2025-07-25,20,On-Time
DEL-07925,PO-07925,SUP07,2025-07-07,2025-07-21,2025-07-21,250,On-Time
DEL-07926,PO-07926,SUP07,2025-07-07,2025-07-15,2025-07-15,120,On-Time
DEL-07927,PO-07927,SUP14,2025-07-07,2025-07-12,2025-07-12,500,On-Time
DEL-07928,PO-07928,SUP05,2025-07-07,2025-07-15,2025-07-15,100,On-Time
DEL-07929,PO-07929,SUP09,2025-07-07,2025-07-15,2025-07-16,500,Delayed
DEL-07930,PO-07930,SUP04,2025-07-07,2025-07-25,2025-07-24,20,On-Time
DEL-07931,PO-07931,SUP09,2025-07-07,2025-07-13,2025-07-13,500,On-Time
DEL-07932,PO-07932,SUP15,2025-07-08,2025-07-16,2025-07-27,100,Delayed
DEL-07933,PO-07933,SUP07,2025-07-08,2025-07-19,2025-07-19,400,On-Time
DEL-07934,PO-07934,SUP01,2025-07-08,2025-07-22,2025-07-22,40,On-Time
DEL-07935,PO-07935,SUP15,2025-07-08,2025-07-16,2025-07-16,300,On-Time
DEL-07936,PO-07936,SUP01,2025-07-08,2025-07-18,2025-07-17,500,On-Time
DEL-07937,PO-07937,SUP07,2025-07-08,2025-07-19,2025-07-22,500,Delayed
DEL-07938,PO-07938,SUP15,2025-07-08,2025-07-22,2025-07-22,500,On-Time
DEL-07939,PO-07939,SUP13,2025-07-08,2025-07-18,2025-07-18,40,On-Time
DEL-07940,PO-07940,SUP15,2025-07-08,2025-07-16,2025-07-16,300,On-Time
DEL-07941,PO-07941,SUP09,2025-07-08,2025-07-15,2025-07-15,200,On-Time
DEL-07942,PO-07942,SUP08,2025-07-08,2025-07-24,2025-07-24,80,On-Time
DEL-07943,PO-07943,SUP06,2025-07-09,2025-07-18,2025-07-17,100,On-Time
DEL-07944,PO-07944,SUP15,2025-07-09,2025-07-14,2025-07-14,100,On-Time
DEL-07945,PO-07945,SUP14,2025-07-09,2025-07-17,2025-07-16,100,On-Time
DEL-07946,PO-07946,SUP01,2025-07-09,2025-07-30,2025-07-30,100,On-Time
DEL-07947,PO-07947,SUP08,2025-07-09,2025-07-19,2025-07-19,150,On-Time
DEL-07948,PO-07948,SUP01,2025-07-09,2025-07-24,2025-07-24,60,On-Time
DEL-07949,PO-07949,SUP05,2025-07-09,2025-07-17,2025-07-17,150,On-Time
DEL-07950,PO-07950,SUP05,2025-07-09,2025-07-15,2025-07-15,250,On-Time
DEL-07951,PO-07951,SUP14,2025-07-09,2025-07-14,2025-07-29,500,Delayed
DEL-07952,PO-07952,SUP15,2025-07-09,2025-07-25,2025-07-25,20,On-Time
DEL-07953,PO-07953,SUP15,2025-07-09,2025-07-21,2025-07-21,400,On-Time
DEL-07954,PO-07954,SUP14,2025-07-09,2025-07-15,2025-07-15,500,On-Time
DEL-07955,PO-07955,SUP08,2025-07-09,2025-07-19,2025-07-18,80,On-Time
DEL-07956,PO-07956,SUP15,2025-07-09,2025-07-16,2025-07-23,300,Delayed
DEL-07957,PO-07957,SUP15,2025-07-09,2025-07-15,2025-07-15,200,On-Time
DEL-07958,PO-07958,SUP09,2025-07-09,2025-07-16,2025-07-16,400,On-Time
DEL-07959,PO-07959,SUP15,2025-07-09,2025-07-17,2025-07-17,120,On-Time
DEL-07960,PO-07960,SUP15,2025-07-09,2025-07-20,2025-07-24,250,Delayed
DEL-07961,PO-07961,SUP11,2025-07-10,2025-07-22,2025-07-22,400,On-Time
DEL-07962,PO-07962,SUP13,2025-07-10,2025-07-22,2025-07-22,100,On-Time
DEL-07963,PO-07963,SUP01,2025-07-10,2025-07-25,2025-07-25,120,On-Time
DEL-07964,PO-07964,SUP13,2025-07-10,2025-07-24,2025-07-24,100,On-Time
DEL-07965,PO-07965,SUP04,2025-07-10,2025-07-21,2025-07-21,300,On-Time
DEL-07966,PO-07966,SUP14,2025-07-10,2025-07-22,2025-07-22,60,On-Time
DEL-07967,PO-07967,SUP12,2025-07-10,2025-07-17,2025-07-16,250,On-Time
DEL-07968,PO-07968,SUP14,2025-07-10,2025-07-24,2025-07-24,300,On-Time
DEL-07969,PO-07969,SUP06,2025-07-10,2025-07-19,2025-07-19,400,On-Time
DEL-07970,PO-07970,SUP15,2025-07-10,2025-07-21,2025-07-26,300,Delayed
DEL-07971,PO-07971,SUP06,2025-07-10,2025-07-20,2025-07-20,400,On-Time
DEL-07972,PO-07972,SUP06,2025-07-10,2025-07-25,2025-07-25,80,On-Time
DEL-07973,PO-07973,SUP03,2025-07-10,2025-08-03,2025-08-03,10,On-Time
DEL-07974,PO-07974,SUP13,2025-07-10,2025-07-24,2025-07-24,150,On-Time
DEL-07975,PO-07975,SUP03,2025-07-10,2025-07-28,2025-07-28,60,On-Time
DEL-07976,PO-07976,SUP11,2025-07-11,2025-07-26,2025-07-26,40,On-Time
DEL-07977,PO-07977,SUP12,2025-07-11,2025-07-29,2025-07-29,20,On-Time
DEL-07978,PO-07978,SUP11,2025-07-11,2025-07-25,2025-07-25,250,On-Time
DEL-07979,PO-07979,SUP12,2025-07-11,2025-07-18,2025-07-20,400,Delayed
DEL-07980,PO-07980,SUP09,2025-07-11,2025-07-23,2025-07-23,100,On-Time
DEL-07981,PO-07981,SUP06,2025-07-11,2025-07-19,2025-07-19,120,On-Time
DEL-07982,PO-07982,SUP14,2025-07-11,2025-07-19,2025-07-19,100,On-Time
DEL-07983,PO-07983,SUP14,2025-07-11,2025-07-29,2025-07-29,15,On-Time
DEL-07984,PO-07984,SUP15,2025-07-11,2025-07-16,2025-07-16,400,On-Time
DEL-07985,PO-07985,SUP05,2025-07-11,2025-07-16,2025-07-16,150,On-Time
DEL-07986,PO-07986,SUP12,2025-07-11,2025-07-19,2025-07-19,250,On-Time
DEL-07987,PO-07987,SUP15,2025-07-11,2025-07-25,2025-07-25,300,On-Time
DEL-07988,PO-07988,SUP09,2025-07-11,2025-07-16,2025-07-16,400,On-Time
DEL-07989,PO-07989,SUP15,2025-07-11,2025-07-18,2025-07-18,150,On-Time
DEL-07990,PO-07990,SUP15,2025-07-11,2025-07-23,2025-07-23,100,On-Time
DEL-07991,PO-07991,SUP06,2025-07-11,2025-07-20,2025-07-20,150,On-Time
DEL-07992,PO-07992,SUP05,2025-07-11,2025-07-18,2025-07-18,100,On-Time
DEL-07993,PO-07993,SUP04,2025-07-11,2025-07-25,2025-07-25,200,On-Time
DEL-07994,PO-07994,SUP03,2025-07-11,2025-07-21,2025-07-21,150,On-Time
DEL-07995,PO-07995,SUP06,2025-07-11,2025-07-21,2025-07-21,250,On-Time
DEL-07996,PO-07996,SUP01,2025-07-11,2025-07-18,2025-07-18,250,On-Time
DEL-07997,PO-07997,SUP06,2025-07-11,2025-07-23,2025-07-23,80,On-Time
DEL-07998,PO-07998,SUP09,2025-07-12,2025-07-18,2025-07-18,300,On-Time
DEL-07999,PO-07999,SUP06,2025-07-12,2025-07-28,2025-07-28,120,On-Time
DEL-08000,PO-08000,SUP15,2025-07-12,2025-07-19,2025-07-23,100,Delayed
DEL-08001,PO-08001,SUP04,2025-07-12,2025-07-20,2025-07-20,60,On-Time
DEL-08002,PO-08002,SUP14,2025-07-12,2025-07-21,2025-07-21,50,On-Time
DEL-08003,PO-08003,SUP04,2025-07-12,2025-07-26,2025-07-29,60,Delayed
DEL-08004,PO-08004,SUP14,2025-07-12,2025-07-22,2025-07-22,40,On-Time
DEL-08005,PO-08005,SUP14,2025-07-12,2025-07-20,2025-07-20,100,On-Time
DEL-08006,PO-08006,SUP13,2025-07-12,2025-07-24,2025-07-24,500,On-Time
DEL-08007,PO-08007,SUP08,2025-07-12,2025-07-28,2025-07-31,10,Delayed
DEL-08008,PO-08008,SUP15,2025-07-12,2025-07-20,2025-07-21,400,Delayed
DEL-08009,PO-08009,SUP02,2025-07-12,2025-07-19,2025-07-17,100,On-Time
DEL-08010,PO-08010,SUP15,2025-07-12,2025-07-26,2025-07-26,40,On-Time
DEL-08011,PO-08011,SUP05,2025-07-12,2025-07-22,2025-07-22,120,On-Time
DEL-08012,PO-08012,SUP10,2025-07-12,2025-07-21,2025-07-21,400,On-Time
DEL-08013,PO-08013,SUP11,2025-07-12,2025-07-27,2025-07-26,120,On-Time
DEL-08014,PO-08014,SUP01,2025-07-12,2025-07-19,2025-07-19,100,On-Time
DEL-08015,PO-08015,SUP15,2025-07-13,2025-07-23,2025-07-23,50,On-Time
DEL-08016,PO-08016,SUP13,2025-07-13,2025-07-29,2025-07-29,15,On-Time
DEL-08017,PO-08017,SUP12,2025-07-13,2025-07-20,2025-07-20,200,On-Time
DEL-08018,PO-08018,SUP08,2025-07-13,2025-07-31,2025-07-31,100,On-Time
DEL-08019,PO-08019,SUP01,2025-07-13,2025-07-20,2025-07-20,400,On-Time
DEL-08020,PO-08020,SUP15,2025-07-13,2025-07-18,2025-07-18,250,On-Time
DEL-08021,PO-08021,SUP15,2025-07-13,2025-07-20,2025-07-20,200,On-Time
DEL-08022,PO-08022,SUP01,2025-07-13,2025-07-28,2025-07-28,60,On-Time
DEL-08023,PO-08023,SUP15,2025-07-13,2025-07-27,2025-07-27,200,On-Time
DEL-08024,PO-08024,SUP02,2025-07-13,2025-07-27,2025-07-29,500,Delayed
DEL-08025,PO-08025,SUP11,2025-07-13,2025-07-27,2025-07-25,500,On-Time
DEL-08026,PO-08026,SUP12,2025-07-13,2025-07-21,2025-07-21,150,On-Time
DEL-08027,PO-08027,SUP06,2025-07-13,2025-07-23,2025-07-23,100,On-Time
DEL-08028,PO-08028,SUP15,2025-07-13,2025-07-18,2025-07-18,150,On-Time
DEL-08029,PO-08029,SUP14,2025-07-13,2025-07-27,2025-07-27,150,On-Time
DEL-08030,PO-08030,SUP09,2025-07-13,2025-07-20,2025-07-20,150,On-Time
DEL-08031,PO-08031,SUP12,2025-07-13,2025-07-31,2025-07-31,40,On-Time
DEL-08032,PO-08032,SUP11,2025-07-13,2025-07-25,2025-07-25,300,On-Time
DEL-08033,PO-08033,SUP06,2025-07-13,2025-07-29,2025-07-29,40,On-Time
DEL-08034,PO-08034,SUP08,2025-07-13,2025-07-27,2025-07-25,30,On-Time
DEL-08035,PO-08035,SUP05,2025-07-13,2025-07-19,2025-07-19,200,On-Time
DEL-08036,PO-08036,SUP14,2025-07-14,2025-07-21,2025-07-21,200,On-Time
DEL-08037,PO-08037,SUP08,2025-07-14,2025-07-23,2025-07-23,150,On-Time
DEL-08038,PO-08038,SUP05,2025-07-14,2025-07-26,2025-07-26,120,On-Time
DEL-08039,PO-08039,SUP10,2025-07-14,2025-07-24,2025-07-25,500,Delayed
DEL-08040,PO-08040,SUP14,2025-07-14,2025-07-26,2025-07-26,500,On-Time
DEL-08041,PO-08041,SUP04,2025-07-14,2025-07-25,2025-07-25,300,On-Time
DEL-08042,PO-08042,SUP15,2025-07-14,2025-07-22,2025-07-22,50,On-Time
DEL-08043,PO-08043,SUP14,2025-07-14,2025-07-19,2025-07-19,300,On-Time
DEL-08044,PO-08044,SUP13,2025-07-14,2025-07-28,2025-07-26,150,On-Time
DEL-08045,PO-08045,SUP06,2025-07-14,2025-08-04,2025-08-04,50,On-Time
DEL-08046,PO-08046,SUP12,2025-07-14,2025-07-21,2025-07-23,100,Delayed
DEL-08047,PO-08047,SUP05,2025-07-14,2025-07-23,2025-07-23,60,On-Time
DEL-08048,PO-08048,SUP06,2025-07-14,2025-07-29,2025-07-27,80,On-Time
DEL-08049,PO-08049,SUP04,2025-07-14,2025-07-28,2025-07-28,100,On-Time
DEL-08050,PO-08050,SUP10,2025-07-14,2025-07-23,2025-07-23,250,On-Time
DEL-08051,PO-08051,SUP05,2025-07-14,2025-07-22,2025-07-22,400,On-Time
DEL-08052,PO-08052,SUP11,2025-07-14,2025-08-03,2025-08-03,50,On-Time
DEL-08053,PO-08053,SUP14,2025-07-14,2025-07-19,2025-07-19,500,On-Time
DEL-08054,PO-08054,SUP15,2025-07-14,2025-07-21,2025-07-21,500,On-Time
DEL-08055,PO-08055,SUP06,2025-07-15,2025-07-29,2025-07-29,150,On-Time
DEL-08056,PO-08056,SUP15,2025-07-15,2025-07-31,2025-07-31,15,On-Time
DEL-08057,PO-08057,SUP05,2025-07-15,2025-07-22,2025-07-22,250,On-Time
DEL-08058,PO-08058,SUP04,2025-07-15,2025-07-29,2025-07-27,80,On-Time
DEL-08059,PO-08059,SUP14,2025-07-15,2025-07-25,2025-08-01,80,Delayed
DEL-08060,PO-08060,SUP13,2025-07-15,2025-07-29,2025-07-29,100,On-Time
DEL-08061,PO-08061,SUP05,2025-07-15,2025-07-21,2025-07-21,250,On-Time
DEL-08062,PO-08062,SUP09,2025-07-15,2025-07-25,2025-07-25,40,On-Time
DEL-08063,PO-08063,SUP14,2025-07-15,2025-07-23,2025-07-23,150,On-Time
DEL-08064,PO-08064,SUP09,2025-07-15,2025-07-20,2025-07-19,300,On-Time
DEL-08065,PO-08065,SUP14,2025-07-15,2025-07-22,2025-07-22,300,On-Time
DEL-08066,PO-08066,SUP15,2025-07-16,2025-08-03,2025-08-03,80,On-Time
DEL-08067,PO-08067,SUP02,2025-07-16,2025-08-06,2025-08-07,80,Delayed
DEL-08068,PO-08068,SUP09,2025-07-16,2025-07-23,2025-07-23,250,On-Time
DEL-08069,PO-08069,SUP08,2025-07-16,2025-07-23,2025-07-23,200,On-Time
DEL-08070,PO-08070,SUP01,2025-07-16,2025-07-26,2025-07-26,400,On-Time
DEL-08071,PO-08071,SUP01,2025-07-16,2025-07-26,2025-07-26,300,On-Time
DEL-08072,PO-08072,SUP04,2025-07-16,2025-07-24,2025-07-24,60,On-Time
DEL-08073,PO-08073,SUP04,2025-07-16,2025-07-27,2025-07-27,250,On-Time
DEL-08074,PO-08074,SUP01,2025-07-16,2025-08-09,2025-08-09,15,On-Time
DEL-08075,PO-08075,SUP10,2025-07-16,2025-08-03,2025-08-03,100,On-Time
DEL-08076,PO-08076,SUP01,2025-07-16,2025-07-26,2025-07-26,200,On-Time
DEL-08077,PO-08077,SUP14,2025-07-16,2025-07-21,2025-07-21,200,On-Time
DEL-08078,PO-08078,SUP01,2025-07-16,2025-08-06,2025-08-06,80,On-Time
DEL-08079,PO-08079,SUP01,2025-07-16,2025-07-23,2025-07-23,300,On-Time
DEL-08080,PO-08080,SUP02,2025-07-16,2025-08-03,2025-08-03,120,On-Time
DEL-08081,PO-08081,SUP15,2025-07-17,2025-07-23,2025-07-23,100,On-Time
DEL-08082,PO-08082,SUP14,2025-07-17,2025-07-23,2025-07-23,200,On-Time
DEL-08083,PO-08083,SUP12,2025-07-17,2025-07-31,2025-08-03,40,Delayed
DEL-08084,PO-08084,SUP15,2025-07-17,2025-08-01,2025-08-01,40,On-Time
DEL-08085,PO-08085,SUP02,2025-07-17,2025-07-25,2025-07-23,40,On-Time
DEL-08086,PO-08086,SUP15,2025-07-17,2025-07-29,2025-07-29,500,On-Time
DEL-08087,PO-08087,SUP05,2025-07-17,2025-07-24,2025-07-24,150,On-Time
DEL-08088,PO-08088,SUP01,2025-07-17,2025-07-24,2025-07-24,250,On-Time
DEL-08089,PO-08089,SUP02,2025-07-17,2025-07-31,2025-07-31,250,On-Time
DEL-08090,PO-08090,SUP08,2025-07-17,2025-08-08,2025-08-08,15,On-Time
DEL-08091,PO-08091,SUP08,2025-07-17,2025-07-26,2025-07-26,300,On-Time
DEL-08092,PO-08092,SUP05,2025-07-17,2025-07-24,2025-07-24,100,On-Time
DEL-08093,PO-08093,SUP11,2025-07-18,2025-07-30,2025-07-30,400,On-Time
DEL-08094,PO-08094,SUP15,2025-07-18,2025-07-25,2025-07-25,100,On-Time
DEL-08095,PO-08095,SUP06,2025-07-18,2025-07-30,2025-07-30,300,On-Time
DEL-08096,PO-08096,SUP01,2025-07-18,2025-08-03,2025-08-01,15,On-Time
DEL-08097,PO-08097,SUP14,2025-07-18,2025-07-29,2025-07-28,150,On-Time
DEL-08098,PO-08098,SUP09,2025-07-18,2025-07-23,2025-07-22,150,On-Time
DEL-08099,PO-08099,SUP15,2025-07-18,2025-07-24,2025-08-04,150,Delayed
DEL-08100,PO-08100,SUP14,2025-07-18,2025-07-27,2025-07-27,50,On-Time
DEL-08101,PO-08101,SUP01,2025-07-18,2025-08-08,2025-08-08,80,On-Time
DEL-08102,PO-08102,SUP11,2025-07-18,2025-07-28,2025-07-28,200,On-Time
DEL-08103,PO-08103,SUP04,2025-07-18,2025-08-01,2025-08-01,200,On-Time
DEL-08104,PO-08104,SUP15,2025-07-18,2025-07-23,2025-07-30,250,Delayed
DEL-08105,PO-08105,SUP09,2025-07-18,2025-07-25,2025-07-25,200,On-Time
DEL-08106,PO-08106,SUP15,2025-07-19,2025-08-08,2025-08-08,100,On-Time
DEL-08107,PO-08107,SUP06,2025-07-19,2025-07-29,2025-07-29,400,On-Time
DEL-08108,PO-08108,SUP07,2025-07-19,2025-08-02,2025-08-05,400,Delayed
DEL-08109,PO-08109,SUP14,2025-07-19,2025-07-24,2025-07-24,300,On-Time
DEL-08110,PO-08110,SUP08,2025-07-19,2025-07-29,2025-07-29,50,On-Time
DEL-08111,PO-08111,SUP14,2025-07-19,2025-07-27,2025-07-30,200,Delayed
DEL-08112,PO-08112,SUP06,2025-07-19,2025-08-06,2025-08-06,50,On-Time
DEL-08113,PO-08113,SUP05,2025-07-19,2025-07-26,2025-07-25,100,On-Time
DEL-08114,PO-08114,SUP01,2025-07-19,2025-07-29,2025-07-30,150,Delayed
DEL-08115,PO-08115,SUP11,2025-07-19,2025-08-02,2025-08-02,200,On-Time
DEL-08116,PO-08116,SUP01,2025-07-19,2025-08-02,2025-07-31,400,On-Time
DEL-08117,PO-08117,SUP15,2025-07-19,2025-08-02,2025-08-02,150,On-Time
DEL-08118,PO-08118,SUP06,2025-07-19,2025-08-08,2025-08-08,40,On-Time
DEL-08119,PO-08119,SUP08,2025-07-19,2025-08-16,2025-08-16,10,On-Time
DEL-08120,PO-08120,SUP10,2025-07-20,2025-07-29,2025-08-03,250,Delayed
DEL-08121,PO-08121,SUP03,2025-07-20,2025-07-29,2025-07-28,200,On-Time
DEL-08122,PO-08122,SUP06,2025-07-20,2025-08-04,2025-08-07,80,Delayed
DEL-08123,PO-08123,SUP15,2025-07-20,2025-07-26,2025-07-26,100,On-Time
DEL-08124,PO-08124,SUP14,2025-07-20,2025-07-27,2025-07-27,200,On-Time
DEL-08125,PO-08125,SUP15,2025-07-20,2025-08-01,2025-08-01,300,On-Time
DEL-08126,PO-08126,SUP12,2025-07-20,2025-07-27,2025-07-27,500,On-Time
DEL-08127,PO-08127,SUP15,2025-07-20,2025-07-28,2025-07-29,50,Delayed
DEL-08128,PO-08128,SUP10,2025-07-20,2025-07-29,2025-07-29,200,On-Time
DEL-08129,PO-08129,SUP03,2025-07-20,2025-07-30,2025-07-30,500,On-Time
DEL-08130,PO-08130,SUP08,2025-07-20,2025-07-30,2025-07-29,500,On-Time
DEL-08131,PO-08131,SUP07,2025-07-20,2025-07-28,2025-08-09,50,Delayed
DEL-08132,PO-08132,SUP05,2025-07-20,2025-08-01,2025-07-31,50,On-Time
DEL-08133,PO-08133,SUP14,2025-07-20,2025-07-28,2025-08-10,400,Delayed
DEL-08134,PO-08134,SUP13,2025-07-20,2025-08-01,2025-08-01,300,On-Time
DEL-08135,PO-08135,SUP06,2025-07-20,2025-07-30,2025-07-29,200,On-Time
DEL-08136,PO-08136,SUP04,2025-07-21,2025-08-04,2025-08-04,500,On-Time
DEL-08137,PO-08137,SUP13,2025-07-21,2025-08-01,2025-08-01,200,On-Time
DEL-08138,PO-08138,SUP08,2025-07-21,2025-07-29,2025-07-29,250,On-Time
DEL-08139,PO-08139,SUP10,2025-07-21,2025-08-08,2025-08-08,100,On-Time
DEL-08140,PO-08140,SUP13,2025-07-21,2025-08-04,2025-08-04,40,On-Time
DEL-08141,PO-08141,SUP14,2025-07-21,2025-07-28,2025-07-28,400,On-Time
DEL-08142,PO-08142,SUP11,2025-07-21,2025-07-28,2025-07-28,250,On-Time
DEL-08143,PO-08143,SUP14,2025-07-21,2025-08-05,2025-08-05,100,On-Time
DEL-08144,PO-08144,SUP14,2025-07-21,2025-07-31,2025-07-31,80,On-Time
DEL-08145,PO-08145,SUP15,2025-07-21,2025-07-27,2025-07-27,300,On-Time
DEL-08146,PO-08146,SUP08,2025-07-21,2025-07-29,2025-07-28,300,On-Time
DEL-08147,PO-08147,SUP08,2025-07-21,2025-07-31,2025-07-31,500,On-Time
DEL-08148,PO-08148,SUP13,2025-07-21,2025-08-04,2025-08-04,400,On-Time
DEL-08149,PO-08149,SUP15,2025-07-21,2025-08-04,2025-08-04,200,On-Time
DEL-08150,PO-08150,SUP14,2025-07-22,2025-07-27,2025-07-27,250,On-Time
DEL-08151,PO-08151,SUP08,2025-07-22,2025-08-13,2025-08-13,40,On-Time
DEL-08152,PO-08152,SUP02,2025-07-22,2025-08-12,2025-08-12,50,On-Time
DEL-08153,PO-08153,SUP01,2025-07-22,2025-08-11,2025-08-10,100,On-Time
DEL-08154,PO-08154,SUP15,2025-07-22,2025-07-27,2025-07-27,100,On-Time
DEL-08155,PO-08155,SUP15,2025-07-22,2025-07-29,2025-07-29,100,On-Time
DEL-08156,PO-08156,SUP09,2025-07-22,2025-07-27,2025-07-26,300,On-Time
DEL-08157,PO-08157,SUP04,2025-07-22,2025-08-05,2025-08-05,100,On-Time
DEL-08158,PO-08158,SUP08,2025-07-22,2025-07-29,2025-07-29,100,On-Time
DEL-08159,PO-08159,SUP09,2025-07-22,2025-07-29,2025-07-29,100,On-Time
DEL-08160,PO-08160,SUP01,2025-07-22,2025-08-03,2025-08-04,400,Delayed
DEL-08161,PO-08161,SUP12,2025-07-22,2025-07-29,2025-07-29,150,On-Time
DEL-08162,PO-08162,SUP08,2025-07-23,2025-08-01,2025-07-31,250,On-Time
DEL-08163,PO-08163,SUP08,2025-07-23,2025-08-06,2025-08-06,50,On-Time
DEL-08164,PO-08164,SUP05,2025-07-23,2025-07-30,2025-07-28,200,On-Time
DEL-08165,PO-08165,SUP14,2025-07-23,2025-07-31,2025-07-30,400,On-Time
DEL-08166,PO-08166,SUP13,2025-07-23,2025-08-06,2025-08-07,120,Delayed
DEL-08167,PO-08167,SUP14,2025-07-23,2025-08-06,2025-08-06,120,On-Time
DEL-08168,PO-08168,SUP15,2025-07-23,2025-08-04,2025-08-03,100,On-Time
DEL-08169,PO-08169,SUP04,2025-07-23,2025-08-06,2025-08-06,40,On-Time
DEL-08170,PO-08170,SUP01,2025-07-23,2025-08-02,2025-08-02,400,On-Time
DEL-08171,PO-08171,SUP06,2025-07-23,2025-07-31,2025-07-31,120,On-Time
DEL-08172,PO-08172,SUP14,2025-07-23,2025-08-12,2025-08-12,20,On-Time
DEL-08173,PO-08173,SUP08,2025-07-23,2025-07-31,2025-07-31,100,On-Time
DEL-08174,PO-08174,SUP14,2025-07-23,2025-07-29,2025-07-29,400,On-Time
DEL-08175,PO-08175,SUP05,2025-07-23,2025-08-01,2025-08-01,60,On-Time
DEL-08176,PO-08176,SUP08,2025-07-23,2025-08-10,2025-08-10,50,On-Time
DEL-08177,PO-08177,SUP15,2025-07-24,2025-08-01,2025-08-01,100,On-Time
DEL-08178,PO-08178,SUP05,2025-07-24,2025-07-30,2025-07-30,400,On-Time
DEL-08179,PO-08179,SUP08,2025-07-24,2025-08-03,2025-08-03,60,On-Time
DEL-08180,PO-08180,SUP04,2025-07-24,2025-08-07,2025-08-07,120,On-Time
DEL-08181,PO-08181,SUP15,2025-07-24,2025-08-07,2025-08-07,500,On-Time
DEL-08182,PO-08182,SUP05,2025-07-24,2025-07-29,2025-07-29,500,On-Time
DEL-08183,PO-08183,SUP08,2025-07-24,2025-08-03,2025-08-02,40,On-Time
DEL-08184,PO-08184,SUP05,2025-07-24,2025-07-30,2025-07-30,100,On-Time
DEL-08185,PO-08185,SUP02,2025-07-24,2025-07-31,2025-07-31,200,On-Time
DEL-08186,PO-08186,SUP01,2025-07-24,2025-08-02,2025-08-02,150,On-Time
DEL-08187,PO-08187,SUP06,2025-07-24,2025-08-21,2025-08-21,20,On-Time
DEL-08188,PO-08188,SUP15,2025-07-24,2025-08-13,2025-08-13,80,On-Time
DEL-08189,PO-08189,SUP14,2025-07-24,2025-07-30,2025-07-30,250,On-Time
DEL-08190,PO-08190,SUP01,2025-07-24,2025-08-02,2025-08-02,250,On-Time
DEL-08191,PO-08191,SUP09,2025-07-24,2025-08-03,2025-08-04,50,Delayed
DEL-08192,PO-08192,SUP02,2025-07-24,2025-07-31,2025-08-04,100,Delayed
DEL-08193,PO-08193,SUP07,2025-07-25,2025-08-06,2025-08-06,500,On-Time
DEL-08194,PO-08194,SUP05,2025-07-25,2025-07-30,2025-07-30,250,On-Time
DEL-08195,PO-08195,SUP03,2025-07-25,2025-08-08,2025-08-07,40,On-Time
DEL-08196,PO-08196,SUP15,2025-07-25,2025-08-01,2025-08-04,200,Delayed
DEL-08197,PO-08197,SUP13,2025-07-25,2025-08-02,2025-08-08,100,Delayed
DEL-08198,PO-08198,SUP13,2025-07-25,2025-08-04,2025-08-04,120,On-Time
DEL-08199,PO-08199,SUP08,2025-07-25,2025-08-01,2025-08-01,200,On-Time
DEL-08200,PO-08200,SUP11,2025-07-25,2025-08-06,2025-08-04,500,On-Time
DEL-08201,PO-08201,SUP15,2025-07-25,2025-08-02,2025-08-02,40,On-Time
DEL-08202,PO-08202,SUP11,2025-07-26,2025-08-15,2025-08-14,80,On-Time
DEL-08203,PO-08203,SUP08,2025-07-26,2025-08-03,2025-08-03,300,On-Time
DEL-08204,PO-08204,SUP14,2025-07-26,2025-08-06,2025-08-06,250,On-Time
DEL-08205,PO-08205,SUP12,2025-07-26,2025-08-02,2025-08-02,100,On-Time
DEL-08206,PO-08206,SUP06,2025-07-26,2025-08-04,2025-08-04,150,On-Time
DEL-08207,PO-08207,SUP10,2025-07-26,2025-08-05,2025-08-05,500,On-Time
DEL-08208,PO-08208,SUP09,2025-07-26,2025-08-02,2025-08-02,250,On-Time
DEL-08209,PO-08209,SUP10,2025-07-26,2025-08-10,2025-08-10,40,On-Time
DEL-08210,PO-08210,SUP01,2025-07-26,2025-08-20,2025-08-19,30,On-Time
DEL-08211,PO-08211,SUP15,2025-07-26,2025-08-02,2025-08-02,400,On-Time
DEL-08212,PO-08212,SUP15,2025-07-26,2025-08-03,2025-08-03,200,On-Time
DEL-08213,PO-08213,SUP13,2025-07-26,2025-08-05,2025-08-04,60,On-Time
DEL-08214,PO-08214,SUP01,2025-07-26,2025-08-05,2025-08-04,80,On-Time
DEL-08215,PO-08215,SUP01,2025-07-26,2025-08-07,2025-08-07,60,On-Time
DEL-08216,PO-08216,SUP01,2025-07-26,2025-08-02,2025-08-02,400,On-Time
DEL-08217,PO-08217,SUP11,2025-07-26,2025-08-05,2025-08-05,500,On-Time
DEL-08218,PO-08218,SUP15,2025-07-26,2025-08-03,2025-08-03,100,On-Time
DEL-08219,PO-08219,SUP15,2025-07-26,2025-08-10,2025-08-10,80,On-Time
DEL-08220,PO-08220,SUP13,2025-07-26,2025-08-05,2025-08-05,120,On-Time
DEL-08221,PO-08221,SUP11,2025-07-26,2025-08-13,2025-08-13,80,On-Time
DEL-08222,PO-08222,SUP14,2025-07-26,2025-08-01,2025-08-01,150,On-Time
DEL-08223,PO-08223,SUP11,2025-07-26,2025-08-15,2025-08-15,120,On-Time
DEL-08224,PO-08224,SUP09,2025-07-27,2025-08-02,2025-08-02,100,On-Time
DEL-08225,PO-08225,SUP09,2025-07-27,2025-08-03,2025-08-03,250,On-Time
DEL-08226,PO-08226,SUP05,2025-07-27,2025-08-01,2025-07-31,250,On-Time
DEL-08227,PO-08227,SUP01,2025-07-27,2025-08-06,2025-08-05,400,On-Time
DEL-08228,PO-08228,SUP05,2025-07-27,2025-08-03,2025-08-03,300,On-Time
DEL-08229,PO-08229,SUP11,2025-07-27,2025-08-03,2025-08-03,300,On-Time
DEL-08230,PO-08230,SUP14,2025-07-27,2025-08-04,2025-08-02,250,On-Time
DEL-08231,PO-08231,SUP06,2025-07-27,2025-08-06,2025-08-06,100,On-Time
DEL-08232,PO-08232,SUP02,2025-07-27,2025-08-10,2025-08-08,150,On-Time
DEL-08233,PO-08233,SUP15,2025-07-27,2025-08-10,2025-08-12,300,Delayed
DEL-08234,PO-08234,SUP05,2025-07-27,2025-08-03,2025-08-03,500,On-Time
DEL-08235,PO-08235,SUP05,2025-07-27,2025-08-01,2025-08-01,100,On-Time
DEL-08236,PO-08236,SUP06,2025-07-27,2025-08-10,2025-08-10,200,On-Time
DEL-08237,PO-08237,SUP15,2025-07-27,2025-08-10,2025-08-09,500,On-Time
DEL-08238,PO-08238,SUP05,2025-07-27,2025-08-04,2025-08-04,150,On-Time
DEL-08239,PO-08239,SUP03,2025-07-27,2025-08-10,2025-08-08,80,On-Time
DEL-08240,PO-08240,SUP12,2025-07-27,2025-08-04,2025-08-04,150,On-Time
DEL-08241,PO-08241,SUP05,2025-07-27,2025-08-02,2025-08-02,200,On-Time
DEL-08242,PO-08242,SUP11,2025-07-27,2025-08-10,2025-08-10,150,On-Time
DEL-08243,PO-08243,SUP01,2025-07-27,2025-08-03,2025-08-03,150,On-Time
DEL-08244,PO-08244,SUP05,2025-07-27,2025-08-05,2025-08-03,80,On-Time
DEL-08245,PO-08245,SUP08,2025-07-28,2025-08-07,2025-08-11,400,Delayed
DEL-08246,PO-08246,SUP01,2025-07-28,2025-08-06,2025-08-06,400,On-Time
DEL-08247,PO-08247,SUP15,2025-07-28,2025-08-02,2025-08-02,100,On-Time
DEL-08248,PO-08248,SUP01,2025-07-28,2025-08-04,2025-08-04,150,On-Time
DEL-08249,PO-08249,SUP01,2025-07-28,2025-08-07,2025-08-07,100,On-Time
DEL-08250,PO-08250,SUP01,2025-07-28,2025-08-13,2025-08-13,60,On-Time
DEL-08251,PO-08251,SUP15,2025-07-28,2025-08-07,2025-08-05,50,On-Time
DEL-08252,PO-08252,SUP15,2025-07-28,2025-08-22,2025-08-21,10,On-Time
DEL-08253,PO-08253,SUP12,2025-07-28,2025-08-04,2025-08-03,200,On-Time
DEL-08254,PO-08254,SUP15,2025-07-28,2025-08-11,2025-08-17,120,Delayed
DEL-08255,PO-08255,SUP09,2025-07-28,2025-08-04,2025-08-04,300,On-Time
DEL-08256,PO-08256,SUP01,2025-07-28,2025-08-07,2025-08-07,150,On-Time
DEL-08257,PO-08257,SUP07,2025-07-28,2025-08-09,2025-08-08,200,On-Time
DEL-08258,PO-08258,SUP07,2025-07-28,2025-08-08,2025-08-12,500,Delayed
DEL-08259,PO-08259,SUP13,2025-07-28,2025-08-05,2025-08-05,40,On-Time
DEL-08260,PO-08260,SUP01,2025-07-28,2025-08-05,2025-08-05,500,On-Time
DEL-08261,PO-08261,SUP05,2025-07-28,2025-08-06,2025-08-06,50,On-Time
DEL-08262,PO-08262,SUP14,2025-07-28,2025-08-02,2025-08-02,150,On-Time
DEL-08263,PO-08263,SUP14,2025-07-28,2025-08-07,2025-08-07,100,On-Time
DEL-08264,PO-08264,SUP11,2025-07-28,2025-08-07,2025-08-07,100,On-Time
DEL-08265,PO-08265,SUP01,2025-07-29,2025-08-12,2025-08-12,100,On-Time
DEL-08266,PO-08266,SUP01,2025-07-29,2025-08-06,2025-08-06,80,On-Time
DEL-08267,PO-08267,SUP15,2025-07-29,2025-08-04,2025-08-03,150,On-Time
DEL-08268,PO-08268,SUP01,2025-07-29,2025-08-10,2025-08-10,120,On-Time
DEL-08269,PO-08269,SUP09,2025-07-29,2025-08-03,2025-08-10,250,Delayed
DEL-08270,PO-08270,SUP15,2025-07-29,2025-08-08,2025-08-10,80,Delayed
DEL-08271,PO-08271,SUP15,2025-07-29,2025-08-12,2025-08-12,300,On-Time
DEL-08272,PO-08272,SUP05,2025-07-29,2025-08-03,2025-08-03,200,On-Time
DEL-08273,PO-08273,SUP15,2025-07-29,2025-08-06,2025-08-05,500,On-Time
DEL-08274,PO-08274,SUP15,2025-07-29,2025-08-12,2025-08-17,200,Delayed
DEL-08275,PO-08275,SUP15,2025-07-29,2025-08-04,2025-08-03,300,On-Time
DEL-08276,PO-08276,SUP14,2025-07-30,2025-08-13,2025-08-13,80,On-Time
DEL-08277,PO-08277,SUP15,2025-07-30,2025-08-11,2025-08-11,400,On-Time
DEL-08278,PO-08278,SUP01,2025-07-30,2025-08-06,2025-08-05,250,On-Time
DEL-08279,PO-08279,SUP05,2025-07-30,2025-08-09,2025-08-09,120,On-Time
DEL-08280,PO-08280,SUP08,2025-07-30,2025-08-07,2025-08-07,50,On-Time
DEL-08281,PO-08281,SUP14,2025-07-30,2025-08-10,2025-08-10,250,On-Time
DEL-08282,PO-08282,SUP01,2025-07-30,2025-08-06,2025-08-09,250,Delayed
DEL-08283,PO-08283,SUP15,2025-07-30,2025-08-09,2025-08-09,100,On-Time
DEL-08284,PO-08284,SUP01,2025-07-30,2025-08-11,2025-08-09,400,On-Time
DEL-08285,PO-08285,SUP02,2025-07-30,2025-08-17,2025-08-17,120,On-Time
DEL-08286,PO-08286,SUP06,2025-07-30,2025-08-14,2025-08-14,120,On-Time
DEL-08287,PO-08287,SUP01,2025-07-31,2025-08-21,2025-08-21,50,On-Time
DEL-08288,PO-08288,SUP14,2025-07-31,2025-08-07,2025-08-07,500,On-Time
DEL-08289,PO-08289,SUP12,2025-07-31,2025-08-08,2025-08-08,500,On-Time
DEL-08290,PO-08290,SUP04,2025-07-31,2025-08-15,2025-08-15,60,On-Time
DEL-08291,PO-08291,SUP11,2025-07-31,2025-08-12,2025-08-12,200,On-Time
DEL-08292,PO-08292,SUP15,2025-07-31,2025-08-28,2025-09-01,30,Delayed
DEL-08293,PO-08293,SUP15,2025-07-31,2025-08-10,2025-08-10,250,On-Time
DEL-08294,PO-08294,SUP15,2025-07-31,2025-08-06,2025-08-18,150,Delayed
DEL-08295,PO-08295,SUP10,2025-07-31,2025-08-24,2025-08-24,40,On-Time
DEL-08296,PO-08296,SUP11,2025-07-31,2025-08-14,2025-08-14,150,On-Time
DEL-08297,PO-08297,SUP14,2025-07-31,2025-08-16,2025-08-16,10,On-Time
DEL-08298,PO-08298,SUP14,2025-08-01,2025-08-10,2025-08-12,50,Delayed
DEL-08299,PO-08299,SUP09,2025-08-01,2025-08-08,2025-08-08,300,On-Time
DEL-08300,PO-08300,SUP14,2025-08-01,2025-08-13,2025-08-13,400,On-Time
DEL-08301,PO-08301,SUP14,2025-08-01,2025-08-09,2025-08-09,100,On-Time
DEL-08302,PO-08302,SUP03,2025-08-01,2025-08-17,2025-08-17,40,On-Time
DEL-08303,PO-08303,SUP11,2025-08-01,2025-08-09,2025-08-09,100,On-Time
DEL-08304,PO-08304,SUP12,2025-08-01,2025-08-08,2025-08-08,150,On-Time
DEL-08305,PO-08305,SUP05,2025-08-01,2025-08-10,2025-08-10,80,On-Time
DEL-08306,PO-08306,SUP03,2025-08-01,2025-08-17,2025-08-17,40,On-Time
DEL-08307,PO-08307,SUP06,2025-08-01,2025-08-11,2025-08-11,100,On-Time
DEL-08308,PO-08308,SUP15,2025-08-01,2025-08-19,2025-08-19,40,On-Time
DEL-08309,PO-08309,SUP06,2025-08-01,2025-08-08,2025-08-06,250,On-Time
DEL-08310,PO-08310,SUP01,2025-08-01,2025-08-17,2025-08-17,60,On-Time
DEL-08311,PO-08311,SUP14,2025-08-02,2025-08-09,2025-08-09,400,On-Time
DEL-08312,PO-08312,SUP13,2025-08-02,2025-08-16,2025-08-17,400,Delayed
DEL-08313,PO-08313,SUP12,2025-08-02,2025-08-09,2025-08-08,150,On-Time
DEL-08314,PO-08314,SUP14,2025-08-02,2025-08-12,2025-08-12,60,On-Time
DEL-08315,PO-08315,SUP05,2025-08-02,2025-08-11,2025-08-11,100,On-Time
DEL-08316,PO-08316,SUP15,2025-08-02,2025-08-14,2025-08-14,200,On-Time
DEL-08317,PO-08317,SUP15,2025-08-02,2025-08-13,2025-08-14,200,Delayed
DEL-08318,PO-08318,SUP06,2025-08-02,2025-08-16,2025-08-16,500,On-Time
DEL-08319,PO-08319,SUP11,2025-08-02,2025-08-14,2025-08-14,250,On-Time
DEL-08320,PO-08320,SUP01,2025-08-02,2025-08-09,2025-08-09,150,On-Time
DEL-08321,PO-08321,SUP11,2025-08-02,2025-08-22,2025-08-21,100,On-Time
DEL-08322,PO-08322,SUP15,2025-08-02,2025-08-09,2025-08-22,200,Delayed
DEL-08323,PO-08323,SUP13,2025-08-02,2025-08-13,2025-08-13,250,On-Time
DEL-08324,PO-08324,SUP14,2025-08-02,2025-08-11,2025-08-14,100,Delayed
DEL-08325,PO-08325,SUP15,2025-08-02,2025-08-09,2025-08-09,150,On-Time
DEL-08326,PO-08326,SUP12,2025-08-02,2025-08-09,2025-08-08,400,On-Time
DEL-08327,PO-08327,SUP15,2025-08-03,2025-08-24,2025-08-24,40,On-Time
DEL-08328,PO-08328,SUP10,2025-08-03,2025-08-27,2025-09-03,30,Delayed
DEL-08329,PO-08329,SUP06,2025-08-03,2025-08-17,2025-08-17,100,On-Time
DEL-08330,PO-08330,SUP15,2025-08-03,2025-08-09,2025-08-08,400,On-Time
DEL-08331,PO-08331,SUP01,2025-08-03,2025-08-18,2025-08-18,50,On-Time
DEL-08332,PO-08332,SUP14,2025-08-03,2025-08-23,2025-08-23,40,On-Time
DEL-08333,PO-08333,SUP05,2025-08-03,2025-08-08,2025-08-08,100,On-Time
DEL-08334,PO-08334,SUP08,2025-08-03,2025-08-13,2025-08-13,40,On-Time
DEL-08335,PO-08335,SUP14,2025-08-03,2025-08-13,2025-08-12,40,On-Time
DEL-08336,PO-08336,SUP15,2025-08-03,2025-08-10,2025-08-10,100,On-Time
DEL-08337,PO-08337,SUP04,2025-08-03,2025-08-17,2025-08-18,120,Delayed
DEL-08338,PO-08338,SUP08,2025-08-03,2025-08-11,2025-08-11,150,On-Time
DEL-08339,PO-08339,SUP14,2025-08-04,2025-08-11,2025-08-11,400,On-Time
DEL-08340,PO-08340,SUP08,2025-08-04,2025-09-01,2025-09-01,30,On-Time
DEL-08341,PO-08341,SUP15,2025-08-04,2025-08-18,2025-09-01,500,Delayed
DEL-08342,PO-08342,SUP03,2025-08-04,2025-08-14,2025-08-14,400,On-Time
DEL-08343,PO-08343,SUP07,2025-08-04,2025-08-15,2025-08-15,500,On-Time
DEL-08344,PO-08344,SUP01,2025-08-04,2025-08-13,2025-08-13,500,On-Time
DEL-08345,PO-08345,SUP03,2025-08-04,2025-08-26,2025-08-26,15,On-Time
DEL-08346,PO-08346,SUP06,2025-08-04,2025-08-16,2025-08-16,100,On-Time
DEL-08347,PO-08347,SUP15,2025-08-04,2025-08-11,2025-08-14,300,Delayed
DEL-08348,PO-08348,SUP14,2025-08-04,2025-08-18,2025-08-18,50,On-Time
DEL-08349,PO-08349,SUP14,2025-08-04,2025-08-10,2025-08-09,300,On-Time
DEL-08350,PO-08350,SUP13,2025-08-04,2025-08-18,2025-08-18,400,On-Time
DEL-08351,PO-08351,SUP05,2025-08-04,2025-08-12,2025-08-12,100,On-Time
DEL-08352,PO-08352,SUP01,2025-08-04,2025-08-25,2025-08-28,60,Delayed
DEL-08353,PO-08353,SUP04,2025-08-04,2025-08-18,2025-08-18,120,On-Time
DEL-08354,PO-08354,SUP15,2025-08-04,2025-08-16,2025-08-16,120,On-Time
DEL-08355,PO-08355,SUP15,2025-08-05,2025-08-11,2025-08-12,300,Delayed
DEL-08356,PO-08356,SUP08,2025-08-05,2025-08-17,2025-08-17,40,On-Time
DEL-08357,PO-08357,SUP15,2025-08-05,2025-08-13,2025-08-18,200,Delayed
DEL-08358,PO-08358,SUP14,2025-08-05,2025-08-10,2025-08-10,250,On-Time
DEL-08359,PO-08359,SUP07,2025-08-05,2025-08-17,2025-08-18,300,Delayed
DEL-08360,PO-08360,SUP15,2025-08-05,2025-08-13,2025-08-16,250,Delayed
DEL-08361,PO-08361,SUP04,2025-08-05,2025-08-19,2025-08-19,150,On-Time
DEL-08362,PO-08362,SUP15,2025-08-05,2025-08-11,2025-08-11,250,On-Time
DEL-08363,PO-08363,SUP02,2025-08-05,2025-08-19,2025-08-20,400,Delayed
DEL-08364,PO-08364,SUP15,2025-08-06,2025-08-16,2025-08-16,40,On-Time
DEL-08365,PO-08365,SUP02,2025-08-06,2025-08-14,2025-08-19,60,Delayed
DEL-08366,PO-08366,SUP13,2025-08-06,2025-08-17,2025-08-17,150,On-Time
DEL-08367,PO-08367,SUP15,2025-08-06,2025-08-18,2025-08-17,400,On-Time
DEL-08368,PO-08368,SUP01,2025-08-06,2025-08-16,2025-08-16,100,On-Time
DEL-08369,PO-08369,SUP06,2025-08-06,2025-08-20,2025-08-20,50,On-Time
DEL-08370,PO-08370,SUP01,2025-08-06,2025-08-16,2025-08-16,200,On-Time
DEL-08371,PO-08371,SUP14,2025-08-06,2025-08-21,2025-08-20,80,On-Time
DEL-08372,PO-08372,SUP15,2025-08-06,2025-08-11,2025-08-10,100,On-Time
DEL-08373,PO-08373,SUP10,2025-08-06,2025-09-03,2025-09-03,15,On-Time
DEL-08374,PO-08374,SUP11,2025-08-06,2025-08-13,2025-08-13,250,On-Time
DEL-08375,PO-08375,SUP06,2025-08-06,2025-08-20,2025-08-19,500,On-Time
DEL-08376,PO-08376,SUP14,2025-08-06,2025-08-15,2025-08-13,60,On-Time
DEL-08377,PO-08377,SUP06,2025-08-06,2025-08-16,2025-08-16,200,On-Time
DEL-08378,PO-08378,SUP02,2025-08-06,2025-08-27,2025-08-25,40,On-Time
DEL-08379,PO-08379,SUP14,2025-08-06,2025-08-15,2025-08-15,120,On-Time
DEL-08380,PO-08380,SUP14,2025-08-06,2025-08-12,2025-08-12,500,On-Time
DEL-08381,PO-08381,SUP14,2025-08-07,2025-08-14,2025-08-14,250,On-Time
DEL-08382,PO-08382,SUP12,2025-08-07,2025-08-17,2025-08-17,80,On-Time
DEL-08383,PO-08383,SUP15,2025-08-07,2025-08-17,2025-08-17,40,On-Time
DEL-08384,PO-08384,SUP15,2025-08-07,2025-08-25,2025-08-23,10,On-Time
DEL-08385,PO-08385,SUP15,2025-08-07,2025-08-14,2025-08-14,100,On-Time
DEL-08386,PO-08386,SUP15,2025-08-07,2025-08-12,2025-08-12,500,On-Time
DEL-08387,PO-08387,SUP09,2025-08-07,2025-08-14,2025-08-14,100,On-Time
DEL-08388,PO-08388,SUP03,2025-08-07,2025-08-16,2025-08-16,400,On-Time
DEL-08389,PO-08389,SUP14,2025-08-07,2025-08-12,2025-08-22,100,Delayed
DEL-08390,PO-08390,SUP13,2025-08-08,2025-08-22,2025-08-22,300,On-Time
DEL-08391,PO-08391,SUP13,2025-08-08,2025-08-16,2025-08-19,60,Delayed
DEL-08392,PO-08392,SUP06,2025-08-08,2025-08-23,2025-08-23,100,On-Time
DEL-08393,PO-08393,SUP14,2025-08-08,2025-08-22,2025-08-21,250,On-Time
DEL-08394,PO-08394,SUP14,2025-08-08,2025-08-14,2025-08-18,250,Delayed
DEL-08395,PO-08395,SUP01,2025-08-08,2025-08-29,2025-08-29,80,On-Time
DEL-08396,PO-08396,SUP15,2025-08-08,2025-08-16,2025-08-17,80,Delayed
DEL-08397,PO-08397,SUP10,2025-08-08,2025-08-22,2025-08-22,80,On-Time
DEL-08398,PO-08398,SUP04,2025-08-08,2025-08-26,2025-08-27,15,Delayed
DEL-08399,PO-08399,SUP02,2025-08-08,2025-08-20,2025-08-20,200,On-Time
DEL-08400,PO-08400,SUP11,2025-08-08,2025-08-22,2025-08-22,300,On-Time
DEL-08401,PO-08401,SUP11,2025-08-08,2025-08-16,2025-08-16,60,On-Time
DEL-08402,PO-08402,SUP08,2025-08-08,2025-08-26,2025-08-26,10,On-Time
DEL-08403,PO-08403,SUP07,2025-08-09,2025-08-20,2025-08-20,400,On-Time
DEL-08404,PO-08404,SUP01,2025-08-09,2025-08-23,2025-08-23,60,On-Time
DEL-08405,PO-08405,SUP15,2025-08-09,2025-08-16,2025-08-16,200,On-Time
DEL-08406,PO-08406,SUP09,2025-08-09,2025-08-15,2025-08-14,500,On-Time
DEL-08407,PO-08407,SUP08,2025-08-09,2025-08-25,2025-08-25,80,On-Time
DEL-08408,PO-08408,SUP15,2025-08-09,2025-08-15,2025-08-26,100,Delayed
DEL-08409,PO-08409,SUP09,2025-08-09,2025-08-21,2025-08-21,100,On-Time
DEL-08410,PO-08410,SUP06,2025-08-09,2025-08-19,2025-08-19,100,On-Time
DEL-08411,PO-08411,SUP13,2025-08-09,2025-08-20,2025-08-21,150,Delayed
DEL-08412,PO-08412,SUP05,2025-08-09,2025-08-15,2025-08-15,500,On-Time
DEL-08413,PO-08413,SUP11,2025-08-10,2025-09-04,2025-09-04,40,On-Time
DEL-08414,PO-08414,SUP15,2025-08-10,2025-08-22,2025-08-22,250,On-Time
DEL-08415,PO-08415,SUP08,2025-08-10,2025-08-25,2025-08-25,40,On-Time
DEL-08416,PO-08416,SUP01,2025-08-10,2025-08-22,2025-08-22,100,On-Time
DEL-08417,PO-08417,SUP01,2025-08-10,2025-08-28,2025-08-28,100,On-Time
DEL-08418,PO-08418,SUP01,2025-08-10,2025-08-20,2025-08-19,200,On-Time
DEL-08419,PO-08419,SUP05,2025-08-10,2025-08-17,2025-08-17,500,On-Time
DEL-08420,PO-08420,SUP15,2025-08-10,2025-08-16,2025-08-16,250,On-Time
DEL-08421,PO-08421,SUP05,2025-08-10,2025-08-17,2025-08-15,100,On-Time
DEL-08422,PO-08422,SUP14,2025-08-10,2025-08-24,2025-08-24,500,On-Time
DEL-08423,PO-08423,SUP14,2025-08-10,2025-08-20,2025-08-20,60,On-Time
DEL-08424,PO-08424,SUP10,2025-08-10,2025-08-28,2025-08-29,80,Delayed
DEL-08425,PO-08425,SUP15,2025-08-10,2025-08-21,2025-08-21,200,On-Time
DEL-08426,PO-08426,SUP15,2025-08-10,2025-08-22,2025-08-22,400,On-Time
DEL-08427,PO-08427,SUP10,2025-08-10,2025-08-24,2025-08-23,100,On-Time
DEL-08428,PO-08428,SUP09,2025-08-10,2025-08-17,2025-08-17,100,On-Time
DEL-08429,PO-08429,SUP14,2025-08-10,2025-08-17,2025-08-17,500,On-Time
DEL-08430,PO-08430,SUP03,2025-08-11,2025-08-20,2025-08-20,200,On-Time
DEL-08431,PO-08431,SUP13,2025-08-11,2025-08-25,2025-08-24,200,On-Time
DEL-08432,PO-08432,SUP04,2025-08-11,2025-08-26,2025-08-26,80,On-Time
DEL-08433,PO-08433,SUP11,2025-08-11,2025-09-01,2025-09-01,120,On-Time
DEL-08434,PO-08434,SUP07,2025-08-11,2025-08-22,2025-08-24,100,Delayed
DEL-08435,PO-08435,SUP10,2025-08-11,2025-09-08,2025-09-08,40,On-Time
DEL-08436,PO-08436,SUP14,2025-08-11,2025-09-08,2025-09-13,30,Delayed
DEL-08437,PO-08437,SUP07,2025-08-11,2025-08-25,2025-08-25,60,On-Time
DEL-08438,PO-08438,SUP08,2025-08-11,2025-08-20,2025-08-25,100,Delayed
DEL-08439,PO-08439,SUP01,2025-08-11,2025-08-18,2025-08-18,200,On-Time
DEL-08440,PO-08440,SUP08,2025-08-11,2025-08-19,2025-08-17,100,On-Time
DEL-08441,PO-08441,SUP07,2025-08-11,2025-08-25,2025-08-25,150,On-Time
DEL-08442,PO-08442,SUP09,2025-08-11,2025-08-16,2025-08-16,500,On-Time
DEL-08443,PO-08443,SUP03,2025-08-11,2025-08-27,2025-08-27,40,On-Time
DEL-08444,PO-08444,SUP08,2025-08-11,2025-08-20,2025-08-26,150,Delayed
DEL-08445,PO-08445,SUP08,2025-08-11,2025-08-27,2025-08-27,120,On-Time
DEL-08446,PO-08446,SUP15,2025-08-11,2025-08-18,2025-08-22,250,Delayed
DEL-08447,PO-08447,SUP01,2025-08-11,2025-08-20,2025-08-20,500,On-Time
DEL-08448,PO-08448,SUP05,2025-08-12,2025-08-21,2025-08-21,60,On-Time
DEL-08449,PO-08449,SUP15,2025-08-12,2025-08-24,2025-08-31,150,Delayed
DEL-08450,PO-08450,SUP02,2025-08-12,2025-09-01,2025-09-01,80,On-Time
DEL-08451,PO-08451,SUP15,2025-08-12,2025-09-02,2025-09-01,50,On-Time
DEL-08452,PO-08452,SUP14,2025-08-12,2025-08-19,2025-08-19,150,On-Time
DEL-08453,PO-08453,SUP12,2025-08-12,2025-08-20,2025-08-20,400,On-Time
DEL-08454,PO-08454,SUP06,2025-08-12,2025-08-28,2025-08-27,80,On-Time
DEL-08455,PO-08455,SUP03,2025-08-12,2025-08-22,2025-08-22,500,On-Time
DEL-08456,PO-08456,SUP02,2025-08-12,2025-08-24,2025-08-24,300,On-Time
DEL-08457,PO-08457,SUP05,2025-08-12,2025-08-19,2025-08-19,300,On-Time
DEL-08458,PO-08458,SUP01,2025-08-12,2025-08-26,2025-08-26,250,On-Time
DEL-08459,PO-08459,SUP02,2025-08-13,2025-08-31,2025-08-31,50,On-Time
DEL-08460,PO-08460,SUP02,2025-08-13,2025-08-23,2025-08-23,300,On-Time
DEL-08461,PO-08461,SUP09,2025-08-13,2025-08-20,2025-08-28,100,Delayed
DEL-08462,PO-08462,SUP01,2025-08-13,2025-08-25,2025-08-25,80,On-Time
DEL-08463,PO-08463,SUP14,2025-08-13,2025-08-27,2025-08-27,100,On-Time
DEL-08464,PO-08464,SUP06,2025-08-13,2025-08-27,2025-08-25,500,On-Time
DEL-08465,PO-08465,SUP15,2025-08-13,2025-08-24,2025-08-27,250,Delayed
DEL-08466,PO-08466,SUP15,2025-08-13,2025-08-27,2025-08-26,200,On-Time
DEL-08467,PO-08467,SUP15,2025-08-13,2025-08-25,2025-08-25,250,On-Time
DEL-08468,PO-08468,SUP15,2025-08-13,2025-08-22,2025-08-25,50,Delayed
DEL-08469,PO-08469,SUP11,2025-08-13,2025-08-27,2025-08-25,500,On-Time
DEL-08470,PO-08470,SUP04,2025-08-14,2025-08-28,2025-08-26,100,On-Time
DEL-08471,PO-08471,SUP05,2025-08-14,2025-08-22,2025-08-22,300,On-Time
DEL-08472,PO-08472,SUP06,2025-08-14,2025-08-24,2025-08-30,300,Delayed
DEL-08473,PO-08473,SUP08,2025-08-14,2025-08-23,2025-08-23,150,On-Time
DEL-08474,PO-08474,SUP15,2025-08-14,2025-08-21,2025-08-21,200,On-Time
DEL-08475,PO-08475,SUP03,2025-08-14,2025-08-24,2025-08-24,400,On-Time
DEL-08476,PO-08476,SUP05,2025-08-14,2025-08-20,2025-08-20,300,On-Time
DEL-08477,PO-08477,SUP02,2025-08-14,2025-08-26,2025-08-26,400,On-Time
DEL-08478,PO-08478,SUP14,2025-08-14,2025-08-21,2025-08-21,100,On-Time
DEL-08479,PO-08479,SUP08,2025-08-14,2025-08-30,2025-08-30,10,On-Time
DEL-08480,PO-08480,SUP14,2025-08-15,2025-08-23,2025-08-22,80,On-Time
DEL-08481,PO-08481,SUP13,2025-08-15,2025-08-27,2025-09-04,100,Delayed
DEL-08482,PO-08482,SUP01,2025-08-15,2025-09-02,2025-09-02,60,On-Time
DEL-08483,PO-08483,SUP15,2025-08-15,2025-08-22,2025-08-23,300,Delayed
DEL-08484,PO-08484,SUP05,2025-08-15,2025-08-27,2025-08-27,80,On-Time
DEL-08485,PO-08485,SUP06,2025-08-15,2025-08-22,2025-08-22,250,On-Time
DEL-08486,PO-08486,SUP01,2025-08-15,2025-08-25,2025-08-25,250,On-Time
DEL-08487,PO-08487,SUP14,2025-08-15,2025-08-26,2025-08-26,400,On-Time
DEL-08488,PO-08488,SUP03,2025-08-15,2025-08-31,2025-08-31,60,On-Time
DEL-08489,PO-08489,SUP10,2025-08-15,2025-08-24,2025-08-24,500,On-Time
DEL-08490,PO-08490,SUP13,2025-08-16,2025-08-31,2025-08-31,60,On-Time
DEL-08491,PO-08491,SUP04,2025-08-16,2025-08-26,2025-08-26,40,On-Time
DEL-08492,PO-08492,SUP10,2025-08-16,2025-08-25,2025-09-02,200,Delayed
DEL-08493,PO-08493,SUP15,2025-08-16,2025-08-30,2025-08-30,100,On-Time
DEL-08494,PO-08494,SUP05,2025-08-16,2025-08-22,2025-08-21,100,On-Time
DEL-08495,PO-08495,SUP09,2025-08-16,2025-08-23,2025-08-23,150,On-Time
DEL-08496,PO-08496,SUP15,2025-08-16,2025-08-22,2025-08-22,250,On-Time
DEL-08497,PO-08497,SUP01,2025-08-16,2025-08-30,2025-08-30,150,On-Time
DEL-08498,PO-08498,SUP03,2025-08-16,2025-08-30,2025-08-30,120,On-Time
DEL-08499,PO-08499,SUP14,2025-08-16,2025-08-26,2025-08-26,100,On-Time
DEL-08500,PO-08500,SUP01,2025-08-16,2025-08-26,2025-08-26,50,On-Time
DEL-08501,PO-08501,SUP09,2025-08-16,2025-08-22,2025-08-22,500,On-Time
DEL-08502,PO-08502,SUP04,2025-08-16,2025-08-31,2025-08-31,80,On-Time
DEL-08503,PO-08503,SUP14,2025-08-16,2025-08-22,2025-08-22,150,On-Time
DEL-08504,PO-08504,SUP14,2025-08-16,2025-08-28,2025-08-28,80,On-Time
DEL-08505,PO-08505,SUP07,2025-08-17,2025-09-01,2025-09-01,60,On-Time
DEL-08506,PO-08506,SUP03,2025-08-17,2025-08-31,2025-08-31,60,On-Time
DEL-08507,PO-08507,SUP14,2025-08-17,2025-08-24,2025-08-24,200,On-Time
DEL-08508,PO-08508,SUP15,2025-08-17,2025-08-26,2025-08-30,40,Delayed
DEL-08509,PO-08509,SUP09,2025-08-17,2025-08-29,2025-08-29,60,On-Time
DEL-08510,PO-08510,SUP01,2025-08-17,2025-08-24,2025-08-24,200,On-Time
DEL-08511,PO-08511,SUP12,2025-08-17,2025-08-25,2025-08-25,500,On-Time
DEL-08512,PO-08512,SUP09,2025-08-17,2025-08-25,2025-08-25,150,On-Time
DEL-08513,PO-08513,SUP07,2025-08-17,2025-09-01,2025-08-31,50,On-Time
DEL-08514,PO-08514,SUP01,2025-08-18,2025-08-25,2025-08-25,150,On-Time
DEL-08515,PO-08515,SUP15,2025-08-18,2025-08-27,2025-08-27,60,On-Time
DEL-08516,PO-08516,SUP09,2025-08-18,2025-08-24,2025-08-24,150,On-Time
DEL-08517,PO-08517,SUP02,2025-08-18,2025-08-30,2025-08-30,200,On-Time
DEL-08518,PO-08518,SUP01,2025-08-18,2025-09-05,2025-09-05,100,On-Time
DEL-08519,PO-08519,SUP09,2025-08-18,2025-08-23,2025-08-29,150,Delayed
DEL-08520,PO-08520,SUP14,2025-08-18,2025-08-25,2025-08-25,100,On-Time
DEL-08521,PO-08521,SUP15,2025-08-18,2025-08-27,2025-08-27,100,On-Time
DEL-08522,PO-08522,SUP04,2025-08-18,2025-08-29,2025-08-29,250,On-Time
DEL-08523,PO-08523,SUP06,2025-08-18,2025-08-30,2025-08-30,80,On-Time
DEL-08524,PO-08524,SUP08,2025-08-18,2025-08-26,2025-08-26,400,On-Time
DEL-08525,PO-08525,SUP04,2025-08-18,2025-09-01,2025-09-01,100,On-Time
DEL-08526,PO-08526,SUP14,2025-08-18,2025-08-24,2025-08-24,300,On-Time
DEL-08527,PO-08527,SUP14,2025-08-18,2025-09-01,2025-09-02,400,Delayed
DEL-08528,PO-08528,SUP14,2025-08-18,2025-08-23,2025-08-23,300,On-Time
DEL-08529,PO-08529,SUP02,2025-08-18,2025-09-01,2025-09-02,150,Delayed
DEL-08530,PO-08530,SUP15,2025-08-18,2025-09-05,2025-09-05,60,On-Time
DEL-08531,PO-08531,SUP01,2025-08-19,2025-09-03,2025-09-03,50,On-Time
DEL-08532,PO-08532,SUP01,2025-08-19,2025-08-28,2025-08-28,250,On-Time
DEL-08533,PO-08533,SUP07,2025-08-19,2025-08-27,2025-08-26,80,On-Time
DEL-08534,PO-08534,SUP15,2025-08-19,2025-09-02,2025-09-02,500,On-Time
DEL-08535,PO-08535,SUP14,2025-08-19,2025-08-26,2025-08-26,100,On-Time
DEL-08536,PO-08536,SUP10,2025-08-19,2025-09-04,2025-09-04,50,On-Time
DEL-08537,PO-08537,SUP07,2025-08-19,2025-09-02,2025-09-02,200,On-Time
DEL-08538,PO-08538,SUP12,2025-08-19,2025-08-27,2025-08-27,200,On-Time
DEL-08539,PO-08539,SUP14,2025-08-19,2025-08-31,2025-08-31,200,On-Time
DEL-08540,PO-08540,SUP15,2025-08-19,2025-08-25,2025-08-25,250,On-Time
DEL-08541,PO-08541,SUP14,2025-08-19,2025-09-02,2025-09-02,250,On-Time
DEL-08542,PO-08542,SUP14,2025-08-19,2025-08-26,2025-08-26,150,On-Time
DEL-08543,PO-08543,SUP08,2025-08-20,2025-08-30,2025-08-30,250,On-Time
DEL-08544,PO-08544,SUP06,2025-08-20,2025-09-17,2025-09-17,10,On-Time
DEL-08545,PO-08545,SUP01,2025-08-20,2025-09-03,2025-09-03,40,On-Time
DEL-08546,PO-08546,SUP07,2025-08-20,2025-09-03,2025-09-03,300,On-Time
DEL-08547,PO-08547,SUP07,2025-08-20,2025-08-28,2025-08-28,60,On-Time
DEL-08548,PO-08548,SUP08,2025-08-20,2025-09-05,2025-09-05,100,On-Time
DEL-08549,PO-08549,SUP09,2025-08-20,2025-08-28,2025-08-28,150,On-Time
DEL-08550,PO-08550,SUP02,2025-08-20,2025-08-27,2025-08-27,500,On-Time
DEL-08551,PO-08551,SUP09,2025-08-20,2025-09-01,2025-09-01,60,On-Time
DEL-08552,PO-08552,SUP14,2025-08-20,2025-08-28,2025-08-28,40,On-Time
DEL-08553,PO-08553,SUP04,2025-08-20,2025-08-31,2025-08-31,300,On-Time
DEL-08554,PO-08554,SUP06,2025-08-20,2025-09-09,2025-09-09,40,On-Time
DEL-08555,PO-08555,SUP08,2025-08-20,2025-08-27,2025-08-28,150,Delayed
DEL-08556,PO-08556,SUP09,2025-08-20,2025-08-27,2025-08-31,250,Delayed
DEL-08557,PO-08557,SUP09,2025-08-21,2025-08-29,2025-08-29,500,On-Time
DEL-08558,PO-08558,SUP15,2025-08-21,2025-09-04,2025-09-12,200,Delayed
DEL-08559,PO-08559,SUP01,2025-08-21,2025-09-04,2025-09-04,120,On-Time
DEL-08560,PO-08560,SUP14,2025-08-21,2025-09-02,2025-09-02,100,On-Time
DEL-08561,PO-08561,SUP08,2025-08-21,2025-08-31,2025-08-31,120,On-Time
DEL-08562,PO-08562,SUP13,2025-08-21,2025-09-01,2025-09-04,300,Delayed
DEL-08563,PO-08563,SUP03,2025-08-21,2025-08-31,2025-08-31,100,On-Time
DEL-08564,PO-08564,SUP01,2025-08-21,2025-08-29,2025-08-30,200,Delayed
DEL-08565,PO-08565,SUP05,2025-08-21,2025-09-02,2025-09-02,60,On-Time
DEL-08566,PO-08566,SUP01,2025-08-21,2025-09-02,2025-09-02,300,On-Time
DEL-08567,PO-08567,SUP15,2025-08-21,2025-08-30,2025-09-10,60,Delayed
DEL-08568,PO-08568,SUP11,2025-08-21,2025-09-04,2025-09-04,250,On-Time
DEL-08569,PO-08569,SUP14,2025-08-21,2025-09-04,2025-09-04,40,On-Time
DEL-08570,PO-08570,SUP01,2025-08-21,2025-09-08,2025-09-08,100,On-Time
DEL-08571,PO-08571,SUP02,2025-08-21,2025-09-15,2025-09-14,30,On-Time
DEL-08572,PO-08572,SUP09,2025-08-22,2025-08-29,2025-08-27,500,On-Time
DEL-08573,PO-08573,SUP01,2025-08-22,2025-09-07,2025-09-07,60,On-Time
DEL-08574,PO-08574,SUP08,2025-08-22,2025-09-06,2025-09-07,120,Delayed
DEL-08575,PO-08575,SUP14,2025-08-22,2025-08-30,2025-08-30,50,On-Time
DEL-08576,PO-08576,SUP01,2025-08-22,2025-09-07,2025-09-07,10,On-Time
DEL-08577,PO-08577,SUP04,2025-08-22,2025-09-03,2025-09-03,100,On-Time
DEL-08578,PO-08578,SUP07,2025-08-22,2025-09-03,2025-09-03,200,On-Time
DEL-08579,PO-08579,SUP06,2025-08-23,2025-09-01,2025-09-01,500,On-Time
DEL-08580,PO-08580,SUP09,2025-08-23,2025-08-28,2025-08-28,200,On-Time
DEL-08581,PO-08581,SUP06,2025-08-23,2025-09-07,2025-09-07,50,On-Time
DEL-08582,PO-08582,SUP15,2025-08-23,2025-09-04,2025-09-04,50,On-Time
DEL-08583,PO-08583,SUP15,2025-08-23,2025-08-31,2025-09-07,100,Delayed
DEL-08584,PO-08584,SUP15,2025-08-23,2025-09-04,2025-09-04,250,On-Time
DEL-08585,PO-08585,SUP15,2025-08-23,2025-08-29,2025-08-29,150,On-Time
DEL-08586,PO-08586,SUP14,2025-08-23,2025-08-30,2025-08-30,150,On-Time
DEL-08587,PO-08587,SUP05,2025-08-23,2025-09-01,2025-09-01,120,On-Time
DEL-08588,PO-08588,SUP08,2025-08-23,2025-09-16,2025-09-16,20,On-Time
DEL-08589,PO-08589,SUP15,2025-08-23,2025-08-30,2025-08-30,100,On-Time
DEL-08590,PO-08590,SUP05,2025-08-23,2025-08-28,2025-08-28,250,On-Time
DEL-08591,PO-08591,SUP14,2025-08-23,2025-08-30,2025-08-30,300,On-Time
DEL-08592,PO-08592,SUP09,2025-08-23,2025-08-30,2025-08-30,200,On-Time
DEL-08593,PO-08593,SUP07,2025-08-23,2025-09-10,2025-09-14,40,Delayed
DEL-08594,PO-08594,SUP13,2025-08-23,2025-09-02,2025-09-02,40,On-Time
DEL-08595,PO-08595,SUP14,2025-08-23,2025-09-06,2025-09-06,120,On-Time
DEL-08596,PO-08596,SUP13,2025-08-23,2025-09-02,2025-09-02,50,On-Time
DEL-08597,PO-08597,SUP14,2025-08-23,2025-09-02,2025-09-02,60,On-Time
DEL-08598,PO-08598,SUP01,2025-08-23,2025-09-10,2025-09-10,30,On-Time
DEL-08599,PO-08599,SUP01,2025-08-23,2025-08-31,2025-08-31,100,On-Time
DEL-08600,PO-08600,SUP14,2025-08-23,2025-08-28,2025-08-27,500,On-Time
DEL-08601,PO-08601,SUP15,2025-08-24,2025-08-29,2025-08-28,300,On-Time
DEL-08602,PO-08602,SUP03,2025-08-24,2025-09-02,2025-09-02,200,On-Time
DEL-08603,PO-08603,SUP15,2025-08-24,2025-09-01,2025-09-03,300,Delayed
DEL-08604,PO-08604,SUP14,2025-08-24,2025-09-01,2025-09-01,120,On-Time
DEL-08605,PO-08605,SUP15,2025-08-24,2025-09-21,2025-09-21,40,On-Time
DEL-08606,PO-08606,SUP12,2025-08-24,2025-09-01,2025-09-01,200,On-Time
DEL-08607,PO-08607,SUP12,2025-08-24,2025-09-01,2025-09-01,60,On-Time
DEL-08608,PO-08608,SUP05,2025-08-24,2025-08-29,2025-08-29,500,On-Time
DEL-08609,PO-08609,SUP08,2025-08-24,2025-09-02,2025-09-02,200,On-Time
DEL-08610,PO-08610,SUP15,2025-08-24,2025-09-05,2025-09-05,40,On-Time
DEL-08611,PO-08611,SUP03,2025-08-24,2025-09-05,2025-09-05,80,On-Time
DEL-08612,PO-08612,SUP09,2025-08-24,2025-09-03,2025-09-03,80,On-Time
DEL-08613,PO-08613,SUP15,2025-08-24,2025-09-04,2025-09-04,500,On-Time
DEL-08614,PO-08614,SUP04,2025-08-24,2025-09-07,2025-09-07,400,On-Time
DEL-08615,PO-08615,SUP05,2025-08-24,2025-08-30,2025-08-29,200,On-Time
DEL-08616,PO-08616,SUP09,2025-08-24,2025-08-29,2025-08-29,500,On-Time
DEL-08617,PO-08617,SUP04,2025-08-24,2025-09-04,2025-09-11,250,Delayed
DEL-08618,PO-08618,SUP14,2025-08-24,2025-08-29,2025-08-29,100,On-Time
DEL-08619,PO-08619,SUP06,2025-08-24,2025-09-15,2025-09-15,20,On-Time
DEL-08620,PO-08620,SUP14,2025-08-24,2025-09-07,2025-09-07,300,On-Time
DEL-08621,PO-08621,SUP14,2025-08-24,2025-09-03,2025-09-02,60,On-Time
DEL-08622,PO-08622,SUP06,2025-08-25,2025-09-02,2025-09-02,40,On-Time
DEL-08623,PO-08623,SUP03,2025-08-25,2025-09-04,2025-09-04,200,On-Time
DEL-08624,PO-08624,SUP15,2025-08-25,2025-09-06,2025-09-06,500,On-Time
DEL-08625,PO-08625,SUP01,2025-08-25,2025-09-01,2025-09-01,400,On-Time
DEL-08626,PO-08626,SUP14,2025-08-25,2025-09-05,2025-09-05,300,On-Time
DEL-08627,PO-08627,SUP08,2025-08-25,2025-09-02,2025-09-02,250,On-Time
DEL-08628,PO-08628,SUP11,2025-08-25,2025-09-01,2025-09-15,100,Delayed
DEL-08629,PO-08629,SUP06,2025-08-26,2025-09-23,2025-09-23,10,On-Time
DEL-08630,PO-08630,SUP03,2025-08-26,2025-09-10,2025-09-10,60,On-Time
DEL-08631,PO-08631,SUP01,2025-08-26,2025-09-03,2025-09-03,100,On-Time
DEL-08632,PO-08632,SUP15,2025-08-26,2025-08-31,2025-08-30,400,On-Time
DEL-08633,PO-08633,SUP11,2025-08-26,2025-09-20,2025-09-20,20,On-Time
DEL-08634,PO-08634,SUP15,2025-08-26,2025-09-03,2025-09-03,80,On-Time
DEL-08635,PO-08635,SUP07,2025-08-26,2025-09-07,2025-09-14,400,Delayed
DEL-08636,PO-08636,SUP15,2025-08-26,2025-09-04,2025-09-04,50,On-Time
DEL-08637,PO-08637,SUP01,2025-08-26,2025-09-07,2025-09-06,100,On-Time
DEL-08638,PO-08638,SUP01,2025-08-26,2025-09-03,2025-09-03,100,On-Time
DEL-08639,PO-08639,SUP04,2025-08-26,2025-09-05,2025-09-05,50,On-Time
DEL-08640,PO-08640,SUP08,2025-08-26,2025-09-13,2025-09-13,50,On-Time
DEL-08641,PO-08641,SUP09,2025-08-26,2025-09-03,2025-09-03,100,On-Time
DEL-08642,PO-08642,SUP02,2025-08-26,2025-09-13,2025-09-13,60,On-Time
DEL-08643,PO-08643,SUP01,2025-08-26,2025-09-09,2025-09-09,100,On-Time
DEL-08644,PO-08644,SUP01,2025-08-26,2025-09-02,2025-09-02,150,On-Time
DEL-08645,PO-08645,SUP14,2025-08-26,2025-09-11,2025-09-11,10,On-Time
DEL-08646,PO-08646,SUP03,2025-08-26,2025-09-04,2025-09-04,200,On-Time
DEL-08647,PO-08647,SUP15,2025-08-27,2025-09-05,2025-09-04,100,On-Time
DEL-08648,PO-08648,SUP01,2025-08-27,2025-09-04,2025-09-04,150,On-Time
DEL-08649,PO-08649,SUP14,2025-08-27,2025-09-01,2025-09-01,250,On-Time
DEL-08650,PO-08650,SUP03,2025-08-27,2025-09-06,2025-09-06,250,On-Time
DEL-08651,PO-08651,SUP05,2025-08-27,2025-09-05,2025-09-05,120,On-Time
DEL-08652,PO-08652,SUP01,2025-08-27,2025-09-04,2025-09-03,150,On-Time
DEL-08653,PO-08653,SUP05,2025-08-27,2025-09-03,2025-09-03,300,On-Time
DEL-08654,PO-08654,SUP15,2025-08-27,2025-09-06,2025-09-06,50,On-Time
DEL-08655,PO-08655,SUP05,2025-08-27,2025-09-02,2025-09-02,300,On-Time
DEL-08656,PO-08656,SUP15,2025-08-27,2025-09-11,2025-09-11,120,On-Time
DEL-08657,PO-08657,SUP08,2025-08-27,2025-09-11,2025-09-11,120,On-Time
DEL-08658,PO-08658,SUP11,2025-08-27,2025-09-11,2025-09-11,40,On-Time
DEL-08659,PO-08659,SUP04,2025-08-27,2025-09-07,2025-09-05,250,On-Time
DEL-08660,PO-08660,SUP14,2025-08-27,2025-09-01,2025-09-01,500,On-Time
DEL-08661,PO-08661,SUP14,2025-08-27,2025-09-04,2025-09-03,150,On-Time
DEL-08662,PO-08662,SUP12,2025-08-27,2025-09-04,2025-09-04,250,On-Time
DEL-08663,PO-08663,SUP05,2025-08-28,2025-09-05,2025-09-05,100,On-Time
DEL-08664,PO-08664,SUP01,2025-08-28,2025-09-12,2025-09-11,60,On-Time
DEL-08665,PO-08665,SUP04,2025-08-28,2025-09-09,2025-09-09,100,On-Time
DEL-08666,PO-08666,SUP07,2025-08-28,2025-09-11,2025-09-15,200,Delayed
DEL-08667,PO-08667,SUP06,2025-08-28,2025-09-15,2025-09-15,120,On-Time
DEL-08668,PO-08668,SUP01,2025-08-28,2025-09-15,2025-09-15,100,On-Time
DEL-08669,PO-08669,SUP15,2025-08-28,2025-09-05,2025-09-05,400,On-Time
DEL-08670,PO-08670,SUP15,2025-08-28,2025-09-02,2025-09-02,400,On-Time
DEL-08671,PO-08671,SUP06,2025-08-28,2025-09-05,2025-09-05,100,On-Time
DEL-08672,PO-08672,SUP11,2025-08-28,2025-09-18,2025-09-18,80,On-Time
DEL-08673,PO-08673,SUP10,2025-08-28,2025-09-09,2025-09-09,50,On-Time
DEL-08674,PO-08674,SUP15,2025-08-28,2025-09-04,2025-09-07,150,Delayed
DEL-08675,PO-08675,SUP14,2025-08-28,2025-09-04,2025-09-04,400,On-Time
DEL-08676,PO-08676,SUP05,2025-08-28,2025-09-03,2025-09-03,300,On-Time
DEL-08677,PO-08677,SUP09,2025-08-28,2025-09-03,2025-09-02,200,On-Time
DEL-08678,PO-08678,SUP01,2025-08-28,2025-09-15,2025-09-15,80,On-Time
DEL-08679,PO-08679,SUP02,2025-08-28,2025-09-11,2025-09-11,400,On-Time
DEL-08680,PO-08680,SUP15,2025-08-28,2025-09-07,2025-09-07,250,On-Time
DEL-08681,PO-08681,SUP15,2025-08-28,2025-09-03,2025-09-03,300,On-Time
DEL-08682,PO-08682,SUP15,2025-08-28,2025-09-09,2025-09-11,100,Delayed
DEL-08683,PO-08683,SUP13,2025-08-28,2025-09-12,2025-09-12,50,On-Time
DEL-08684,PO-08684,SUP09,2025-08-28,2025-09-09,2025-09-09,40,On-Time
DEL-08685,PO-08685,SUP09,2025-08-28,2025-09-05,2025-09-05,300,On-Time
DEL-08686,PO-08686,SUP15,2025-08-29,2025-09-04,2025-09-07,200,Delayed
DEL-08687,PO-08687,SUP13,2025-08-29,2025-09-12,2025-09-12,300,On-Time
DEL-08688,PO-08688,SUP06,2025-08-29,2025-09-07,2025-09-07,100,On-Time
DEL-08689,PO-08689,SUP12,2025-08-29,2025-09-05,2025-09-05,400,On-Time
DEL-08690,PO-08690,SUP08,2025-08-29,2025-09-07,2025-09-07,250,On-Time
DEL-08691,PO-08691,SUP09,2025-08-29,2025-09-03,2025-09-03,300,On-Time
DEL-08692,PO-08692,SUP14,2025-08-29,2025-09-06,2025-09-06,200,On-Time
DEL-08693,PO-08693,SUP01,2025-08-29,2025-09-05,2025-09-05,100,On-Time
DEL-08694,PO-08694,SUP08,2025-08-29,2025-09-12,2025-09-12,120,On-Time
DEL-08695,PO-08695,SUP13,2025-08-29,2025-09-10,2025-09-10,150,On-Time
DEL-08696,PO-08696,SUP10,2025-08-29,2025-09-08,2025-09-08,100,On-Time
DEL-08697,PO-08697,SUP15,2025-08-29,2025-09-06,2025-09-06,100,On-Time
DEL-08698,PO-08698,SUP15,2025-08-29,2025-09-05,2025-09-05,150,On-Time
DEL-08699,PO-08699,SUP04,2025-08-30,2025-09-09,2025-09-09,100,On-Time
DEL-08700,PO-08700,SUP10,2025-08-30,2025-09-08,2025-09-08,250,On-Time
DEL-08701,PO-08701,SUP15,2025-08-30,2025-09-06,2025-09-05,100,On-Time
DEL-08702,PO-08702,SUP06,2025-08-30,2025-09-13,2025-09-13,80,On-Time
DEL-08703,PO-08703,SUP09,2025-08-30,2025-09-11,2025-09-10,40,On-Time
DEL-08704,PO-08704,SUP06,2025-08-30,2025-09-13,2025-09-13,200,On-Time
DEL-08705,PO-08705,SUP01,2025-08-30,2025-09-14,2025-09-14,40,On-Time
DEL-08706,PO-08706,SUP14,2025-08-30,2025-09-13,2025-09-13,80,On-Time
DEL-08707,PO-08707,SUP08,2025-08-30,2025-09-09,2025-09-09,500,On-Time
DEL-08708,PO-08708,SUP14,2025-08-30,2025-09-10,2025-09-08,400,On-Time
DEL-08709,PO-08709,SUP11,2025-08-30,2025-09-11,2025-09-11,400,On-Time
DEL-08710,PO-08710,SUP10,2025-08-30,2025-09-27,2025-09-27,30,On-Time
DEL-08711,PO-08711,SUP14,2025-08-30,2025-09-11,2025-09-11,100,On-Time
DEL-08712,PO-08712,SUP04,2025-08-31,2025-09-12,2025-09-16,500,Delayed
DEL-08713,PO-08713,SUP09,2025-08-31,2025-09-05,2025-09-05,400,On-Time
DEL-08714,PO-08714,SUP15,2025-08-31,2025-09-07,2025-09-07,400,On-Time
DEL-08715,PO-08715,SUP05,2025-08-31,2025-09-05,2025-09-05,150,On-Time
DEL-08716,PO-08716,SUP14,2025-08-31,2025-09-14,2025-09-14,80,On-Time
DEL-08717,PO-08717,SUP15,2025-08-31,2025-09-06,2025-09-05,250,On-Time
DEL-08718,PO-08718,SUP14,2025-08-31,2025-09-08,2025-09-08,100,On-Time
DEL-08719,PO-08719,SUP14,2025-08-31,2025-09-07,2025-09-10,300,Delayed
DEL-08720,PO-08720,SUP14,2025-08-31,2025-09-08,2025-09-08,100,On-Time
DEL-08721,PO-08721,SUP14,2025-08-31,2025-09-05,2025-09-05,250,On-Time
DEL-08722,PO-08722,SUP01,2025-08-31,2025-09-07,2025-09-07,250,On-Time
DEL-08723,PO-08723,SUP05,2025-08-31,2025-09-05,2025-09-05,200,On-Time
DEL-08724,PO-08724,SUP15,2025-09-01,2025-09-06,2025-09-08,100,Delayed
DEL-08725,PO-08725,SUP01,2025-09-01,2025-09-16,2025-09-16,120,On-Time
DEL-08726,PO-08726,SUP09,2025-09-01,2025-09-07,2025-09-07,500,On-Time
DEL-08727,PO-08727,SUP08,2025-09-01,2025-09-19,2025-09-19,30,On-Time
DEL-08728,PO-08728,SUP15,2025-09-01,2025-09-13,2025-09-14,80,Delayed
DEL-08729,PO-08729,SUP13,2025-09-01,2025-09-12,2025-09-10,250,On-Time
DEL-08730,PO-08730,SUP11,2025-09-01,2025-09-22,2025-09-22,120,On-Time
DEL-08731,PO-08731,SUP15,2025-09-01,2025-09-13,2025-09-15,150,Delayed
DEL-08732,PO-08732,SUP10,2025-09-01,2025-09-10,2025-09-13,250,Delayed
DEL-08733,PO-08733,SUP15,2025-09-01,2025-09-09,2025-09-09,250,On-Time
DEL-08734,PO-08734,SUP01,2025-09-01,2025-09-09,2025-09-08,100,On-Time
DEL-08735,PO-08735,SUP02,2025-09-01,2025-09-15,2025-09-15,100,On-Time
DEL-08736,PO-08736,SUP09,2025-09-01,2025-09-06,2025-09-06,400,On-Time
DEL-08737,PO-08737,SUP01,2025-09-01,2025-09-19,2025-09-19,40,On-Time
DEL-08738,PO-08738,SUP06,2025-09-01,2025-09-08,2025-09-08,300,On-Time
DEL-08739,PO-08739,SUP09,2025-09-01,2025-09-07,2025-09-07,500,On-Time
DEL-08740,PO-08740,SUP15,2025-09-01,2025-09-08,2025-09-08,150,On-Time
DEL-08741,PO-08741,SUP14,2025-09-01,2025-09-08,2025-09-07,300,On-Time
DEL-08742,PO-08742,SUP15,2025-09-01,2025-09-09,2025-09-09,40,On-Time
DEL-08743,PO-08743,SUP09,2025-09-01,2025-09-09,2025-09-12,400,Delayed
DEL-08744,PO-08744,SUP10,2025-09-01,2025-09-10,2025-09-10,500,On-Time
DEL-08745,PO-08745,SUP01,2025-09-02,2025-09-16,2025-09-16,400,On-Time
DEL-08746,PO-08746,SUP15,2025-09-02,2025-09-10,2025-09-10,80,On-Time
DEL-08747,PO-08747,SUP15,2025-09-02,2025-09-12,2025-09-12,120,On-Time
DEL-08748,PO-08748,SUP05,2025-09-02,2025-09-07,2025-09-07,250,On-Time
DEL-08749,PO-08749,SUP07,2025-09-02,2025-09-13,2025-09-13,100,On-Time
DEL-08750,PO-08750,SUP15,2025-09-02,2025-09-12,2025-09-12,80,On-Time
DEL-08751,PO-08751,SUP05,2025-09-02,2025-09-07,2025-09-07,300,On-Time
DEL-08752,PO-08752,SUP01,2025-09-02,2025-09-12,2025-09-12,100,On-Time
DEL-08753,PO-08753,SUP12,2025-09-02,2025-09-10,2025-09-10,100,On-Time
DEL-08754,PO-08754,SUP07,2025-09-02,2025-09-14,2025-09-14,200,On-Time
DEL-08755,PO-08755,SUP05,2025-09-02,2025-09-08,2025-09-07,300,On-Time
DEL-08756,PO-08756,SUP04,2025-09-02,2025-09-10,2025-09-10,100,On-Time
DEL-08757,PO-08757,SUP11,2025-09-02,2025-09-14,2025-09-12,400,On-Time
DEL-08758,PO-08758,SUP11,2025-09-02,2025-09-20,2025-09-20,80,On-Time
DEL-08759,PO-08759,SUP01,2025-09-02,2025-09-16,2025-09-16,250,On-Time
DEL-08760,PO-08760,SUP01,2025-09-03,2025-09-17,2025-09-17,80,On-Time
DEL-08761,PO-08761,SUP08,2025-09-03,2025-09-17,2025-09-15,15,On-Time
DEL-08762,PO-08762,SUP05,2025-09-03,2025-09-10,2025-09-08,200,On-Time
DEL-08763,PO-08763,SUP14,2025-09-03,2025-09-13,2025-09-13,50,On-Time
DEL-08764,PO-08764,SUP15,2025-09-03,2025-09-10,2025-09-10,300,On-Time
DEL-08765,PO-08765,SUP09,2025-09-03,2025-09-09,2025-09-09,400,On-Time
DEL-08766,PO-08766,SUP14,2025-09-03,2025-09-09,2025-09-11,300,Delayed
DEL-08767,PO-08767,SUP15,2025-09-03,2025-09-10,2025-09-10,200,On-Time
DEL-08768,PO-08768,SUP15,2025-09-03,2025-09-10,2025-09-14,250,Delayed
DEL-08769,PO-08769,SUP09,2025-09-03,2025-09-08,2025-09-08,300,On-Time
DEL-08770,PO-08770,SUP03,2025-09-03,2025-09-15,2025-09-15,80,On-Time
DEL-08771,PO-08771,SUP09,2025-09-03,2025-09-09,2025-09-09,500,On-Time
DEL-08772,PO-08772,SUP15,2025-09-03,2025-09-13,2025-09-13,100,On-Time
DEL-08773,PO-08773,SUP13,2025-09-03,2025-09-15,2025-09-15,150,On-Time
DEL-08774,PO-08774,SUP09,2025-09-03,2025-09-08,2025-09-08,400,On-Time
DEL-08775,PO-08775,SUP08,2025-09-03,2025-09-10,2025-09-10,400,On-Time
DEL-08776,PO-08776,SUP09,2025-09-03,2025-09-09,2025-09-09,250,On-Time
DEL-08777,PO-08777,SUP14,2025-09-04,2025-09-10,2025-09-10,400,On-Time
DEL-08778,PO-08778,SUP01,2025-09-04,2025-09-16,2025-09-16,40,On-Time
DEL-08779,PO-08779,SUP03,2025-09-04,2025-09-13,2025-09-13,300,On-Time
DEL-08780,PO-08780,SUP15,2025-09-04,2025-09-09,2025-09-09,150,On-Time
DEL-08781,PO-08781,SUP05,2025-09-04,2025-09-09,2025-09-09,100,On-Time
DEL-08782,PO-08782,SUP15,2025-09-04,2025-09-13,2025-09-13,120,On-Time
DEL-08783,PO-08783,SUP08,2025-09-04,2025-09-18,2025-09-18,80,On-Time
DEL-08784,PO-08784,SUP07,2025-09-04,2025-09-16,2025-09-16,500,On-Time
DEL-08785,PO-08785,SUP12,2025-09-04,2025-09-11,2025-09-26,400,Delayed
DEL-08786,PO-08786,SUP08,2025-09-04,2025-09-19,2025-09-19,100,On-Time
DEL-08787,PO-08787,SUP02,2025-09-04,2025-09-18,2025-09-18,300,On-Time
DEL-08788,PO-08788,SUP15,2025-09-04,2025-09-13,2025-09-14,80,Delayed
DEL-08789,PO-08789,SUP14,2025-09-04,2025-09-14,2025-09-12,40,On-Time
DEL-08790,PO-08790,SUP11,2025-09-04,2025-09-12,2025-09-12,40,On-Time
DEL-08791,PO-08791,SUP13,2025-09-04,2025-09-20,2025-09-20,20,On-Time
DEL-08792,PO-08792,SUP13,2025-09-04,2025-09-16,2025-09-16,500,On-Time
DEL-08793,PO-08793,SUP03,2025-09-04,2025-09-19,2025-09-19,40,On-Time
DEL-08794,PO-08794,SUP05,2025-09-04,2025-09-09,2025-09-09,250,On-Time
DEL-08795,PO-08795,SUP06,2025-09-05,2025-09-12,2025-09-12,200,On-Time
DEL-08796,PO-08796,SUP09,2025-09-05,2025-09-10,2025-09-10,200,On-Time
DEL-08797,PO-08797,SUP09,2025-09-05,2025-09-15,2025-09-15,40,On-Time
DEL-08798,PO-08798,SUP11,2025-09-05,2025-09-19,2025-09-19,100,On-Time
DEL-08799,PO-08799,SUP06,2025-09-05,2025-09-27,2025-09-27,15,On-Time
DEL-08800,PO-08800,SUP11,2025-09-05,2025-09-12,2025-09-10,250,On-Time
DEL-08801,PO-08801,SUP15,2025-09-05,2025-09-13,2025-09-13,400,On-Time
DEL-08802,PO-08802,SUP15,2025-09-05,2025-09-19,2025-09-18,150,On-Time
DEL-08803,PO-08803,SUP07,2025-09-05,2025-09-16,2025-09-22,500,Delayed
DEL-08804,PO-08804,SUP15,2025-09-05,2025-09-12,2025-09-12,200,On-Time
DEL-08805,PO-08805,SUP14,2025-09-05,2025-09-17,2025-09-17,50,On-Time
DEL-08806,PO-08806,SUP08,2025-09-06,2025-09-15,2025-09-15,200,On-Time
DEL-08807,PO-08807,SUP06,2025-09-06,2025-09-28,2025-09-28,15,On-Time
DEL-08808,PO-08808,SUP15,2025-09-06,2025-09-16,2025-09-16,250,On-Time
DEL-08809,PO-08809,SUP15,2025-09-06,2025-09-11,2025-09-11,500,On-Time
DEL-08810,PO-08810,SUP15,2025-09-06,2025-09-16,2025-09-16,80,On-Time
DEL-08811,PO-08811,SUP11,2025-09-06,2025-09-20,2025-09-19,200,On-Time
DEL-08812,PO-08812,SUP14,2025-09-06,2025-09-16,2025-09-16,120,On-Time
DEL-08813,PO-08813,SUP04,2025-09-06,2025-09-21,2025-09-21,40,On-Time
DEL-08814,PO-08814,SUP01,2025-09-06,2025-09-15,2025-09-15,250,On-Time
DEL-08815,PO-08815,SUP05,2025-09-06,2025-09-12,2025-09-12,500,On-Time
DEL-08816,PO-08816,SUP01,2025-09-06,2025-09-20,2025-09-20,30,On-Time
DEL-08817,PO-08817,SUP15,2025-09-06,2025-09-21,2025-09-23,60,Delayed
DEL-08818,PO-08818,SUP14,2025-09-06,2025-09-13,2025-09-13,500,On-Time
DEL-08819,PO-08819,SUP10,2025-09-06,2025-09-15,2025-09-15,500,On-Time
DEL-08820,PO-08820,SUP02,2025-09-06,2025-09-20,2025-09-20,100,On-Time
DEL-08821,PO-08821,SUP05,2025-09-06,2025-09-13,2025-09-13,400,On-Time
DEL-08822,PO-08822,SUP01,2025-09-07,2025-09-25,2025-09-25,120,On-Time
DEL-08823,PO-08823,SUP10,2025-09-07,2025-09-16,2025-09-16,150,On-Time
DEL-08824,PO-08824,SUP04,2025-09-07,2025-09-25,2025-09-25,30,On-Time
DEL-08825,PO-08825,SUP05,2025-09-07,2025-09-13,2025-09-13,250,On-Time
DEL-08826,PO-08826,SUP09,2025-09-07,2025-09-13,2025-09-13,100,On-Time
DEL-08827,PO-08827,SUP12,2025-09-07,2025-09-17,2025-09-17,120,On-Time
DEL-08828,PO-08828,SUP14,2025-09-07,2025-09-12,2025-09-12,400,On-Time
DEL-08829,PO-08829,SUP15,2025-09-07,2025-09-14,2025-09-14,500,On-Time
DEL-08830,PO-08830,SUP14,2025-09-07,2025-09-17,2025-09-17,120,On-Time
DEL-08831,PO-08831,SUP01,2025-09-07,2025-09-15,2025-09-15,40,On-Time
DEL-08832,PO-08832,SUP08,2025-09-07,2025-09-19,2025-09-17,100,On-Time
DEL-08833,PO-08833,SUP01,2025-09-07,2025-09-14,2025-09-14,500,On-Time
DEL-08834,PO-08834,SUP06,2025-09-07,2025-09-16,2025-09-16,400,On-Time
DEL-08835,PO-08835,SUP14,2025-09-07,2025-09-22,2025-09-22,50,On-Time
DEL-08836,PO-08836,SUP06,2025-09-07,2025-09-25,2025-09-25,120,On-Time
DEL-08837,PO-08837,SUP05,2025-09-07,2025-09-15,2025-09-15,200,On-Time
DEL-08838,PO-08838,SUP08,2025-09-08,2025-09-18,2025-09-18,400,On-Time
DEL-08839,PO-08839,SUP06,2025-09-08,2025-10-02,2025-10-02,40,On-Time
DEL-08840,PO-08840,SUP15,2025-09-08,2025-09-13,2025-09-13,150,On-Time
DEL-08841,PO-08841,SUP15,2025-09-08,2025-09-23,2025-09-23,120,On-Time
DEL-08842,PO-08842,SUP06,2025-09-08,2025-09-20,2025-09-19,400,On-Time
DEL-08843,PO-08843,SUP11,2025-09-08,2025-09-20,2025-09-18,100,On-Time
DEL-08844,PO-08844,SUP09,2025-09-08,2025-09-14,2025-09-13,500,On-Time
DEL-08845,PO-08845,SUP15,2025-09-08,2025-09-20,2025-09-24,80,Delayed
DEL-08846,PO-08846,SUP14,2025-09-08,2025-09-22,2025-09-22,100,On-Time
DEL-08847,PO-08847,SUP04,2025-09-08,2025-09-22,2025-09-22,250,On-Time
DEL-08848,PO-08848,SUP09,2025-09-08,2025-09-16,2025-09-17,500,Delayed
DEL-08849,PO-08849,SUP09,2025-09-08,2025-09-15,2025-09-15,250,On-Time
DEL-08850,PO-08850,SUP12,2025-09-08,2025-09-26,2025-09-26,15,On-Time
DEL-08851,PO-08851,SUP15,2025-09-08,2025-09-23,2025-09-25,80,Delayed
DEL-08852,PO-08852,SUP09,2025-09-09,2025-09-15,2025-09-15,300,On-Time
DEL-08853,PO-08853,SUP12,2025-09-09,2025-09-17,2025-09-17,80,On-Time
DEL-08854,PO-08854,SUP15,2025-09-09,2025-09-21,2025-09-21,150,On-Time
DEL-08855,PO-08855,SUP15,2025-09-09,2025-09-24,2025-09-24,120,On-Time
DEL-08856,PO-08856,SUP09,2025-09-09,2025-09-14,2025-09-14,100,On-Time
DEL-08857,PO-08857,SUP15,2025-09-09,2025-09-16,2025-09-20,500,Delayed
DEL-08858,PO-08858,SUP15,2025-09-09,2025-09-21,2025-09-21,40,On-Time
DEL-08859,PO-08859,SUP04,2025-09-09,2025-09-23,2025-09-22,500,On-Time
DEL-08860,PO-08860,SUP05,2025-09-09,2025-09-15,2025-09-15,500,On-Time
DEL-08861,PO-08861,SUP15,2025-09-09,2025-09-20,2025-09-20,100,On-Time
DEL-08862,PO-08862,SUP04,2025-09-09,2025-09-17,2025-09-17,60,On-Time
DEL-08863,PO-08863,SUP01,2025-09-09,2025-09-17,2025-09-17,100,On-Time
DEL-08864,PO-08864,SUP01,2025-09-09,2025-09-30,2025-09-30,100,On-Time
DEL-08865,PO-08865,SUP04,2025-09-09,2025-09-17,2025-09-17,80,On-Time
DEL-08866,PO-08866,SUP01,2025-09-09,2025-09-19,2025-09-19,150,On-Time
DEL-08867,PO-08867,SUP15,2025-09-09,2025-09-21,2025-09-22,80,Delayed
DEL-08868,PO-08868,SUP01,2025-09-09,2025-09-27,2025-09-27,50,On-Time
DEL-08869,PO-08869,SUP04,2025-09-09,2025-09-23,2025-09-21,150,On-Time
DEL-08870,PO-08870,SUP12,2025-09-10,2025-09-17,2025-09-16,400,On-Time
DEL-08871,PO-08871,SUP10,2025-09-10,2025-09-28,2025-09-28,100,On-Time
DEL-08872,PO-08872,SUP14,2025-09-10,2025-09-16,2025-09-16,300,On-Time
DEL-08873,PO-08873,SUP13,2025-09-10,2025-09-20,2025-09-20,40,On-Time
DEL-08874,PO-08874,SUP12,2025-09-10,2025-09-20,2025-09-20,100,On-Time
DEL-08875,PO-08875,SUP03,2025-09-10,2025-09-19,2025-09-19,500,On-Time
DEL-08876,PO-08876,SUP09,2025-09-10,2025-09-15,2025-09-15,500,On-Time
DEL-08877,PO-08877,SUP01,2025-09-10,2025-09-19,2025-09-19,100,On-Time
DEL-08878,PO-08878,SUP09,2025-09-10,2025-09-16,2025-09-16,400,On-Time
DEL-08879,PO-08879,SUP09,2025-09-10,2025-09-22,2025-09-22,60,On-Time
DEL-08880,PO-08880,SUP15,2025-09-10,2025-09-19,2025-09-19,120,On-Time
DEL-08881,PO-08881,SUP10,2025-09-10,2025-09-20,2025-09-20,150,On-Time
DEL-08882,PO-08882,SUP15,2025-09-10,2025-09-20,2025-09-20,40,On-Time
DEL-08883,PO-08883,SUP15,2025-09-10,2025-09-17,2025-09-17,150,On-Time
DEL-08884,PO-08884,SUP09,2025-09-10,2025-09-16,2025-09-16,300,On-Time
DEL-08885,PO-08885,SUP14,2025-09-10,2025-09-16,2025-09-16,250,On-Time
DEL-08886,PO-08886,SUP09,2025-09-11,2025-09-17,2025-09-17,500,On-Time
DEL-08887,PO-08887,SUP07,2025-09-11,2025-09-25,2025-09-25,120,On-Time
DEL-08888,PO-08888,SUP01,2025-09-11,2025-09-25,2025-09-25,250,On-Time
DEL-08889,PO-08889,SUP04,2025-09-11,2025-09-19,2025-09-19,40,On-Time
DEL-08890,PO-08890,SUP01,2025-09-11,2025-10-06,2025-10-06,10,On-Time
DEL-08891,PO-08891,SUP01,2025-09-11,2025-09-29,2025-09-28,15,On-Time
DEL-08892,PO-08892,SUP03,2025-09-11,2025-09-29,2025-09-29,40,On-Time
DEL-08893,PO-08893,SUP01,2025-09-11,2025-09-29,2025-09-29,60,On-Time
DEL-08894,PO-08894,SUP06,2025-09-11,2025-09-21,2025-09-21,400,On-Time
DEL-08895,PO-08895,SUP15,2025-09-11,2025-09-21,2025-09-26,50,Delayed
DEL-08896,PO-08896,SUP14,2025-09-11,2025-09-26,2025-09-26,50,On-Time
DEL-08897,PO-08897,SUP04,2025-09-11,2025-09-23,2025-09-23,150,On-Time
DEL-08898,PO-08898,SUP11,2025-09-11,2025-09-23,2025-09-23,400,On-Time
DEL-08899,PO-08899,SUP05,2025-09-11,2025-09-16,2025-09-16,200,On-Time
DEL-08900,PO-08900,SUP15,2025-09-11,2025-09-16,2025-09-16,200,On-Time
DEL-08901,PO-08901,SUP02,2025-09-11,2025-09-23,2025-09-23,500,On-Time
DEL-08902,PO-08902,SUP15,2025-09-11,2025-09-18,2025-09-21,400,Delayed
DEL-08903,PO-08903,SUP09,2025-09-11,2025-09-17,2025-09-17,100,On-Time
DEL-08904,PO-08904,SUP04,2025-09-12,2025-09-27,2025-09-27,120,On-Time
DEL-08905,PO-08905,SUP03,2025-09-12,2025-09-24,2025-09-25,80,Delayed
DEL-08906,PO-08906,SUP04,2025-09-12,2025-09-24,2025-09-30,150,Delayed
DEL-08907,PO-08907,SUP03,2025-09-12,2025-09-22,2025-09-22,250,On-Time
DEL-08908,PO-08908,SUP09,2025-09-12,2025-09-18,2025-09-30,400,Delayed
DEL-08909,PO-08909,SUP15,2025-09-12,2025-09-22,2025-09-21,100,On-Time
DEL-08910,PO-08910,SUP07,2025-09-12,2025-09-23,2025-09-23,100,On-Time
DEL-08911,PO-08911,SUP14,2025-09-12,2025-09-18,2025-09-18,400,On-Time
DEL-08912,PO-08912,SUP14,2025-09-12,2025-09-17,2025-09-22,400,Delayed
DEL-08913,PO-08913,SUP05,2025-09-12,2025-09-24,2025-10-09,50,Delayed
DEL-08914,PO-08914,SUP15,2025-09-12,2025-09-26,2025-09-26,60,On-Time
DEL-08915,PO-08915,SUP04,2025-09-12,2025-09-26,2025-09-30,60,Delayed
DEL-08916,PO-08916,SUP06,2025-09-12,2025-09-22,2025-09-21,100,On-Time
DEL-08917,PO-08917,SUP01,2025-09-12,2025-09-19,2025-09-19,400,On-Time
DEL-08918,PO-08918,SUP04,2025-09-13,2025-09-25,2025-09-25,400,On-Time
DEL-08919,PO-08919,SUP07,2025-09-13,2025-09-24,2025-09-23,400,On-Time
DEL-08920,PO-08920,SUP09,2025-09-13,2025-09-21,2025-09-21,200,On-Time
DEL-08921,PO-08921,SUP14,2025-09-13,2025-10-03,2025-10-07,30,Delayed
DEL-08922,PO-08922,SUP07,2025-09-13,2025-09-25,2025-09-25,250,On-Time
DEL-08923,PO-08923,SUP08,2025-09-13,2025-09-28,2025-09-28,120,On-Time
DEL-08924,PO-08924,SUP05,2025-09-13,2025-09-19,2025-09-18,250,On-Time
DEL-08925,PO-08925,SUP13,2025-09-13,2025-09-25,2025-09-25,150,On-Time
DEL-08926,PO-08926,SUP03,2025-09-13,2025-09-22,2025-09-20,300,On-Time
DEL-08927,PO-08927,SUP09,2025-09-13,2025-09-22,2025-09-22,50,On-Time
DEL-08928,PO-08928,SUP01,2025-09-13,2025-09-20,2025-09-20,200,On-Time
DEL-08929,PO-08929,SUP05,2025-09-13,2025-09-20,2025-09-20,150,On-Time
DEL-08930,PO-08930,SUP13,2025-09-13,2025-09-21,2025-09-30,100,Delayed
DEL-08931,PO-08931,SUP09,2025-09-13,2025-09-18,2025-09-18,200,On-Time
DEL-08932,PO-08932,SUP01,2025-09-14,2025-10-05,2025-10-05,60,On-Time
DEL-08933,PO-08933,SUP14,2025-09-14,2025-09-24,2025-09-22,100,On-Time
DEL-08934,PO-08934,SUP09,2025-09-14,2025-09-26,2025-09-26,80,On-Time
DEL-08935,PO-08935,SUP05,2025-09-14,2025-09-19,2025-09-19,100,On-Time
DEL-08936,PO-08936,SUP07,2025-09-14,2025-09-26,2025-09-26,500,On-Time
DEL-08937,PO-08937,SUP05,2025-09-14,2025-09-19,2025-09-19,300,On-Time
DEL-08938,PO-08938,SUP06,2025-09-14,2025-09-22,2025-09-22,100,On-Time
DEL-08939,PO-08939,SUP15,2025-09-14,2025-09-19,2025-09-18,200,On-Time
DEL-08940,PO-08940,SUP15,2025-09-14,2025-09-28,2025-09-28,120,On-Time
DEL-08941,PO-08941,SUP06,2025-09-14,2025-10-06,2025-10-06,30,On-Time
DEL-08942,PO-08942,SUP08,2025-09-14,2025-09-21,2025-09-21,250,On-Time
DEL-08943,PO-08943,SUP01,2025-09-14,2025-09-24,2025-09-24,250,On-Time
DEL-08944,PO-08944,SUP05,2025-09-14,2025-09-21,2025-09-21,100,On-Time
DEL-08945,PO-08945,SUP14,2025-09-14,2025-09-20,2025-09-20,500,On-Time
DEL-08946,PO-08946,SUP06,2025-09-14,2025-09-24,2025-09-24,200,On-Time
DEL-08947,PO-08947,SUP08,2025-09-14,2025-09-23,2025-09-22,200,On-Time
DEL-08948,PO-08948,SUP06,2025-09-14,2025-09-28,2025-09-28,150,On-Time
DEL-08949,PO-08949,SUP14,2025-09-15,2025-09-25,2025-09-24,60,On-Time
DEL-08950,PO-08950,SUP15,2025-09-15,2025-10-05,2025-10-05,40,On-Time
DEL-08951,PO-08951,SUP01,2025-09-15,2025-09-30,2025-09-30,60,On-Time
DEL-08952,PO-08952,SUP01,2025-09-15,2025-10-03,2025-10-03,40,On-Time
DEL-08953,PO-08953,SUP08,2025-09-15,2025-09-27,2025-09-27,40,On-Time
DEL-08954,PO-08954,SUP06,2025-09-15,2025-10-01,2025-10-01,80,On-Time
DEL-08955,PO-08955,SUP05,2025-09-15,2025-09-20,2025-09-27,200,Delayed
DEL-08956,PO-08956,SUP06,2025-09-15,2025-10-01,2025-10-01,100,On-Time
DEL-08957,PO-08957,SUP15,2025-09-15,2025-09-27,2025-09-27,300,On-Time
DEL-08958,PO-08958,SUP04,2025-09-15,2025-09-30,2025-09-28,80,On-Time
DEL-08959,PO-08959,SUP15,2025-09-16,2025-09-30,2025-09-30,200,On-Time
DEL-08960,PO-08960,SUP09,2025-09-16,2025-09-21,2025-09-21,500,On-Time
DEL-08961,PO-08961,SUP10,2025-09-16,2025-10-04,2025-10-04,40,On-Time
DEL-08962,PO-08962,SUP08,2025-09-16,2025-09-25,2025-09-25,150,On-Time
DEL-08963,PO-08963,SUP08,2025-09-16,2025-09-30,2025-09-30,40,On-Time
DEL-08964,PO-08964,SUP13,2025-09-16,2025-10-04,2025-10-05,10,Delayed
DEL-08965,PO-08965,SUP02,2025-09-16,2025-09-26,2025-09-26,100,On-Time
DEL-08966,PO-08966,SUP09,2025-09-16,2025-09-22,2025-10-01,500,Delayed
DEL-08967,PO-08967,SUP03,2025-09-16,2025-09-26,2025-09-26,500,On-Time
DEL-08968,PO-08968,SUP13,2025-09-16,2025-09-30,2025-09-29,100,On-Time
DEL-08969,PO-08969,SUP01,2025-09-16,2025-09-28,2025-09-28,60,On-Time
DEL-08970,PO-08970,SUP15,2025-09-16,2025-10-07,2025-10-08,80,Delayed
DEL-08971,PO-08971,SUP14,2025-09-16,2025-09-23,2025-09-23,100,On-Time
DEL-08972,PO-08972,SUP09,2025-09-16,2025-09-21,2025-09-21,200,On-Time
DEL-08973,PO-08973,SUP06,2025-09-17,2025-10-01,2025-10-01,100,On-Time
DEL-08974,PO-08974,SUP05,2025-09-17,2025-09-24,2025-09-24,400,On-Time
DEL-08975,PO-08975,SUP15,2025-09-17,2025-09-23,2025-09-23,400,On-Time
DEL-08976,PO-08976,SUP05,2025-09-17,2025-09-25,2025-09-25,100,On-Time
DEL-08977,PO-08977,SUP14,2025-09-17,2025-09-23,2025-09-29,200,Delayed
DEL-08978,PO-08978,SUP07,2025-09-17,2025-09-29,2025-09-30,200,Delayed
DEL-08979,PO-08979,SUP14,2025-09-17,2025-10-07,2025-10-07,15,On-Time
DEL-08980,PO-08980,SUP04,2025-09-17,2025-10-02,2025-10-02,50,On-Time
DEL-08981,PO-08981,SUP05,2025-09-17,2025-09-23,2025-09-23,250,On-Time
DEL-08982,PO-08982,SUP08,2025-09-17,2025-09-25,2025-09-25,200,On-Time
DEL-08983,PO-08983,SUP08,2025-09-17,2025-10-02,2025-10-02,50,On-Time
DEL-08984,PO-08984,SUP08,2025-09-17,2025-09-27,2025-09-27,150,On-Time
DEL-08985,PO-08985,SUP08,2025-09-17,2025-09-26,2025-09-26,250,On-Time
DEL-08986,PO-08986,SUP14,2025-09-18,2025-09-23,2025-09-23,500,On-Time
DEL-08987,PO-08987,SUP15,2025-09-18,2025-09-28,2025-09-26,250,On-Time
DEL-08988,PO-08988,SUP15,2025-09-18,2025-10-09,2025-10-10,120,Delayed
DEL-08989,PO-08989,SUP12,2025-09-18,2025-09-25,2025-09-25,250,On-Time
DEL-08990,PO-08990,SUP12,2025-09-18,2025-09-25,2025-09-25,150,On-Time
DEL-08991,PO-08991,SUP15,2025-09-18,2025-09-30,2025-09-30,300,On-Time
DEL-08992,PO-08992,SUP14,2025-09-18,2025-09-29,2025-09-29,250,On-Time
DEL-08993,PO-08993,SUP10,2025-09-19,2025-09-29,2025-09-30,250,Delayed
DEL-08994,PO-08994,SUP13,2025-09-19,2025-10-09,2025-10-19,15,Delayed
DEL-08995,PO-08995,SUP06,2025-09-19,2025-10-07,2025-10-07,60,On-Time
DEL-08996,PO-08996,SUP12,2025-09-19,2025-09-27,2025-09-27,50,On-Time
DEL-08997,PO-08997,SUP05,2025-09-19,2025-09-25,2025-09-25,300,On-Time
DEL-08998,PO-08998,SUP14,2025-09-19,2025-09-24,2025-09-24,150,On-Time
DEL-08999,PO-08999,SUP13,2025-09-19,2025-09-27,2025-09-27,60,On-Time
DEL-09000,PO-09000,SUP07,2025-09-19,2025-10-01,2025-10-02,200,Delayed
DEL-09001,PO-09001,SUP01,2025-09-19,2025-09-29,2025-09-29,400,On-Time
DEL-09002,PO-09002,SUP04,2025-09-19,2025-09-29,2025-09-28,100,On-Time
DEL-09003,PO-09003,SUP03,2025-09-19,2025-10-03,2025-10-03,60,On-Time
DEL-09004,PO-09004,SUP15,2025-09-19,2025-09-26,2025-09-26,400,On-Time
DEL-09005,PO-09005,SUP14,2025-09-19,2025-09-27,2025-09-27,400,On-Time
DEL-09006,PO-09006,SUP14,2025-09-19,2025-10-04,2025-10-04,120,On-Time
DEL-09007,PO-09007,SUP12,2025-09-19,2025-09-27,2025-09-27,150,On-Time
DEL-09008,PO-09008,SUP06,2025-09-19,2025-10-13,2025-10-13,10,On-Time
DEL-09009,PO-09009,SUP07,2025-09-19,2025-10-09,2025-10-09,20,On-Time
DEL-09010,PO-09010,SUP15,2025-09-19,2025-09-29,2025-09-29,120,On-Time
DEL-09011,PO-09011,SUP04,2025-09-19,2025-10-03,2025-10-04,80,Delayed
DEL-09012,PO-09012,SUP11,2025-09-19,2025-10-03,2025-10-05,100,Delayed
DEL-09013,PO-09013,SUP10,2025-09-20,2025-09-30,2025-09-30,300,On-Time
DEL-09014,PO-09014,SUP06,2025-09-20,2025-10-04,2025-10-02,100,On-Time
DEL-09015,PO-09015,SUP15,2025-09-20,2025-09-30,2025-09-30,40,On-Time
DEL-09016,PO-09016,SUP15,2025-09-20,2025-09-27,2025-09-27,500,On-Time
DEL-09017,PO-09017,SUP09,2025-09-20,2025-09-26,2025-09-25,200,On-Time
DEL-09018,PO-09018,SUP02,2025-09-20,2025-09-27,2025-10-01,150,Delayed
DEL-09019,PO-09019,SUP09,2025-09-20,2025-10-02,2025-10-02,40,On-Time
DEL-09020,PO-09020,SUP15,2025-09-20,2025-09-30,2025-09-30,100,On-Time
DEL-09021,PO-09021,SUP02,2025-09-20,2025-10-10,2025-10-10,100,On-Time
DEL-09022,PO-09022,SUP02,2025-09-20,2025-09-27,2025-09-27,400,On-Time
DEL-09023,PO-09023,SUP15,2025-09-20,2025-10-05,2025-10-05,100,On-Time
DEL-09024,PO-09024,SUP11,2025-09-20,2025-09-27,2025-09-27,250,On-Time
DEL-09025,PO-09025,SUP01,2025-09-20,2025-10-04,2025-10-04,20,On-Time
DEL-09026,PO-09026,SUP08,2025-09-20,2025-10-05,2025-10-05,120,On-Time
DEL-09027,PO-09027,SUP07,2025-09-21,2025-10-03,2025-10-03,400,On-Time
DEL-09028,PO-09028,SUP14,2025-09-21,2025-09-28,2025-09-28,500,On-Time
DEL-09029,PO-09029,SUP15,2025-09-21,2025-09-28,2025-09-28,500,On-Time
DEL-09030,PO-09030,SUP14,2025-09-21,2025-09-26,2025-09-25,250,On-Time
DEL-09031,PO-09031,SUP15,2025-09-21,2025-10-06,2025-10-06,100,On-Time
DEL-09032,PO-09032,SUP15,2025-09-21,2025-09-27,2025-09-27,400,On-Time
DEL-09033,PO-09033,SUP04,2025-09-21,2025-10-05,2025-10-05,150,On-Time
DEL-09034,PO-09034,SUP09,2025-09-21,2025-09-27,2025-09-27,200,On-Time
DEL-09035,PO-09035,SUP04,2025-09-21,2025-10-02,2025-10-02,250,On-Time
DEL-09036,PO-09036,SUP11,2025-09-21,2025-09-28,2025-09-28,400,On-Time
DEL-09037,PO-09037,SUP02,2025-09-21,2025-09-29,2025-09-29,120,On-Time
DEL-09038,PO-09038,SUP03,2025-09-21,2025-10-01,2025-10-01,300,On-Time
DEL-09039,PO-09039,SUP14,2025-09-21,2025-10-11,2025-10-11,40,On-Time
DEL-09040,PO-09040,SUP08,2025-09-21,2025-09-29,2025-09-30,500,Delayed
DEL-09041,PO-09041,SUP01,2025-09-21,2025-10-06,2025-10-06,50,On-Time
DEL-09042,PO-09042,SUP14,2025-09-21,2025-09-27,2025-10-01,100,Delayed
DEL-09043,PO-09043,SUP07,2025-09-22,2025-10-04,2025-10-03,150,On-Time
DEL-09044,PO-09044,SUP10,2025-09-22,2025-10-01,2025-10-01,400,On-Time
DEL-09045,PO-09045,SUP15,2025-09-22,2025-10-01,2025-10-01,60,On-Time
DEL-09046,PO-09046,SUP11,2025-09-22,2025-09-29,2025-09-29,500,On-Time
DEL-09047,PO-09047,SUP05,2025-09-22,2025-09-27,2025-09-28,500,Delayed
DEL-09048,PO-09048,SUP15,2025-09-22,2025-10-03,2025-10-14,500,Delayed
DEL-09049,PO-09049,SUP07,2025-09-22,2025-10-06,2025-10-06,500,On-Time
DEL-09050,PO-09050,SUP05,2025-09-22,2025-09-30,2025-09-30,150,On-Time
DEL-09051,PO-09051,SUP15,2025-09-22,2025-10-13,2025-10-13,120,On-Time
DEL-09052,PO-09052,SUP01,2025-09-22,2025-10-02,2025-10-02,150,On-Time
DEL-09053,PO-09053,SUP01,2025-09-22,2025-10-07,2025-10-07,120,On-Time
DEL-09054,PO-09054,SUP14,2025-09-22,2025-09-27,2025-09-27,100,On-Time
DEL-09055,PO-09055,SUP14,2025-09-22,2025-09-28,2025-09-28,200,On-Time
DEL-09056,PO-09056,SUP09,2025-09-23,2025-09-29,2025-09-29,200,On-Time
DEL-09057,PO-09057,SUP05,2025-09-23,2025-09-30,2025-09-30,400,On-Time
DEL-09058,PO-09058,SUP05,2025-09-23,2025-09-28,2025-09-28,250,On-Time
DEL-09059,PO-09059,SUP15,2025-09-23,2025-10-01,2025-10-05,300,Delayed
DEL-09060,PO-09060,SUP01,2025-09-23,2025-10-07,2025-10-07,50,On-Time
DEL-09061,PO-09061,SUP08,2025-09-23,2025-10-01,2025-10-02,120,Delayed
DEL-09062,PO-09062,SUP15,2025-09-23,2025-10-03,2025-10-03,50,On-Time
DEL-09063,PO-09063,SUP05,2025-09-23,2025-09-29,2025-09-29,200,On-Time
DEL-09064,PO-09064,SUP10,2025-09-23,2025-10-11,2025-10-11,80,On-Time
DEL-09065,PO-09065,SUP01,2025-09-23,2025-10-03,2025-10-03,100,On-Time
DEL-09066,PO-09066,SUP05,2025-09-23,2025-09-28,2025-09-28,150,On-Time
DEL-09067,PO-09067,SUP01,2025-09-23,2025-10-05,2025-10-05,120,On-Time
DEL-09068,PO-09068,SUP06,2025-09-24,2025-10-10,2025-10-10,60,On-Time
DEL-09069,PO-09069,SUP15,2025-09-24,2025-09-29,2025-09-28,200,On-Time
DEL-09070,PO-09070,SUP02,2025-09-24,2025-10-08,2025-10-08,150,On-Time
DEL-09071,PO-09071,SUP10,2025-09-24,2025-10-04,2025-10-04,100,On-Time
DEL-09072,PO-09072,SUP01,2025-09-24,2025-10-14,2025-10-14,60,On-Time
DEL-09073,PO-09073,SUP15,2025-09-24,2025-09-29,2025-09-30,500,Delayed
DEL-09074,PO-09074,SUP02,2025-09-24,2025-10-01,2025-10-01,100,On-Time
DEL-09075,PO-09075,SUP03,2025-09-24,2025-10-10,2025-10-10,80,On-Time
DEL-09076,PO-09076,SUP04,2025-09-24,2025-10-14,2025-10-14,10,On-Time
DEL-09077,PO-09077,SUP02,2025-09-24,2025-10-15,2025-10-16,100,Delayed
DEL-09078,PO-09078,SUP06,2025-09-24,2025-10-04,2025-10-03,500,On-Time
DEL-09079,PO-09079,SUP06,2025-09-24,2025-10-04,2025-10-04,200,On-Time
DEL-09080,PO-09080,SUP05,2025-09-25,2025-10-01,2025-10-01,100,On-Time
DEL-09081,PO-09081,SUP13,2025-09-25,2025-10-07,2025-10-07,250,On-Time
DEL-09082,PO-09082,SUP11,2025-09-25,2025-10-05,2025-10-04,250,On-Time
DEL-09083,PO-09083,SUP15,2025-09-25,2025-10-02,2025-10-02,250,On-Time
DEL-09084,PO-09084,SUP15,2025-09-25,2025-10-16,2025-10-16,80,On-Time
DEL-09085,PO-09085,SUP14,2025-09-25,2025-10-02,2025-10-02,400,On-Time
DEL-09086,PO-09086,SUP15,2025-09-25,2025-10-03,2025-10-10,100,Delayed
DEL-09087,PO-09087,SUP09,2025-09-25,2025-09-30,2025-10-02,250,Delayed
DEL-09088,PO-09088,SUP14,2025-09-25,2025-09-30,2025-09-30,500,On-Time
DEL-09089,PO-09089,SUP08,2025-09-25,2025-10-02,2025-10-01,150,On-Time
DEL-09090,PO-09090,SUP04,2025-09-25,2025-10-09,2025-10-09,250,On-Time
DEL-09091,PO-09091,SUP04,2025-09-25,2025-10-10,2025-10-13,100,Delayed
DEL-09092,PO-09092,SUP03,2025-09-25,2025-10-05,2025-10-05,100,On-Time
DEL-09093,PO-09093,SUP06,2025-09-25,2025-10-10,2025-10-10,120,On-Time
DEL-09094,PO-09094,SUP08,2025-09-25,2025-10-10,2025-10-10,120,On-Time
DEL-09095,PO-09095,SUP11,2025-09-25,2025-10-09,2025-10-09,200,On-Time
DEL-09096,PO-09096,SUP09,2025-09-26,2025-10-01,2025-10-07,200,Delayed
DEL-09097,PO-09097,SUP02,2025-09-26,2025-10-11,2025-10-11,80,On-Time
DEL-09098,PO-09098,SUP07,2025-09-26,2025-10-11,2025-10-11,120,On-Time
DEL-09099,PO-09099,SUP10,2025-09-26,2025-10-05,2025-10-06,100,Delayed
DEL-09100,PO-09100,SUP14,2025-09-26,2025-10-11,2025-10-16,100,Delayed
DEL-09101,PO-09101,SUP12,2025-09-26,2025-10-04,2025-10-09,100,Delayed
DEL-09102,PO-09102,SUP14,2025-09-26,2025-10-04,2025-10-03,400,On-Time
DEL-09103,PO-09103,SUP15,2025-09-26,2025-10-03,2025-10-03,400,On-Time
DEL-09104,PO-09104,SUP04,2025-09-26,2025-10-04,2025-10-10,120,Delayed
DEL-09105,PO-09105,SUP15,2025-09-26,2025-10-01,2025-10-02,250,Delayed
DEL-09106,PO-09106,SUP05,2025-09-26,2025-10-01,2025-09-29,400,On-Time
DEL-09107,PO-09107,SUP01,2025-09-26,2025-10-08,2025-10-07,500,On-Time
DEL-09108,PO-09108,SUP06,2025-09-27,2025-10-18,2025-10-18,60,On-Time
DEL-09109,PO-09109,SUP07,2025-09-27,2025-10-11,2025-10-11,250,On-Time
DEL-09110,PO-09110,SUP14,2025-09-27,2025-10-05,2025-10-05,200,On-Time
DEL-09111,PO-09111,SUP15,2025-09-27,2025-10-07,2025-10-07,120,On-Time
DEL-09112,PO-09112,SUP15,2025-09-27,2025-10-07,2025-10-07,500,On-Time
DEL-09113,PO-09113,SUP15,2025-09-27,2025-10-05,2025-10-08,50,Delayed
DEL-09114,PO-09114,SUP12,2025-09-27,2025-10-05,2025-10-05,300,On-Time
DEL-09115,PO-09115,SUP12,2025-09-27,2025-10-07,2025-10-07,60,On-Time
DEL-09116,PO-09116,SUP14,2025-09-28,2025-10-09,2025-10-09,250,On-Time
DEL-09117,PO-09117,SUP11,2025-09-28,2025-10-10,2025-10-10,100,On-Time
DEL-09118,PO-09118,SUP11,2025-09-28,2025-10-05,2025-10-05,500,On-Time
DEL-09119,PO-09119,SUP09,2025-09-28,2025-10-04,2025-10-04,300,On-Time
DEL-09120,PO-09120,SUP15,2025-09-28,2025-10-06,2025-10-06,200,On-Time
DEL-09121,PO-09121,SUP01,2025-09-28,2025-10-07,2025-10-07,150,On-Time
DEL-09122,PO-09122,SUP15,2025-09-28,2025-10-06,2025-10-06,200,On-Time
DEL-09123,PO-09123,SUP15,2025-09-28,2025-10-05,2025-10-05,500,On-Time
DEL-09124,PO-09124,SUP15,2025-09-28,2025-10-07,2025-10-07,100,On-Time
DEL-09125,PO-09125,SUP14,2025-09-28,2025-10-12,2025-10-27,20,Delayed
DEL-09126,PO-09126,SUP06,2025-09-28,2025-10-14,2025-10-13,50,On-Time
DEL-09127,PO-09127,SUP15,2025-09-28,2025-10-06,2025-10-06,120,On-Time
DEL-09128,PO-09128,SUP05,2025-09-28,2025-10-03,2025-10-03,200,On-Time
DEL-09129,PO-09129,SUP01,2025-09-28,2025-10-05,2025-10-05,500,On-Time
DEL-09130,PO-09130,SUP09,2025-09-28,2025-10-05,2025-10-05,400,On-Time
DEL-09131,PO-09131,SUP11,2025-09-29,2025-10-09,2025-10-09,150,On-Time
DEL-09132,PO-09132,SUP15,2025-09-29,2025-10-06,2025-10-13,300,Delayed
DEL-09133,PO-09133,SUP14,2025-09-29,2025-10-13,2025-10-13,120,On-Time
DEL-09134,PO-09134,SUP07,2025-09-29,2025-10-09,2025-10-09,80,On-Time
DEL-09135,PO-09135,SUP01,2025-09-29,2025-10-13,2025-10-13,100,On-Time
DEL-09136,PO-09136,SUP14,2025-09-29,2025-10-09,2025-10-09,80,On-Time
DEL-09137,PO-09137,SUP15,2025-09-29,2025-10-07,2025-10-07,400,On-Time
DEL-09138,PO-09138,SUP11,2025-09-29,2025-10-17,2025-10-17,100,On-Time
DEL-09139,PO-09139,SUP15,2025-09-29,2025-10-07,2025-10-07,300,On-Time
DEL-09140,PO-09140,SUP08,2025-09-29,2025-10-06,2025-10-07,500,Delayed
DEL-09141,PO-09141,SUP08,2025-09-29,2025-10-06,2025-10-04,500,On-Time
DEL-09142,PO-09142,SUP14,2025-09-29,2025-10-07,2025-10-07,150,On-Time
DEL-09143,PO-09143,SUP15,2025-09-29,2025-10-07,2025-10-15,100,Delayed
DEL-09144,PO-09144,SUP15,2025-09-29,2025-10-13,2025-10-11,400,On-Time
DEL-09145,PO-09145,SUP15,2025-09-29,2025-10-06,2025-10-06,150,On-Time
DEL-09146,PO-09146,SUP03,2025-09-29,2025-10-09,2025-10-09,250,On-Time
DEL-09147,PO-09147,SUP15,2025-09-30,2025-10-08,2025-10-08,150,On-Time
DEL-09148,PO-09148,SUP06,2025-09-30,2025-10-20,2025-10-20,50,On-Time
DEL-09149,PO-09149,SUP01,2025-09-30,2025-10-07,2025-10-07,150,On-Time
DEL-09150,PO-09150,SUP03,2025-09-30,2025-10-28,2025-11-15,20,Delayed
DEL-09151,PO-09151,SUP10,2025-09-30,2025-10-09,2025-10-09,250,On-Time
DEL-09152,PO-09152,SUP01,2025-09-30,2025-10-16,2025-10-16,40,On-Time
DEL-09153,PO-09153,SUP07,2025-09-30,2025-10-14,2025-10-16,100,Delayed
DEL-09154,PO-09154,SUP15,2025-09-30,2025-10-05,2025-10-07,200,Delayed
DEL-09155,PO-09155,SUP01,2025-09-30,2025-10-08,2025-10-08,300,On-Time
DEL-09156,PO-09156,SUP14,2025-09-30,2025-10-14,2025-10-14,10,On-Time
DEL-09157,PO-09157,SUP09,2025-09-30,2025-10-07,2025-10-07,150,On-Time
DEL-09158,PO-09158,SUP04,2025-09-30,2025-10-14,2025-10-14,100,On-Time
DEL-09159,PO-09159,SUP05,2025-09-30,2025-10-05,2025-10-05,250,On-Time
DEL-09160,PO-09160,SUP01,2025-09-30,2025-10-09,2025-10-09,500,On-Time
DEL-09161,PO-09161,SUP11,2025-09-30,2025-10-10,2025-10-10,250,On-Time
DEL-09162,PO-09162,SUP09,2025-09-30,2025-10-08,2025-10-08,150,On-Time
DEL-09163,PO-09163,SUP01,2025-09-30,2025-10-12,2025-10-12,100,On-Time
DEL-09164,PO-09164,SUP06,2025-10-01,2025-10-17,2025-10-16,40,On-Time
DEL-09165,PO-09165,SUP03,2025-10-01,2025-10-19,2025-10-19,80,On-Time
DEL-09166,PO-09166,SUP15,2025-10-01,2025-10-08,2025-10-16,200,Delayed
DEL-09167,PO-09167,SUP01,2025-10-01,2025-10-09,2025-10-09,40,On-Time
DEL-09168,PO-09168,SUP15,2025-10-01,2025-10-12,2025-10-12,150,On-Time
DEL-09169,PO-09169,SUP04,2025-10-01,2025-10-15,2025-10-15,40,On-Time
DEL-09170,PO-09170,SUP05,2025-10-01,2025-10-06,2025-10-05,200,On-Time
DEL-09171,PO-09171,SUP01,2025-10-01,2025-10-15,2025-10-15,300,On-Time
DEL-09172,PO-09172,SUP10,2025-10-01,2025-10-10,2025-10-10,150,On-Time
DEL-09173,PO-09173,SUP01,2025-10-01,2025-10-11,2025-10-11,250,On-Time
DEL-09174,PO-09174,SUP14,2025-10-01,2025-10-12,2025-10-12,100,On-Time
DEL-09175,PO-09175,SUP04,2025-10-01,2025-10-15,2025-10-15,80,On-Time
DEL-09176,PO-09176,SUP05,2025-10-01,2025-10-08,2025-10-08,200,On-Time
DEL-09177,PO-09177,SUP03,2025-10-01,2025-10-11,2025-10-12,400,Delayed
DEL-09178,PO-09178,SUP01,2025-10-02,2025-10-09,2025-10-09,200,On-Time
DEL-09179,PO-09179,SUP02,2025-10-02,2025-10-16,2025-10-16,150,On-Time
DEL-09180,PO-09180,SUP05,2025-10-02,2025-10-08,2025-10-07,400,On-Time
DEL-09181,PO-09181,SUP02,2025-10-02,2025-10-20,2025-10-20,100,On-Time
DEL-09182,PO-09182,SUP04,2025-10-02,2025-10-14,2025-10-16,200,Delayed
DEL-09183,PO-09183,SUP14,2025-10-02,2025-10-07,2025-10-09,400,Delayed
DEL-09184,PO-09184,SUP04,2025-10-02,2025-10-16,2025-10-16,150,On-Time
DEL-09185,PO-09185,SUP15,2025-10-02,2025-10-09,2025-10-09,200,On-Time
DEL-09186,PO-09186,SUP10,2025-10-02,2025-10-18,2025-10-18,50,On-Time
DEL-09187,PO-09187,SUP14,2025-10-02,2025-10-12,2025-10-10,60,On-Time
DEL-09188,PO-09188,SUP07,2025-10-02,2025-10-14,2025-10-12,250,On-Time
DEL-09189,PO-09189,SUP06,2025-10-03,2025-10-17,2025-10-18,300,Delayed
DEL-09190,PO-09190,SUP09,2025-10-03,2025-10-09,2025-10-09,150,On-Time
DEL-09191,PO-09191,SUP05,2025-10-03,2025-10-15,2025-10-15,80,On-Time
DEL-09192,PO-09192,SUP05,2025-10-03,2025-10-09,2025-10-09,300,On-Time
DEL-09193,PO-09193,SUP15,2025-10-03,2025-10-11,2025-10-13,500,Delayed
DEL-09194,PO-09194,SUP11,2025-10-03,2025-10-15,2025-10-13,250,On-Time
DEL-09195,PO-09195,SUP03,2025-10-03,2025-10-19,2025-10-19,40,On-Time
DEL-09196,PO-09196,SUP15,2025-10-03,2025-10-08,2025-10-08,500,On-Time
DEL-09197,PO-09197,SUP07,2025-10-03,2025-10-17,2025-10-17,80,On-Time
DEL-09198,PO-09198,SUP09,2025-10-03,2025-10-12,2025-10-12,40,On-Time
DEL-09199,PO-09199,SUP15,2025-10-03,2025-10-15,2025-10-17,100,Delayed
DEL-09200,PO-09200,SUP15,2025-10-04,2025-10-16,2025-10-16,400,On-Time
DEL-09201,PO-09201,SUP13,2025-10-04,2025-10-12,2025-10-12,50,On-Time
DEL-09202,PO-09202,SUP01,2025-10-04,2025-10-12,2025-10-12,100,On-Time
DEL-09203,PO-09203,SUP09,2025-10-04,2025-10-16,2025-10-16,50,On-Time
DEL-09204,PO-09204,SUP03,2025-10-04,2025-10-26,2025-10-26,20,On-Time
DEL-09205,PO-09205,SUP14,2025-10-04,2025-10-13,2025-10-15,60,Delayed
DEL-09206,PO-09206,SUP05,2025-10-04,2025-10-11,2025-10-17,300,Delayed
DEL-09207,PO-09207,SUP14,2025-10-04,2025-10-10,2025-10-10,150,On-Time
DEL-09208,PO-09208,SUP09,2025-10-04,2025-10-11,2025-10-11,100,On-Time
DEL-09209,PO-09209,SUP07,2025-10-04,2025-10-15,2025-10-15,500,On-Time
DEL-09210,PO-09210,SUP14,2025-10-04,2025-10-09,2025-10-12,150,Delayed
DEL-09211,PO-09211,SUP02,2025-10-04,2025-10-25,2025-10-25,80,On-Time
DEL-09212,PO-09212,SUP05,2025-10-05,2025-10-10,2025-10-08,500,On-Time
DEL-09213,PO-09213,SUP13,2025-10-05,2025-10-19,2025-10-21,150,Delayed
DEL-09214,PO-09214,SUP14,2025-10-05,2025-10-12,2025-10-12,500,On-Time
DEL-09215,PO-09215,SUP01,2025-10-05,2025-10-23,2025-10-23,50,On-Time
DEL-09216,PO-09216,SUP13,2025-10-05,2025-10-19,2025-10-19,250,On-Time
DEL-09217,PO-09217,SUP14,2025-10-05,2025-10-21,2025-10-20,20,On-Time
DEL-09218,PO-09218,SUP05,2025-10-05,2025-10-15,2025-10-15,50,On-Time
DEL-09219,PO-09219,SUP07,2025-10-05,2025-10-13,2025-10-13,50,On-Time
DEL-09220,PO-09220,SUP06,2025-10-05,2025-10-17,2025-10-17,100,On-Time
DEL-09221,PO-09221,SUP08,2025-10-05,2025-10-21,2025-10-22,60,Delayed
DEL-09222,PO-09222,SUP11,2025-10-05,2025-10-17,2025-10-17,200,On-Time
DEL-09223,PO-09223,SUP05,2025-10-05,2025-10-10,2025-10-10,200,On-Time
DEL-09224,PO-09224,SUP13,2025-10-05,2025-10-17,2025-10-22,100,Delayed
DEL-09225,PO-09225,SUP06,2025-10-06,2025-10-21,2025-10-21,100,On-Time
DEL-09226,PO-09226,SUP04,2025-10-06,2025-10-20,2025-10-20,120,On-Time
DEL-09227,PO-09227,SUP08,2025-10-06,2025-10-15,2025-10-15,100,On-Time
DEL-09228,PO-09228,SUP14,2025-10-06,2025-10-11,2025-10-11,300,On-Time
DEL-09229,PO-09229,SUP04,2025-10-06,2025-10-14,2025-10-14,60,On-Time
DEL-09230,PO-09230,SUP09,2025-10-06,2025-10-12,2025-10-14,500,Delayed
DEL-09231,PO-09231,SUP01,2025-10-06,2025-10-20,2025-10-20,40,On-Time
DEL-09232,PO-09232,SUP12,2025-10-06,2025-10-14,2025-10-14,200,On-Time
DEL-09233,PO-09233,SUP07,2025-10-06,2025-10-20,2025-10-20,60,On-Time
DEL-09234,PO-09234,SUP10,2025-10-06,2025-10-22,2025-10-22,50,On-Time
DEL-09235,PO-09235,SUP02,2025-10-06,2025-10-18,2025-10-18,500,On-Time
DEL-09236,PO-09236,SUP14,2025-10-06,2025-10-11,2025-10-11,200,On-Time
DEL-09237,PO-09237,SUP01,2025-10-07,2025-10-14,2025-10-14,100,On-Time
DEL-09238,PO-09238,SUP14,2025-10-07,2025-10-21,2025-10-21,200,On-Time
DEL-09239,PO-09239,SUP01,2025-10-07,2025-10-17,2025-10-17,60,On-Time
DEL-09240,PO-09240,SUP14,2025-10-07,2025-10-15,2025-10-15,100,On-Time
DEL-09241,PO-09241,SUP15,2025-10-07,2025-10-15,2025-10-15,100,On-Time
DEL-09242,PO-09242,SUP14,2025-10-07,2025-10-12,2025-10-10,150,On-Time
DEL-09243,PO-09243,SUP15,2025-10-07,2025-10-12,2025-10-24,250,Delayed
DEL-09244,PO-09244,SUP15,2025-10-07,2025-10-12,2025-10-12,250,On-Time
DEL-09245,PO-09245,SUP06,2025-10-07,2025-10-27,2025-10-27,60,On-Time
DEL-09246,PO-09246,SUP12,2025-10-07,2025-10-15,2025-10-15,400,On-Time
DEL-09247,PO-09247,SUP11,2025-10-07,2025-11-01,2025-11-01,30,On-Time
DEL-09248,PO-09248,SUP06,2025-10-07,2025-10-27,2025-10-26,60,On-Time
DEL-09249,PO-09249,SUP15,2025-10-07,2025-10-14,2025-10-18,200,Delayed
DEL-09250,PO-09250,SUP05,2025-10-07,2025-10-14,2025-10-14,500,On-Time
DEL-09251,PO-09251,SUP13,2025-10-07,2025-10-23,2025-10-23,20,On-Time
DEL-09252,PO-09252,SUP02,2025-10-08,2025-10-28,2025-10-28,100,On-Time
DEL-09253,PO-09253,SUP02,2025-10-08,2025-10-15,2025-10-15,500,On-Time
DEL-09254,PO-09254,SUP15,2025-10-08,2025-10-13,2025-10-14,200,Delayed
DEL-09255,PO-09255,SUP15,2025-10-08,2025-10-22,2025-10-22,150,On-Time
DEL-09256,PO-09256,SUP01,2025-10-08,2025-10-20,2025-10-20,400,On-Time
DEL-09257,PO-09257,SUP06,2025-10-08,2025-10-22,2025-10-22,250,On-Time
DEL-09258,PO-09258,SUP06,2025-10-08,2025-10-15,2025-10-15,400,On-Time
DEL-09259,PO-09259,SUP08,2025-10-08,2025-11-05,2025-11-05,20,On-Time
DEL-09260,PO-09260,SUP01,2025-10-08,2025-10-15,2025-10-15,500,On-Time
DEL-09261,PO-09261,SUP06,2025-10-08,2025-10-22,2025-10-26,400,Delayed
DEL-09262,PO-09262,SUP14,2025-10-08,2025-10-18,2025-10-22,100,Delayed
DEL-09263,PO-09263,SUP09,2025-10-09,2025-10-18,2025-10-18,120,On-Time
DEL-09264,PO-09264,SUP05,2025-10-09,2025-10-21,2025-10-23,80,Delayed
DEL-09265,PO-09265,SUP06,2025-10-09,2025-10-19,2025-10-18,300,On-Time
DEL-09266,PO-09266,SUP01,2025-10-09,2025-10-27,2025-10-25,40,On-Time
DEL-09267,PO-09267,SUP15,2025-10-09,2025-10-21,2025-10-21,100,On-Time
DEL-09268,PO-09268,SUP15,2025-10-09,2025-10-17,2025-10-16,150,On-Time
DEL-09269,PO-09269,SUP15,2025-10-09,2025-10-17,2025-10-15,100,On-Time
DEL-09270,PO-09270,SUP06,2025-10-09,2025-10-29,2025-10-28,40,On-Time
DEL-09271,PO-09271,SUP05,2025-10-09,2025-10-16,2025-10-16,100,On-Time
DEL-09272,PO-09272,SUP15,2025-10-09,2025-10-24,2025-10-24,40,On-Time
DEL-09273,PO-09273,SUP15,2025-10-09,2025-10-21,2025-10-21,300,On-Time
DEL-09274,PO-09274,SUP01,2025-10-09,2025-10-16,2025-10-16,150,On-Time
DEL-09275,PO-09275,SUP08,2025-10-09,2025-10-27,2025-10-27,40,On-Time
DEL-09276,PO-09276,SUP10,2025-10-09,2025-10-25,2025-10-25,100,On-Time
DEL-09277,PO-09277,SUP02,2025-10-09,2025-10-19,2025-10-19,200,On-Time
DEL-09278,PO-09278,SUP08,2025-10-10,2025-10-25,2025-10-23,60,On-Time
DEL-09279,PO-09279,SUP11,2025-10-10,2025-10-20,2025-10-20,150,On-Time
DEL-09280,PO-09280,SUP01,2025-10-10,2025-10-26,2025-10-26,40,On-Time
DEL-09281,PO-09281,SUP05,2025-10-10,2025-10-20,2025-10-19,100,On-Time
DEL-09282,PO-09282,SUP11,2025-10-10,2025-10-20,2025-10-18,150,On-Time
DEL-09283,PO-09283,SUP01,2025-10-10,2025-10-26,2025-10-26,50,On-Time
DEL-09284,PO-09284,SUP14,2025-10-10,2025-10-22,2025-10-26,100,Delayed
DEL-09285,PO-09285,SUP14,2025-10-10,2025-10-15,2025-10-15,400,On-Time
DEL-09286,PO-09286,SUP08,2025-10-10,2025-10-18,2025-10-30,150,Delayed
DEL-09287,PO-09287,SUP14,2025-10-10,2025-10-17,2025-10-17,250,On-Time
DEL-09288,PO-09288,SUP07,2025-10-10,2025-10-24,2025-10-24,100,On-Time
DEL-09289,PO-09289,SUP14,2025-10-10,2025-10-17,2025-10-17,400,On-Time
DEL-09290,PO-09290,SUP01,2025-10-10,2025-10-17,2025-10-17,500,On-Time
DEL-09291,PO-09291,SUP09,2025-10-10,2025-10-18,2025-10-18,250,On-Time
DEL-09292,PO-09292,SUP15,2025-10-10,2025-10-18,2025-10-18,100,On-Time
DEL-09293,PO-09293,SUP05,2025-10-11,2025-10-18,2025-10-19,300,Delayed
DEL-09294,PO-09294,SUP09,2025-10-11,2025-10-16,2025-10-19,500,Delayed
DEL-09295,PO-09295,SUP05,2025-10-11,2025-10-21,2025-10-21,50,On-Time
DEL-09296,PO-09296,SUP04,2025-10-11,2025-10-22,2025-10-22,500,On-Time
DEL-09297,PO-09297,SUP02,2025-10-11,2025-10-21,2025-10-21,300,On-Time
DEL-09298,PO-09298,SUP14,2025-10-11,2025-10-19,2025-10-19,60,On-Time
DEL-09299,PO-09299,SUP06,2025-10-11,2025-10-26,2025-10-26,40,On-Time
DEL-09300,PO-09300,SUP15,2025-10-11,2025-10-18,2025-10-18,100,On-Time
DEL-09301,PO-09301,SUP06,2025-10-11,2025-10-18,2025-10-18,200,On-Time
DEL-09302,PO-09302,SUP02,2025-10-11,2025-10-25,2025-10-25,300,On-Time
DEL-09303,PO-09303,SUP01,2025-10-11,2025-10-23,2025-10-23,100,On-Time
DEL-09304,PO-09304,SUP10,2025-10-11,2025-10-23,2025-10-23,50,On-Time
DEL-09305,PO-09305,SUP05,2025-10-11,2025-10-16,2025-10-16,500,On-Time
DEL-09306,PO-09306,SUP01,2025-10-11,2025-10-23,2025-10-23,200,On-Time
DEL-09307,PO-09307,SUP14,2025-10-11,2025-10-19,2025-10-19,500,On-Time
DEL-09308,PO-09308,SUP15,2025-10-12,2025-10-17,2025-10-17,200,On-Time
DEL-09309,PO-09309,SUP12,2025-10-12,2025-10-22,2025-10-22,80,On-Time
DEL-09310,PO-09310,SUP01,2025-10-12,2025-10-26,2025-10-26,150,On-Time
DEL-09311,PO-09311,SUP11,2025-10-12,2025-10-26,2025-10-26,300,On-Time
DEL-09312,PO-09312,SUP09,2025-10-12,2025-10-17,2025-10-22,150,Delayed
DEL-09313,PO-09313,SUP02,2025-10-12,2025-10-22,2025-10-22,300,On-Time
DEL-09314,PO-09314,SUP05,2025-10-12,2025-10-18,2025-10-18,500,On-Time
DEL-09315,PO-09315,SUP11,2025-10-12,2025-10-20,2025-10-20,120,On-Time
DEL-09316,PO-09316,SUP06,2025-10-12,2025-10-27,2025-10-27,120,On-Time
DEL-09317,PO-09317,SUP15,2025-10-12,2025-10-20,2025-10-23,300,Delayed
DEL-09318,PO-09318,SUP09,2025-10-12,2025-10-19,2025-10-19,300,On-Time
DEL-09319,PO-09319,SUP14,2025-10-12,2025-10-19,2025-10-19,400,On-Time
DEL-09320,PO-09320,SUP07,2025-10-12,2025-10-26,2025-10-26,100,On-Time
DEL-09321,PO-09321,SUP04,2025-10-13,2025-10-27,2025-10-27,40,On-Time
DEL-09322,PO-09322,SUP15,2025-10-13,2025-10-31,2025-10-31,100,On-Time
DEL-09323,PO-09323,SUP15,2025-10-13,2025-11-03,2025-11-03,50,On-Time
DEL-09324,PO-09324,SUP14,2025-10-13,2025-10-23,2025-10-23,60,On-Time
DEL-09325,PO-09325,SUP15,2025-10-13,2025-10-20,2025-10-20,250,On-Time
DEL-09326,PO-09326,SUP15,2025-10-13,2025-10-27,2025-10-27,200,On-Time
DEL-09327,PO-09327,SUP07,2025-10-13,2025-10-25,2025-10-25,150,On-Time
DEL-09328,PO-09328,SUP08,2025-10-13,2025-10-22,2025-10-22,300,On-Time
DEL-09329,PO-09329,SUP15,2025-10-13,2025-10-23,2025-10-23,100,On-Time
DEL-09330,PO-09330,SUP11,2025-10-13,2025-10-20,2025-10-20,150,On-Time
DEL-09331,PO-09331,SUP15,2025-10-14,2025-10-26,2025-10-29,500,Delayed
DEL-09332,PO-09332,SUP13,2025-10-14,2025-10-22,2025-10-22,100,On-Time
DEL-09333,PO-09333,SUP01,2025-10-14,2025-10-22,2025-10-22,250,On-Time
DEL-09334,PO-09334,SUP08,2025-10-14,2025-11-01,2025-11-01,30,On-Time
DEL-09335,PO-09335,SUP15,2025-10-14,2025-10-21,2025-10-20,200,On-Time
DEL-09336,PO-09336,SUP14,2025-10-14,2025-10-23,2025-10-23,120,On-Time
DEL-09337,PO-09337,SUP06,2025-10-14,2025-11-01,2025-11-01,80,On-Time
DEL-09338,PO-09338,SUP07,2025-10-14,2025-10-29,2025-10-29,60,On-Time
DEL-09339,PO-09339,SUP12,2025-10-14,2025-10-24,2025-10-23,50,On-Time
DEL-09340,PO-09340,SUP02,2025-10-14,2025-11-03,2025-11-03,40,On-Time
DEL-09341,PO-09341,SUP14,2025-10-14,2025-10-30,2025-10-30,15,On-Time
DEL-09342,PO-09342,SUP01,2025-10-14,2025-10-21,2025-10-21,500,On-Time
DEL-09343,PO-09343,SUP14,2025-10-14,2025-10-21,2025-10-20,300,On-Time
DEL-09344,PO-09344,SUP02,2025-10-14,2025-10-28,2025-10-28,100,On-Time
DEL-09345,PO-09345,SUP01,2025-10-14,2025-10-21,2025-10-21,100,On-Time
DEL-09346,PO-09346,SUP02,2025-10-14,2025-10-24,2025-10-24,500,On-Time
DEL-09347,PO-09347,SUP14,2025-10-14,2025-10-20,2025-10-20,500,On-Time
DEL-09348,PO-09348,SUP03,2025-10-14,2025-10-28,2025-10-31,60,Delayed
DEL-09349,PO-09349,SUP05,2025-10-14,2025-10-19,2025-10-19,500,On-Time
DEL-09350,PO-09350,SUP12,2025-10-15,2025-10-23,2025-10-23,120,On-Time
DEL-09351,PO-09351,SUP15,2025-10-15,2025-10-25,2025-10-25,100,On-Time
DEL-09352,PO-09352,SUP14,2025-10-15,2025-10-20,2025-10-19,400,On-Time
DEL-09353,PO-09353,SUP15,2025-10-15,2025-10-23,2025-10-23,200,On-Time
DEL-09354,PO-09354,SUP12,2025-10-15,2025-10-22,2025-10-22,150,On-Time
DEL-09355,PO-09355,SUP14,2025-10-15,2025-10-20,2025-10-27,400,Delayed
DEL-09356,PO-09356,SUP14,2025-10-15,2025-10-27,2025-10-29,200,Delayed
DEL-09357,PO-09357,SUP09,2025-10-15,2025-10-20,2025-10-20,300,On-Time
DEL-09358,PO-09358,SUP14,2025-10-15,2025-10-29,2025-11-01,60,Delayed
DEL-09359,PO-09359,SUP02,2025-10-15,2025-11-02,2025-11-02,120,On-Time
DEL-09360,PO-09360,SUP14,2025-10-15,2025-10-22,2025-10-22,500,On-Time
DEL-09361,PO-09361,SUP14,2025-10-16,2025-10-21,2025-10-21,250,On-Time
DEL-09362,PO-09362,SUP14,2025-10-16,2025-10-24,2025-10-24,200,On-Time
DEL-09363,PO-09363,SUP14,2025-10-16,2025-10-22,2025-10-22,400,On-Time
DEL-09364,PO-09364,SUP12,2025-10-16,2025-10-24,2025-10-30,80,Delayed
DEL-09365,PO-09365,SUP14,2025-10-16,2025-10-22,2025-10-22,500,On-Time
DEL-09366,PO-09366,SUP01,2025-10-16,2025-11-05,2025-11-05,40,On-Time
DEL-09367,PO-09367,SUP06,2025-10-16,2025-10-23,2025-10-21,200,On-Time
DEL-09368,PO-09368,SUP01,2025-10-16,2025-11-06,2025-11-06,100,On-Time
DEL-09369,PO-09369,SUP14,2025-10-16,2025-10-22,2025-10-22,200,On-Time
DEL-09370,PO-09370,SUP09,2025-10-16,2025-10-23,2025-10-23,300,On-Time
DEL-09371,PO-09371,SUP06,2025-10-16,2025-10-25,2025-10-25,150,On-Time
DEL-09372,PO-09372,SUP14,2025-10-16,2025-10-27,2025-10-27,250,On-Time
DEL-09373,PO-09373,SUP10,2025-10-16,2025-10-25,2025-10-25,300,On-Time
DEL-09374,PO-09374,SUP14,2025-10-16,2025-10-26,2025-10-28,60,Delayed
DEL-09375,PO-09375,SUP08,2025-10-17,2025-11-02,2025-11-02,15,On-Time
DEL-09376,PO-09376,SUP14,2025-10-17,2025-10-31,2025-10-31,50,On-Time
DEL-09377,PO-09377,SUP06,2025-10-17,2025-11-01,2025-11-01,120,On-Time
DEL-09378,PO-09378,SUP02,2025-10-17,2025-10-29,2025-10-29,150,On-Time
DEL-09379,PO-09379,SUP15,2025-10-17,2025-10-31,2025-10-30,15,On-Time
DEL-09380,PO-09380,SUP15,2025-10-17,2025-10-24,2025-10-24,300,On-Time
DEL-09381,PO-09381,SUP07,2025-10-17,2025-10-27,2025-10-26,40,On-Time
DEL-09382,PO-09382,SUP09,2025-10-17,2025-10-22,2025-10-22,100,On-Time
DEL-09383,PO-09383,SUP10,2025-10-17,2025-11-08,2025-11-11,30,Delayed
DEL-09384,PO-09384,SUP10,2025-10-17,2025-10-27,2025-10-27,500,On-Time
DEL-09385,PO-09385,SUP07,2025-10-17,2025-10-28,2025-10-28,400,On-Time
DEL-09386,PO-09386,SUP14,2025-10-17,2025-10-23,2025-10-23,200,On-Time
DEL-09387,PO-09387,SUP02,2025-10-17,2025-11-04,2025-11-04,120,On-Time
DEL-09388,PO-09388,SUP14,2025-10-18,2025-10-29,2025-10-28,300,On-Time
DEL-09389,PO-09389,SUP14,2025-10-18,2025-10-27,2025-10-27,40,On-Time
DEL-09390,PO-09390,SUP15,2025-10-18,2025-10-30,2025-10-30,400,On-Time
DEL-09391,PO-09391,SUP01,2025-10-18,2025-10-25,2025-10-23,100,On-Time
DEL-09392,PO-09392,SUP10,2025-10-18,2025-11-11,2025-11-11,15,On-Time
DEL-09393,PO-09393,SUP15,2025-10-18,2025-10-26,2025-10-26,50,On-Time
DEL-09394,PO-09394,SUP01,2025-10-18,2025-10-25,2025-11-09,150,Delayed
DEL-09395,PO-09395,SUP05,2025-10-18,2025-10-24,2025-10-27,200,Delayed
DEL-09396,PO-09396,SUP12,2025-10-18,2025-10-25,2025-10-25,500,On-Time
DEL-09397,PO-09397,SUP01,2025-10-18,2025-10-26,2025-10-25,100,On-Time
DEL-09398,PO-09398,SUP09,2025-10-18,2025-10-25,2025-10-25,200,On-Time
DEL-09399,PO-09399,SUP06,2025-10-18,2025-10-27,2025-10-26,400,On-Time
DEL-09400,PO-09400,SUP10,2025-10-18,2025-10-30,2025-10-30,120,On-Time
DEL-09401,PO-09401,SUP01,2025-10-18,2025-11-05,2025-11-05,40,On-Time
DEL-09402,PO-09402,SUP14,2025-10-18,2025-10-26,2025-10-25,400,On-Time
DEL-09403,PO-09403,SUP04,2025-10-18,2025-11-01,2025-10-31,200,On-Time
DEL-09404,PO-09404,SUP15,2025-10-18,2025-10-30,2025-10-30,150,On-Time
DEL-09405,PO-09405,SUP01,2025-10-19,2025-11-02,2025-11-01,150,On-Time
DEL-09406,PO-09406,SUP14,2025-10-19,2025-10-26,2025-10-26,500,On-Time
DEL-09407,PO-09407,SUP05,2025-10-19,2025-10-24,2025-10-24,500,On-Time
DEL-09408,PO-09408,SUP01,2025-10-19,2025-11-10,2025-11-10,40,On-Time
DEL-09409,PO-09409,SUP15,2025-10-19,2025-10-24,2025-10-27,500,Delayed
DEL-09410,PO-09410,SUP14,2025-10-19,2025-10-27,2025-10-27,250,On-Time
DEL-09411,PO-09411,SUP14,2025-10-19,2025-10-27,2025-10-27,60,On-Time
DEL-09412,PO-09412,SUP02,2025-10-19,2025-11-08,2025-11-08,120,On-Time
DEL-09413,PO-09413,SUP09,2025-10-19,2025-10-27,2025-10-27,200,On-Time
DEL-09414,PO-09414,SUP13,2025-10-19,2025-11-02,2025-11-04,400,Delayed
DEL-09415,PO-09415,SUP03,2025-10-19,2025-11-04,2025-11-04,40,On-Time
DEL-09416,PO-09416,SUP01,2025-10-19,2025-10-27,2025-10-27,500,On-Time
DEL-09417,PO-09417,SUP03,2025-10-19,2025-11-03,2025-11-03,50,On-Time
DEL-09418,PO-09418,SUP15,2025-10-19,2025-10-29,2025-11-12,500,Delayed
DEL-09419,PO-09419,SUP01,2025-10-19,2025-11-16,2025-11-16,20,On-Time
DEL-09420,PO-09420,SUP05,2025-10-19,2025-10-28,2025-10-28,60,On-Time
DEL-09421,PO-09421,SUP05,2025-10-19,2025-10-26,2025-10-26,500,On-Time
DEL-09422,PO-09422,SUP12,2025-10-19,2025-10-26,2025-10-25,300,On-Time
DEL-09423,PO-09423,SUP06,2025-10-19,2025-11-02,2025-11-02,400,On-Time
DEL-09424,PO-09424,SUP14,2025-10-19,2025-10-27,2025-10-27,100,On-Time
DEL-09425,PO-09425,SUP02,2025-10-19,2025-11-06,2025-11-06,60,On-Time
DEL-09426,PO-09426,SUP05,2025-10-19,2025-10-24,2025-10-24,500,On-Time
DEL-09427,PO-09427,SUP15,2025-10-20,2025-10-28,2025-10-28,200,On-Time
DEL-09428,PO-09428,SUP11,2025-10-20,2025-10-30,2025-10-30,100,On-Time
DEL-09429,PO-09429,SUP08,2025-10-20,2025-10-28,2025-10-28,300,On-Time
DEL-09430,PO-09430,SUP11,2025-10-20,2025-11-03,2025-11-03,100,On-Time
DEL-09431,PO-09431,SUP08,2025-10-20,2025-10-28,2025-10-28,300,On-Time
DEL-09432,PO-09432,SUP08,2025-10-20,2025-10-30,2025-10-28,300,On-Time
DEL-09433,PO-09433,SUP15,2025-10-20,2025-10-28,2025-11-04,50,Delayed
DEL-09434,PO-09434,SUP05,2025-10-20,2025-10-25,2025-10-25,200,On-Time
DEL-09435,PO-09435,SUP04,2025-10-20,2025-11-03,2025-11-03,400,On-Time
DEL-09436,PO-09436,SUP03,2025-10-20,2025-11-01,2025-11-01,100,On-Time
DEL-09437,PO-09437,SUP15,2025-10-20,2025-10-28,2025-10-28,500,On-Time
DEL-09438,PO-09438,SUP08,2025-10-20,2025-10-27,2025-10-27,100,On-Time
DEL-09439,PO-09439,SUP15,2025-10-20,2025-11-01,2025-11-01,400,On-Time
DEL-09440,PO-09440,SUP03,2025-10-20,2025-11-01,2025-11-04,40,Delayed
DEL-09441,PO-09441,SUP10,2025-10-20,2025-11-03,2025-11-19,50,Delayed
DEL-09442,PO-09442,SUP01,2025-10-20,2025-11-01,2025-11-01,120,On-Time
DEL-09443,PO-09443,SUP01,2025-10-20,2025-11-03,2025-11-02,500,On-Time
DEL-09444,PO-09444,SUP11,2025-10-21,2025-10-31,2025-10-31,300,On-Time
DEL-09445,PO-09445,SUP01,2025-10-21,2025-10-30,2025-10-30,400,On-Time
DEL-09446,PO-09446,SUP08,2025-10-21,2025-10-31,2025-11-06,400,Delayed
DEL-09447,PO-09447,SUP14,2025-10-21,2025-10-29,2025-10-29,200,On-Time
DEL-09448,PO-09448,SUP15,2025-10-21,2025-11-04,2025-11-04,250,On-Time
DEL-09449,PO-09449,SUP01,2025-10-21,2025-11-02,2025-11-02,120,On-Time
DEL-09450,PO-09450,SUP04,2025-10-21,2025-11-04,2025-11-04,100,On-Time
DEL-09451,PO-09451,SUP01,2025-10-21,2025-10-30,2025-10-30,500,On-Time
DEL-09452,PO-09452,SUP12,2025-10-21,2025-10-28,2025-10-28,100,On-Time
DEL-09453,PO-09453,SUP04,2025-10-21,2025-11-02,2025-11-02,400,On-Time
DEL-09454,PO-09454,SUP09,2025-10-21,2025-11-02,2025-11-01,50,On-Time
DEL-09455,PO-09455,SUP02,2025-10-21,2025-10-28,2025-10-28,200,On-Time
DEL-09456,PO-09456,SUP15,2025-10-21,2025-10-28,2025-10-28,100,On-Time
DEL-09457,PO-09457,SUP14,2025-10-21,2025-10-28,2025-10-28,300,On-Time
DEL-09458,PO-09458,SUP05,2025-10-21,2025-10-26,2025-10-24,500,On-Time
DEL-09459,PO-09459,SUP05,2025-10-21,2025-10-26,2025-10-26,150,On-Time
DEL-09460,PO-09460,SUP13,2025-10-21,2025-11-02,2025-11-11,200,Delayed
DEL-09461,PO-09461,SUP09,2025-10-22,2025-10-30,2025-10-30,400,On-Time
DEL-09462,PO-09462,SUP15,2025-10-22,2025-11-01,2025-11-01,120,On-Time
DEL-09463,PO-09463,SUP03,2025-10-22,2025-11-05,2025-11-05,50,On-Time
DEL-09464,PO-09464,SUP14,2025-10-22,2025-11-11,2025-11-11,40,On-Time
DEL-09465,PO-09465,SUP12,2025-10-22,2025-10-30,2025-11-03,80,Delayed
DEL-09466,PO-09466,SUP05,2025-10-22,2025-10-31,2025-10-31,60,On-Time
DEL-09467,PO-09467,SUP01,2025-10-22,2025-11-07,2025-11-07,40,On-Time
DEL-09468,PO-09468,SUP01,2025-10-22,2025-11-12,2025-11-12,50,On-Time
DEL-09469,PO-09469,SUP09,2025-10-22,2025-10-27,2025-10-27,150,On-Time
DEL-09470,PO-09470,SUP06,2025-10-22,2025-11-19,2025-11-19,10,On-Time
DEL-09471,PO-09471,SUP10,2025-10-22,2025-11-09,2025-11-09,40,On-Time
DEL-09472,PO-09472,SUP07,2025-10-22,2025-11-03,2025-11-03,400,On-Time
DEL-09473,PO-09473,SUP15,2025-10-22,2025-10-27,2025-10-27,500,On-Time
DEL-09474,PO-09474,SUP09,2025-10-22,2025-10-29,2025-10-29,200,On-Time
DEL-09475,PO-09475,SUP12,2025-10-22,2025-10-30,2025-10-30,60,On-Time
DEL-09476,PO-09476,SUP14,2025-10-22,2025-10-29,2025-11-03,100,Delayed
DEL-09477,PO-09477,SUP14,2025-10-22,2025-11-01,2025-11-01,50,On-Time
DEL-09478,PO-09478,SUP15,2025-10-22,2025-11-03,2025-11-06,150,Delayed
DEL-09479,PO-09479,SUP08,2025-10-23,2025-11-20,2025-11-22,20,Delayed
DEL-09480,PO-09480,SUP14,2025-10-23,2025-11-03,2025-11-10,150,Delayed
DEL-09481,PO-09481,SUP11,2025-10-23,2025-10-30,2025-10-30,100,On-Time
DEL-09482,PO-09482,SUP01,2025-10-23,2025-10-30,2025-10-31,500,Delayed
DEL-09483,PO-09483,SUP15,2025-10-23,2025-10-30,2025-10-30,500,On-Time
DEL-09484,PO-09484,SUP05,2025-10-23,2025-10-30,2025-10-30,250,On-Time
DEL-09485,PO-09485,SUP12,2025-10-23,2025-11-02,2025-11-02,40,On-Time
DEL-09486,PO-09486,SUP15,2025-10-23,2025-10-31,2025-10-31,80,On-Time
DEL-09487,PO-09487,SUP07,2025-10-23,2025-11-06,2025-11-06,400,On-Time
DEL-09488,PO-09488,SUP14,2025-10-23,2025-11-04,2025-11-03,150,On-Time
DEL-09489,PO-09489,SUP14,2025-10-23,2025-10-28,2025-10-28,500,On-Time
DEL-09490,PO-09490,SUP15,2025-10-23,2025-11-07,2025-11-08,50,Delayed
DEL-09491,PO-09491,SUP05,2025-10-23,2025-10-30,2025-10-28,200,On-Time
DEL-09492,PO-09492,SUP01,2025-10-23,2025-11-07,2025-11-07,100,On-Time
DEL-09493,PO-09493,SUP05,2025-10-23,2025-10-29,2025-10-29,400,On-Time
DEL-09494,PO-09494,SUP13,2025-10-23,2025-11-03,2025-11-03,100,On-Time
DEL-09495,PO-09495,SUP11,2025-10-23,2025-11-04,2025-11-04,300,On-Time
DEL-09496,PO-09496,SUP08,2025-10-23,2025-10-31,2025-10-31,300,On-Time
DEL-09497,PO-09497,SUP06,2025-10-23,2025-11-06,2025-11-06,100,On-Time
DEL-09498,PO-09498,SUP15,2025-10-23,2025-10-30,2025-10-30,200,On-Time
DEL-09499,PO-09499,SUP01,2025-10-24,2025-11-17,2025-11-17,10,On-Time
DEL-09500,PO-09500,SUP02,2025-10-24,2025-11-18,2025-11-18,30,On-Time
DEL-09501,PO-09501,SUP15,2025-10-24,2025-11-03,2025-11-11,150,Delayed
DEL-09502,PO-09502,SUP08,2025-10-24,2025-11-02,2025-11-02,250,On-Time
DEL-09503,PO-09503,SUP08,2025-10-24,2025-11-02,2025-10-31,200,On-Time
DEL-09504,PO-09504,SUP15,2025-10-24,2025-10-29,2025-10-29,150,On-Time
DEL-09505,PO-09505,SUP03,2025-10-24,2025-11-17,2025-11-16,20,On-Time
DEL-09506,PO-09506,SUP11,2025-10-24,2025-11-03,2025-11-03,200,On-Time
DEL-09507,PO-09507,SUP06,2025-10-24,2025-11-03,2025-11-03,100,On-Time
DEL-09508,PO-09508,SUP14,2025-10-24,2025-10-31,2025-10-31,150,On-Time
DEL-09509,PO-09509,SUP15,2025-10-24,2025-10-31,2025-10-31,200,On-Time
DEL-09510,PO-09510,SUP15,2025-10-24,2025-11-13,2025-11-13,50,On-Time
DEL-09511,PO-09511,SUP02,2025-10-24,2025-11-11,2025-11-10,100,On-Time
DEL-09512,PO-09512,SUP15,2025-10-24,2025-11-08,2025-11-11,40,Delayed
DEL-09513,PO-09513,SUP09,2025-10-24,2025-11-01,2025-11-01,500,On-Time
DEL-09514,PO-09514,SUP08,2025-10-24,2025-11-05,2025-11-05,80,On-Time
DEL-09515,PO-09515,SUP14,2025-10-24,2025-11-07,2025-11-07,50,On-Time
DEL-09516,PO-09516,SUP14,2025-10-24,2025-11-05,2025-11-05,60,On-Time
DEL-09517,PO-09517,SUP06,2025-10-24,2025-11-03,2025-11-03,150,On-Time
DEL-09518,PO-09518,SUP14,2025-10-25,2025-11-04,2025-11-04,40,On-Time
DEL-09519,PO-09519,SUP14,2025-10-25,2025-11-06,2025-11-06,500,On-Time
DEL-09520,PO-09520,SUP08,2025-10-25,2025-11-02,2025-11-02,200,On-Time
DEL-09521,PO-09521,SUP13,2025-10-25,2025-11-09,2025-11-09,50,On-Time
DEL-09522,PO-09522,SUP14,2025-10-25,2025-11-06,2025-11-06,100,On-Time
DEL-09523,PO-09523,SUP14,2025-10-25,2025-11-01,2025-11-03,100,Delayed
DEL-09524,PO-09524,SUP02,2025-10-25,2025-11-06,2025-11-06,300,On-Time
DEL-09525,PO-09525,SUP15,2025-10-25,2025-10-30,2025-10-30,300,On-Time
DEL-09526,PO-09526,SUP15,2025-10-25,2025-10-31,2025-10-30,300,On-Time
DEL-09527,PO-09527,SUP12,2025-10-25,2025-11-01,2025-11-01,150,On-Time
DEL-09528,PO-09528,SUP01,2025-10-25,2025-11-04,2025-11-04,150,On-Time
DEL-09529,PO-09529,SUP06,2025-10-25,2025-11-19,2025-11-17,10,On-Time
DEL-09530,PO-09530,SUP12,2025-10-25,2025-11-08,2025-11-07,20,On-Time
DEL-09531,PO-09531,SUP06,2025-10-25,2025-11-12,2025-11-12,50,On-Time
DEL-09532,PO-09532,SUP15,2025-10-25,2025-11-08,2025-11-08,300,On-Time
DEL-09533,PO-09533,SUP15,2025-10-25,2025-11-02,2025-11-02,250,On-Time
DEL-09534,PO-09534,SUP04,2025-10-25,2025-11-09,2025-11-11,80,Delayed
DEL-09535,PO-09535,SUP08,2025-10-25,2025-11-01,2025-11-01,100,On-Time
DEL-09536,PO-09536,SUP06,2025-10-25,2025-11-03,2025-11-08,400,Delayed
DEL-09537,PO-09537,SUP14,2025-10-25,2025-11-02,2025-11-02,150,On-Time
DEL-09538,PO-09538,SUP15,2025-10-25,2025-10-30,2025-11-06,250,Delayed
DEL-09539,PO-09539,SUP14,2025-10-25,2025-11-01,2025-10-31,500,On-Time
DEL-09540,PO-09540,SUP08,2025-10-25,2025-11-02,2025-11-02,300,On-Time
DEL-09541,PO-09541,SUP01,2025-10-25,2025-11-12,2025-11-12,40,On-Time
DEL-09542,PO-09542,SUP14,2025-10-26,2025-11-09,2025-11-09,40,On-Time
DEL-09543,PO-09543,SUP06,2025-10-26,2025-11-02,2025-10-31,100,On-Time
DEL-09544,PO-09544,SUP04,2025-10-26,2025-11-03,2025-11-03,100,On-Time
DEL-09545,PO-09545,SUP15,2025-10-26,2025-11-09,2025-11-15,60,Delayed
DEL-09546,PO-09546,SUP15,2025-10-26,2025-11-02,2025-11-02,400,On-Time
DEL-09547,PO-09547,SUP15,2025-10-26,2025-10-31,2025-11-11,200,Delayed
DEL-09548,PO-09548,SUP09,2025-10-26,2025-11-05,2025-11-05,40,On-Time
DEL-09549,PO-09549,SUP08,2025-10-26,2025-11-04,2025-11-04,250,On-Time
DEL-09550,PO-09550,SUP09,2025-10-26,2025-11-01,2025-11-01,100,On-Time
DEL-09551,PO-09551,SUP15,2025-10-26,2025-11-02,2025-11-08,150,Delayed
DEL-09552,PO-09552,SUP15,2025-10-26,2025-11-05,2025-11-03,120,On-Time
DEL-09553,PO-09553,SUP15,2025-10-26,2025-11-02,2025-11-02,300,On-Time
DEL-09554,PO-09554,SUP05,2025-10-26,2025-11-01,2025-11-01,150,On-Time
DEL-09555,PO-09555,SUP07,2025-10-26,2025-11-07,2025-11-07,100,On-Time
DEL-09556,PO-09556,SUP02,2025-10-27,2025-11-06,2025-11-04,150,On-Time
DEL-09557,PO-09557,SUP09,2025-10-27,2025-11-03,2025-11-03,400,On-Time
DEL-09558,PO-09558,SUP01,2025-10-27,2025-11-11,2025-11-11,40,On-Time
DEL-09559,PO-09559,SUP11,2025-10-27,2025-11-03,2025-11-03,500,On-Time
DEL-09560,PO-09560,SUP13,2025-10-27,2025-11-04,2025-11-05,100,Delayed
DEL-09561,PO-09561,SUP03,2025-10-27,2025-11-05,2025-11-08,300,Delayed
DEL-09562,PO-09562,SUP01,2025-10-27,2025-11-11,2025-11-11,60,On-Time
DEL-09563,PO-09563,SUP14,2025-10-27,2025-11-03,2025-11-02,200,On-Time
DEL-09564,PO-09564,SUP10,2025-10-27,2025-11-06,2025-11-05,200,On-Time
DEL-09565,PO-09565,SUP01,2025-10-27,2025-11-08,2025-11-08,120,On-Time
DEL-09566,PO-09566,SUP01,2025-10-27,2025-11-04,2025-11-04,100,On-Time
DEL-09567,PO-09567,SUP01,2025-10-27,2025-11-04,2025-11-04,100,On-Time
DEL-09568,PO-09568,SUP08,2025-10-27,2025-11-03,2025-11-03,400,On-Time
DEL-09569,PO-09569,SUP14,2025-10-27,2025-11-04,2025-11-04,100,On-Time
DEL-09570,PO-09570,SUP15,2025-10-27,2025-11-04,2025-11-04,50,On-Time
DEL-09571,PO-09571,SUP02,2025-10-27,2025-11-17,2025-11-17,50,On-Time
DEL-09572,PO-09572,SUP14,2025-10-27,2025-11-11,2025-11-09,100,On-Time
DEL-09573,PO-09573,SUP14,2025-10-27,2025-11-02,2025-11-02,300,On-Time
DEL-09574,PO-09574,SUP08,2025-10-27,2025-11-04,2025-11-03,150,On-Time
DEL-09575,PO-09575,SUP15,2025-10-27,2025-11-10,2025-11-10,400,On-Time
DEL-09576,PO-09576,SUP08,2025-10-27,2025-11-06,2025-11-06,300,On-Time
DEL-09577,PO-09577,SUP01,2025-10-27,2025-11-17,2025-11-17,60,On-Time
DEL-09578,PO-09578,SUP15,2025-10-28,2025-11-09,2025-11-09,300,On-Time
DEL-09579,PO-09579,SUP11,2025-10-28,2025-11-11,2025-11-11,100,On-Time
DEL-09580,PO-09580,SUP14,2025-10-28,2025-11-07,2025-11-07,50,On-Time
DEL-09581,PO-09581,SUP01,2025-10-28,2025-11-09,2025-11-08,400,On-Time
DEL-09582,PO-09582,SUP03,2025-10-28,2025-11-19,2025-11-18,20,On-Time
DEL-09583,PO-09583,SUP14,2025-10-28,2025-11-05,2025-11-05,60,On-Time
DEL-09584,PO-09584,SUP05,2025-10-28,2025-11-04,2025-11-04,150,On-Time
DEL-09585,PO-09585,SUP14,2025-10-28,2025-11-03,2025-11-03,100,On-Time
DEL-09586,PO-09586,SUP06,2025-10-28,2025-11-09,2025-11-09,100,On-Time
DEL-09587,PO-09587,SUP04,2025-10-28,2025-11-05,2025-11-05,80,On-Time
DEL-09588,PO-09588,SUP06,2025-10-28,2025-11-11,2025-11-11,100,On-Time
DEL-09589,PO-09589,SUP02,2025-10-29,2025-11-10,2025-11-10,200,On-Time
DEL-09590,PO-09590,SUP14,2025-10-29,2025-11-06,2025-11-06,200,On-Time
DEL-09591,PO-09591,SUP11,2025-10-29,2025-11-16,2025-11-16,60,On-Time
DEL-09592,PO-09592,SUP01,2025-10-29,2025-11-18,2025-11-18,120,On-Time
DEL-09593,PO-09593,SUP14,2025-10-29,2025-11-08,2025-11-08,120,On-Time
DEL-09594,PO-09594,SUP01,2025-10-29,2025-11-05,2025-11-09,200,Delayed
DEL-09595,PO-09595,SUP15,2025-10-29,2025-11-05,2025-11-05,200,On-Time
DEL-09596,PO-09596,SUP01,2025-10-29,2025-11-08,2025-11-08,250,On-Time
DEL-09597,PO-09597,SUP08,2025-10-29,2025-11-16,2025-11-16,50,On-Time
DEL-09598,PO-09598,SUP03,2025-10-29,2025-11-22,2025-11-22,15,On-Time
DEL-09599,PO-09599,SUP09,2025-10-29,2025-11-05,2025-11-06,300,Delayed
DEL-09600,PO-09600,SUP01,2025-10-29,2025-11-07,2025-11-07,100,On-Time
DEL-09601,PO-09601,SUP05,2025-10-29,2025-11-06,2025-11-08,500,Delayed
DEL-09602,PO-09602,SUP13,2025-10-29,2025-11-12,2025-11-14,200,Delayed
DEL-09603,PO-09603,SUP02,2025-10-29,2025-11-06,2025-11-06,50,On-Time
DEL-09604,PO-09604,SUP15,2025-10-29,2025-11-10,2025-11-18,300,Delayed
DEL-09605,PO-09605,SUP11,2025-10-30,2025-11-09,2025-11-09,150,On-Time
DEL-09606,PO-09606,SUP15,2025-10-30,2025-11-11,2025-11-11,100,On-Time
DEL-09607,PO-09607,SUP04,2025-10-30,2025-11-14,2025-11-14,50,On-Time
DEL-09608,PO-09608,SUP14,2025-10-30,2025-11-06,2025-11-05,400,On-Time
DEL-09609,PO-09609,SUP09,2025-10-30,2025-11-06,2025-11-04,300,On-Time
DEL-09610,PO-09610,SUP06,2025-10-30,2025-11-20,2025-11-20,50,On-Time
DEL-09611,PO-09611,SUP11,2025-10-30,2025-11-13,2025-11-13,400,On-Time
DEL-09612,PO-09612,SUP10,2025-10-30,2025-11-11,2025-11-11,40,On-Time
DEL-09613,PO-09613,SUP15,2025-10-30,2025-11-07,2025-11-07,60,On-Time
DEL-09614,PO-09614,SUP04,2025-10-30,2025-11-09,2025-11-09,40,On-Time
DEL-09615,PO-09615,SUP15,2025-10-31,2025-11-08,2025-11-08,400,On-Time
DEL-09616,PO-09616,SUP12,2025-10-31,2025-11-08,2025-11-08,80,On-Time
DEL-09617,PO-09617,SUP15,2025-10-31,2025-11-07,2025-11-07,300,On-Time
DEL-09618,PO-09618,SUP14,2025-10-31,2025-11-05,2025-11-04,100,On-Time
DEL-09619,PO-09619,SUP06,2025-10-31,2025-11-14,2025-11-14,50,On-Time
DEL-09620,PO-09620,SUP14,2025-10-31,2025-11-10,2025-11-16,120,Delayed
DEL-09621,PO-09621,SUP13,2025-10-31,2025-11-15,2025-11-15,100,On-Time
DEL-09622,PO-09622,SUP15,2025-10-31,2025-11-05,2025-11-05,150,On-Time
DEL-09623,PO-09623,SUP12,2025-10-31,2025-11-28,2025-11-28,40,On-Time
DEL-09624,PO-09624,SUP14,2025-10-31,2025-11-28,2025-11-28,30,On-Time
DEL-09625,PO-09625,SUP02,2025-10-31,2025-11-21,2025-11-21,60,On-Time
DEL-09626,PO-09626,SUP12,2025-10-31,2025-11-08,2025-11-08,120,On-Time
DEL-09627,PO-09627,SUP15,2025-10-31,2025-11-05,2025-11-05,400,On-Time
DEL-09628,PO-09628,SUP06,2025-10-31,2025-11-10,2025-11-10,100,On-Time
DEL-09629,PO-09629,SUP06,2025-10-31,2025-11-12,2025-11-12,400,On-Time
DEL-09630,PO-09630,SUP01,2025-10-31,2025-11-12,2025-11-12,80,On-Time
DEL-09631,PO-09631,SUP15,2025-10-31,2025-11-07,2025-11-07,300,On-Time
DEL-09632,PO-09632,SUP07,2025-10-31,2025-11-14,2025-11-14,200,On-Time
DEL-09633,PO-09633,SUP09,2025-10-31,2025-11-06,2025-11-05,150,On-Time
DEL-09634,PO-09634,SUP14,2025-11-01,2025-11-09,2025-11-11,120,Delayed
DEL-09635,PO-09635,SUP01,2025-11-01,2025-11-29,2025-12-01,20,Delayed
DEL-09636,PO-09636,SUP14,2025-11-01,2025-11-08,2025-11-08,300,On-Time
DEL-09637,PO-09637,SUP05,2025-11-01,2025-11-06,2025-11-06,200,On-Time
DEL-09638,PO-09638,SUP05,2025-11-01,2025-11-13,2025-11-12,40,On-Time
DEL-09639,PO-09639,SUP01,2025-11-01,2025-11-08,2025-11-08,150,On-Time
DEL-09640,PO-09640,SUP15,2025-11-01,2025-11-13,2025-11-11,150,On-Time
DEL-09641,PO-09641,SUP09,2025-11-01,2025-11-08,2025-11-08,250,On-Time
DEL-09642,PO-09642,SUP15,2025-11-02,2025-11-08,2025-11-09,200,Delayed
DEL-09643,PO-09643,SUP14,2025-11-02,2025-11-22,2025-11-22,40,On-Time
DEL-09644,PO-09644,SUP05,2025-11-02,2025-11-08,2025-11-08,100,On-Time
DEL-09645,PO-09645,SUP12,2025-11-02,2025-11-10,2025-11-10,150,On-Time
DEL-09646,PO-09646,SUP04,2025-11-02,2025-11-22,2025-11-22,30,On-Time
DEL-09647,PO-09647,SUP02,2025-11-02,2025-11-22,2025-11-22,80,On-Time
DEL-09648,PO-09648,SUP14,2025-11-02,2025-11-16,2025-11-16,60,On-Time
DEL-09649,PO-09649,SUP07,2025-11-02,2025-11-14,2025-11-14,200,On-Time
DEL-09650,PO-09650,SUP03,2025-11-02,2025-11-18,2025-11-18,60,On-Time
DEL-09651,PO-09651,SUP08,2025-11-02,2025-11-11,2025-11-11,300,On-Time
DEL-09652,PO-09652,SUP09,2025-11-02,2025-11-08,2025-11-08,200,On-Time
DEL-09653,PO-09653,SUP06,2025-11-02,2025-11-17,2025-11-17,120,On-Time
DEL-09654,PO-09654,SUP04,2025-11-02,2025-11-13,2025-11-13,200,On-Time
DEL-09655,PO-09655,SUP06,2025-11-02,2025-11-12,2025-11-12,500,On-Time
DEL-09656,PO-09656,SUP05,2025-11-02,2025-11-08,2025-11-07,150,On-Time
DEL-09657,PO-09657,SUP05,2025-11-02,2025-11-11,2025-11-11,120,On-Time
DEL-09658,PO-09658,SUP03,2025-11-02,2025-11-14,2025-11-15,60,Delayed
DEL-09659,PO-09659,SUP14,2025-11-02,2025-11-09,2025-11-09,200,On-Time
DEL-09660,PO-09660,SUP11,2025-11-03,2025-11-11,2025-11-11,120,On-Time
DEL-09661,PO-09661,SUP01,2025-11-03,2025-11-17,2025-11-15,50,On-Time
DEL-09662,PO-09662,SUP01,2025-11-03,2025-11-18,2025-11-18,60,On-Time
DEL-09663,PO-09663,SUP15,2025-11-03,2025-11-13,2025-11-13,60,On-Time
DEL-09664,PO-09664,SUP05,2025-11-03,2025-11-08,2025-11-06,150,On-Time
DEL-09665,PO-09665,SUP15,2025-11-03,2025-11-10,2025-11-13,200,Delayed
DEL-09666,PO-09666,SUP01,2025-11-03,2025-11-12,2025-11-12,100,On-Time
DEL-09667,PO-09667,SUP11,2025-11-03,2025-11-23,2025-11-23,40,On-Time
DEL-09668,PO-09668,SUP09,2025-11-03,2025-11-09,2025-11-09,150,On-Time
DEL-09669,PO-09669,SUP05,2025-11-03,2025-11-10,2025-11-10,300,On-Time
DEL-09670,PO-09670,SUP04,2025-11-03,2025-11-17,2025-11-17,200,On-Time
DEL-09671,PO-09671,SUP14,2025-11-03,2025-11-18,2025-11-18,60,On-Time
DEL-09672,PO-09672,SUP08,2025-11-03,2025-11-11,2025-11-11,150,On-Time
DEL-09673,PO-09673,SUP08,2025-11-03,2025-11-11,2025-11-11,120,On-Time
DEL-09674,PO-09674,SUP12,2025-11-03,2025-11-11,2025-11-11,150,On-Time
DEL-09675,PO-09675,SUP07,2025-11-04,2025-11-14,2025-11-14,40,On-Time
DEL-09676,PO-09676,SUP05,2025-11-04,2025-11-10,2025-11-09,300,On-Time
DEL-09677,PO-09677,SUP01,2025-11-04,2025-11-18,2025-11-22,250,Delayed
DEL-09678,PO-09678,SUP14,2025-11-04,2025-11-11,2025-11-11,150,On-Time
DEL-09679,PO-09679,SUP08,2025-11-04,2025-11-14,2025-11-14,50,On-Time
DEL-09680,PO-09680,SUP05,2025-11-04,2025-11-09,2025-11-08,400,On-Time
DEL-09681,PO-09681,SUP14,2025-11-04,2025-11-15,2025-11-15,150,On-Time
DEL-09682,PO-09682,SUP15,2025-11-04,2025-11-11,2025-11-11,250,On-Time
DEL-09683,PO-09683,SUP06,2025-11-04,2025-11-25,2025-11-25,80,On-Time
DEL-09684,PO-09684,SUP14,2025-11-04,2025-11-15,2025-11-15,300,On-Time
DEL-09685,PO-09685,SUP08,2025-11-04,2025-11-13,2025-11-12,200,On-Time
DEL-09686,PO-09686,SUP14,2025-11-04,2025-11-18,2025-11-20,400,Delayed
DEL-09687,PO-09687,SUP02,2025-11-05,2025-11-12,2025-11-12,250,On-Time
DEL-09688,PO-09688,SUP01,2025-11-05,2025-11-13,2025-11-13,60,On-Time
DEL-09689,PO-09689,SUP03,2025-11-05,2025-11-14,2025-11-14,150,On-Time
DEL-09690,PO-09690,SUP01,2025-11-05,2025-11-13,2025-11-13,300,On-Time
DEL-09691,PO-09691,SUP09,2025-11-05,2025-11-17,2025-11-17,120,On-Time
DEL-09692,PO-09692,SUP15,2025-11-05,2025-11-14,2025-11-14,100,On-Time
DEL-09693,PO-09693,SUP14,2025-11-05,2025-11-11,2025-11-11,250,On-Time
DEL-09694,PO-09694,SUP15,2025-11-05,2025-11-16,2025-11-22,200,Delayed
DEL-09695,PO-09695,SUP15,2025-11-05,2025-11-13,2025-11-15,120,Delayed
DEL-09696,PO-09696,SUP14,2025-11-05,2025-11-12,2025-11-12,200,On-Time
DEL-09697,PO-09697,SUP09,2025-11-05,2025-11-10,2025-11-10,250,On-Time
DEL-09698,PO-09698,SUP15,2025-11-05,2025-11-16,2025-11-21,100,Delayed
DEL-09699,PO-09699,SUP12,2025-11-05,2025-11-13,2025-11-20,120,Delayed
DEL-09700,PO-09700,SUP07,2025-11-05,2025-11-13,2025-11-13,40,On-Time
DEL-09701,PO-09701,SUP06,2025-11-05,2025-11-14,2025-11-14,500,On-Time
DEL-09702,PO-09702,SUP06,2025-11-05,2025-11-15,2025-11-15,500,On-Time
DEL-09703,PO-09703,SUP02,2025-11-06,2025-11-24,2025-11-24,50,On-Time
DEL-09704,PO-09704,SUP15,2025-11-06,2025-11-17,2025-11-17,300,On-Time
DEL-09705,PO-09705,SUP11,2025-11-06,2025-11-18,2025-11-18,400,On-Time
DEL-09706,PO-09706,SUP15,2025-11-06,2025-11-18,2025-11-18,250,On-Time
DEL-09707,PO-09707,SUP08,2025-11-06,2025-11-21,2025-11-21,60,On-Time
DEL-09708,PO-09708,SUP04,2025-11-06,2025-11-17,2025-11-22,500,Delayed
DEL-09709,PO-09709,SUP01,2025-11-06,2025-11-15,2025-11-15,250,On-Time
DEL-09710,PO-09710,SUP15,2025-11-06,2025-11-11,2025-11-14,150,Delayed
DEL-09711,PO-09711,SUP14,2025-11-06,2025-11-14,2025-11-12,400,On-Time
DEL-09712,PO-09712,SUP01,2025-11-06,2025-11-21,2025-11-21,50,On-Time
DEL-09713,PO-09713,SUP01,2025-11-06,2025-11-15,2025-11-15,250,On-Time
DEL-09714,PO-09714,SUP07,2025-11-06,2025-11-18,2025-11-18,100,On-Time
DEL-09715,PO-09715,SUP05,2025-11-06,2025-11-11,2025-11-11,250,On-Time
DEL-09716,PO-09716,SUP15,2025-11-06,2025-11-16,2025-11-19,120,Delayed
DEL-09717,PO-09717,SUP09,2025-11-06,2025-11-12,2025-11-12,200,On-Time
DEL-09718,PO-09718,SUP15,2025-11-06,2025-11-11,2025-11-11,250,On-Time
DEL-09719,PO-09719,SUP14,2025-11-06,2025-11-21,2025-11-21,40,On-Time
DEL-09720,PO-09720,SUP15,2025-11-06,2025-11-14,2025-11-14,40,On-Time
DEL-09721,PO-09721,SUP04,2025-11-06,2025-11-20,2025-11-20,250,On-Time
DEL-09722,PO-09722,SUP08,2025-11-06,2025-11-16,2025-11-16,80,On-Time
DEL-09723,PO-09723,SUP05,2025-11-07,2025-11-12,2025-11-13,200,Delayed
DEL-09724,PO-09724,SUP14,2025-11-07,2025-11-13,2025-11-13,100,On-Time
DEL-09725,PO-09725,SUP01,2025-11-07,2025-11-21,2025-11-21,40,On-Time
DEL-09726,PO-09726,SUP01,2025-11-07,2025-11-19,2025-11-19,80,On-Time
DEL-09727,PO-09727,SUP15,2025-11-07,2025-11-19,2025-11-19,100,On-Time
DEL-09728,PO-09728,SUP15,2025-11-07,2025-11-15,2025-11-15,100,On-Time
DEL-09729,PO-09729,SUP07,2025-11-07,2025-11-15,2025-11-15,80,On-Time
DEL-09730,PO-09730,SUP09,2025-11-07,2025-11-14,2025-11-20,250,Delayed
DEL-09731,PO-09731,SUP15,2025-11-07,2025-11-21,2025-11-21,500,On-Time
DEL-09732,PO-09732,SUP14,2025-11-07,2025-11-19,2025-11-19,50,On-Time
DEL-09733,PO-09733,SUP06,2025-11-07,2025-11-28,2025-11-27,120,On-Time
DEL-09734,PO-09734,SUP14,2025-11-07,2025-11-14,2025-11-14,400,On-Time
DEL-09735,PO-09735,SUP01,2025-11-08,2025-12-02,2025-12-02,40,On-Time
DEL-09736,PO-09736,SUP11,2025-11-08,2025-11-16,2025-11-16,120,On-Time
DEL-09737,PO-09737,SUP15,2025-11-08,2025-11-29,2025-11-29,40,On-Time
DEL-09738,PO-09738,SUP14,2025-11-08,2025-11-26,2025-11-26,10,On-Time
DEL-09739,PO-09739,SUP06,2025-11-08,2025-11-15,2025-11-15,150,On-Time
DEL-09740,PO-09740,SUP12,2025-11-08,2025-11-16,2025-11-16,50,On-Time
DEL-09741,PO-09741,SUP01,2025-11-08,2025-12-06,2025-12-06,20,On-Time
DEL-09742,PO-09742,SUP08,2025-11-08,2025-11-17,2025-11-17,500,On-Time
DEL-09743,PO-09743,SUP04,2025-11-08,2025-11-16,2025-11-18,120,Delayed
DEL-09744,PO-09744,SUP15,2025-11-08,2025-12-03,2025-12-03,10,On-Time
DEL-09745,PO-09745,SUP11,2025-11-08,2025-11-16,2025-11-16,100,On-Time
DEL-09746,PO-09746,SUP15,2025-11-08,2025-11-18,2025-11-18,80,On-Time
DEL-09747,PO-09747,SUP05,2025-11-08,2025-11-14,2025-11-13,150,On-Time
DEL-09748,PO-09748,SUP14,2025-11-08,2025-11-15,2025-11-16,200,Delayed
DEL-09749,PO-09749,SUP13,2025-11-09,2025-11-17,2025-11-17,120,On-Time
DEL-09750,PO-09750,SUP07,2025-11-09,2025-11-19,2025-11-19,40,On-Time
DEL-09751,PO-09751,SUP01,2025-11-09,2025-11-19,2025-11-19,100,On-Time
DEL-09752,PO-09752,SUP04,2025-11-09,2025-11-23,2025-11-23,50,On-Time
DEL-09753,PO-09753,SUP14,2025-11-09,2025-11-14,2025-11-14,250,On-Time
DEL-09754,PO-09754,SUP01,2025-11-09,2025-11-18,2025-11-17,200,On-Time
DEL-09755,PO-09755,SUP14,2025-11-09,2025-11-16,2025-11-16,250,On-Time
DEL-09756,PO-09756,SUP01,2025-11-09,2025-11-27,2025-11-27,50,On-Time
DEL-09757,PO-09757,SUP14,2025-11-09,2025-11-23,2025-11-23,40,On-Time
DEL-09758,PO-09758,SUP14,2025-11-09,2025-11-16,2025-11-16,250,On-Time
DEL-09759,PO-09759,SUP08,2025-11-09,2025-11-19,2025-11-19,100,On-Time
DEL-09760,PO-09760,SUP13,2025-11-09,2025-11-24,2025-11-24,50,On-Time
DEL-09761,PO-09761,SUP05,2025-11-09,2025-11-14,2025-11-14,250,On-Time
DEL-09762,PO-09762,SUP02,2025-11-10,2025-11-17,2025-11-17,400,On-Time
DEL-09763,PO-09763,SUP10,2025-11-10,2025-11-28,2025-11-26,120,On-Time
DEL-09764,PO-09764,SUP05,2025-11-10,2025-11-17,2025-11-17,200,On-Time
DEL-09765,PO-09765,SUP15,2025-11-10,2025-11-15,2025-11-15,300,On-Time
DEL-09766,PO-09766,SUP14,2025-11-10,2025-11-16,2025-11-15,100,On-Time
DEL-09767,PO-09767,SUP14,2025-11-10,2025-11-25,2025-11-25,40,On-Time
DEL-09768,PO-09768,SUP14,2025-11-10,2025-11-24,2025-11-23,10,On-Time
DEL-09769,PO-09769,SUP15,2025-11-10,2025-11-21,2025-11-22,250,Delayed
DEL-09770,PO-09770,SUP01,2025-11-10,2025-11-30,2025-11-30,80,On-Time
DEL-09771,PO-09771,SUP12,2025-11-10,2025-11-20,2025-11-20,40,On-Time
DEL-09772,PO-09772,SUP08,2025-11-10,2025-11-19,2025-11-19,300,On-Time
DEL-09773,PO-09773,SUP14,2025-11-11,2025-11-21,2025-11-21,40,On-Time
DEL-09774,PO-09774,SUP04,2025-11-11,2025-11-23,2025-11-23,250,On-Time
DEL-09775,PO-09775,SUP14,2025-11-11,2025-11-22,2025-11-22,400,On-Time
DEL-09776,PO-09776,SUP12,2025-11-11,2025-11-25,2025-11-24,15,On-Time
DEL-09777,PO-09777,SUP15,2025-11-11,2025-12-06,2025-12-06,10,On-Time
DEL-09778,PO-09778,SUP05,2025-11-11,2025-11-18,2025-11-19,400,Delayed
DEL-09779,PO-09779,SUP11,2025-11-11,2025-11-29,2025-11-29,120,On-Time
DEL-09780,PO-09780,SUP09,2025-11-11,2025-11-18,2025-11-18,150,On-Time
DEL-09781,PO-09781,SUP01,2025-11-11,2025-11-21,2025-11-21,100,On-Time
DEL-09782,PO-09782,SUP05,2025-11-11,2025-11-21,2025-11-21,100,On-Time
DEL-09783,PO-09783,SUP06,2025-11-11,2025-11-27,2025-11-27,50,On-Time
DEL-09784,PO-09784,SUP05,2025-11-11,2025-11-23,2025-11-22,80,On-Time
DEL-09785,PO-09785,SUP13,2025-11-11,2025-11-22,2025-11-22,500,On-Time
DEL-09786,PO-09786,SUP13,2025-11-11,2025-11-26,2025-11-25,120,On-Time
DEL-09787,PO-09787,SUP13,2025-11-11,2025-11-23,2025-11-22,500,On-Time
DEL-09788,PO-09788,SUP10,2025-11-11,2025-11-26,2025-11-26,100,On-Time
DEL-09789,PO-09789,SUP11,2025-11-11,2025-11-21,2025-11-21,250,On-Time
DEL-09790,PO-09790,SUP15,2025-11-11,2025-11-19,2025-11-18,80,On-Time
DEL-09791,PO-09791,SUP09,2025-11-12,2025-11-18,2025-11-18,500,On-Time
DEL-09792,PO-09792,SUP14,2025-11-12,2025-11-24,2025-11-27,300,Delayed
DEL-09793,PO-09793,SUP13,2025-11-12,2025-11-23,2025-11-23,500,On-Time
DEL-09794,PO-09794,SUP14,2025-11-12,2025-11-27,2025-11-25,80,On-Time
DEL-09795,PO-09795,SUP04,2025-11-12,2025-11-26,2025-11-26,250,On-Time
DEL-09796,PO-09796,SUP09,2025-11-12,2025-11-17,2025-11-15,250,On-Time
DEL-09797,PO-09797,SUP01,2025-11-12,2025-11-27,2025-11-25,120,On-Time
DEL-09798,PO-09798,SUP15,2025-11-12,2025-11-24,2025-11-24,400,On-Time
DEL-09799,PO-09799,SUP09,2025-11-12,2025-11-18,2025-11-20,300,Delayed
DEL-09800,PO-09800,SUP05,2025-11-12,2025-11-18,2025-11-18,400,On-Time
DEL-09801,PO-09801,SUP04,2025-11-12,2025-11-23,2025-11-23,300,On-Time
DEL-09802,PO-09802,SUP13,2025-11-12,2025-11-24,2025-11-24,200,On-Time
DEL-09803,PO-09803,SUP14,2025-11-12,2025-11-20,2025-11-20,100,On-Time
DEL-09804,PO-09804,SUP09,2025-11-12,2025-11-22,2025-11-22,40,On-Time
DEL-09805,PO-09805,SUP14,2025-11-12,2025-11-20,2025-11-20,300,On-Time
DEL-09806,PO-09806,SUP08,2025-11-12,2025-11-24,2025-11-24,60,On-Time
DEL-09807,PO-09807,SUP14,2025-11-13,2025-11-29,2025-11-29,40,On-Time
DEL-09808,PO-09808,SUP08,2025-11-13,2025-11-23,2025-11-23,80,On-Time
DEL-09809,PO-09809,SUP06,2025-11-13,2025-11-23,2025-11-29,200,Delayed
DEL-09810,PO-09810,SUP15,2025-11-13,2025-11-21,2025-11-26,40,Delayed
DEL-09811,PO-09811,SUP04,2025-11-13,2025-11-27,2025-11-25,400,On-Time
DEL-09812,PO-09812,SUP14,2025-11-13,2025-11-19,2025-11-19,300,On-Time
DEL-09813,PO-09813,SUP15,2025-11-13,2025-11-20,2025-11-20,300,On-Time
DEL-09814,PO-09814,SUP14,2025-11-13,2025-11-21,2025-11-21,250,On-Time
DEL-09815,PO-09815,SUP14,2025-11-13,2025-11-18,2025-11-18,400,On-Time
DEL-09816,PO-09816,SUP08,2025-11-13,2025-11-20,2025-11-20,150,On-Time
DEL-09817,PO-09817,SUP14,2025-11-13,2025-11-29,2025-11-28,40,On-Time
DEL-09818,PO-09818,SUP14,2025-11-14,2025-11-21,2025-11-21,250,On-Time
DEL-09819,PO-09819,SUP01,2025-11-14,2025-12-05,2025-12-05,50,On-Time
DEL-09820,PO-09820,SUP15,2025-11-14,2025-11-22,2025-11-22,100,On-Time
DEL-09821,PO-09821,SUP11,2025-11-14,2025-12-05,2025-12-05,120,On-Time
DEL-09822,PO-09822,SUP15,2025-11-14,2025-11-21,2025-11-21,150,On-Time
DEL-09823,PO-09823,SUP04,2025-11-14,2025-11-24,2025-11-24,60,On-Time
DEL-09824,PO-09824,SUP14,2025-11-14,2025-11-21,2025-11-21,500,On-Time
DEL-09825,PO-09825,SUP14,2025-11-14,2025-11-25,2025-11-25,150,On-Time
DEL-09826,PO-09826,SUP04,2025-11-15,2025-11-29,2025-11-28,50,On-Time
DEL-09827,PO-09827,SUP15,2025-11-15,2025-11-20,2025-11-20,150,On-Time
DEL-09828,PO-09828,SUP15,2025-11-15,2025-11-29,2025-11-29,100,On-Time
DEL-09829,PO-09829,SUP07,2025-11-15,2025-11-29,2025-11-28,300,On-Time
DEL-09830,PO-09830,SUP09,2025-11-15,2025-11-20,2025-11-20,300,On-Time
DEL-09831,PO-09831,SUP15,2025-11-15,2025-11-27,2025-11-27,100,On-Time
DEL-09832,PO-09832,SUP05,2025-11-15,2025-11-21,2025-11-21,200,On-Time
DEL-09833,PO-09833,SUP05,2025-11-15,2025-11-20,2025-11-20,400,On-Time
DEL-09834,PO-09834,SUP07,2025-11-15,2025-11-30,2025-11-30,50,On-Time
DEL-09835,PO-09835,SUP06,2025-11-15,2025-11-22,2025-11-22,500,On-Time
DEL-09836,PO-09836,SUP08,2025-11-15,2025-11-25,2025-11-25,40,On-Time
DEL-09837,PO-09837,SUP05,2025-11-15,2025-11-22,2025-11-22,400,On-Time
DEL-09838,PO-09838,SUP08,2025-11-15,2025-11-24,2025-11-23,200,On-Time
DEL-09839,PO-09839,SUP01,2025-11-15,2025-12-03,2025-12-03,100,On-Time
DEL-09840,PO-09840,SUP10,2025-11-15,2025-12-03,2025-12-03,60,On-Time
DEL-09841,PO-09841,SUP05,2025-11-15,2025-11-22,2025-11-22,150,On-Time
DEL-09842,PO-09842,SUP06,2025-11-15,2025-11-29,2025-11-29,300,On-Time
DEL-09843,PO-09843,SUP15,2025-11-15,2025-11-22,2025-11-26,200,Delayed
DEL-09844,PO-09844,SUP15,2025-11-15,2025-11-24,2025-11-24,50,On-Time
DEL-09845,PO-09845,SUP01,2025-11-15,2025-11-29,2025-11-28,300,On-Time
DEL-09846,PO-09846,SUP15,2025-11-16,2025-11-30,2025-11-30,200,On-Time
DEL-09847,PO-09847,SUP15,2025-11-16,2025-11-21,2025-11-25,200,Delayed
DEL-09848,PO-09848,SUP01,2025-11-16,2025-11-23,2025-11-23,150,On-Time
DEL-09849,PO-09849,SUP14,2025-11-16,2025-11-26,2025-11-26,100,On-Time
DEL-09850,PO-09850,SUP01,2025-11-16,2025-11-24,2025-11-24,100,On-Time
DEL-09851,PO-09851,SUP09,2025-11-16,2025-11-25,2025-11-25,100,On-Time
DEL-09852,PO-09852,SUP13,2025-11-16,2025-12-02,2025-12-02,10,On-Time
DEL-09853,PO-09853,SUP07,2025-11-16,2025-11-28,2025-11-28,400,On-Time
DEL-09854,PO-09854,SUP01,2025-11-16,2025-11-26,2025-11-26,250,On-Time
DEL-09855,PO-09855,SUP01,2025-11-16,2025-12-01,2025-12-01,40,On-Time
DEL-09856,PO-09856,SUP05,2025-11-16,2025-11-21,2025-11-21,400,On-Time
DEL-09857,PO-09857,SUP05,2025-11-17,2025-11-23,2025-11-22,500,On-Time
DEL-09858,PO-09858,SUP03,2025-11-17,2025-11-27,2025-11-27,150,On-Time
DEL-09859,PO-09859,SUP02,2025-11-17,2025-12-05,2025-12-05,40,On-Time
DEL-09860,PO-09860,SUP08,2025-11-17,2025-11-24,2025-11-23,150,On-Time
DEL-09861,PO-09861,SUP01,2025-11-17,2025-11-27,2025-11-27,200,On-Time
DEL-09862,PO-09862,SUP13,2025-11-17,2025-11-27,2025-12-01,60,Delayed
DEL-09863,PO-09863,SUP14,2025-11-17,2025-12-01,2025-12-09,40,Delayed
DEL-09864,PO-09864,SUP05,2025-11-17,2025-11-23,2025-11-23,300,On-Time
DEL-09865,PO-09865,SUP14,2025-11-17,2025-11-22,2025-11-22,500,On-Time
DEL-09866,PO-09866,SUP14,2025-11-17,2025-11-23,2025-11-23,100,On-Time
DEL-09867,PO-09867,SUP05,2025-11-17,2025-11-25,2025-11-30,300,Delayed
DEL-09868,PO-09868,SUP14,2025-11-17,2025-11-24,2025-11-24,100,On-Time
DEL-09869,PO-09869,SUP15,2025-11-17,2025-11-23,2025-11-23,500,On-Time
DEL-09870,PO-09870,SUP14,2025-11-17,2025-11-25,2025-11-25,60,On-Time
DEL-09871,PO-09871,SUP03,2025-11-17,2025-12-05,2025-12-06,40,Delayed
DEL-09872,PO-09872,SUP06,2025-11-17,2025-11-26,2025-11-25,200,On-Time
DEL-09873,PO-09873,SUP05,2025-11-17,2025-11-25,2025-11-25,250,On-Time
DEL-09874,PO-09874,SUP09,2025-11-17,2025-11-23,2025-11-23,100,On-Time
DEL-09875,PO-09875,SUP14,2025-11-17,2025-11-24,2025-11-24,150,On-Time
DEL-09876,PO-09876,SUP11,2025-11-18,2025-12-06,2025-12-06,100,On-Time
DEL-09877,PO-09877,SUP15,2025-11-18,2025-11-26,2025-11-26,500,On-Time
DEL-09878,PO-09878,SUP08,2025-11-18,2025-11-26,2025-11-26,100,On-Time
DEL-09879,PO-09879,SUP15,2025-11-18,2025-11-26,2025-11-26,200,On-Time
DEL-09880,PO-09880,SUP06,2025-11-18,2025-11-25,2025-11-25,300,On-Time
DEL-09881,PO-09881,SUP14,2025-11-18,2025-12-08,2025-12-08,15,On-Time
DEL-09882,PO-09882,SUP15,2025-11-18,2025-11-28,2025-11-28,100,On-Time
DEL-09883,PO-09883,SUP11,2025-11-18,2025-11-25,2025-11-23,200,On-Time
DEL-09884,PO-09884,SUP09,2025-11-18,2025-11-26,2025-11-26,300,On-Time
DEL-09885,PO-09885,SUP14,2025-11-18,2025-11-25,2025-11-25,150,On-Time
DEL-09886,PO-09886,SUP02,2025-11-18,2025-12-06,2025-12-06,50,On-Time
DEL-09887,PO-09887,SUP14,2025-11-18,2025-11-30,2025-11-30,100,On-Time
DEL-09888,PO-09888,SUP04,2025-11-18,2025-12-02,2025-12-02,60,On-Time
DEL-09889,PO-09889,SUP08,2025-11-18,2025-11-27,2025-11-25,400,On-Time
DEL-09890,PO-09890,SUP14,2025-11-18,2025-11-25,2025-11-25,150,On-Time
DEL-09891,PO-09891,SUP02,2025-11-18,2025-12-06,2025-12-06,40,On-Time
DEL-09892,PO-09892,SUP01,2025-11-18,2025-11-25,2025-11-23,500,On-Time
DEL-09893,PO-09893,SUP02,2025-11-18,2025-11-28,2025-11-28,150,On-Time
DEL-09894,PO-09894,SUP15,2025-11-18,2025-11-26,2025-11-26,50,On-Time
DEL-09895,PO-09895,SUP08,2025-11-19,2025-12-17,2025-12-17,30,On-Time
DEL-09896,PO-09896,SUP13,2025-11-19,2025-12-01,2025-12-05,400,Delayed
DEL-09897,PO-09897,SUP07,2025-11-19,2025-11-29,2025-12-01,60,Delayed
DEL-09898,PO-09898,SUP14,2025-11-19,2025-12-03,2025-12-03,50,On-Time
DEL-09899,PO-09899,SUP01,2025-11-19,2025-11-26,2025-11-26,250,On-Time
DEL-09900,PO-09900,SUP14,2025-11-19,2025-11-30,2025-11-30,500,On-Time
DEL-09901,PO-09901,SUP09,2025-11-19,2025-11-25,2025-11-25,300,On-Time
DEL-09902,PO-09902,SUP15,2025-11-19,2025-11-24,2025-11-23,500,On-Time
DEL-09903,PO-09903,SUP14,2025-11-19,2025-11-27,2025-12-05,150,Delayed
DEL-09904,PO-09904,SUP06,2025-11-19,2025-12-03,2025-12-03,100,On-Time
DEL-09905,PO-09905,SUP06,2025-11-19,2025-12-01,2025-12-01,120,On-Time
DEL-09906,PO-09906,SUP14,2025-11-19,2025-11-25,2025-11-25,300,On-Time
DEL-09907,PO-09907,SUP14,2025-11-19,2025-11-24,2025-11-23,150,On-Time
DEL-09908,PO-09908,SUP08,2025-11-19,2025-11-28,2025-11-29,100,Delayed
DEL-09909,PO-09909,SUP13,2025-11-19,2025-12-03,2025-12-03,100,On-Time
DEL-09910,PO-09910,SUP15,2025-11-19,2025-11-24,2025-11-24,200,On-Time
DEL-09911,PO-09911,SUP11,2025-11-20,2025-12-04,2025-12-04,150,On-Time
DEL-09912,PO-09912,SUP14,2025-11-20,2025-11-30,2025-11-30,120,On-Time
DEL-09913,PO-09913,SUP01,2025-11-20,2025-12-04,2025-12-04,30,On-Time
DEL-09914,PO-09914,SUP05,2025-11-20,2025-11-26,2025-11-26,400,On-Time
DEL-09915,PO-09915,SUP15,2025-11-20,2025-12-05,2025-12-05,120,On-Time
DEL-09916,PO-09916,SUP11,2025-11-20,2025-11-28,2025-11-26,80,On-Time
DEL-09917,PO-09917,SUP09,2025-11-20,2025-12-02,2025-12-02,40,On-Time
DEL-09918,PO-09918,SUP08,2025-11-20,2025-11-30,2025-11-30,200,On-Time
DEL-09919,PO-09919,SUP11,2025-11-20,2025-12-02,2025-12-02,200,On-Time
DEL-09920,PO-09920,SUP01,2025-11-20,2025-12-05,2025-12-05,80,On-Time
DEL-09921,PO-09921,SUP03,2025-11-20,2025-12-08,2025-12-08,80,On-Time
DEL-09922,PO-09922,SUP01,2025-11-20,2025-11-28,2025-11-28,100,On-Time
DEL-09923,PO-09923,SUP14,2025-11-20,2025-11-27,2025-11-27,400,On-Time
DEL-09924,PO-09924,SUP03,2025-11-20,2025-12-02,2025-12-02,80,On-Time
DEL-09925,PO-09925,SUP11,2025-11-21,2025-11-28,2025-11-28,200,On-Time
DEL-09926,PO-09926,SUP15,2025-11-21,2025-11-26,2025-11-25,150,On-Time
DEL-09927,PO-09927,SUP09,2025-11-21,2025-11-29,2025-11-29,250,On-Time
DEL-09928,PO-09928,SUP09,2025-11-21,2025-11-26,2025-11-26,200,On-Time
DEL-09929,PO-09929,SUP06,2025-11-21,2025-12-11,2025-12-10,60,On-Time
DEL-09930,PO-09930,SUP15,2025-11-21,2025-12-05,2025-12-05,250,On-Time
DEL-09931,PO-09931,SUP05,2025-11-21,2025-11-26,2025-11-26,150,On-Time
DEL-09932,PO-09932,SUP05,2025-11-21,2025-11-28,2025-11-28,300,On-Time
DEL-09933,PO-09933,SUP15,2025-11-21,2025-12-11,2025-12-11,30,On-Time
DEL-09934,PO-09934,SUP14,2025-11-21,2025-11-28,2025-11-28,400,On-Time
DEL-09935,PO-09935,SUP05,2025-11-21,2025-11-27,2025-11-25,250,On-Time
DEL-09936,PO-09936,SUP09,2025-11-21,2025-11-26,2025-11-26,200,On-Time
DEL-09937,PO-09937,SUP08,2025-11-21,2025-12-09,2025-12-09,120,On-Time
DEL-09938,PO-09938,SUP01,2025-11-21,2025-12-06,2025-12-05,50,On-Time
DEL-09939,PO-09939,SUP14,2025-11-21,2025-12-03,2025-12-05,250,Delayed
DEL-09940,PO-09940,SUP15,2025-11-22,2025-11-29,2025-11-29,250,On-Time
DEL-09941,PO-09941,SUP15,2025-11-22,2025-12-04,2025-12-04,100,On-Time
DEL-09942,PO-09942,SUP09,2025-11-22,2025-12-04,2025-12-04,120,On-Time
DEL-09943,PO-09943,SUP15,2025-11-22,2025-12-07,2025-12-07,100,On-Time
DEL-09944,PO-09944,SUP15,2025-11-22,2025-12-02,2025-12-02,60,On-Time
DEL-09945,PO-09945,SUP09,2025-11-22,2025-11-28,2025-12-03,500,Delayed
DEL-09946,PO-09946,SUP06,2025-11-22,2025-12-07,2025-12-06,120,On-Time
DEL-09947,PO-09947,SUP02,2025-11-22,2025-12-13,2025-12-13,100,On-Time
DEL-09948,PO-09948,SUP15,2025-11-22,2025-11-29,2025-11-29,300,On-Time
DEL-09949,PO-09949,SUP14,2025-11-22,2025-12-02,2025-12-02,50,On-Time
DEL-09950,PO-09950,SUP14,2025-11-22,2025-11-30,2025-11-30,200,On-Time
DEL-09951,PO-09951,SUP12,2025-11-22,2025-11-29,2025-11-29,500,On-Time
DEL-09952,PO-09952,SUP11,2025-11-22,2025-12-04,2025-12-04,400,On-Time
DEL-09953,PO-09953,SUP15,2025-11-23,2025-12-09,2025-12-09,20,On-Time
DEL-09954,PO-09954,SUP06,2025-11-23,2025-12-02,2025-12-02,150,On-Time
DEL-09955,PO-09955,SUP15,2025-11-23,2025-12-07,2025-12-07,300,On-Time
DEL-09956,PO-09956,SUP09,2025-11-23,2025-11-29,2025-11-29,100,On-Time
DEL-09957,PO-09957,SUP15,2025-11-23,2025-11-30,2025-11-30,250,On-Time
DEL-09958,PO-09958,SUP14,2025-11-23,2025-12-01,2025-12-01,150,On-Time
DEL-09959,PO-09959,SUP02,2025-11-23,2025-12-07,2025-12-07,300,On-Time
DEL-09960,PO-09960,SUP03,2025-11-23,2025-12-07,2025-12-12,40,Delayed
DEL-09961,PO-09961,SUP10,2025-11-23,2025-12-08,2025-12-08,80,On-Time
DEL-09962,PO-09962,SUP11,2025-11-23,2025-12-01,2025-12-01,80,On-Time
DEL-09963,PO-09963,SUP05,2025-11-23,2025-11-28,2025-11-26,400,On-Time
DEL-09964,PO-09964,SUP08,2025-11-23,2025-12-08,2025-12-08,120,On-Time
DEL-09965,PO-09965,SUP06,2025-11-23,2025-12-13,2025-12-13,40,On-Time
DEL-09966,PO-09966,SUP14,2025-11-23,2025-11-29,2025-11-27,300,On-Time
DEL-09967,PO-09967,SUP09,2025-11-23,2025-11-30,2025-12-01,400,Delayed
DEL-09968,PO-09968,SUP01,2025-11-23,2025-12-03,2025-12-02,300,On-Time
DEL-09969,PO-09969,SUP10,2025-11-23,2025-12-05,2025-12-05,40,On-Time
DEL-09970,PO-09970,SUP07,2025-11-23,2025-12-01,2025-12-03,50,Delayed
DEL-09971,PO-09971,SUP15,2025-11-23,2025-12-01,2025-11-29,250,On-Time
DEL-09972,PO-09972,SUP08,2025-11-23,2025-12-03,2025-12-03,150,On-Time
DEL-09973,PO-09973,SUP05,2025-11-23,2025-11-30,2025-11-30,150,On-Time
DEL-09974,PO-09974,SUP09,2025-11-23,2025-11-28,2025-11-28,200,On-Time
DEL-09975,PO-09975,SUP11,2025-11-24,2025-12-02,2025-12-02,100,On-Time
DEL-09976,PO-09976,SUP04,2025-11-24,2025-12-05,2025-12-05,300,On-Time
DEL-09977,PO-09977,SUP15,2025-11-24,2025-12-14,2025-12-14,80,On-Time
DEL-09978,PO-09978,SUP07,2025-11-24,2025-12-04,2025-12-04,50,On-Time
DEL-09979,PO-09979,SUP03,2025-11-24,2025-12-12,2025-12-12,80,On-Time
DEL-09980,PO-09980,SUP10,2025-11-24,2025-12-06,2025-12-06,100,On-Time
DEL-09981,PO-09981,SUP01,2025-11-24,2025-12-03,2025-12-02,500,On-Time
DEL-09982,PO-09982,SUP05,2025-11-24,2025-12-01,2025-12-01,500,On-Time
DEL-09983,PO-09983,SUP15,2025-11-24,2025-12-01,2025-12-01,150,On-Time
DEL-09984,PO-09984,SUP15,2025-11-24,2025-12-02,2025-12-02,400,On-Time
DEL-09985,PO-09985,SUP15,2025-11-24,2025-11-30,2025-11-30,200,On-Time
DEL-09986,PO-09986,SUP15,2025-11-24,2025-12-01,2025-12-04,300,Delayed
DEL-09987,PO-09987,SUP05,2025-11-24,2025-12-02,2025-12-03,300,Delayed
DEL-09988,PO-09988,SUP06,2025-11-24,2025-12-16,2025-12-16,40,On-Time
DEL-09989,PO-09989,SUP15,2025-11-24,2025-12-02,2025-12-02,100,On-Time
DEL-09990,PO-09990,SUP12,2025-11-25,2025-12-10,2025-12-10,50,On-Time
DEL-09991,PO-09991,SUP14,2025-11-25,2025-12-09,2025-12-09,100,On-Time
DEL-09992,PO-09992,SUP12,2025-11-25,2025-12-05,2025-12-05,60,On-Time
DEL-09993,PO-09993,SUP02,2025-11-25,2025-12-16,2025-12-16,80,On-Time
DEL-09994,PO-09994,SUP14,2025-11-25,2025-12-13,2025-12-13,40,On-Time
DEL-09995,PO-09995,SUP14,2025-11-25,2025-12-02,2025-12-02,300,On-Time
DEL-09996,PO-09996,SUP14,2025-11-25,2025-12-03,2025-12-05,500,Delayed
DEL-09997,PO-09997,SUP14,2025-11-25,2025-12-02,2025-12-02,400,On-Time
DEL-09998,PO-09998,SUP14,2025-11-26,2025-12-04,2025-12-04,150,On-Time
DEL-09999,PO-09999,SUP06,2025-11-26,2025-12-04,2025-12-04,100,On-Time
DEL-10000,PO-10000,SUP15,2025-11-26,2025-12-03,2025-12-02,400,On-Time
DEL-10001,PO-10001,SUP03,2025-11-26,2025-12-08,2025-12-08,100,On-Time
DEL-10002,PO-10002,SUP09,2025-11-26,2025-12-06,2025-12-06,100,On-Time
DEL-10003,PO-10003,SUP09,2025-11-26,2025-12-02,2025-12-02,250,On-Time
DEL-10004,PO-10004,SUP09,2025-11-26,2025-12-06,2025-12-06,50,On-Time
DEL-10005,PO-10005,SUP11,2025-11-26,2025-12-10,2025-12-10,100,On-Time
DEL-10006,PO-10006,SUP08,2025-11-26,2025-12-04,2025-12-03,120,On-Time
DEL-10007,PO-10007,SUP01,2025-11-26,2025-12-08,2025-12-08,120,On-Time
DEL-10008,PO-10008,SUP09,2025-11-26,2025-12-03,2025-12-05,500,Delayed
DEL-10009,PO-10009,SUP15,2025-11-26,2025-12-10,2025-12-11,80,Delayed
DEL-10010,PO-10010,SUP10,2025-11-27,2025-12-11,2025-12-11,120,On-Time
DEL-10011,PO-10011,SUP06,2025-11-27,2025-12-04,2025-12-04,100,On-Time
DEL-10012,PO-10012,SUP01,2025-11-27,2025-12-25,2025-12-25,15,On-Time
DEL-10013,PO-10013,SUP14,2025-11-27,2025-12-04,2025-12-04,150,On-Time
DEL-10014,PO-10014,SUP08,2025-11-27,2025-12-15,2025-12-15,10,On-Time
DEL-10015,PO-10015,SUP04,2025-11-27,2025-12-08,2025-12-19,100,Delayed
DEL-10016,PO-10016,SUP09,2025-11-27,2025-12-03,2025-12-03,150,On-Time
DEL-10017,PO-10017,SUP11,2025-11-27,2025-12-22,2025-12-22,15,On-Time
DEL-10018,PO-10018,SUP09,2025-11-27,2025-12-09,2025-12-09,80,On-Time
DEL-10019,PO-10019,SUP01,2025-11-27,2025-12-07,2025-12-06,400,On-Time
DEL-10020,PO-10020,SUP02,2025-11-27,2025-12-04,2025-12-04,250,On-Time
DEL-10021,PO-10021,SUP07,2025-11-28,2025-12-12,2025-12-12,100,On-Time
DEL-10022,PO-10022,SUP14,2025-11-28,2025-12-05,2025-12-05,100,On-Time
DEL-10023,PO-10023,SUP04,2025-11-28,2025-12-12,2025-12-12,250,On-Time
DEL-10024,PO-10024,SUP08,2025-11-28,2025-12-05,2025-12-05,100,On-Time
DEL-10025,PO-10025,SUP06,2025-11-28,2025-12-16,2025-12-14,100,On-Time
DEL-10026,PO-10026,SUP15,2025-11-28,2025-12-12,2025-12-12,10,On-Time
DEL-10027,PO-10027,SUP07,2025-11-28,2025-12-10,2025-12-10,300,On-Time
DEL-10028,PO-10028,SUP05,2025-11-28,2025-12-08,2025-12-08,100,On-Time
DEL-10029,PO-10029,SUP13,2025-11-28,2025-12-12,2025-12-12,500,On-Time
DEL-10030,PO-10030,SUP12,2025-11-28,2025-12-05,2025-12-05,300,On-Time
DEL-10031,PO-10031,SUP06,2025-11-28,2025-12-12,2025-12-10,400,On-Time
DEL-10032,PO-10032,SUP07,2025-11-28,2025-12-12,2025-12-12,250,On-Time
DEL-10033,PO-10033,SUP15,2025-11-28,2025-12-07,2025-12-12,40,Delayed
DEL-10034,PO-10034,SUP14,2025-11-28,2025-12-07,2025-12-07,50,On-Time
DEL-10035,PO-10035,SUP15,2025-11-28,2025-12-05,2025-12-04,500,On-Time
DEL-10036,PO-10036,SUP08,2025-11-28,2025-12-13,2025-12-13,60,On-Time
DEL-10037,PO-10037,SUP15,2025-11-28,2025-12-06,2025-12-06,150,On-Time
DEL-10038,PO-10038,SUP11,2025-11-28,2025-12-13,2025-12-13,40,On-Time
DEL-10039,PO-10039,SUP15,2025-11-28,2025-12-06,2025-12-06,400,On-Time
DEL-10040,PO-10040,SUP11,2025-11-28,2025-12-18,2025-12-18,80,On-Time
DEL-10041,PO-10041,SUP14,2025-11-29,2025-12-06,2025-12-06,200,On-Time
DEL-10042,PO-10042,SUP04,2025-11-29,2025-12-13,2025-12-13,120,On-Time
DEL-10043,PO-10043,SUP15,2025-11-29,2025-12-11,2025-12-10,250,On-Time
DEL-10044,PO-10044,SUP01,2025-11-29,2025-12-09,2025-12-09,150,On-Time
DEL-10045,PO-10045,SUP06,2025-11-29,2025-12-09,2025-12-09,400,On-Time
DEL-10046,PO-10046,SUP14,2025-11-29,2025-12-11,2025-12-11,300,On-Time
DEL-10047,PO-10047,SUP09,2025-11-29,2025-12-08,2025-12-08,60,On-Time
DEL-10048,PO-10048,SUP06,2025-11-29,2025-12-14,2025-12-13,50,On-Time
DEL-10049,PO-10049,SUP15,2025-11-29,2025-12-11,2025-12-11,400,On-Time
DEL-10050,PO-10050,SUP03,2025-11-29,2025-12-08,2025-12-08,200,On-Time
DEL-10051,PO-10051,SUP14,2025-11-29,2025-12-04,2025-12-04,250,On-Time
DEL-10052,PO-10052,SUP05,2025-11-29,2025-12-04,2025-12-04,500,On-Time
DEL-10053,PO-10053,SUP07,2025-11-29,2025-12-11,2025-12-10,250,On-Time
DEL-10054,PO-10054,SUP01,2025-11-29,2025-12-09,2025-12-09,150,On-Time
DEL-10055,PO-10055,SUP08,2025-11-29,2025-12-06,2025-12-06,150,On-Time
DEL-10056,PO-10056,SUP07,2025-11-29,2025-12-10,2025-12-10,300,On-Time
DEL-10057,PO-10057,SUP14,2025-11-29,2025-12-07,2025-12-07,40,On-Time
DEL-10058,PO-10058,SUP15,2025-11-29,2025-12-04,2025-12-04,400,On-Time
DEL-10059,PO-10059,SUP01,2025-11-30,2025-12-15,2025-12-15,50,On-Time
DEL-10060,PO-10060,SUP05,2025-11-30,2025-12-07,2025-12-09,150,Delayed
DEL-10061,PO-10061,SUP09,2025-11-30,2025-12-07,2025-12-10,500,Delayed
DEL-10062,PO-10062,SUP15,2025-11-30,2025-12-18,2025-12-18,20,On-Time
DEL-10063,PO-10063,SUP14,2025-11-30,2025-12-08,2025-12-12,100,Delayed
DEL-10064,PO-10064,SUP15,2025-11-30,2025-12-07,2025-12-07,200,On-Time
DEL-10065,PO-10065,SUP02,2025-11-30,2025-12-12,2025-12-12,250,On-Time
DEL-10066,PO-10066,SUP01,2025-11-30,2025-12-10,2025-12-10,500,On-Time
DEL-10067,PO-10067,SUP02,2025-11-30,2025-12-08,2025-12-19,50,Delayed
DEL-10068,PO-10068,SUP08,2025-11-30,2025-12-14,2025-12-15,80,Delayed
DEL-10069,PO-10069,SUP06,2025-11-30,2025-12-12,2025-12-12,60,On-Time
DEL-10070,PO-10070,SUP14,2025-11-30,2025-12-10,2025-12-10,120,On-Time
DEL-10071,PO-10071,SUP15,2025-11-30,2025-12-08,2025-12-07,500,On-Time
DEL-10072,PO-10072,SUP08,2025-11-30,2025-12-14,2026-01-01,20,Delayed
DEL-10073,PO-10073,SUP05,2025-11-30,2025-12-08,2025-12-08,100,On-Time
DEL-10074,PO-10074,SUP08,2025-11-30,2025-12-10,2025-12-10,100,On-Time
DEL-10075,PO-10075,SUP01,2025-11-30,2025-12-28,2025-12-28,10,On-Time
DEL-10076,PO-10076,SUP02,2025-11-30,2025-12-08,2025-12-08,120,On-Time
DEL-10077,PO-10077,SUP08,2025-11-30,2025-12-14,2025-12-14,50,On-Time
DEL-10078,PO-10078,SUP06,2025-11-30,2025-12-18,2025-12-17,80,On-Time
DEL-10079,PO-10079,SUP08,2025-11-30,2025-12-18,2025-12-24,40,Delayed
DEL-10080,PO-10080,SUP15,2025-11-30,2025-12-10,2025-12-13,120,Delayed
DEL-10081,PO-10081,SUP01,2025-11-30,2025-12-15,2025-12-15,80,On-Time
DEL-10082,PO-10082,SUP15,2025-11-30,2025-12-10,2025-12-10,100,On-Time
DEL-10083,PO-10083,SUP14,2025-12-01,2025-12-08,2025-12-09,400,Delayed
DEL-10084,PO-10084,SUP15,2025-12-01,2025-12-06,2025-12-05,200,On-Time
DEL-10085,PO-10085,SUP09,2025-12-01,2025-12-07,2025-12-25,500,Delayed
DEL-10086,PO-10086,SUP15,2025-12-01,2025-12-06,2025-12-07,150,Delayed
DEL-10087,PO-10087,SUP07,2025-12-01,2025-12-21,2025-12-21,30,On-Time
DEL-10088,PO-10088,SUP06,2025-12-01,2025-12-10,2025-12-10,500,On-Time
DEL-10089,PO-10089,SUP09,2025-12-01,2025-12-08,2025-12-08,100,On-Time
DEL-10090,PO-10090,SUP05,2025-12-01,2025-12-10,2025-12-10,100,On-Time
DEL-10091,PO-10091,SUP09,2025-12-01,2025-12-06,2025-12-06,200,On-Time
DEL-10092,PO-10092,SUP02,2025-12-01,2025-12-09,2025-12-09,40,On-Time
DEL-10093,PO-10093,SUP02,2025-12-01,2025-12-08,2025-12-08,250,On-Time
DEL-10094,PO-10094,SUP14,2025-12-01,2025-12-10,2025-12-10,100,On-Time
DEL-10095,PO-10095,SUP03,2025-12-01,2025-12-13,2025-12-13,40,On-Time
DEL-10096,PO-10096,SUP13,2025-12-01,2025-12-15,2025-12-15,100,On-Time
DEL-10097,PO-10097,SUP07,2025-12-02,2025-12-16,2025-12-15,50,On-Time
DEL-10098,PO-10098,SUP14,2025-12-02,2025-12-17,2025-12-26,50,Delayed
DEL-10099,PO-10099,SUP01,2025-12-02,2025-12-12,2025-12-12,500,On-Time
DEL-10100,PO-10100,SUP01,2025-12-02,2025-12-12,2025-12-12,80,On-Time
DEL-10101,PO-10101,SUP15,2025-12-02,2025-12-16,2025-12-16,250,On-Time
DEL-10102,PO-10102,SUP15,2025-12-02,2025-12-09,2025-12-08,100,On-Time
DEL-10103,PO-10103,SUP14,2025-12-02,2025-12-07,2025-12-05,400,On-Time
DEL-10104,PO-10104,SUP06,2025-12-02,2025-12-09,2025-12-09,100,On-Time
DEL-10105,PO-10105,SUP11,2025-12-02,2025-12-20,2025-12-19,120,On-Time
DEL-10106,PO-10106,SUP01,2025-12-02,2025-12-12,2025-12-12,60,On-Time
DEL-10107,PO-10107,SUP14,2025-12-02,2025-12-20,2025-12-20,20,On-Time
DEL-10108,PO-10108,SUP14,2025-12-02,2025-12-30,2025-12-31,30,Delayed
DEL-10109,PO-10109,SUP04,2025-12-02,2025-12-16,2025-12-16,80,On-Time
DEL-10110,PO-10110,SUP05,2025-12-02,2025-12-11,2025-12-11,60,On-Time
DEL-10111,PO-10111,SUP15,2025-12-02,2025-12-07,2025-12-08,200,Delayed
DEL-10112,PO-10112,SUP03,2025-12-02,2025-12-14,2025-12-14,40,On-Time
DEL-10113,PO-10113,SUP01,2025-12-02,2025-12-16,2025-12-20,400,Delayed
DEL-10114,PO-10114,SUP07,2025-12-02,2025-12-16,2025-12-16,100,On-Time
DEL-10115,PO-10115,SUP15,2025-12-02,2025-12-07,2025-12-07,250,On-Time
DEL-10116,PO-10116,SUP14,2025-12-03,2025-12-17,2025-12-23,300,Delayed
DEL-10117,PO-10117,SUP11,2025-12-03,2025-12-15,2025-12-15,250,On-Time
DEL-10118,PO-10118,SUP10,2025-12-03,2025-12-17,2025-12-17,100,On-Time
DEL-10119,PO-10119,SUP09,2025-12-03,2025-12-13,2025-12-13,60,On-Time
DEL-10120,PO-10120,SUP15,2025-12-03,2025-12-10,2025-12-10,200,On-Time
DEL-10121,PO-10121,SUP09,2025-12-03,2025-12-11,2025-12-11,100,On-Time
DEL-10122,PO-10122,SUP01,2025-12-03,2025-12-10,2025-12-10,250,On-Time
DEL-10123,PO-10123,SUP14,2025-12-03,2025-12-11,2025-12-10,200,On-Time
DEL-10124,PO-10124,SUP06,2025-12-03,2025-12-15,2025-12-15,300,On-Time
DEL-10125,PO-10125,SUP05,2025-12-03,2025-12-11,2025-12-11,150,On-Time
DEL-10126,PO-10126,SUP14,2025-12-03,2025-12-13,2025-12-13,120,On-Time
DEL-10127,PO-10127,SUP11,2025-12-03,2025-12-18,2025-12-18,120,On-Time
DEL-10128,PO-10128,SUP15,2025-12-03,2025-12-10,2025-12-10,100,On-Time
DEL-10129,PO-10129,SUP07,2025-12-03,2025-12-17,2025-12-17,80,On-Time
DEL-10130,PO-10130,SUP02,2025-12-04,2025-12-24,2025-12-24,120,On-Time
DEL-10131,PO-10131,SUP01,2025-12-04,2025-12-14,2025-12-14,500,On-Time
DEL-10132,PO-10132,SUP01,2025-12-04,2025-12-16,2025-12-16,250,On-Time
DEL-10133,PO-10133,SUP09,2025-12-04,2025-12-11,2025-12-11,100,On-Time
DEL-10134,PO-10134,SUP14,2025-12-04,2025-12-14,2025-12-14,50,On-Time
DEL-10135,PO-10135,SUP06,2025-12-04,2025-12-25,2025-12-25,80,On-Time
DEL-10136,PO-10136,SUP13,2025-12-04,2025-12-18,2025-12-18,120,On-Time
DEL-10137,PO-10137,SUP03,2025-12-04,2025-12-22,2025-12-22,60,On-Time
DEL-10138,PO-10138,SUP05,2025-12-04,2025-12-11,2025-12-11,200,On-Time
DEL-10139,PO-10139,SUP14,2025-12-04,2025-12-10,2025-12-10,400,On-Time
DEL-10140,PO-10140,SUP15,2025-12-04,2025-12-09,2025-12-09,300,On-Time
DEL-10141,PO-10141,SUP15,2025-12-04,2025-12-12,2025-12-14,400,Delayed
DEL-10142,PO-10142,SUP01,2025-12-04,2025-12-11,2025-12-11,400,On-Time
DEL-10143,PO-10143,SUP02,2025-12-04,2025-12-22,2025-12-22,60,On-Time
DEL-10144,PO-10144,SUP02,2025-12-04,2025-12-25,2025-12-24,60,On-Time
DEL-10145,PO-10145,SUP11,2025-12-04,2025-12-11,2025-12-11,250,On-Time
DEL-10146,PO-10146,SUP01,2025-12-04,2025-12-22,2025-12-22,80,On-Time
DEL-10147,PO-10147,SUP01,2025-12-05,2025-12-15,2025-12-15,250,On-Time
DEL-10148,PO-10148,SUP06,2025-12-05,2025-12-17,2025-12-17,100,On-Time
DEL-10149,PO-10149,SUP01,2025-12-05,2025-12-15,2025-12-15,150,On-Time
DEL-10150,PO-10150,SUP02,2025-12-05,2025-12-12,2025-12-12,250,On-Time
DEL-10151,PO-10151,SUP07,2025-12-05,2025-12-13,2025-12-13,60,On-Time
DEL-10152,PO-10152,SUP11,2025-12-05,2025-12-13,2025-12-13,50,On-Time
DEL-10153,PO-10153,SUP02,2025-12-05,2025-12-12,2025-12-12,100,On-Time
DEL-10154,PO-10154,SUP06,2025-12-05,2025-12-12,2025-12-12,100,On-Time
DEL-10155,PO-10155,SUP15,2025-12-05,2025-12-11,2025-12-11,200,On-Time
DEL-10156,PO-10156,SUP06,2025-12-06,2025-12-16,2025-12-16,250,On-Time
DEL-10157,PO-10157,SUP02,2025-12-06,2025-12-26,2025-12-26,60,On-Time
DEL-10158,PO-10158,SUP06,2025-12-06,2025-12-26,2025-12-26,100,On-Time
DEL-10159,PO-10159,SUP15,2025-12-06,2025-12-13,2025-12-13,150,On-Time
DEL-10160,PO-10160,SUP07,2025-12-06,2025-12-14,2025-12-14,50,On-Time
DEL-10161,PO-10161,SUP05,2025-12-06,2025-12-14,2025-12-14,250,On-Time
DEL-10162,PO-10162,SUP11,2025-12-06,2025-12-21,2025-12-21,80,On-Time
DEL-10163,PO-10163,SUP08,2025-12-06,2025-12-14,2025-12-12,100,On-Time
DEL-10164,PO-10164,SUP06,2025-12-06,2025-12-28,2025-12-26,30,On-Time
DEL-10165,PO-10165,SUP14,2025-12-06,2025-12-12,2025-12-12,200,On-Time
DEL-10166,PO-10166,SUP08,2025-12-07,2025-12-16,2025-12-17,500,Delayed
DEL-10167,PO-10167,SUP15,2025-12-07,2025-12-21,2025-12-21,60,On-Time
DEL-10168,PO-10168,SUP01,2025-12-07,2025-12-22,2025-12-25,60,Delayed
DEL-10169,PO-10169,SUP14,2025-12-07,2025-12-13,2025-12-13,500,On-Time
DEL-10170,PO-10170,SUP01,2025-12-07,2025-12-15,2025-12-15,60,On-Time
DEL-10171,PO-10171,SUP08,2025-12-07,2025-12-15,2025-12-20,500,Delayed
DEL-10172,PO-10172,SUP11,2025-12-07,2025-12-19,2025-12-19,250,On-Time
DEL-10173,PO-10173,SUP14,2025-12-08,2025-12-15,2025-12-15,250,On-Time
DEL-10174,PO-10174,SUP12,2025-12-08,2025-12-16,2025-12-16,100,On-Time
DEL-10175,PO-10175,SUP01,2025-12-08,2026-01-05,2026-01-05,20,On-Time
DEL-10176,PO-10176,SUP01,2025-12-08,2025-12-26,2025-12-26,100,On-Time
DEL-10177,PO-10177,SUP02,2025-12-08,2025-12-23,2025-12-23,50,On-Time
DEL-10178,PO-10178,SUP14,2025-12-08,2025-12-15,2025-12-15,150,On-Time
DEL-10179,PO-10179,SUP15,2025-12-08,2025-12-16,2025-12-15,100,On-Time
DEL-10180,PO-10180,SUP01,2025-12-08,2025-12-17,2025-12-24,200,Delayed
DEL-10181,PO-10181,SUP14,2025-12-08,2025-12-16,2025-12-14,120,On-Time
DEL-10182,PO-10182,SUP14,2025-12-08,2025-12-14,2025-12-15,400,Delayed
DEL-10183,PO-10183,SUP11,2025-12-08,2025-12-26,2025-12-25,50,On-Time
DEL-10184,PO-10184,SUP15,2025-12-08,2025-12-16,2025-12-16,100,On-Time
DEL-10185,PO-10185,SUP09,2025-12-08,2025-12-13,2025-12-11,400,On-Time
DEL-10186,PO-10186,SUP15,2025-12-08,2025-12-15,2025-12-23,100,Delayed
DEL-10187,PO-10187,SUP08,2025-12-08,2025-12-24,2025-12-27,40,Delayed
DEL-10188,PO-10188,SUP06,2025-12-08,2025-12-18,2025-12-18,150,On-Time
DEL-10189,PO-10189,SUP14,2025-12-09,2025-12-18,2025-12-18,80,On-Time
DEL-10190,PO-10190,SUP05,2025-12-09,2025-12-16,2025-12-16,300,On-Time
DEL-10191,PO-10191,SUP01,2025-12-09,2025-12-23,2025-12-23,400,On-Time
DEL-10192,PO-10192,SUP06,2025-12-09,2025-12-24,2025-12-24,120,On-Time
DEL-10193,PO-10193,SUP07,2025-12-09,2025-12-19,2025-12-21,100,Delayed
DEL-10194,PO-10194,SUP11,2025-12-09,2025-12-17,2025-12-17,50,On-Time
DEL-10195,PO-10195,SUP11,2025-12-09,2025-12-16,2025-12-16,250,On-Time
DEL-10196,PO-10196,SUP14,2025-12-09,2025-12-17,2025-12-17,120,On-Time
DEL-10197,PO-10197,SUP05,2025-12-09,2025-12-15,2025-12-15,200,On-Time
DEL-10198,PO-10198,SUP05,2025-12-09,2025-12-15,2025-12-13,250,On-Time
DEL-10199,PO-10199,SUP14,2025-12-09,2025-12-25,2025-12-25,40,On-Time
DEL-10200,PO-10200,SUP03,2025-12-09,2025-12-19,2025-12-19,400,On-Time
DEL-10201,PO-10201,SUP11,2025-12-09,2025-12-24,2025-12-22,50,On-Time
DEL-10202,PO-10202,SUP03,2025-12-09,2025-12-24,2025-12-24,120,On-Time
DEL-10203,PO-10203,SUP01,2025-12-10,2025-12-19,2025-12-19,250,On-Time
DEL-10204,PO-10204,SUP09,2025-12-10,2025-12-20,2025-12-20,100,On-Time
DEL-10205,PO-10205,SUP01,2025-12-10,2025-12-17,2025-12-17,100,On-Time
DEL-10206,PO-10206,SUP14,2025-12-10,2025-12-21,2025-12-21,250,On-Time
DEL-10207,PO-10207,SUP15,2025-12-10,2025-12-17,2026-01-04,300,Delayed
DEL-10208,PO-10208,SUP15,2025-12-10,2025-12-24,2025-12-24,15,On-Time
DEL-10209,PO-10209,SUP01,2025-12-10,2025-12-22,2025-12-22,150,On-Time
DEL-10210,PO-10210,SUP15,2025-12-10,2025-12-15,2025-12-15,150,On-Time
DEL-10211,PO-10211,SUP06,2025-12-10,2025-12-19,2025-12-19,200,On-Time
DEL-10212,PO-10212,SUP11,2025-12-10,2025-12-20,2025-12-20,100,On-Time
DEL-10213,PO-10213,SUP14,2025-12-10,2025-12-30,2025-12-30,20,On-Time
DEL-10214,PO-10214,SUP11,2025-12-10,2025-12-20,2025-12-20,200,On-Time
DEL-10215,PO-10215,SUP05,2025-12-10,2025-12-15,2025-12-15,300,On-Time
DEL-10216,PO-10216,SUP13,2025-12-10,2025-12-21,2025-12-19,300,On-Time
DEL-10217,PO-10217,SUP07,2025-12-10,2025-12-22,2025-12-22,400,On-Time
DEL-10218,PO-10218,SUP09,2025-12-10,2025-12-22,2025-12-22,50,On-Time
DEL-10219,PO-10219,SUP06,2025-12-10,2025-12-17,2025-12-17,500,On-Time
DEL-10220,PO-10220,SUP07,2025-12-11,2025-12-19,2025-12-19,50,On-Time
DEL-10221,PO-10221,SUP08,2025-12-11,2025-12-19,2025-12-19,300,On-Time
DEL-10222,PO-10222,SUP03,2025-12-11,2025-12-20,2025-12-20,150,On-Time
DEL-10223,PO-10223,SUP15,2025-12-11,2025-12-23,2025-12-23,200,On-Time
DEL-10224,PO-10224,SUP15,2025-12-11,2025-12-25,2025-12-25,150,On-Time
DEL-10225,PO-10225,SUP14,2025-12-11,2025-12-17,2025-12-17,250,On-Time
DEL-10226,PO-10226,SUP01,2025-12-11,2025-12-19,2025-12-19,50,On-Time
DEL-10227,PO-10227,SUP14,2025-12-11,2025-12-21,2025-12-23,40,Delayed
DEL-10228,PO-10228,SUP04,2025-12-11,2025-12-21,2025-12-21,40,On-Time
DEL-10229,PO-10229,SUP05,2025-12-11,2025-12-23,2025-12-28,120,Delayed
DEL-10230,PO-10230,SUP09,2025-12-11,2025-12-19,2025-12-19,250,On-Time
DEL-10231,PO-10231,SUP12,2025-12-12,2025-12-19,2025-12-19,100,On-Time
DEL-10232,PO-10232,SUP03,2025-12-12,2025-12-30,2025-12-30,50,On-Time
DEL-10233,PO-10233,SUP15,2025-12-12,2025-12-17,2025-12-17,250,On-Time
DEL-10234,PO-10234,SUP15,2025-12-12,2025-12-19,2025-12-21,500,Delayed
DEL-10235,PO-10235,SUP05,2025-12-12,2025-12-18,2025-12-18,200,On-Time
DEL-10236,PO-10236,SUP04,2025-12-12,2025-12-26,2025-12-26,250,On-Time
DEL-10237,PO-10237,SUP09,2025-12-12,2025-12-18,2025-12-27,100,Delayed
DEL-10238,PO-10238,SUP15,2025-12-12,2025-12-18,2025-12-18,400,On-Time
DEL-10239,PO-10239,SUP02,2025-12-12,2025-12-26,2025-12-26,500,On-Time
DEL-10240,PO-10240,SUP06,2025-12-12,2025-12-26,2025-12-26,400,On-Time
DEL-10241,PO-10241,SUP07,2025-12-12,2025-12-22,2025-12-22,60,On-Time
DEL-10242,PO-10242,SUP13,2025-12-12,2025-12-23,2025-12-25,300,Delayed
DEL-10243,PO-10243,SUP08,2025-12-12,2025-12-20,2025-12-20,200,On-Time
DEL-10244,PO-10244,SUP10,2025-12-13,2025-12-25,2025-12-27,100,Delayed
DEL-10245,PO-10245,SUP07,2025-12-13,2025-12-27,2026-01-08,400,Delayed
DEL-10246,PO-10246,SUP14,2025-12-13,2025-12-27,2025-12-27,500,On-Time
DEL-10247,PO-10247,SUP15,2025-12-13,2025-12-20,2025-12-20,150,On-Time
DEL-10248,PO-10248,SUP13,2025-12-13,2025-12-31,2026-01-02,15,Delayed
DEL-10249,PO-10249,SUP01,2025-12-13,2025-12-25,2025-12-25,300,On-Time
DEL-10250,PO-10250,SUP10,2025-12-13,2025-12-25,2025-12-28,80,Delayed
DEL-10251,PO-10251,SUP15,2025-12-13,2025-12-21,2025-12-21,100,On-Time
DEL-10252,PO-10252,SUP14,2025-12-13,2025-12-27,2025-12-30,150,Delayed
DEL-10253,PO-10253,SUP02,2025-12-13,2025-12-31,2025-12-31,40,On-Time
DEL-10254,PO-10254,SUP15,2025-12-13,2025-12-23,2025-12-23,80,On-Time
DEL-10255,PO-10255,SUP15,2025-12-13,2025-12-31,2026-01-05,10,Delayed
DEL-10256,PO-10256,SUP02,2025-12-13,2025-12-20,2025-12-20,500,On-Time
DEL-10257,PO-10257,SUP14,2025-12-13,2025-12-27,2025-12-28,200,Delayed
DEL-10258,PO-10258,SUP01,2025-12-14,2025-12-21,2025-12-20,200,On-Time
DEL-10259,PO-10259,SUP10,2025-12-14,2025-12-29,2025-12-29,80,On-Time
DEL-10260,PO-10260,SUP15,2025-12-14,2025-12-21,2025-12-21,150,On-Time
DEL-10261,PO-10261,SUP01,2025-12-14,2026-01-01,2026-01-01,80,On-Time
DEL-10262,PO-10262,SUP15,2025-12-14,2025-12-23,2025-12-23,120,On-Time
DEL-10263,PO-10263,SUP14,2025-12-14,2025-12-22,2025-12-22,150,On-Time
DEL-10264,PO-10264,SUP13,2025-12-14,2025-12-25,2025-12-24,300,On-Time
DEL-10265,PO-10265,SUP08,2025-12-14,2025-12-29,2025-12-29,60,On-Time
DEL-10266,PO-10266,SUP04,2025-12-14,2025-12-25,2025-12-25,200,On-Time
DEL-10267,PO-10267,SUP09,2025-12-14,2025-12-26,2025-12-28,40,Delayed
DEL-10268,PO-10268,SUP06,2025-12-14,2025-12-28,2025-12-28,400,On-Time
DEL-10269,PO-10269,SUP03,2025-12-14,2025-12-30,2025-12-30,80,On-Time
DEL-10270,PO-10270,SUP14,2025-12-14,2025-12-28,2025-12-28,400,On-Time
DEL-10271,PO-10271,SUP11,2025-12-14,2025-12-24,2025-12-24,200,On-Time
DEL-10272,PO-10272,SUP15,2025-12-15,2025-12-26,2025-12-30,400,Delayed
DEL-10273,PO-10273,SUP14,2025-12-15,2025-12-20,2025-12-25,150,Delayed
DEL-10274,PO-10274,SUP06,2025-12-15,2025-12-25,2025-12-24,400,On-Time
DEL-10275,PO-10275,SUP14,2025-12-15,2025-12-21,2025-12-21,300,On-Time
DEL-10276,PO-10276,SUP06,2025-12-15,2026-01-04,2026-01-04,50,On-Time
DEL-10277,PO-10277,SUP05,2025-12-15,2025-12-24,2025-12-24,100,On-Time
DEL-10278,PO-10278,SUP14,2025-12-15,2025-12-25,2025-12-24,80,On-Time
DEL-10279,PO-10279,SUP01,2025-12-15,2025-12-25,2025-12-25,100,On-Time
DEL-10280,PO-10280,SUP04,2025-12-15,2025-12-27,2025-12-27,500,On-Time
DEL-10281,PO-10281,SUP15,2025-12-15,2025-12-22,2025-12-22,100,On-Time
DEL-10282,PO-10282,SUP05,2025-12-15,2025-12-24,2025-12-24,60,On-Time
DEL-10283,PO-10283,SUP09,2025-12-15,2025-12-27,2025-12-27,120,On-Time
DEL-10284,PO-10284,SUP01,2025-12-15,2025-12-29,2025-12-29,120,On-Time
DEL-10285,PO-10285,SUP02,2025-12-15,2026-01-04,2026-01-04,120,On-Time
DEL-10286,PO-10286,SUP14,2025-12-15,2025-12-21,2025-12-28,300,Delayed
DEL-10287,PO-10287,SUP10,2025-12-16,2025-12-31,2026-01-01,100,Delayed
DEL-10288,PO-10288,SUP14,2025-12-16,2025-12-21,2026-01-06,250,Delayed
DEL-10289,PO-10289,SUP10,2025-12-16,2025-12-26,2025-12-26,250,On-Time
DEL-10290,PO-10290,SUP14,2025-12-16,2025-12-23,2025-12-22,250,On-Time
DEL-10291,PO-10291,SUP05,2025-12-16,2025-12-26,2025-12-26,100,On-Time
DEL-10292,PO-10292,SUP06,2025-12-16,2025-12-31,2026-01-03,120,Delayed
DEL-10293,PO-10293,SUP09,2025-12-16,2025-12-23,2025-12-23,250,On-Time
DEL-10294,PO-10294,SUP09,2025-12-16,2025-12-28,2025-12-28,60,On-Time
DEL-10295,PO-10295,SUP09,2025-12-16,2025-12-23,2025-12-23,500,On-Time
DEL-10296,PO-10296,SUP15,2025-12-16,2026-01-03,2026-01-03,10,On-Time
DEL-10297,PO-10297,SUP03,2025-12-16,2026-01-07,2026-01-07,30,On-Time
DEL-10298,PO-10298,SUP11,2025-12-16,2026-01-06,2026-01-04,50,On-Time
DEL-10299,PO-10299,SUP14,2025-12-16,2025-12-22,2025-12-22,150,On-Time
DEL-10300,PO-10300,SUP04,2025-12-16,2025-12-24,2025-12-24,50,On-Time
DEL-10301,PO-10301,SUP09,2025-12-16,2025-12-23,2025-12-23,150,On-Time
DEL-10302,PO-10302,SUP15,2025-12-16,2025-12-30,2025-12-30,40,On-Time
DEL-10303,PO-10303,SUP09,2025-12-17,2025-12-24,2025-12-24,400,On-Time
DEL-10304,PO-10304,SUP09,2025-12-17,2025-12-24,2025-12-23,150,On-Time
DEL-10305,PO-10305,SUP08,2025-12-17,2025-12-25,2026-01-03,100,Delayed
DEL-10306,PO-10306,SUP01,2025-12-17,2026-01-06,2026-01-06,100,On-Time
DEL-10307,PO-10307,SUP14,2025-12-17,2025-12-31,2025-12-31,150,On-Time
DEL-10308,PO-10308,SUP14,2025-12-17,2025-12-23,2025-12-23,500,On-Time
DEL-10309,PO-10309,SUP06,2025-12-17,2025-12-27,2025-12-27,200,On-Time
DEL-10310,PO-10310,SUP05,2025-12-17,2025-12-27,2025-12-27,120,On-Time
DEL-10311,PO-10311,SUP02,2025-12-17,2025-12-27,2025-12-27,200,On-Time
DEL-10312,PO-10312,SUP02,2025-12-17,2026-01-01,2026-01-01,120,On-Time
DEL-10313,PO-10313,SUP06,2025-12-17,2026-01-01,2026-01-01,60,On-Time
DEL-10314,PO-10314,SUP14,2025-12-18,2025-12-23,2025-12-23,250,On-Time
DEL-10315,PO-10315,SUP14,2025-12-18,2025-12-25,2025-12-25,500,On-Time
DEL-10316,PO-10316,SUP06,2025-12-18,2025-12-28,2025-12-28,100,On-Time
DEL-10317,PO-10317,SUP04,2025-12-18,2026-01-01,2026-01-01,120,On-Time
DEL-10318,PO-10318,SUP01,2025-12-18,2025-12-25,2025-12-25,250,On-Time
DEL-10319,PO-10319,SUP02,2025-12-18,2026-01-01,2026-01-01,150,On-Time
DEL-10320,PO-10320,SUP01,2025-12-18,2025-12-27,2025-12-27,150,On-Time
DEL-10321,PO-10321,SUP15,2025-12-18,2025-12-24,2025-12-24,500,On-Time
DEL-10322,PO-10322,SUP06,2025-12-18,2026-01-01,2026-01-02,150,Delayed
DEL-10323,PO-10323,SUP14,2025-12-18,2025-12-27,2025-12-27,100,On-Time
DEL-10324,PO-10324,SUP01,2025-12-18,2026-01-07,2026-01-07,40,On-Time
DEL-10325,PO-10325,SUP02,2025-12-18,2025-12-25,2025-12-25,300,On-Time
DEL-10326,PO-10326,SUP15,2025-12-18,2025-12-26,2026-01-04,250,Delayed
DEL-10327,PO-10327,SUP08,2025-12-18,2025-12-26,2025-12-26,100,On-Time
DEL-10328,PO-10328,SUP02,2025-12-18,2026-01-02,2026-01-02,50,On-Time
DEL-10329,PO-10329,SUP05,2025-12-18,2025-12-25,2025-12-25,100,On-Time
DEL-10330,PO-10330,SUP11,2025-12-19,2025-12-26,2025-12-26,500,On-Time
DEL-10331,PO-10331,SUP03,2025-12-19,2026-01-10,2026-01-09,15,On-Time
DEL-10332,PO-10332,SUP15,2025-12-19,2025-12-31,2025-12-31,400,On-Time
DEL-10333,PO-10333,SUP01,2025-12-19,2026-01-06,2026-01-06,40,On-Time
DEL-10334,PO-10334,SUP06,2025-12-19,2025-12-29,2025-12-29,200,On-Time
DEL-10335,PO-10335,SUP01,2025-12-19,2025-12-29,2025-12-29,150,On-Time
DEL-10336,PO-10336,SUP05,2025-12-19,2025-12-24,2025-12-24,250,On-Time
DEL-10337,PO-10337,SUP15,2025-12-20,2025-12-28,2025-12-26,120,On-Time
DEL-10338,PO-10338,SUP14,2025-12-20,2025-12-26,2025-12-26,200,On-Time
DEL-10339,PO-10339,SUP09,2025-12-20,2025-12-27,2025-12-26,150,On-Time
DEL-10340,PO-10340,SUP05,2025-12-20,2025-12-27,2025-12-27,150,On-Time
DEL-10341,PO-10341,SUP14,2025-12-20,2026-01-03,2026-01-03,60,On-Time
DEL-10342,PO-10342,SUP10,2025-12-20,2026-01-07,2026-01-07,60,On-Time
DEL-10343,PO-10343,SUP01,2025-12-20,2026-01-03,2026-01-02,100,On-Time
DEL-10344,PO-10344,SUP07,2025-12-20,2025-12-30,2025-12-30,50,On-Time
DEL-10345,PO-10345,SUP13,2025-12-20,2026-01-01,2026-01-01,200,On-Time
DEL-10346,PO-10346,SUP05,2025-12-20,2025-12-28,2025-12-28,200,On-Time
DEL-10347,PO-10347,SUP03,2025-12-20,2026-01-05,2026-01-07,80,Delayed
DEL-10348,PO-10348,SUP15,2025-12-20,2025-12-29,2025-12-29,80,On-Time
DEL-10349,PO-10349,SUP05,2025-12-20,2025-12-26,2025-12-26,150,On-Time
DEL-10350,PO-10350,SUP06,2025-12-20,2026-01-03,2026-01-02,150,On-Time
DEL-10351,PO-10351,SUP06,2025-12-20,2026-01-09,2026-01-09,40,On-Time
DEL-10352,PO-10352,SUP15,2025-12-20,2025-12-26,2025-12-26,200,On-Time
DEL-10353,PO-10353,SUP09,2025-12-20,2025-12-25,2025-12-25,400,On-Time
DEL-10354,PO-10354,SUP07,2025-12-20,2025-12-31,2026-01-07,500,Delayed
DEL-10355,PO-10355,SUP10,2025-12-20,2025-12-30,2025-12-30,200,On-Time
DEL-10356,PO-10356,SUP14,2025-12-20,2025-12-27,2026-01-10,400,Delayed
DEL-10357,PO-10357,SUP02,2025-12-21,2025-12-28,2025-12-28,300,On-Time
DEL-10358,PO-10358,SUP05,2025-12-21,2025-12-28,2025-12-31,400,Delayed
DEL-10359,PO-10359,SUP14,2025-12-21,2026-01-05,2026-01-05,50,On-Time
DEL-10360,PO-10360,SUP15,2025-12-21,2025-12-29,2025-12-29,400,On-Time
DEL-10361,PO-10361,SUP09,2025-12-21,2025-12-28,2025-12-27,150,On-Time
DEL-10362,PO-10362,SUP15,2025-12-21,2025-12-30,2025-12-30,80,On-Time
DEL-10363,PO-10363,SUP04,2025-12-21,2026-01-01,2026-01-01,400,On-Time
DEL-10364,PO-10364,SUP01,2025-12-21,2025-12-30,2025-12-30,500,On-Time
DEL-10365,PO-10365,SUP09,2025-12-21,2025-12-26,2025-12-24,300,On-Time
DEL-10366,PO-10366,SUP15,2025-12-21,2025-12-28,2025-12-27,400,On-Time
DEL-10367,PO-10367,SUP08,2025-12-21,2026-01-04,2026-01-04,60,On-Time
DEL-10368,PO-10368,SUP04,2025-12-21,2026-01-01,2026-01-01,500,On-Time
DEL-10369,PO-10369,SUP12,2025-12-22,2026-01-01,2026-01-01,60,On-Time
DEL-10370,PO-10370,SUP12,2025-12-22,2025-12-29,2025-12-29,500,On-Time
DEL-10371,PO-10371,SUP01,2025-12-22,2026-01-01,2026-01-01,250,On-Time
DEL-10372,PO-10372,SUP01,2025-12-22,2026-01-12,2026-01-12,100,On-Time
DEL-10373,PO-10373,SUP15,2025-12-22,2025-12-27,2025-12-27,300,On-Time
DEL-10374,PO-10374,SUP14,2025-12-22,2025-12-29,2025-12-28,150,On-Time
DEL-10375,PO-10375,SUP15,2025-12-22,2025-12-27,2025-12-29,100,Delayed
DEL-10376,PO-10376,SUP14,2025-12-22,2025-12-28,2025-12-28,150,On-Time
DEL-10377,PO-10377,SUP15,2025-12-22,2025-12-30,2025-12-30,400,On-Time
DEL-10378,PO-10378,SUP15,2025-12-22,2025-12-28,2025-12-28,150,On-Time
DEL-10379,PO-10379,SUP09,2025-12-22,2025-12-28,2025-12-28,100,On-Time
DEL-10380,PO-10380,SUP14,2025-12-22,2025-12-29,2025-12-29,250,On-Time
DEL-10381,PO-10381,SUP14,2025-12-23,2026-01-06,2026-01-06,15,On-Time
DEL-10382,PO-10382,SUP07,2025-12-23,2025-12-31,2025-12-31,50,On-Time
DEL-10383,PO-10383,SUP01,2025-12-23,2026-01-07,2026-01-06,120,On-Time
DEL-10384,PO-10384,SUP15,2025-12-23,2026-01-13,2026-01-13,60,On-Time
DEL-10385,PO-10385,SUP01,2025-12-23,2026-01-02,2026-01-02,100,On-Time
DEL-10386,PO-10386,SUP15,2025-12-23,2026-01-04,2026-01-04,150,On-Time
DEL-10387,PO-10387,SUP14,2025-12-23,2025-12-31,2025-12-31,100,On-Time
DEL-10388,PO-10388,SUP01,2025-12-23,2026-01-17,2026-01-17,40,On-Time
DEL-10389,PO-10389,SUP01,2025-12-23,2025-12-31,2025-12-30,50,On-Time
DEL-10390,PO-10390,SUP01,2025-12-24,2026-01-03,2026-01-01,100,On-Time
DEL-10391,PO-10391,SUP01,2025-12-24,2026-01-14,2026-01-14,80,On-Time
DEL-10392,PO-10392,SUP08,2025-12-24,2026-01-03,2026-01-03,150,On-Time
DEL-10393,PO-10393,SUP05,2025-12-24,2025-12-29,2025-12-29,250,On-Time
DEL-10394,PO-10394,SUP08,2025-12-24,2026-01-21,2026-01-21,10,On-Time
DEL-10395,PO-10395,SUP06,2025-12-24,2026-01-18,2026-01-18,40,On-Time
DEL-10396,PO-10396,SUP08,2025-12-24,2025-12-31,2025-12-30,500,On-Time
DEL-10397,PO-10397,SUP01,2025-12-25,2026-01-03,2026-01-03,300,On-Time
DEL-10398,PO-10398,SUP01,2025-12-25,2026-01-01,2026-01-01,500,On-Time
DEL-10399,PO-10399,SUP14,2025-12-25,2026-01-06,2026-01-06,150,On-Time
DEL-10400,PO-10400,SUP07,2025-12-25,2026-01-06,2026-01-06,300,On-Time
DEL-10401,PO-10401,SUP14,2025-12-25,2026-01-05,2026-01-08,500,Delayed
DEL-10402,PO-10402,SUP15,2025-12-25,2026-01-06,2026-01-20,200,Delayed
DEL-10403,PO-10403,SUP14,2025-12-25,2025-12-30,2025-12-30,200,On-Time
DEL-10404,PO-10404,SUP06,2025-12-25,2026-01-03,2026-01-01,150,On-Time
DEL-10405,PO-10405,SUP09,2025-12-25,2025-12-31,2025-12-31,500,On-Time
DEL-10406,PO-10406,SUP12,2025-12-25,2026-01-04,2026-01-03,50,On-Time
DEL-10407,PO-10407,SUP06,2025-12-25,2026-01-08,2026-01-08,400,On-Time
DEL-10408,PO-10408,SUP14,2025-12-25,2026-01-08,2026-01-08,400,On-Time
DEL-10409,PO-10409,SUP04,2025-12-25,2026-01-02,2026-01-02,40,On-Time
DEL-10410,PO-10410,SUP15,2025-12-25,2026-01-09,2026-01-09,40,On-Time
DEL-10411,PO-10411,SUP15,2025-12-26,2026-01-07,2026-01-07,400,On-Time
DEL-10412,PO-10412,SUP14,2025-12-26,2026-01-15,2026-01-14,40,On-Time
DEL-10413,PO-10413,SUP15,2025-12-26,2026-01-09,2026-01-09,20,On-Time
DEL-10414,PO-10414,SUP02,2025-12-26,2026-01-07,2026-01-07,150,On-Time
DEL-10415,PO-10415,SUP15,2025-12-26,2026-01-16,2026-01-16,120,On-Time
DEL-10416,PO-10416,SUP15,2025-12-26,2026-01-10,2026-01-25,100,Delayed
DEL-10417,PO-10417,SUP01,2025-12-26,2026-01-13,2026-01-13,60,On-Time
DEL-10418,PO-10418,SUP14,2025-12-26,2026-01-07,2026-01-07,150,On-Time
DEL-10419,PO-10419,SUP14,2025-12-26,2026-01-09,2026-01-09,100,On-Time
DEL-10420,PO-10420,SUP15,2025-12-26,2026-01-15,2026-01-17,10,Delayed
DEL-10421,PO-10421,SUP06,2025-12-26,2026-01-09,2026-01-09,60,On-Time
DEL-10422,PO-10422,SUP15,2025-12-26,2026-01-05,2026-01-05,300,On-Time
DEL-10423,PO-10423,SUP14,2025-12-26,2026-01-04,2026-01-06,80,Delayed
DEL-10424,PO-10424,SUP13,2025-12-26,2026-01-06,2026-01-06,300,On-Time
DEL-10425,PO-10425,SUP01,2025-12-26,2026-01-02,2026-01-05,150,Delayed
DEL-10426,PO-10426,SUP02,2025-12-26,2026-01-10,2026-01-09,60,On-Time
DEL-10427,PO-10427,SUP01,2025-12-26,2026-01-05,2026-01-05,250,On-Time
DEL-10428,PO-10428,SUP10,2025-12-26,2026-01-11,2026-01-11,100,On-Time
DEL-10429,PO-10429,SUP15,2025-12-26,2026-01-04,2026-01-04,100,On-Time
DEL-10430,PO-10430,SUP03,2025-12-26,2026-01-04,2026-01-14,500,Delayed
DEL-10431,PO-10431,SUP15,2025-12-26,2026-01-03,2026-01-13,400,Delayed
DEL-10432,PO-10432,SUP15,2025-12-26,2026-01-03,2026-01-03,100,On-Time
DEL-10433,PO-10433,SUP10,2025-12-26,2026-01-13,2026-01-13,60,On-Time
DEL-10434,PO-10434,SUP14,2025-12-26,2026-01-02,2026-01-02,100,On-Time
DEL-10435,PO-10435,SUP07,2025-12-26,2026-01-10,2026-01-10,60,On-Time
DEL-10436,PO-10436,SUP14,2025-12-26,2026-01-07,2026-01-09,200,Delayed
DEL-10437,PO-10437,SUP14,2025-12-26,2026-01-02,2026-01-02,150,On-Time
DEL-10438,PO-10438,SUP08,2025-12-27,2026-01-08,2026-01-08,80,On-Time
DEL-10439,PO-10439,SUP12,2025-12-27,2026-01-04,2026-01-04,250,On-Time
DEL-10440,PO-10440,SUP08,2025-12-27,2026-01-06,2026-01-06,60,On-Time
DEL-10441,PO-10441,SUP15,2025-12-27,2026-01-07,2026-01-07,500,On-Time
DEL-10442,PO-10442,SUP11,2025-12-27,2026-01-14,2026-01-14,100,On-Time
DEL-10443,PO-10443,SUP11,2025-12-27,2026-01-11,2026-01-11,80,On-Time
DEL-10444,PO-10444,SUP11,2025-12-27,2026-01-17,2026-01-17,80,On-Time
DEL-10445,PO-10445,SUP01,2025-12-27,2026-01-05,2026-01-05,300,On-Time
DEL-10446,PO-10446,SUP15,2025-12-27,2026-01-14,2026-01-22,100,Delayed
DEL-10447,PO-10447,SUP07,2025-12-27,2026-01-12,2026-01-12,20,On-Time
DEL-10448,PO-10448,SUP13,2025-12-27,2026-01-07,2026-01-07,150,On-Time
DEL-10449,PO-10449,SUP04,2025-12-27,2026-01-10,2026-01-09,500,On-Time
DEL-10450,PO-10450,SUP12,2025-12-27,2026-01-03,2026-01-03,150,On-Time
DEL-10451,PO-10451,SUP15,2025-12-27,2026-01-11,2026-01-13,80,Delayed
DEL-10452,PO-10452,SUP05,2025-12-27,2026-01-01,2026-01-01,400,On-Time
DEL-10453,PO-10453,SUP07,2025-12-27,2026-01-10,2026-01-10,100,On-Time
DEL-10454,PO-10454,SUP13,2025-12-27,2026-01-07,2026-01-11,300,Delayed
DEL-10455,PO-10455,SUP15,2025-12-28,2026-01-11,2026-01-11,250,On-Time
DEL-10456,PO-10456,SUP15,2025-12-28,2026-01-13,2026-01-13,10,On-Time
DEL-10457,PO-10457,SUP03,2025-12-28,2026-01-09,2026-01-09,50,On-Time
DEL-10458,PO-10458,SUP14,2025-12-28,2026-01-03,2026-01-03,400,On-Time
DEL-10459,PO-10459,SUP02,2025-12-28,2026-01-11,2026-01-11,400,On-Time
DEL-10460,PO-10460,SUP15,2025-12-28,2026-01-03,2026-01-03,500,On-Time
DEL-10461,PO-10461,SUP14,2025-12-28,2026-01-12,2026-01-15,80,Delayed
DEL-10462,PO-10462,SUP15,2025-12-28,2026-01-05,2026-01-05,250,On-Time
DEL-10463,PO-10463,SUP02,2025-12-28,2026-01-11,2026-01-11,400,On-Time
DEL-10464,PO-10464,SUP01,2025-12-28,2026-01-06,2026-01-06,400,On-Time
DEL-10465,PO-10465,SUP15,2025-12-28,2026-01-05,2026-01-07,300,Delayed
DEL-10466,PO-10466,SUP15,2025-12-28,2026-01-08,2026-01-08,500,On-Time
DEL-10467,PO-10467,SUP10,2025-12-28,2026-01-12,2026-01-17,80,Delayed
DEL-10468,PO-10468,SUP12,2025-12-28,2026-01-15,2026-01-15,20,On-Time
DEL-10469,PO-10469,SUP11,2025-12-28,2026-01-12,2026-01-10,80,On-Time
DEL-10470,PO-10470,SUP14,2025-12-28,2026-01-04,2026-01-04,100,On-Time
DEL-10471,PO-10471,SUP11,2025-12-28,2026-01-11,2026-01-11,150,On-Time
DEL-10472,PO-10472,SUP01,2025-12-28,2026-01-06,2026-01-08,500,Delayed
DEL-10473,PO-10473,SUP14,2025-12-28,2026-01-11,2026-01-11,250,On-Time
DEL-10474,PO-10474,SUP15,2025-12-28,2026-01-06,2026-01-07,80,Delayed
DEL-10475,PO-10475,SUP15,2025-12-29,2026-01-13,2026-01-13,100,On-Time
DEL-10476,PO-10476,SUP08,2025-12-29,2026-01-14,2026-01-14,40,On-Time
DEL-10477,PO-10477,SUP06,2025-12-29,2026-01-10,2026-01-10,200,On-Time
DEL-10478,PO-10478,SUP05,2025-12-29,2026-01-05,2026-01-06,400,Delayed
DEL-10479,PO-10479,SUP04,2025-12-29,2026-01-10,2026-01-10,400,On-Time
DEL-10480,PO-10480,SUP01,2025-12-29,2026-01-06,2026-01-06,100,On-Time
DEL-10481,PO-10481,SUP04,2025-12-29,2026-01-13,2026-01-13,50,On-Time
DEL-10482,PO-10482,SUP09,2025-12-29,2026-01-03,2026-01-03,300,On-Time
DEL-10483,PO-10483,SUP07,2025-12-29,2026-01-09,2026-01-09,400,On-Time
DEL-10484,PO-10484,SUP06,2025-12-29,2026-01-10,2026-01-10,150,On-Time
DEL-10485,PO-10485,SUP14,2025-12-29,2026-01-05,2026-01-03,400,On-Time
DEL-10486,PO-10486,SUP01,2025-12-30,2026-01-15,2026-01-15,40,On-Time
DEL-10487,PO-10487,SUP05,2025-12-30,2026-01-05,2026-01-05,500,On-Time
DEL-10488,PO-10488,SUP05,2025-12-30,2026-01-09,2026-01-08,40,On-Time
DEL-10489,PO-10489,SUP08,2025-12-30,2026-01-06,2026-01-06,400,On-Time
DEL-10490,PO-10490,SUP09,2025-12-30,2026-01-05,2026-01-05,150,On-Time
DEL-10491,PO-10491,SUP15,2025-12-30,2026-01-06,2026-01-11,400,Delayed
DEL-10492,PO-10492,SUP09,2025-12-30,2026-01-08,2026-01-07,40,On-Time
DEL-10493,PO-10493,SUP07,2025-12-30,2026-01-07,2026-01-07,50,On-Time
DEL-10494,PO-10494,SUP15,2025-12-30,2026-01-07,2026-01-07,300,On-Time
DEL-10495,PO-10495,SUP05,2025-12-30,2026-01-04,2026-01-04,500,On-Time
DEL-10496,PO-10496,SUP05,2025-12-30,2026-01-05,2026-01-05,200,On-Time
DEL-10497,PO-10497,SUP14,2025-12-30,2026-01-07,2026-01-07,60,On-Time
DEL-10498,PO-10498,SUP10,2025-12-30,2026-01-27,2026-01-27,30,On-Time
DEL-10499,PO-10499,SUP04,2025-12-30,2026-01-13,2026-01-19,50,Delayed
DEL-10500,PO-10500,SUP01,2025-12-30,2026-01-13,2026-01-13,80,On-Time
