Purchase_ID,Purchase_Date,Product_ID,Supplier_ID,Quantity,Unit_Cost,Total_Cost
PO-00001,2024-01-01,P039,SUP05,200,14.08,2816.0
PO-00002,2024-01-01,P032,SUP15,500,21.96,10980.0
PO-00003,2024-01-01,P027,SUP13,15,138.59,2078.85
PO-00004,2024-01-01,P022,SUP15,80,92.09,7367.2
PO-00005,2024-01-01,P042,SUP12,100,66.75,6675.0
PO-00006,2024-01-01,P023,SUP14,50,64.59,3229.5
PO-00007,2024-01-01,P029,SUP14,60,111.93,6715.8
PO-00008,2024-01-01,P010,SUP15,50,44.22,2211.0
PO-00009,2024-01-01,P010,SUP15,40,44.4,1776.0
PO-00010,2024-01-01,P003,SUP02,60,87.32,5239.2
PO-00011,2024-01-01,P037,SUP15,300,18.36,5508.0
PO-00012,2024-01-01,P024,SUP13,100,5.07,507.0
PO-00013,2024-01-01,P048,SUP12,400,20.97,8388.0
PO-00014,2024-01-01,P019,SUP01,40,97.1,3884.0
PO-00015,2024-01-01,P034,SUP05,300,27.72,8316.0
PO-00016,2024-01-01,P031,SUP05,300,39.32,11796.0
PO-00017,2024-01-01,P001,SUP06,150,18.01,2701.5
PO-00018,2024-01-01,P035,SUP05,40,46.02,1840.8
PO-00019,2024-01-01,P043,SUP15,300,15.19,4557.0
PO-00020,2024-01-02,P031,SUP05,300,39.35,11805.0
PO-00021,2024-01-02,P026,SUP15,10,54.26,542.6
PO-00022,2024-01-02,P034,SUP14,400,28.64,11456.0
PO-00023,2024-01-02,P011,SUP10,500,12.85,6425.0
PO-00024,2024-01-02,P017,SUP03,250,20.1,5025.0
PO-00025,2024-01-02,P035,SUP09,60,46.24,2774.4
PO-00026,2024-01-02,P036,SUP09,40,32.27,1290.8
PO-00027,2024-01-02,P005,SUP06,40,7.96,318.4
PO-00028,2024-01-02,P017,SUP03,300,19.67,5901.0
PO-00029,2024-01-02,P031,SUP09,100,37.73,3773.0
PO-00030,2024-01-02,P011,SUP08,200,12.2,2440.0
PO-00031,2024-01-02,P041,SUP01,40,53.84,2153.6
PO-00032,2024-01-02,P029,SUP07,120,116.13,13935.6
PO-00033,2024-01-02,P025,SUP14,60,35.88,2152.8
PO-00034,2024-01-02,P002,SUP06,250,6.22,1555.0
PO-00035,2024-01-03,P001,SUP11,200,18.98,3796.0
PO-00036,2024-01-03,P036,SUP14,100,32.42,3242.0
PO-00037,2024-01-03,P025,SUP15,50,35.68,1784.0
PO-00038,2024-01-03,P046,SUP15,60,29.61,1776.6
PO-00039,2024-01-03,P039,SUP15,200,14.27,2854.0
PO-00040,2024-01-03,P008,SUP02,300,2.08,624.0
PO-00041,2024-01-03,P040,SUP14,500,11.88,5940.0
PO-00042,2024-01-03,P008,SUP01,400,2.1,840.0
PO-00043,2024-01-03,P002,SUP15,200,6.18,1236.0
PO-00044,2024-01-03,P008,SUP06,100,2.1,210.0
PO-00045,2024-01-03,P023,SUP07,100,64.96,6496.0
PO-00046,2024-01-03,P016,SUP06,100,58.58,5858.0
PO-00047,2024-01-04,P032,SUP14,200,21.37,4274.0
PO-00048,2024-01-04,P022,SUP15,100,93.41,9341.0
PO-00049,2024-01-04,P024,SUP14,150,5.29,793.5
PO-00050,2024-01-04,P030,SUP13,100,73.09,7309.0
PO-00051,2024-01-04,P024,SUP13,400,5.06,2024.0
PO-00052,2024-01-04,P025,SUP04,120,34.53,4143.6
PO-00053,2024-01-04,P042,SUP15,100,66.67,6667.0
PO-00054,2024-01-04,P048,SUP14,150,21.55,3232.5
PO-00055,2024-01-04,P013,SUP06,60,32.06,1923.6
PO-00056,2024-01-05,P004,SUP02,200,3.33,666.0
PO-00057,2024-01-05,P030,SUP14,100,70.45,7045.0
PO-00058,2024-01-05,P005,SUP06,60,7.96,477.6
PO-00059,2024-01-05,P035,SUP05,100,43.74,4374.0
PO-00060,2024-01-05,P039,SUP14,500,14.07,7035.0
PO-00061,2024-01-05,P004,SUP15,400,3.39,1356.0
PO-00062,2024-01-05,P002,SUP06,400,6.36,2544.0
PO-00063,2024-01-05,P030,SUP13,100,69.86,6986.0
PO-00064,2024-01-05,P007,SUP06,40,67.2,2688.0
PO-00065,2024-01-05,P007,SUP01,50,64.88,3244.0
PO-00066,2024-01-06,P027,SUP13,30,140.67,4220.1
PO-00067,2024-01-06,P006,SUP06,15,120.72,1810.8
PO-00068,2024-01-06,P015,SUP01,80,41.63,3330.4
PO-00069,2024-01-06,P022,SUP04,50,93.37,4668.5
PO-00070,2024-01-06,P043,SUP14,500,15.11,7555.0
PO-00071,2024-01-06,P042,SUP01,50,67.11,3355.5
PO-00072,2024-01-06,P035,SUP09,120,45.56,5467.2
PO-00073,2024-01-06,P017,SUP03,200,19.96,3992.0
PO-00074,2024-01-06,P045,SUP14,40,36.3,1452.0
PO-00075,2024-01-06,P021,SUP15,300,48.52,14556.0
PO-00076,2024-01-06,P047,SUP08,20,80.03,1600.6
PO-00077,2024-01-07,P041,SUP01,30,52.98,1589.4
PO-00078,2024-01-07,P023,SUP07,100,63.3,6330.0
PO-00079,2024-01-07,P011,SUP03,250,12.76,3190.0
PO-00080,2024-01-07,P032,SUP09,100,21.95,2195.0
PO-00081,2024-01-07,P032,SUP14,300,21.43,6429.0
PO-00082,2024-01-07,P030,SUP07,400,71.79,28716.0
PO-00083,2024-01-07,P017,SUP01,250,19.32,4830.0
PO-00084,2024-01-07,P010,SUP15,40,44.21,1768.4
PO-00085,2024-01-07,P024,SUP04,400,5.12,2048.0
PO-00086,2024-01-07,P034,SUP05,200,28.62,5724.0
PO-00087,2024-01-07,P005,SUP02,40,7.68,307.2
PO-00088,2024-01-07,P006,SUP02,40,121.16,4846.4
PO-00089,2024-01-07,P014,SUP03,100,75.34,7534.0
PO-00090,2024-01-07,P008,SUP02,150,2.16,324.0
PO-00091,2024-01-07,P038,SUP14,40,24.74,989.6
PO-00092,2024-01-07,P001,SUP11,400,18.66,7464.0
PO-00093,2024-01-07,P024,SUP04,250,5.22,1305.0
PO-00094,2024-01-07,P020,SUP03,100,26.34,2634.0
PO-00095,2024-01-07,P039,SUP15,300,14.49,4347.0
PO-00096,2024-01-08,P025,SUP15,80,34.81,2784.8
PO-00097,2024-01-08,P037,SUP14,250,17.51,4377.5
PO-00098,2024-01-08,P039,SUP15,500,14.77,7385.0
PO-00099,2024-01-08,P022,SUP04,40,90.59,3623.6
PO-00100,2024-01-08,P004,SUP11,400,3.43,1372.0
PO-00101,2024-01-08,P003,SUP06,40,83.78,3351.2
PO-00102,2024-01-08,P038,SUP05,80,25.48,2038.4
PO-00103,2024-01-08,P017,SUP01,500,19.34,9670.0
PO-00104,2024-01-08,P043,SUP08,400,15.87,6348.0
PO-00105,2024-01-08,P007,SUP11,120,66.64,7996.8
PO-00106,2024-01-08,P008,SUP02,500,2.12,1060.0
PO-00107,2024-01-08,P044,SUP14,20,79.73,1594.6
PO-00108,2024-01-08,P005,SUP11,100,7.63,763.0
PO-00109,2024-01-08,P031,SUP14,150,37.89,5683.5
PO-00110,2024-01-09,P001,SUP02,200,18.96,3792.0
PO-00111,2024-01-09,P001,SUP15,500,18.84,9420.0
PO-00112,2024-01-09,P023,SUP14,50,63.32,3166.0
PO-00113,2024-01-09,P033,SUP14,100,16.68,1668.0
PO-00114,2024-01-09,P030,SUP07,150,72.55,10882.5
PO-00115,2024-01-09,P034,SUP05,400,27.67,11068.0
PO-00116,2024-01-09,P004,SUP11,250,3.35,837.5
PO-00117,2024-01-09,P040,SUP15,100,12.1,1210.0
PO-00118,2024-01-09,P038,SUP09,120,25.18,3021.6
PO-00119,2024-01-09,P025,SUP13,80,35.19,2815.2
PO-00120,2024-01-10,P010,SUP11,100,45.75,4575.0
PO-00121,2024-01-10,P032,SUP14,150,22.39,3358.5
PO-00122,2024-01-10,P038,SUP15,120,24.77,2972.4
PO-00123,2024-01-10,P013,SUP03,50,32.39,1619.5
PO-00124,2024-01-10,P035,SUP14,40,46.0,1840.0
PO-00125,2024-01-10,P008,SUP11,500,2.14,1070.0
PO-00126,2024-01-10,P011,SUP01,400,12.54,5016.0
PO-00127,2024-01-10,P046,SUP12,100,29.81,2981.0
PO-00128,2024-01-10,P017,SUP01,250,19.88,4970.0
PO-00129,2024-01-10,P036,SUP05,40,31.52,1260.8
PO-00130,2024-01-10,P019,SUP10,10,93.94,939.4
PO-00131,2024-01-10,P004,SUP11,200,3.49,698.0
PO-00132,2024-01-10,P043,SUP15,250,15.58,3895.0
PO-00133,2024-01-10,P043,SUP14,150,15.21,2281.5
PO-00134,2024-01-10,P039,SUP09,250,14.4,3600.0
PO-00135,2024-01-10,P031,SUP14,100,38.49,3849.0
PO-00136,2024-01-10,P025,SUP13,50,35.34,1767.0
PO-00137,2024-01-11,P036,SUP15,60,31.37,1882.2
PO-00138,2024-01-11,P032,SUP14,500,22.2,11100.0
PO-00139,2024-01-11,P005,SUP02,40,7.97,318.8
PO-00140,2024-01-11,P032,SUP05,400,21.83,8732.0
PO-00141,2024-01-11,P021,SUP04,300,48.11,14433.0
PO-00142,2024-01-11,P034,SUP14,150,27.79,4168.5
PO-00143,2024-01-11,P015,SUP06,40,41.84,1673.6
PO-00144,2024-01-11,P043,SUP12,250,15.5,3875.0
PO-00145,2024-01-11,P034,SUP14,300,27.97,8391.0
PO-00146,2024-01-11,P046,SUP12,120,28.89,3466.8
PO-00147,2024-01-11,P039,SUP15,200,14.32,2864.0
PO-00148,2024-01-12,P011,SUP06,200,12.16,2432.0
PO-00149,2024-01-12,P007,SUP06,100,67.45,6745.0
PO-00150,2024-01-12,P011,SUP10,300,12.52,3756.0
PO-00151,2024-01-12,P021,SUP15,150,47.16,7074.0
PO-00152,2024-01-12,P034,SUP05,200,28.31,5662.0
PO-00153,2024-01-12,P004,SUP02,300,3.46,1038.0
PO-00154,2024-01-12,P024,SUP07,250,5.35,1337.5
PO-00155,2024-01-12,P036,SUP15,80,31.24,2499.2
PO-00156,2024-01-12,P036,SUP05,50,32.58,1629.0
PO-00157,2024-01-12,P017,SUP03,200,19.9,3980.0
PO-00158,2024-01-12,P022,SUP14,100,92.15,9215.0
PO-00159,2024-01-12,P023,SUP15,60,65.57,3934.2
PO-00160,2024-01-12,P001,SUP02,150,18.68,2802.0
PO-00161,2024-01-12,P034,SUP14,300,28.28,8484.0
PO-00162,2024-01-12,P039,SUP15,250,14.69,3672.5
PO-00163,2024-01-12,P050,SUP01,10,94.02,940.2
PO-00164,2024-01-12,P024,SUP14,500,5.3,2650.0
PO-00165,2024-01-12,P018,SUP01,30,237.73,7131.9
PO-00166,2024-01-12,P031,SUP05,250,39.06,9765.0
PO-00167,2024-01-12,P021,SUP04,150,47.53,7129.5
PO-00168,2024-01-12,P017,SUP03,200,20.21,4042.0
PO-00169,2024-01-12,P003,SUP15,50,84.68,4234.0
PO-00170,2024-01-12,P028,SUP14,30,89.74,2692.2
PO-00171,2024-01-12,P010,SUP15,50,44.35,2217.5
PO-00172,2024-01-13,P002,SUP11,400,6.08,2432.0
PO-00173,2024-01-13,P026,SUP07,20,54.24,1084.8
PO-00174,2024-01-13,P021,SUP13,500,46.79,23395.0
PO-00175,2024-01-13,P004,SUP01,400,3.37,1348.0
PO-00176,2024-01-13,P010,SUP15,80,45.16,3612.8
PO-00177,2024-01-13,P008,SUP15,400,2.05,820.0
PO-00178,2024-01-13,P014,SUP06,40,74.83,2993.2
PO-00179,2024-01-13,P030,SUP13,500,69.89,34945.0
PO-00180,2024-01-13,P036,SUP15,50,32.28,1614.0
PO-00181,2024-01-13,P040,SUP15,100,11.78,1178.0
PO-00182,2024-01-13,P029,SUP13,40,118.45,4738.0
PO-00183,2024-01-13,P001,SUP15,300,18.73,5619.0
PO-00184,2024-01-13,P042,SUP12,40,67.9,2716.0
PO-00185,2024-01-13,P029,SUP07,120,113.58,13629.6
PO-00186,2024-01-13,P008,SUP06,150,2.08,312.0
PO-00187,2024-01-13,P040,SUP14,250,12.12,3030.0
PO-00188,2024-01-13,P024,SUP15,400,5.35,2140.0
PO-00189,2024-01-13,P002,SUP11,400,6.15,2460.0
PO-00190,2024-01-13,P019,SUP03,40,96.97,3878.8
PO-00191,2024-01-13,P040,SUP05,300,11.69,3507.0
PO-00192,2024-01-14,P017,SUP08,500,20.12,10060.0
PO-00193,2024-01-14,P043,SUP12,100,15.17,1517.0
PO-00194,2024-01-14,P011,SUP06,150,12.36,1854.0
PO-00195,2024-01-14,P015,SUP01,100,41.73,4173.0
PO-00196,2024-01-14,P042,SUP14,120,66.74,8008.8
PO-00197,2024-01-14,P033,SUP14,400,16.74,6696.0
PO-00198,2024-01-14,P012,SUP08,10,110.43,1104.3
PO-00199,2024-01-14,P038,SUP14,40,25.29,1011.6
PO-00200,2024-01-14,P007,SUP01,50,65.04,3252.0
PO-00201,2024-01-14,P048,SUP01,400,21.38,8552.0
PO-00202,2024-01-14,P022,SUP13,60,89.32,5359.2
PO-00203,2024-01-14,P023,SUP15,60,64.79,3887.4
PO-00204,2024-01-14,P033,SUP14,300,16.01,4803.0
PO-00205,2024-01-14,P045,SUP15,60,36.57,2194.2
PO-00206,2024-01-14,P011,SUP08,250,12.73,3182.5
PO-00207,2024-01-15,P046,SUP12,40,29.83,1193.2
PO-00208,2024-01-15,P008,SUP01,200,2.09,418.0
PO-00209,2024-01-15,P048,SUP15,200,21.29,4258.0
PO-00210,2024-01-15,P044,SUP15,10,80.45,804.5
PO-00211,2024-01-15,P034,SUP05,250,27.58,6895.0
PO-00212,2024-01-15,P024,SUP15,300,5.19,1557.0
PO-00213,2024-01-15,P022,SUP07,50,89.36,4468.0
PO-00214,2024-01-15,P034,SUP15,100,28.69,2869.0
PO-00215,2024-01-15,P038,SUP05,50,24.74,1237.0
PO-00216,2024-01-15,P024,SUP14,100,5.23,523.0
PO-00217,2024-01-15,P033,SUP14,250,16.51,4127.5
PO-00218,2024-01-16,P020,SUP08,100,25.85,2585.0
PO-00219,2024-01-16,P021,SUP14,500,47.59,23795.0
PO-00220,2024-01-16,P033,SUP15,500,16.96,8480.0
PO-00221,2024-01-16,P014,SUP10,50,74.95,3747.5
PO-00222,2024-01-16,P047,SUP01,30,76.59,2297.7
PO-00223,2024-01-16,P013,SUP10,50,32.31,1615.5
PO-00224,2024-01-16,P008,SUP06,100,2.05,205.0
PO-00225,2024-01-16,P006,SUP02,10,122.14,1221.4
PO-00226,2024-01-16,P007,SUP11,100,66.44,6644.0
PO-00227,2024-01-16,P017,SUP01,200,19.21,3842.0
PO-00228,2024-01-16,P040,SUP15,250,11.99,2997.5
PO-00229,2024-01-16,P024,SUP07,250,5.16,1290.0
PO-00230,2024-01-16,P030,SUP13,400,71.54,28616.0
PO-00231,2024-01-16,P027,SUP15,40,144.17,5766.8
PO-00232,2024-01-16,P040,SUP15,250,12.08,3020.0
PO-00233,2024-01-17,P014,SUP06,120,75.78,9093.6
PO-00234,2024-01-17,P021,SUP13,200,48.16,9632.0
PO-00235,2024-01-17,P043,SUP08,200,15.39,3078.0
PO-00236,2024-01-17,P030,SUP04,150,71.16,10674.0
PO-00237,2024-01-17,P021,SUP15,200,48.77,9754.0
PO-00238,2024-01-17,P004,SUP01,300,3.4,1020.0
PO-00239,2024-01-17,P047,SUP08,20,80.22,1604.4
PO-00240,2024-01-17,P045,SUP08,60,36.45,2187.0
PO-00241,2024-01-17,P039,SUP15,150,14.18,2127.0
PO-00242,2024-01-17,P002,SUP02,200,6.28,1256.0
PO-00243,2024-01-17,P001,SUP15,200,18.14,3628.0
PO-00244,2024-01-17,P031,SUP15,400,37.55,15020.0
PO-00245,2024-01-17,P022,SUP04,80,89.31,7144.8
PO-00246,2024-01-17,P020,SUP08,80,26.37,2109.6
PO-00247,2024-01-17,P032,SUP09,100,22.2,2220.0
PO-00248,2024-01-17,P042,SUP12,100,69.25,6925.0
PO-00249,2024-01-17,P022,SUP07,60,93.91,5634.6
PO-00250,2024-01-17,P043,SUP01,250,15.33,3832.5
PO-00251,2024-01-17,P020,SUP08,80,26.86,2148.8
PO-00252,2024-01-18,P017,SUP08,200,19.42,3884.0
PO-00253,2024-01-18,P023,SUP04,120,63.58,7629.6
PO-00254,2024-01-18,P031,SUP15,200,38.31,7662.0
PO-00255,2024-01-18,P027,SUP04,30,142.19,4265.7
PO-00256,2024-01-18,P035,SUP15,100,44.18,4418.0
PO-00257,2024-01-18,P018,SUP06,30,238.34,7150.2
PO-00258,2024-01-18,P036,SUP09,100,32.59,3259.0
PO-00259,2024-01-18,P031,SUP05,100,37.41,3741.0
PO-00260,2024-01-19,P043,SUP12,400,15.07,6028.0
PO-00261,2024-01-19,P017,SUP10,100,19.54,1954.0
PO-00262,2024-01-19,P039,SUP15,150,14.21,2131.5
PO-00263,2024-01-19,P001,SUP02,200,18.15,3630.0
PO-00264,2024-01-19,P048,SUP08,250,20.78,5195.0
PO-00265,2024-01-19,P024,SUP07,300,5.28,1584.0
PO-00266,2024-01-19,P007,SUP11,120,64.39,7726.8
PO-00267,2024-01-19,P033,SUP14,500,16.84,8420.0
PO-00268,2024-01-19,P035,SUP05,80,44.5,3560.0
PO-00269,2024-01-19,P032,SUP09,500,22.5,11250.0
PO-00270,2024-01-19,P017,SUP01,300,19.61,5883.0
PO-00271,2024-01-19,P027,SUP15,40,140.71,5628.4
PO-00272,2024-01-19,P031,SUP09,250,37.9,9475.0
PO-00273,2024-01-19,P036,SUP14,50,32.3,1615.0
PO-00274,2024-01-19,P045,SUP15,40,36.41,1456.4
PO-00275,2024-01-19,P010,SUP06,80,43.93,3514.4
PO-00276,2024-01-19,P040,SUP09,400,12.23,4892.0
PO-00277,2024-01-19,P009,SUP11,100,24.28,2428.0
PO-00278,2024-01-19,P011,SUP03,300,12.81,3843.0
PO-00279,2024-01-20,P039,SUP14,500,14.21,7105.0
PO-00280,2024-01-20,P046,SUP01,120,29.08,3489.6
PO-00281,2024-01-20,P002,SUP01,500,6.16,3080.0
PO-00282,2024-01-20,P008,SUP11,500,2.11,1055.0
PO-00283,2024-01-20,P046,SUP15,80,28.77,2301.6
PO-00284,2024-01-20,P037,SUP14,200,18.4,3680.0
PO-00285,2024-01-20,P007,SUP02,50,64.3,3215.0
PO-00286,2024-01-20,P001,SUP01,100,19.03,1903.0
PO-00287,2024-01-20,P004,SUP01,500,3.47,1735.0
PO-00288,2024-01-20,P035,SUP09,120,44.09,5290.8
PO-00289,2024-01-20,P021,SUP14,500,47.05,23525.0
PO-00290,2024-01-20,P033,SUP15,300,16.68,5004.0
PO-00291,2024-01-20,P048,SUP01,200,20.77,4154.0
PO-00292,2024-01-20,P010,SUP15,100,44.31,4431.0
PO-00293,2024-01-20,P040,SUP15,150,12.05,1807.5
PO-00294,2024-01-21,P033,SUP05,150,16.34,2451.0
PO-00295,2024-01-21,P032,SUP14,150,22.6,3390.0
PO-00296,2024-01-21,P029,SUP13,40,116.23,4649.2
PO-00297,2024-01-21,P013,SUP01,40,32.37,1294.8
PO-00298,2024-01-21,P020,SUP10,60,26.91,1614.6
PO-00299,2024-01-21,P032,SUP15,250,22.27,5567.5
PO-00300,2024-01-21,P027,SUP13,10,141.2,1412.0
PO-00301,2024-01-21,P032,SUP14,250,22.6,5650.0
PO-00302,2024-01-21,P030,SUP15,150,72.11,10816.5
PO-00303,2024-01-21,P032,SUP05,100,21.87,2187.0
PO-00304,2024-01-21,P037,SUP15,400,17.95,7180.0
PO-00305,2024-01-21,P004,SUP06,400,3.46,1384.0
PO-00306,2024-01-21,P013,SUP06,80,31.97,2557.6
PO-00307,2024-01-21,P020,SUP08,120,26.29,3154.8
PO-00308,2024-01-21,P014,SUP03,120,75.27,9032.4
PO-00309,2024-01-22,P021,SUP04,400,48.68,19472.0
PO-00310,2024-01-22,P016,SUP03,50,57.71,2885.5
PO-00311,2024-01-22,P028,SUP14,30,90.6,2718.0
PO-00312,2024-01-22,P004,SUP01,300,3.47,1041.0
PO-00313,2024-01-22,P009,SUP15,80,24.34,1947.2
PO-00314,2024-01-22,P013,SUP08,60,31.29,1877.4
PO-00315,2024-01-22,P022,SUP13,50,93.57,4678.5
PO-00316,2024-01-22,P009,SUP15,50,24.36,1218.0
PO-00317,2024-01-22,P032,SUP09,300,22.4,6720.0
PO-00318,2024-01-22,P002,SUP15,400,6.24,2496.0
PO-00319,2024-01-22,P023,SUP04,60,65.21,3912.6
PO-00320,2024-01-22,P029,SUP13,50,112.85,5642.5
PO-00321,2024-01-22,P039,SUP09,300,14.49,4347.0
PO-00322,2024-01-22,P039,SUP14,200,14.1,2820.0
PO-00323,2024-01-22,P021,SUP13,500,49.04,24520.0
PO-00324,2024-01-22,P033,SUP05,100,16.89,1689.0
PO-00325,2024-01-22,P034,SUP14,250,27.58,6895.0
PO-00326,2024-01-22,P034,SUP09,400,28.15,11260.0
PO-00327,2024-01-23,P039,SUP14,150,14.88,2232.0
PO-00328,2024-01-23,P001,SUP15,400,18.4,7360.0
PO-00329,2024-01-23,P021,SUP07,500,48.13,24065.0
PO-00330,2024-01-23,P025,SUP15,80,34.21,2736.8
PO-00331,2024-01-23,P033,SUP05,150,16.9,2535.0
PO-00332,2024-01-23,P019,SUP08,20,96.83,1936.6
PO-00333,2024-01-23,P013,SUP10,80,31.56,2524.8
PO-00334,2024-01-23,P003,SUP15,80,83.47,6677.6
PO-00335,2024-01-23,P030,SUP13,100,70.67,7067.0
PO-00336,2024-01-23,P033,SUP05,400,16.99,6796.0
PO-00337,2024-01-23,P048,SUP14,250,21.07,5267.5
PO-00338,2024-01-23,P010,SUP11,120,46.24,5548.8
PO-00339,2024-01-23,P046,SUP14,120,29.65,3558.0
PO-00340,2024-01-23,P008,SUP06,400,2.15,860.0
PO-00341,2024-01-24,P030,SUP04,300,69.86,20958.0
PO-00342,2024-01-24,P016,SUP06,60,57.12,3427.2
PO-00343,2024-01-24,P029,SUP14,40,113.56,4542.4
PO-00344,2024-01-24,P025,SUP13,120,34.89,4186.8
PO-00345,2024-01-24,P004,SUP11,250,3.34,835.0
PO-00346,2024-01-24,P007,SUP11,60,64.87,3892.2
PO-00347,2024-01-25,P001,SUP06,500,18.73,9365.0
PO-00348,2024-01-25,P025,SUP15,100,35.07,3507.0
PO-00349,2024-01-25,P035,SUP14,80,44.23,3538.4
PO-00350,2024-01-25,P017,SUP06,100,19.52,1952.0
PO-00351,2024-01-25,P022,SUP07,40,89.49,3579.6
PO-00352,2024-01-25,P007,SUP02,50,66.2,3310.0
PO-00353,2024-01-25,P003,SUP01,80,83.93,6714.4
PO-00354,2024-01-25,P003,SUP15,80,87.26,6980.8
PO-00355,2024-01-25,P040,SUP15,300,12.08,3624.0
PO-00356,2024-01-25,P010,SUP15,100,45.13,4513.0
PO-00357,2024-01-25,P046,SUP01,100,29.65,2965.0
PO-00358,2024-01-25,P004,SUP11,100,3.4,340.0
PO-00359,2024-01-25,P037,SUP15,150,17.99,2698.5
PO-00360,2024-01-25,P013,SUP10,120,32.41,3889.2
PO-00361,2024-01-25,P031,SUP14,500,38.2,19100.0
PO-00362,2024-01-25,P010,SUP02,100,44.81,4481.0
PO-00363,2024-01-25,P037,SUP14,150,17.82,2673.0
PO-00364,2024-01-25,P037,SUP14,200,18.23,3646.0
PO-00365,2024-01-25,P032,SUP05,400,21.75,8700.0
PO-00366,2024-01-26,P030,SUP04,100,73.13,7313.0
PO-00367,2024-01-26,P037,SUP05,100,18.16,1816.0
PO-00368,2024-01-26,P017,SUP01,150,19.3,2895.0
PO-00369,2024-01-26,P008,SUP02,100,2.06,206.0
PO-00370,2024-01-26,P035,SUP15,80,43.84,3507.2
PO-00371,2024-01-26,P011,SUP03,250,12.71,3177.5
PO-00372,2024-01-26,P042,SUP08,80,68.8,5504.0
PO-00373,2024-01-26,P015,SUP01,60,41.99,2519.4
PO-00374,2024-01-26,P029,SUP14,60,116.14,6968.4
PO-00375,2024-01-26,P031,SUP14,500,37.56,18780.0
PO-00376,2024-01-26,P037,SUP09,100,17.6,1760.0
PO-00377,2024-01-26,P008,SUP06,250,2.04,510.0
PO-00378,2024-01-26,P004,SUP01,300,3.31,993.0
PO-00379,2024-01-26,P034,SUP15,100,27.26,2726.0
PO-00380,2024-01-26,P033,SUP09,400,16.53,6612.0
PO-00381,2024-01-27,P030,SUP04,300,73.94,22182.0
PO-00382,2024-01-27,P040,SUP09,250,12.24,3060.0
PO-00383,2024-01-27,P034,SUP14,400,27.66,11064.0
PO-00384,2024-01-27,P011,SUP03,500,12.3,6150.0
PO-00385,2024-01-27,P002,SUP01,150,6.06,909.0
PO-00386,2024-01-27,P043,SUP12,250,15.1,3775.0
PO-00387,2024-01-27,P015,SUP01,50,42.97,2148.5
PO-00388,2024-01-27,P024,SUP14,100,5.34,534.0
PO-00389,2024-01-27,P027,SUP15,10,137.54,1375.4
PO-00390,2024-01-27,P048,SUP12,100,20.72,2072.0
PO-00391,2024-01-28,P014,SUP03,40,76.37,3054.8
PO-00392,2024-01-28,P001,SUP11,300,18.35,5505.0
PO-00393,2024-01-28,P017,SUP08,200,19.89,3978.0
PO-00394,2024-01-28,P003,SUP15,100,82.93,8293.0
PO-00395,2024-01-28,P030,SUP07,100,71.09,7109.0
PO-00396,2024-01-28,P029,SUP07,40,115.85,4634.0
PO-00397,2024-01-28,P035,SUP05,120,44.72,5366.4
PO-00398,2024-01-28,P046,SUP12,120,28.26,3391.2
PO-00399,2024-01-28,P004,SUP15,100,3.49,349.0
PO-00400,2024-01-28,P018,SUP06,20,238.82,4776.4
PO-00401,2024-01-28,P038,SUP14,60,24.35,1461.0
PO-00402,2024-01-28,P038,SUP09,50,24.32,1216.0
PO-00403,2024-01-28,P023,SUP14,60,62.52,3751.2
PO-00404,2024-01-29,P032,SUP09,300,22.43,6729.0
PO-00405,2024-01-29,P034,SUP05,150,28.56,4284.0
PO-00406,2024-01-29,P029,SUP13,80,111.62,8929.6
PO-00407,2024-01-29,P025,SUP07,40,34.17,1366.8
PO-00408,2024-01-29,P020,SUP03,50,25.96,1298.0
PO-00409,2024-01-29,P047,SUP12,10,75.73,757.3
PO-00410,2024-01-29,P003,SUP06,120,84.77,10172.4
PO-00411,2024-01-29,P023,SUP07,40,64.8,2592.0
PO-00412,2024-01-29,P002,SUP02,200,6.16,1232.0
PO-00413,2024-01-29,P008,SUP02,500,2.12,1060.0
PO-00414,2024-01-29,P025,SUP07,50,35.75,1787.5
PO-00415,2024-01-29,P023,SUP13,40,65.35,2614.0
PO-00416,2024-01-29,P008,SUP11,300,2.07,621.0
PO-00417,2024-01-29,P020,SUP06,60,26.65,1599.0
PO-00418,2024-01-29,P020,SUP06,100,26.8,2680.0
PO-00419,2024-01-29,P013,SUP10,60,32.8,1968.0
PO-00420,2024-01-29,P039,SUP15,100,14.65,1465.0
PO-00421,2024-01-30,P008,SUP06,100,2.16,216.0
PO-00422,2024-01-30,P027,SUP14,15,141.67,2125.05
PO-00423,2024-01-30,P043,SUP08,200,15.8,3160.0
PO-00424,2024-01-30,P013,SUP01,120,31.27,3752.4
PO-00425,2024-01-30,P031,SUP09,300,38.68,11604.0
PO-00426,2024-01-30,P033,SUP09,300,16.43,4929.0
PO-00427,2024-01-30,P031,SUP15,150,38.1,5715.0
PO-00428,2024-01-30,P044,SUP14,40,84.27,3370.8
PO-00429,2024-01-30,P012,SUP01,15,108.51,1627.65
PO-00430,2024-01-31,P016,SUP10,50,58.18,2909.0
PO-00431,2024-01-31,P029,SUP04,100,115.04,11504.0
PO-00432,2024-01-31,P025,SUP14,40,35.77,1430.8
PO-00433,2024-01-31,P010,SUP01,120,44.79,5374.8
PO-00434,2024-01-31,P001,SUP06,250,18.03,4507.5
PO-00435,2024-01-31,P005,SUP02,50,7.93,396.5
PO-00436,2024-01-31,P017,SUP01,150,19.43,2914.5
PO-00437,2024-01-31,P037,SUP15,400,18.37,7348.0
PO-00438,2024-01-31,P026,SUP04,20,55.45,1109.0
PO-00439,2024-01-31,P040,SUP05,300,11.83,3549.0
PO-00440,2024-01-31,P015,SUP10,40,43.6,1744.0
PO-00441,2024-01-31,P025,SUP14,60,34.42,2065.2
PO-00442,2024-02-01,P049,SUP01,10,390.02,3900.2
PO-00443,2024-02-01,P033,SUP14,150,16.36,2454.0
PO-00444,2024-02-01,P037,SUP14,200,17.97,3594.0
PO-00445,2024-02-01,P008,SUP06,500,2.1,1050.0
PO-00446,2024-02-01,P021,SUP13,250,47.61,11902.5
PO-00447,2024-02-01,P046,SUP14,50,29.47,1473.5
PO-00448,2024-02-01,P025,SUP04,40,34.48,1379.2
PO-00449,2024-02-01,P013,SUP08,120,32.71,3925.2
PO-00450,2024-02-01,P006,SUP01,10,117.84,1178.4
PO-00451,2024-02-02,P030,SUP07,200,73.03,14606.0
PO-00452,2024-02-02,P029,SUP14,120,111.77,13412.4
PO-00453,2024-02-02,P043,SUP14,100,15.46,1546.0
PO-00454,2024-02-02,P032,SUP09,300,22.24,6672.0
PO-00455,2024-02-02,P039,SUP09,150,14.53,2179.5
PO-00456,2024-02-02,P021,SUP14,100,48.3,4830.0
PO-00457,2024-02-02,P007,SUP01,120,64.0,7680.0
PO-00458,2024-02-03,P021,SUP07,300,48.52,14556.0
PO-00459,2024-02-03,P004,SUP06,100,3.4,340.0
PO-00460,2024-02-03,P002,SUP15,400,6.19,2476.0
PO-00461,2024-02-03,P021,SUP04,100,48.17,4817.0
PO-00462,2024-02-03,P036,SUP05,120,31.68,3801.6
PO-00463,2024-02-03,P037,SUP09,150,18.23,2734.5
PO-00464,2024-02-04,P013,SUP01,80,31.75,2540.0
PO-00465,2024-02-04,P022,SUP07,120,91.26,10951.2
PO-00466,2024-02-04,P034,SUP09,500,28.51,14255.0
PO-00467,2024-02-04,P035,SUP09,50,45.81,2290.5
PO-00468,2024-02-04,P048,SUP15,100,20.65,2065.0
PO-00469,2024-02-04,P021,SUP13,250,48.17,12042.5
PO-00470,2024-02-04,P040,SUP09,250,11.76,2940.0
PO-00471,2024-02-04,P043,SUP12,400,15.45,6180.0
PO-00472,2024-02-04,P010,SUP06,50,44.47,2223.5
PO-00473,2024-02-04,P028,SUP04,15,86.6,1299.0
PO-00474,2024-02-04,P034,SUP15,500,27.68,13840.0
PO-00475,2024-02-04,P043,SUP14,500,15.39,7695.0
PO-00476,2024-02-05,P003,SUP15,120,87.24,10468.8
PO-00477,2024-02-05,P033,SUP15,250,16.26,4065.0
PO-00478,2024-02-05,P027,SUP07,10,140.1,1401.0
PO-00479,2024-02-05,P011,SUP08,250,12.36,3090.0
PO-00480,2024-02-05,P039,SUP14,300,14.75,4425.0
PO-00481,2024-02-05,P001,SUP11,250,18.76,4690.0
PO-00482,2024-02-05,P015,SUP03,60,42.67,2560.2
PO-00483,2024-02-06,P037,SUP14,250,17.97,4492.5
PO-00484,2024-02-06,P032,SUP14,250,22.1,5525.0
PO-00485,2024-02-06,P047,SUP12,10,78.39,783.9
PO-00486,2024-02-06,P043,SUP01,100,15.17,1517.0
PO-00487,2024-02-06,P011,SUP08,150,12.26,1839.0
PO-00488,2024-02-06,P042,SUP01,120,68.59,8230.8
PO-00489,2024-02-06,P043,SUP14,100,15.9,1590.0
PO-00490,2024-02-06,P001,SUP15,300,19.02,5706.0
PO-00491,2024-02-06,P046,SUP14,50,28.19,1409.5
PO-00492,2024-02-07,P031,SUP14,400,37.97,15188.0
PO-00493,2024-02-07,P032,SUP15,100,22.61,2261.0
PO-00494,2024-02-07,P037,SUP05,400,18.46,7384.0
PO-00495,2024-02-07,P030,SUP13,200,70.34,14068.0
PO-00496,2024-02-07,P033,SUP05,300,16.46,4938.0
PO-00497,2024-02-07,P029,SUP07,50,114.64,5732.0
PO-00498,2024-02-07,P016,SUP01,50,56.39,2819.5
PO-00499,2024-02-07,P007,SUP15,120,66.98,8037.6
PO-00500,2024-02-07,P039,SUP05,300,14.23,4269.0
PO-00501,2024-02-07,P005,SUP11,50,7.77,388.5
PO-00502,2024-02-08,P031,SUP05,250,38.86,9715.0
PO-00503,2024-02-08,P032,SUP09,100,21.89,2189.0
PO-00504,2024-02-08,P010,SUP11,80,44.96,3596.8
PO-00505,2024-02-08,P021,SUP04,100,47.25,4725.0
PO-00506,2024-02-08,P032,SUP05,500,21.79,10895.0
PO-00507,2024-02-08,P013,SUP01,60,31.65,1899.0
PO-00508,2024-02-08,P002,SUP06,100,6.05,605.0
PO-00509,2024-02-08,P032,SUP15,300,22.34,6702.0
PO-00510,2024-02-08,P043,SUP12,500,15.84,7920.0
PO-00511,2024-02-08,P001,SUP01,250,18.43,4607.5
PO-00512,2024-02-08,P023,SUP04,80,63.95,5116.0
PO-00513,2024-02-08,P034,SUP14,500,27.21,13605.0
PO-00514,2024-02-08,P021,SUP15,250,48.81,12202.5
PO-00515,2024-02-08,P041,SUP14,40,55.26,2210.4
PO-00516,2024-02-08,P002,SUP11,300,6.11,1833.0
PO-00517,2024-02-08,P005,SUP06,80,7.95,636.0
PO-00518,2024-02-08,P028,SUP04,30,87.5,2625.0
PO-00519,2024-02-08,P024,SUP13,100,5.2,520.0
PO-00520,2024-02-08,P002,SUP02,500,6.17,3085.0
PO-00521,2024-02-08,P034,SUP14,150,27.81,4171.5
PO-00522,2024-02-08,P025,SUP13,80,33.98,2718.4
PO-00523,2024-02-08,P001,SUP01,250,18.7,4675.0
PO-00524,2024-02-08,P037,SUP05,300,18.18,5454.0
PO-00525,2024-02-08,P031,SUP15,250,39.31,9827.5
PO-00526,2024-02-09,P036,SUP15,100,32.25,3225.0
PO-00527,2024-02-09,P005,SUP02,120,7.99,958.8
PO-00528,2024-02-09,P016,SUP01,100,56.58,5658.0
PO-00529,2024-02-09,P048,SUP15,400,21.17,8468.0
PO-00530,2024-02-09,P032,SUP05,250,21.84,5460.0
PO-00531,2024-02-09,P033,SUP14,400,16.96,6784.0
PO-00532,2024-02-09,P021,SUP04,200,47.61,9522.0
PO-00533,2024-02-09,P017,SUP06,400,19.81,7924.0
PO-00534,2024-02-09,P004,SUP01,150,3.44,516.0
PO-00535,2024-02-09,P021,SUP14,100,46.59,4659.0
PO-00536,2024-02-09,P042,SUP12,40,68.74,2749.6
PO-00537,2024-02-09,P046,SUP14,60,29.79,1787.4
PO-00538,2024-02-10,P017,SUP08,200,19.72,3944.0
PO-00539,2024-02-10,P045,SUP08,60,36.27,2176.2
PO-00540,2024-02-10,P022,SUP07,50,91.31,4565.5
PO-00541,2024-02-10,P004,SUP01,300,3.33,999.0
PO-00542,2024-02-10,P002,SUP06,300,6.23,1869.0
PO-00543,2024-02-10,P038,SUP05,80,24.48,1958.4
PO-00544,2024-02-10,P039,SUP14,200,14.39,2878.0
PO-00545,2024-02-10,P001,SUP06,250,17.95,4487.5
PO-00546,2024-02-10,P015,SUP01,100,41.72,4172.0
PO-00547,2024-02-10,P022,SUP14,100,93.13,9313.0
PO-00548,2024-02-10,P011,SUP01,400,12.27,4908.0
PO-00549,2024-02-10,P011,SUP08,300,12.34,3702.0
PO-00550,2024-02-10,P017,SUP06,500,19.38,9690.0
PO-00551,2024-02-10,P038,SUP14,120,24.85,2982.0
PO-00552,2024-02-11,P023,SUP14,40,63.75,2550.0
PO-00553,2024-02-11,P028,SUP07,30,86.42,2592.6
PO-00554,2024-02-11,P024,SUP04,200,5.24,1048.0
PO-00555,2024-02-11,P008,SUP06,500,2.13,1065.0
PO-00556,2024-02-11,P023,SUP14,120,63.38,7605.6
PO-00557,2024-02-11,P048,SUP01,500,20.96,10480.0
PO-00558,2024-02-11,P008,SUP15,250,2.14,535.0
PO-00559,2024-02-11,P035,SUP15,120,45.98,5517.6
PO-00560,2024-02-11,P005,SUP15,100,7.97,797.0
PO-00561,2024-02-11,P030,SUP07,300,72.2,21660.0
PO-00562,2024-02-11,P025,SUP04,120,34.54,4144.8
PO-00563,2024-02-11,P048,SUP08,500,21.09,10545.0
PO-00564,2024-02-11,P042,SUP14,100,66.93,6693.0
PO-00565,2024-02-11,P040,SUP09,250,11.7,2925.0
PO-00566,2024-02-11,P008,SUP06,250,2.13,532.5
PO-00567,2024-02-11,P017,SUP06,200,20.21,4042.0
PO-00568,2024-02-12,P043,SUP01,400,15.47,6188.0
PO-00569,2024-02-12,P014,SUP03,60,73.4,4404.0
PO-00570,2024-02-12,P032,SUP09,150,21.54,3231.0
PO-00571,2024-02-12,P032,SUP09,100,21.4,2140.0
PO-00572,2024-02-12,P014,SUP01,50,76.41,3820.5
PO-00573,2024-02-12,P019,SUP01,40,95.14,3805.6
PO-00574,2024-02-12,P048,SUP12,500,21.56,10780.0
PO-00575,2024-02-12,P002,SUP02,400,6.33,2532.0
PO-00576,2024-02-12,P035,SUP14,50,44.45,2222.5
PO-00577,2024-02-12,P017,SUP06,100,20.03,2003.0
PO-00578,2024-02-12,P002,SUP06,150,6.32,948.0
PO-00579,2024-02-12,P007,SUP06,80,66.67,5333.6
PO-00580,2024-02-12,P015,SUP03,50,42.73,2136.5
PO-00581,2024-02-12,P002,SUP06,400,6.29,2516.0
PO-00582,2024-02-12,P022,SUP04,120,92.07,11048.4
PO-00583,2024-02-12,P005,SUP02,40,7.72,308.8
PO-00584,2024-02-13,P025,SUP04,80,35.76,2860.8
PO-00585,2024-02-13,P031,SUP14,400,37.55,15020.0
PO-00586,2024-02-13,P042,SUP14,60,69.6,4176.0
PO-00587,2024-02-13,P037,SUP14,150,17.52,2628.0
PO-00588,2024-02-13,P017,SUP06,150,19.87,2980.5
PO-00589,2024-02-13,P032,SUP15,100,22.35,2235.0
PO-00590,2024-02-13,P047,SUP01,20,76.41,1528.2
PO-00591,2024-02-13,P031,SUP14,200,39.08,7816.0
PO-00592,2024-02-13,P041,SUP14,15,52.76,791.4
PO-00593,2024-02-13,P011,SUP10,100,12.65,1265.0
PO-00594,2024-02-13,P045,SUP08,50,36.75,1837.5
PO-00595,2024-02-13,P043,SUP12,250,15.87,3967.5
PO-00596,2024-02-13,P021,SUP04,150,48.16,7224.0
PO-00597,2024-02-14,P003,SUP06,80,86.93,6954.4
PO-00598,2024-02-14,P031,SUP09,100,38.49,3849.0
PO-00599,2024-02-14,P008,SUP11,150,2.04,306.0
PO-00600,2024-02-14,P046,SUP01,100,28.7,2870.0
PO-00601,2024-02-14,P048,SUP15,500,21.32,10660.0
PO-00602,2024-02-14,P021,SUP14,100,49.24,4924.0
PO-00603,2024-02-14,P008,SUP11,400,2.07,828.0
PO-00604,2024-02-14,P048,SUP08,100,21.43,2143.0
PO-00605,2024-02-14,P029,SUP15,100,116.26,11626.0
PO-00606,2024-02-14,P045,SUP01,80,35.49,2839.2
PO-00607,2024-02-15,P024,SUP07,250,5.13,1282.5
PO-00608,2024-02-15,P024,SUP13,300,5.17,1551.0
PO-00609,2024-02-15,P043,SUP14,300,15.59,4677.0
PO-00610,2024-02-15,P013,SUP10,50,32.64,1632.0
PO-00611,2024-02-15,P027,SUP15,20,136.97,2739.4
PO-00612,2024-02-15,P034,SUP14,500,28.69,14345.0
PO-00613,2024-02-15,P008,SUP06,500,2.09,1045.0
PO-00614,2024-02-15,P047,SUP01,10,80.13,801.3
PO-00615,2024-02-15,P023,SUP07,120,62.95,7554.0
PO-00616,2024-02-15,P049,SUP14,15,371.52,5572.8
PO-00617,2024-02-15,P043,SUP14,250,15.73,3932.5
PO-00618,2024-02-15,P001,SUP06,100,18.24,1824.0
PO-00619,2024-02-15,P040,SUP09,150,12.16,1824.0
PO-00620,2024-02-16,P016,SUP01,120,56.73,6807.6
PO-00621,2024-02-16,P017,SUP01,250,19.89,4972.5
PO-00622,2024-02-16,P017,SUP03,300,20.39,6117.0
PO-00623,2024-02-16,P008,SUP06,100,2.06,206.0
PO-00624,2024-02-16,P040,SUP15,500,12.08,6040.0
PO-00625,2024-02-16,P038,SUP14,80,24.59,1967.2
PO-00626,2024-02-16,P038,SUP09,100,25.23,2523.0
PO-00627,2024-02-16,P008,SUP15,100,2.07,207.0
PO-00628,2024-02-16,P036,SUP15,40,32.48,1299.2
PO-00629,2024-02-16,P025,SUP15,40,34.34,1373.6
PO-00630,2024-02-16,P037,SUP05,200,17.74,3548.0
PO-00631,2024-02-16,P046,SUP08,60,29.87,1792.2
PO-00632,2024-02-16,P001,SUP06,400,18.24,7296.0
PO-00633,2024-02-16,P008,SUP11,150,2.1,315.0
PO-00634,2024-02-16,P016,SUP06,40,58.59,2343.6
PO-00635,2024-02-16,P043,SUP08,400,15.51,6204.0
PO-00636,2024-02-16,P035,SUP05,100,44.18,4418.0
PO-00637,2024-02-16,P001,SUP15,100,18.66,1866.0
PO-00638,2024-02-16,P046,SUP08,80,28.42,2273.6
PO-00639,2024-02-16,P038,SUP14,50,24.78,1239.0
PO-00640,2024-02-16,P046,SUP12,100,29.39,2939.0
PO-00641,2024-02-17,P006,SUP06,30,117.17,3515.1
PO-00642,2024-02-17,P026,SUP04,20,53.96,1079.2
PO-00643,2024-02-17,P009,SUP06,100,23.65,2365.0
PO-00644,2024-02-17,P031,SUP09,400,38.85,15540.0
PO-00645,2024-02-17,P024,SUP07,100,5.13,513.0
PO-00646,2024-02-17,P031,SUP09,150,39.51,5926.5
PO-00647,2024-02-17,P020,SUP10,60,26.97,1618.2
PO-00648,2024-02-17,P035,SUP15,80,45.85,3668.0
PO-00649,2024-02-17,P017,SUP01,100,19.72,1972.0
PO-00650,2024-02-17,P009,SUP02,50,24.33,1216.5
PO-00651,2024-02-18,P037,SUP05,300,17.73,5319.0
PO-00652,2024-02-18,P048,SUP15,200,20.92,4184.0
PO-00653,2024-02-18,P010,SUP06,80,45.69,3655.2
PO-00654,2024-02-18,P036,SUP09,100,31.38,3138.0
PO-00655,2024-02-18,P024,SUP14,100,5.14,514.0
PO-00656,2024-02-18,P048,SUP12,500,21.11,10555.0
PO-00657,2024-02-18,P032,SUP05,100,21.97,2197.0
PO-00658,2024-02-18,P011,SUP06,300,12.61,3783.0
PO-00659,2024-02-18,P041,SUP14,30,52.72,1581.6
PO-00660,2024-02-18,P013,SUP03,120,32.34,3880.8
PO-00661,2024-02-18,P021,SUP07,200,49.22,9844.0
PO-00662,2024-02-18,P012,SUP08,20,108.08,2161.6
PO-00663,2024-02-18,P009,SUP15,120,23.57,2828.4
PO-00664,2024-02-18,P032,SUP09,100,21.75,2175.0
PO-00665,2024-02-18,P034,SUP09,200,28.72,5744.0
PO-00666,2024-02-18,P008,SUP11,100,2.06,206.0
PO-00667,2024-02-18,P045,SUP15,50,35.8,1790.0
PO-00668,2024-02-18,P021,SUP15,250,49.14,12285.0
PO-00669,2024-02-19,P008,SUP02,400,2.05,820.0
PO-00670,2024-02-19,P021,SUP13,200,47.02,9404.0
PO-00671,2024-02-19,P043,SUP12,250,15.33,3832.5
PO-00672,2024-02-19,P037,SUP05,250,17.85,4462.5
PO-00673,2024-02-19,P002,SUP06,150,6.34,951.0
PO-00674,2024-02-19,P032,SUP05,500,21.97,10985.0
PO-00675,2024-02-19,P045,SUP15,60,36.84,2210.4
PO-00676,2024-02-19,P030,SUP13,500,70.8,35400.0
PO-00677,2024-02-19,P042,SUP12,50,67.42,3371.0
PO-00678,2024-02-19,P048,SUP08,300,21.53,6459.0
PO-00679,2024-02-20,P021,SUP07,500,46.68,23340.0
PO-00680,2024-02-20,P024,SUP07,250,5.09,1272.5
PO-00681,2024-02-20,P001,SUP01,500,17.96,8980.0
PO-00682,2024-02-20,P004,SUP11,250,3.31,827.5
PO-00683,2024-02-20,P012,SUP10,10,109.13,1091.3
PO-00684,2024-02-20,P020,SUP01,50,26.9,1345.0
PO-00685,2024-02-20,P005,SUP02,50,7.78,389.0
PO-00686,2024-02-20,P020,SUP01,40,26.14,1045.6
PO-00687,2024-02-20,P033,SUP09,100,16.09,1609.0
PO-00688,2024-02-20,P030,SUP15,250,74.01,18502.5
PO-00689,2024-02-20,P039,SUP09,250,14.54,3635.0
PO-00690,2024-02-20,P002,SUP06,300,6.18,1854.0
PO-00691,2024-02-20,P023,SUP15,60,64.23,3853.8
PO-00692,2024-02-20,P047,SUP01,30,75.85,2275.5
PO-00693,2024-02-21,P016,SUP08,120,59.14,7096.8
PO-00694,2024-02-21,P013,SUP08,120,31.72,3806.4
PO-00695,2024-02-21,P021,SUP13,200,46.63,9326.0
PO-00696,2024-02-21,P024,SUP04,250,5.34,1335.0
PO-00697,2024-02-21,P039,SUP05,300,14.45,4335.0
PO-00698,2024-02-21,P019,SUP08,20,92.25,1845.0
PO-00699,2024-02-21,P021,SUP07,400,49.01,19604.0
PO-00700,2024-02-21,P016,SUP08,100,57.34,5734.0
PO-00701,2024-02-21,P048,SUP08,400,21.56,8624.0
PO-00702,2024-02-21,P001,SUP01,150,18.12,2718.0
PO-00703,2024-02-21,P039,SUP15,250,14.71,3677.5
PO-00704,2024-02-21,P032,SUP05,200,22.34,4468.0
PO-00705,2024-02-22,P003,SUP11,60,86.34,5180.4
PO-00706,2024-02-22,P002,SUP15,200,6.19,1238.0
PO-00707,2024-02-22,P035,SUP14,80,45.52,3641.6
PO-00708,2024-02-22,P031,SUP09,300,37.75,11325.0
PO-00709,2024-02-22,P032,SUP14,400,21.85,8740.0
PO-00710,2024-02-22,P029,SUP07,120,116.28,13953.6
PO-00711,2024-02-22,P017,SUP08,300,19.95,5985.0
PO-00712,2024-02-22,P037,SUP05,150,17.79,2668.5
PO-00713,2024-02-22,P039,SUP05,400,14.92,5968.0
PO-00714,2024-02-22,P012,SUP10,30,109.23,3276.9
PO-00715,2024-02-22,P033,SUP05,500,16.3,8150.0
PO-00716,2024-02-22,P022,SUP13,40,91.6,3664.0
PO-00717,2024-02-22,P034,SUP14,400,27.66,11064.0
PO-00718,2024-02-22,P032,SUP15,150,21.73,3259.5
PO-00719,2024-02-22,P030,SUP13,500,71.83,35915.0
PO-00720,2024-02-22,P033,SUP09,200,16.5,3300.0
PO-00721,2024-02-22,P033,SUP05,300,16.32,4896.0
PO-00722,2024-02-23,P017,SUP01,200,20.06,4012.0
PO-00723,2024-02-23,P017,SUP10,100,19.64,1964.0
PO-00724,2024-02-23,P002,SUP01,200,6.24,1248.0
PO-00725,2024-02-23,P043,SUP12,300,15.23,4569.0
PO-00726,2024-02-23,P007,SUP02,80,66.15,5292.0
PO-00727,2024-02-23,P022,SUP13,80,93.75,7500.0
PO-00728,2024-02-23,P011,SUP08,400,12.6,5040.0
PO-00729,2024-02-23,P032,SUP09,500,22.15,11075.0
PO-00730,2024-02-23,P024,SUP15,200,5.31,1062.0
PO-00731,2024-02-23,P040,SUP14,100,11.94,1194.0
PO-00732,2024-02-23,P002,SUP02,200,6.02,1204.0
PO-00733,2024-02-23,P007,SUP15,100,65.36,6536.0
PO-00734,2024-02-23,P038,SUP05,80,24.93,1994.4
PO-00735,2024-02-23,P031,SUP09,500,37.88,18940.0
PO-00736,2024-02-23,P016,SUP06,60,58.93,3535.8
PO-00737,2024-02-24,P013,SUP10,80,32.44,2595.2
PO-00738,2024-02-24,P016,SUP06,50,59.25,2962.5
PO-00739,2024-02-24,P008,SUP11,200,2.08,416.0
PO-00740,2024-02-24,P007,SUP15,100,66.93,6693.0
PO-00741,2024-02-24,P013,SUP06,60,32.57,1954.2
PO-00742,2024-02-24,P045,SUP08,50,35.85,1792.5
PO-00743,2024-02-24,P011,SUP01,400,12.86,5144.0
PO-00744,2024-02-24,P045,SUP08,50,35.86,1793.0
PO-00745,2024-02-24,P009,SUP06,100,24.3,2430.0
PO-00746,2024-02-25,P016,SUP03,50,56.32,2816.0
PO-00747,2024-02-25,P016,SUP01,80,57.78,4622.4
PO-00748,2024-02-25,P032,SUP09,500,22.65,11325.0
PO-00749,2024-02-25,P005,SUP02,60,7.69,461.4
PO-00750,2024-02-25,P048,SUP08,100,20.9,2090.0
PO-00751,2024-02-25,P009,SUP01,40,23.85,954.0
PO-00752,2024-02-25,P003,SUP01,40,84.57,3382.8
PO-00753,2024-02-25,P020,SUP03,80,26.55,2124.0
PO-00754,2024-02-25,P046,SUP14,120,29.58,3549.6
PO-00755,2024-02-25,P034,SUP15,300,27.96,8388.0
PO-00756,2024-02-25,P048,SUP08,100,21.4,2140.0
PO-00757,2024-02-25,P045,SUP14,120,36.62,4394.4
PO-00758,2024-02-25,P011,SUP06,100,12.49,1249.0
PO-00759,2024-02-25,P021,SUP13,500,49.04,24520.0
PO-00760,2024-02-25,P001,SUP15,250,19.04,4760.0
PO-00761,2024-02-25,P015,SUP03,100,43.44,4344.0
PO-00762,2024-02-25,P032,SUP05,250,22.23,5557.5
PO-00763,2024-02-26,P034,SUP15,400,28.6,11440.0
PO-00764,2024-02-26,P050,SUP14,40,93.42,3736.8
PO-00765,2024-02-26,P038,SUP05,80,24.42,1953.6
PO-00766,2024-02-26,P003,SUP11,60,85.9,5154.0
PO-00767,2024-02-26,P046,SUP08,100,29.33,2933.0
PO-00768,2024-02-26,P006,SUP01,30,123.35,3700.5
PO-00769,2024-02-26,P024,SUP15,100,5.36,536.0
PO-00770,2024-02-26,P043,SUP08,400,15.92,6368.0
PO-00771,2024-02-26,P032,SUP14,150,22.57,3385.5
PO-00772,2024-02-26,P008,SUP06,500,2.14,1070.0
PO-00773,2024-02-26,P021,SUP15,500,46.76,23380.0
PO-00774,2024-02-26,P004,SUP01,100,3.5,350.0
PO-00775,2024-02-26,P005,SUP06,120,7.73,927.6
PO-00776,2024-02-26,P037,SUP14,150,17.95,2692.5
PO-00777,2024-02-26,P024,SUP14,150,5.24,786.0
PO-00778,2024-02-27,P042,SUP01,100,67.85,6785.0
PO-00779,2024-02-27,P011,SUP10,250,12.22,3055.0
PO-00780,2024-02-27,P011,SUP03,500,12.45,6225.0
PO-00781,2024-02-27,P001,SUP11,500,18.06,9030.0
PO-00782,2024-02-27,P023,SUP13,80,65.08,5206.4
PO-00783,2024-02-27,P045,SUP14,120,36.67,4400.4
PO-00784,2024-02-27,P043,SUP15,200,15.51,3102.0
PO-00785,2024-02-27,P042,SUP12,100,69.88,6988.0
PO-00786,2024-02-27,P039,SUP15,250,14.3,3575.0
PO-00787,2024-02-27,P012,SUP10,10,112.97,1129.7
PO-00788,2024-02-27,P038,SUP05,60,24.5,1470.0
PO-00789,2024-02-27,P043,SUP08,300,15.78,4734.0
PO-00790,2024-02-27,P045,SUP08,40,35.51,1420.4
PO-00791,2024-02-27,P004,SUP15,150,3.45,517.5
PO-00792,2024-02-27,P021,SUP07,150,46.78,7017.0
PO-00793,2024-02-27,P001,SUP15,250,18.72,4680.0
PO-00794,2024-02-27,P005,SUP06,120,7.69,922.8
PO-00795,2024-02-27,P021,SUP14,150,48.91,7336.5
PO-00796,2024-02-27,P003,SUP02,100,86.99,8699.0
PO-00797,2024-02-28,P050,SUP15,10,93.85,938.5
PO-00798,2024-02-28,P032,SUP05,400,22.37,8948.0
PO-00799,2024-02-28,P040,SUP14,200,11.66,2332.0
PO-00800,2024-02-28,P011,SUP01,150,12.44,1866.0
PO-00801,2024-02-28,P031,SUP15,100,37.53,3753.0
PO-00802,2024-02-28,P037,SUP05,300,18.34,5502.0
PO-00803,2024-02-28,P004,SUP11,150,3.36,504.0
PO-00804,2024-02-28,P045,SUP01,100,35.92,3592.0
PO-00805,2024-02-28,P004,SUP11,200,3.4,680.0
PO-00806,2024-02-28,P007,SUP02,100,67.27,6727.0
PO-00807,2024-02-28,P031,SUP15,200,37.62,7524.0
PO-00808,2024-02-28,P010,SUP01,40,43.86,1754.4
PO-00809,2024-02-28,P016,SUP03,50,59.27,2963.5
PO-00810,2024-02-28,P030,SUP15,300,73.39,22017.0
PO-00811,2024-02-28,P005,SUP11,100,7.89,789.0
PO-00812,2024-02-28,P013,SUP08,100,32.64,3264.0
PO-00813,2024-02-28,P037,SUP05,100,17.8,1780.0
PO-00814,2024-02-28,P008,SUP02,500,2.07,1035.0
PO-00815,2024-02-29,P041,SUP14,40,53.08,2123.2
PO-00816,2024-02-29,P039,SUP14,500,14.86,7430.0
PO-00817,2024-02-29,P004,SUP15,200,3.35,670.0
PO-00818,2024-02-29,P012,SUP08,20,106.77,2135.4
PO-00819,2024-02-29,P004,SUP02,200,3.5,700.0
PO-00820,2024-02-29,P030,SUP07,400,72.77,29108.0
PO-00821,2024-02-29,P035,SUP15,80,45.45,3636.0
PO-00822,2024-02-29,P031,SUP15,400,38.83,15532.0
PO-00823,2024-02-29,P049,SUP12,20,378.85,7577.0
PO-00824,2024-02-29,P034,SUP05,250,28.47,7117.5
PO-00825,2024-02-29,P033,SUP05,250,16.58,4145.0
PO-00826,2024-03-01,P035,SUP14,80,46.26,3700.8
PO-00827,2024-03-01,P022,SUP14,50,90.47,4523.5
PO-00828,2024-03-01,P030,SUP15,250,72.68,18170.0
PO-00829,2024-03-01,P039,SUP05,500,14.36,7180.0
PO-00830,2024-03-01,P002,SUP02,400,6.31,2524.0
PO-00831,2024-03-01,P029,SUP07,100,116.92,11692.0
PO-00832,2024-03-01,P001,SUP01,400,18.42,7368.0
PO-00833,2024-03-01,P032,SUP14,200,22.62,4524.0
PO-00834,2024-03-01,P018,SUP10,15,245.79,3686.85
PO-00835,2024-03-02,P030,SUP13,400,71.02,28408.0
PO-00836,2024-03-02,P035,SUP15,100,45.23,4523.0
PO-00837,2024-03-02,P038,SUP05,50,25.3,1265.0
PO-00838,2024-03-02,P024,SUP07,250,5.3,1325.0
PO-00839,2024-03-02,P022,SUP04,50,93.97,4698.5
PO-00840,2024-03-02,P008,SUP06,100,2.05,205.0
PO-00841,2024-03-02,P030,SUP07,200,72.75,14550.0
PO-00842,2024-03-02,P025,SUP04,100,34.57,3457.0
PO-00843,2024-03-02,P034,SUP09,200,27.27,5454.0
PO-00844,2024-03-02,P021,SUP13,200,49.43,9886.0
PO-00845,2024-03-02,P004,SUP11,300,3.42,1026.0
PO-00846,2024-03-03,P044,SUP14,20,83.84,1676.8
PO-00847,2024-03-03,P040,SUP05,400,11.81,4724.0
PO-00848,2024-03-03,P015,SUP03,40,42.05,1682.0
PO-00849,2024-03-03,P028,SUP04,10,89.67,896.7
PO-00850,2024-03-03,P020,SUP10,80,26.53,2122.4
PO-00851,2024-03-03,P044,SUP14,20,80.72,1614.4
PO-00852,2024-03-03,P040,SUP15,200,11.84,2368.0
PO-00853,2024-03-03,P049,SUP15,20,369.72,7394.4
PO-00854,2024-03-03,P040,SUP05,150,12.33,1849.5
PO-00855,2024-03-03,P048,SUP15,200,20.76,4152.0
PO-00856,2024-03-03,P023,SUP14,40,63.78,2551.2
PO-00857,2024-03-03,P042,SUP01,80,69.39,5551.2
PO-00858,2024-03-03,P001,SUP11,300,18.84,5652.0
PO-00859,2024-03-03,P004,SUP06,400,3.38,1352.0
PO-00860,2024-03-04,P008,SUP11,250,2.04,510.0
PO-00861,2024-03-04,P035,SUP09,120,46.01,5521.2
PO-00862,2024-03-04,P016,SUP08,60,57.1,3426.0
PO-00863,2024-03-04,P045,SUP08,50,36.06,1803.0
PO-00864,2024-03-04,P045,SUP08,50,36.81,1840.5
PO-00865,2024-03-04,P013,SUP10,50,32.8,1640.0
PO-00866,2024-03-04,P034,SUP05,300,27.66,8298.0
PO-00867,2024-03-04,P001,SUP06,400,18.29,7316.0
PO-00868,2024-03-04,P037,SUP14,300,18.41,5523.0
PO-00869,2024-03-04,P040,SUP15,500,11.79,5895.0
PO-00870,2024-03-05,P040,SUP14,400,12.16,4864.0
PO-00871,2024-03-05,P048,SUP01,150,20.57,3085.5
PO-00872,2024-03-05,P033,SUP09,250,16.75,4187.5
PO-00873,2024-03-05,P022,SUP07,60,92.36,5541.6
PO-00874,2024-03-05,P031,SUP05,200,39.49,7898.0
PO-00875,2024-03-05,P048,SUP01,400,20.95,8380.0
PO-00876,2024-03-05,P048,SUP12,500,21.47,10735.0
PO-00877,2024-03-05,P001,SUP02,100,18.64,1864.0
PO-00878,2024-03-05,P003,SUP15,80,85.65,6852.0
PO-00879,2024-03-05,P030,SUP04,400,70.9,28360.0
PO-00880,2024-03-05,P032,SUP14,300,21.57,6471.0
PO-00881,2024-03-05,P033,SUP05,150,16.26,2439.0
PO-00882,2024-03-05,P015,SUP08,50,43.16,2158.0
PO-00883,2024-03-05,P008,SUP11,400,2.13,852.0
PO-00884,2024-03-05,P050,SUP15,15,94.85,1422.75
PO-00885,2024-03-05,P037,SUP09,200,17.95,3590.0
PO-00886,2024-03-05,P016,SUP06,80,57.2,4576.0
PO-00887,2024-03-05,P024,SUP07,400,5.13,2052.0
PO-00888,2024-03-05,P004,SUP06,200,3.45,690.0
PO-00889,2024-03-05,P040,SUP05,150,12.33,1849.5
PO-00890,2024-03-06,P024,SUP15,100,5.05,505.0
PO-00891,2024-03-06,P011,SUP01,300,12.82,3846.0
PO-00892,2024-03-06,P010,SUP11,50,43.86,2193.0
PO-00893,2024-03-06,P020,SUP01,60,26.1,1566.0
PO-00894,2024-03-06,P020,SUP10,80,26.58,2126.4
PO-00895,2024-03-06,P043,SUP01,150,15.21,2281.5
PO-00896,2024-03-06,P027,SUP04,30,142.91,4287.3
PO-00897,2024-03-06,P022,SUP13,60,94.34,5660.4
PO-00898,2024-03-06,P002,SUP15,500,6.08,3040.0
PO-00899,2024-03-06,P048,SUP14,400,21.52,8608.0
PO-00900,2024-03-06,P045,SUP12,40,35.3,1412.0
PO-00901,2024-03-06,P042,SUP15,40,68.33,2733.2
PO-00902,2024-03-06,P032,SUP09,150,22.65,3397.5
PO-00903,2024-03-06,P023,SUP07,50,64.7,3235.0
PO-00904,2024-03-06,P003,SUP01,120,83.45,10014.0
PO-00905,2024-03-07,P024,SUP14,100,5.12,512.0
PO-00906,2024-03-07,P011,SUP06,250,12.37,3092.5
PO-00907,2024-03-07,P031,SUP09,400,38.57,15428.0
PO-00908,2024-03-07,P046,SUP01,40,28.29,1131.6
PO-00909,2024-03-07,P004,SUP01,200,3.5,700.0
PO-00910,2024-03-07,P038,SUP05,120,25.45,3054.0
PO-00911,2024-03-07,P030,SUP14,100,74.08,7408.0
PO-00912,2024-03-07,P004,SUP11,300,3.37,1011.0
PO-00913,2024-03-08,P032,SUP15,400,22.56,9024.0
PO-00914,2024-03-08,P035,SUP14,120,44.71,5365.2
PO-00915,2024-03-08,P033,SUP14,200,16.22,3244.0
PO-00916,2024-03-08,P048,SUP14,250,21.12,5280.0
PO-00917,2024-03-08,P020,SUP01,60,26.35,1581.0
PO-00918,2024-03-08,P010,SUP02,40,44.99,1799.6
PO-00919,2024-03-08,P010,SUP06,120,44.58,5349.6
PO-00920,2024-03-08,P013,SUP08,40,31.85,1274.0
PO-00921,2024-03-08,P039,SUP14,400,14.81,5924.0
PO-00922,2024-03-08,P001,SUP15,150,17.95,2692.5
PO-00923,2024-03-08,P048,SUP08,400,21.11,8444.0
PO-00924,2024-03-08,P038,SUP15,50,25.23,1261.5
PO-00925,2024-03-08,P005,SUP11,40,7.73,309.2
PO-00926,2024-03-09,P025,SUP13,100,35.34,3534.0
PO-00927,2024-03-09,P033,SUP14,150,16.81,2521.5
PO-00928,2024-03-09,P002,SUP01,150,6.26,939.0
PO-00929,2024-03-09,P016,SUP08,50,59.08,2954.0
PO-00930,2024-03-09,P024,SUP13,100,5.12,512.0
PO-00931,2024-03-09,P025,SUP07,40,34.7,1388.0
PO-00932,2024-03-09,P002,SUP15,200,6.15,1230.0
PO-00933,2024-03-09,P037,SUP09,250,18.23,4557.5
PO-00934,2024-03-09,P016,SUP03,40,58.0,2320.0
PO-00935,2024-03-09,P010,SUP01,40,44.87,1794.8
PO-00936,2024-03-09,P034,SUP14,100,28.27,2827.0
PO-00937,2024-03-09,P017,SUP01,300,19.84,5952.0
PO-00938,2024-03-09,P029,SUP04,60,113.4,6804.0
PO-00939,2024-03-09,P002,SUP15,200,6.38,1276.0
PO-00940,2024-03-09,P043,SUP14,400,15.94,6376.0
PO-00941,2024-03-09,P004,SUP01,100,3.44,344.0
PO-00942,2024-03-09,P046,SUP15,60,29.12,1747.2
PO-00943,2024-03-09,P028,SUP13,15,85.69,1285.35
PO-00944,2024-03-09,P016,SUP08,50,57.32,2866.0
PO-00945,2024-03-09,P026,SUP15,10,55.38,553.8
PO-00946,2024-03-09,P040,SUP05,500,11.94,5970.0
PO-00947,2024-03-09,P024,SUP14,300,5.29,1587.0
PO-00948,2024-03-09,P004,SUP02,400,3.36,1344.0
PO-00949,2024-03-10,P049,SUP12,15,373.56,5603.4
PO-00950,2024-03-10,P031,SUP05,400,38.92,15568.0
PO-00951,2024-03-10,P034,SUP15,100,27.52,2752.0
PO-00952,2024-03-10,P004,SUP02,500,3.47,1735.0
PO-00953,2024-03-10,P036,SUP15,120,31.8,3816.0
PO-00954,2024-03-10,P039,SUP14,250,14.67,3667.5
PO-00955,2024-03-10,P044,SUP01,30,82.62,2478.6
PO-00956,2024-03-10,P035,SUP09,80,44.15,3532.0
PO-00957,2024-03-10,P048,SUP12,300,20.69,6207.0
PO-00958,2024-03-10,P020,SUP10,40,26.18,1047.2
PO-00959,2024-03-10,P038,SUP15,50,25.56,1278.0
PO-00960,2024-03-10,P017,SUP06,200,19.69,3938.0
PO-00961,2024-03-11,P001,SUP15,500,18.21,9105.0
PO-00962,2024-03-11,P017,SUP06,400,19.38,7752.0
PO-00963,2024-03-11,P035,SUP14,80,43.89,3511.2
PO-00964,2024-03-11,P046,SUP08,100,29.52,2952.0
PO-00965,2024-03-11,P001,SUP11,100,18.53,1853.0
PO-00966,2024-03-11,P015,SUP03,60,42.71,2562.6
PO-00967,2024-03-11,P037,SUP09,300,17.9,5370.0
PO-00968,2024-03-11,P033,SUP09,150,16.29,2443.5
PO-00969,2024-03-11,P033,SUP14,100,16.49,1649.0
PO-00970,2024-03-11,P008,SUP06,300,2.05,615.0
PO-00971,2024-03-11,P008,SUP01,500,2.13,1065.0
PO-00972,2024-03-11,P013,SUP06,100,32.42,3242.0
PO-00973,2024-03-12,P020,SUP03,50,25.82,1291.0
PO-00974,2024-03-12,P022,SUP14,40,90.77,3630.8
PO-00975,2024-03-12,P020,SUP03,40,26.42,1056.8
PO-00976,2024-03-12,P042,SUP14,60,67.06,4023.6
PO-00977,2024-03-12,P014,SUP03,40,75.67,3026.8
PO-00978,2024-03-12,P008,SUP01,250,2.13,532.5
PO-00979,2024-03-12,P009,SUP02,80,23.63,1890.4
PO-00980,2024-03-12,P031,SUP09,200,38.48,7696.0
PO-00981,2024-03-12,P029,SUP14,100,113.04,11304.0
PO-00982,2024-03-12,P021,SUP04,100,47.72,4772.0
PO-00983,2024-03-12,P049,SUP01,40,377.97,15118.8
PO-00984,2024-03-12,P034,SUP15,150,27.82,4173.0
PO-00985,2024-03-12,P023,SUP07,60,65.32,3919.2
PO-00986,2024-03-12,P011,SUP03,200,12.66,2532.0
PO-00987,2024-03-13,P029,SUP14,120,117.32,14078.4
PO-00988,2024-03-13,P004,SUP15,150,3.32,498.0
PO-00989,2024-03-13,P017,SUP08,200,19.56,3912.0
PO-00990,2024-03-13,P011,SUP10,200,12.69,2538.0
PO-00991,2024-03-13,P028,SUP14,20,86.27,1725.4
PO-00992,2024-03-13,P031,SUP15,150,38.53,5779.5
PO-00993,2024-03-13,P032,SUP09,300,22.44,6732.0
PO-00994,2024-03-13,P024,SUP13,150,5.28,792.0
PO-00995,2024-03-13,P042,SUP08,60,69.21,4152.6
PO-00996,2024-03-13,P008,SUP02,500,2.11,1055.0
PO-00997,2024-03-13,P003,SUP01,80,86.08,6886.4
PO-00998,2024-03-13,P004,SUP11,250,3.48,870.0
PO-00999,2024-03-13,P039,SUP09,100,14.56,1456.0
PO-01000,2024-03-13,P016,SUP03,40,57.16,2286.4
PO-01001,2024-03-13,P031,SUP14,300,39.07,11721.0
PO-01002,2024-03-13,P024,SUP07,100,5.32,532.0
PO-01003,2024-03-13,P037,SUP09,250,17.86,4465.0
PO-01004,2024-03-13,P008,SUP15,300,2.14,642.0
PO-01005,2024-03-13,P033,SUP09,100,16.15,1615.0
PO-01006,2024-03-13,P032,SUP15,250,22.06,5515.0
PO-01007,2024-03-13,P015,SUP03,60,43.06,2583.6
PO-01008,2024-03-13,P020,SUP06,100,26.37,2637.0
PO-01009,2024-03-13,P037,SUP05,150,17.59,2638.5
PO-01010,2024-03-13,P001,SUP01,500,18.71,9355.0
PO-01011,2024-03-13,P034,SUP09,400,28.8,11520.0
PO-01012,2024-03-13,P025,SUP15,60,35.52,2131.2
PO-01013,2024-03-13,P020,SUP03,40,26.39,1055.6
PO-01014,2024-03-14,P037,SUP09,500,18.1,9050.0
PO-01015,2024-03-14,P024,SUP15,300,5.23,1569.0
PO-01016,2024-03-14,P001,SUP11,500,18.82,9410.0
PO-01017,2024-03-14,P027,SUP04,30,142.98,4289.4
PO-01018,2024-03-14,P007,SUP11,120,65.89,7906.8
PO-01019,2024-03-14,P003,SUP15,80,85.29,6823.2
PO-01020,2024-03-14,P048,SUP15,250,21.03,5257.5
PO-01021,2024-03-14,P048,SUP12,100,21.58,2158.0
PO-01022,2024-03-14,P029,SUP04,60,114.38,6862.8
PO-01023,2024-03-14,P017,SUP06,400,19.76,7904.0
PO-01024,2024-03-14,P048,SUP15,150,20.87,3130.5
PO-01025,2024-03-14,P017,SUP06,300,19.9,5970.0
PO-01026,2024-03-14,P043,SUP01,100,15.11,1511.0
PO-01027,2024-03-14,P032,SUP15,100,22.06,2206.0
PO-01028,2024-03-15,P039,SUP05,500,14.49,7245.0
PO-01029,2024-03-15,P017,SUP03,400,20.14,8056.0
PO-01030,2024-03-15,P008,SUP11,200,2.05,410.0
PO-01031,2024-03-15,P043,SUP08,300,15.86,4758.0
PO-01032,2024-03-15,P040,SUP15,500,12.07,6035.0
PO-01033,2024-03-15,P038,SUP09,80,25.08,2006.4
PO-01034,2024-03-15,P004,SUP02,200,3.47,694.0
PO-01035,2024-03-15,P046,SUP15,100,28.5,2850.0
PO-01036,2024-03-15,P022,SUP14,120,91.67,11000.4
PO-01037,2024-03-15,P039,SUP05,400,14.78,5912.0
PO-01038,2024-03-15,P033,SUP09,200,16.62,3324.0
PO-01039,2024-03-15,P043,SUP01,500,15.78,7890.0
PO-01040,2024-03-15,P004,SUP06,300,3.44,1032.0
PO-01041,2024-03-15,P031,SUP09,400,37.62,15048.0
PO-01042,2024-03-15,P005,SUP01,50,7.83,391.5
PO-01043,2024-03-15,P048,SUP15,150,21.19,3178.5
PO-01044,2024-03-15,P030,SUP15,500,70.87,35435.0
PO-01045,2024-03-15,P039,SUP15,300,14.92,4476.0
PO-01046,2024-03-15,P002,SUP06,100,6.28,628.0
PO-01047,2024-03-15,P004,SUP01,500,3.48,1740.0
PO-01048,2024-03-15,P024,SUP14,200,5.33,1066.0
PO-01049,2024-03-15,P004,SUP11,100,3.49,349.0
PO-01050,2024-03-16,P018,SUP01,15,244.17,3662.55
PO-01051,2024-03-16,P011,SUP06,200,12.59,2518.0
PO-01052,2024-03-16,P010,SUP06,80,44.77,3581.6
PO-01053,2024-03-16,P037,SUP14,400,17.91,7164.0
PO-01054,2024-03-16,P042,SUP12,120,68.54,8224.8
PO-01055,2024-03-16,P011,SUP03,150,12.21,1831.5
PO-01056,2024-03-16,P024,SUP04,100,5.06,506.0
PO-01057,2024-03-16,P023,SUP04,80,63.72,5097.6
PO-01058,2024-03-16,P040,SUP05,250,12.1,3025.0
PO-01059,2024-03-16,P048,SUP15,150,21.53,3229.5
PO-01060,2024-03-16,P007,SUP06,80,66.31,5304.8
PO-01061,2024-03-16,P031,SUP09,150,38.01,5701.5
PO-01062,2024-03-16,P018,SUP03,20,238.29,4765.8
PO-01063,2024-03-16,P029,SUP04,50,115.31,5765.5
PO-01064,2024-03-16,P039,SUP09,200,14.8,2960.0
PO-01065,2024-03-16,P008,SUP11,400,2.13,852.0
PO-01066,2024-03-16,P017,SUP10,250,20.03,5007.5
PO-01067,2024-03-16,P017,SUP10,200,19.33,3866.0
PO-01068,2024-03-17,P008,SUP15,200,2.08,416.0
PO-01069,2024-03-17,P037,SUP05,300,18.15,5445.0
PO-01070,2024-03-17,P048,SUP15,100,20.65,2065.0
PO-01071,2024-03-17,P022,SUP07,100,92.37,9237.0
PO-01072,2024-03-17,P034,SUP14,500,27.41,13705.0
PO-01073,2024-03-17,P025,SUP14,50,35.77,1788.5
PO-01074,2024-03-17,P040,SUP15,150,12.05,1807.5
PO-01075,2024-03-17,P035,SUP15,120,44.6,5352.0
PO-01076,2024-03-18,P024,SUP15,100,5.15,515.0
PO-01077,2024-03-18,P030,SUP07,150,72.48,10872.0
PO-01078,2024-03-18,P013,SUP08,80,31.04,2483.2
PO-01079,2024-03-18,P002,SUP02,400,6.06,2424.0
PO-01080,2024-03-18,P029,SUP13,50,115.31,5765.5
PO-01081,2024-03-18,P043,SUP08,250,15.58,3895.0
PO-01082,2024-03-18,P040,SUP05,100,11.8,1180.0
PO-01083,2024-03-18,P021,SUP15,300,47.92,14376.0
PO-01084,2024-03-18,P004,SUP02,300,3.4,1020.0
PO-01085,2024-03-18,P046,SUP12,60,28.76,1725.6
PO-01086,2024-03-18,P030,SUP04,250,74.01,18502.5
PO-01087,2024-03-18,P017,SUP10,100,19.32,1932.0
PO-01088,2024-03-18,P011,SUP06,250,12.29,3072.5
PO-01089,2024-03-19,P004,SUP06,100,3.47,347.0
PO-01090,2024-03-19,P024,SUP13,250,5.11,1277.5
PO-01091,2024-03-19,P034,SUP05,150,28.48,4272.0
PO-01092,2024-03-19,P011,SUP08,200,12.31,2462.0
PO-01093,2024-03-19,P031,SUP09,150,39.02,5853.0
PO-01094,2024-03-19,P033,SUP05,300,16.39,4917.0
PO-01095,2024-03-19,P029,SUP04,50,116.56,5828.0
PO-01096,2024-03-19,P008,SUP01,400,2.1,840.0
PO-01097,2024-03-19,P017,SUP03,400,20.27,8108.0
PO-01098,2024-03-19,P046,SUP14,40,29.43,1177.2
PO-01099,2024-03-19,P035,SUP14,120,46.24,5548.8
PO-01100,2024-03-19,P048,SUP14,150,20.78,3117.0
PO-01101,2024-03-19,P035,SUP14,60,45.11,2706.6
PO-01102,2024-03-19,P040,SUP14,300,11.69,3507.0
PO-01103,2024-03-19,P030,SUP15,500,71.1,35550.0
PO-01104,2024-03-19,P004,SUP02,400,3.36,1344.0
PO-01105,2024-03-19,P036,SUP15,50,31.22,1561.0
PO-01106,2024-03-19,P029,SUP15,120,115.92,13910.4
PO-01107,2024-03-19,P045,SUP14,100,35.58,3558.0
PO-01108,2024-03-19,P032,SUP09,150,21.48,3222.0
PO-01109,2024-03-20,P043,SUP01,150,15.35,2302.5
PO-01110,2024-03-20,P033,SUP14,400,16.49,6596.0
PO-01111,2024-03-20,P048,SUP15,500,21.19,10595.0
PO-01112,2024-03-20,P043,SUP15,300,15.89,4767.0
PO-01113,2024-03-20,P020,SUP01,40,26.79,1071.6
PO-01114,2024-03-20,P030,SUP04,250,72.01,18002.5
PO-01115,2024-03-20,P042,SUP14,40,66.04,2641.6
PO-01116,2024-03-20,P050,SUP12,15,93.62,1404.3
PO-01117,2024-03-20,P020,SUP08,100,26.74,2674.0
PO-01118,2024-03-21,P032,SUP14,300,22.05,6615.0
PO-01119,2024-03-21,P041,SUP08,10,55.29,552.9
PO-01120,2024-03-21,P037,SUP15,150,17.63,2644.5
PO-01121,2024-03-21,P023,SUP13,100,64.41,6441.0
PO-01122,2024-03-21,P008,SUP02,500,2.08,1040.0
PO-01123,2024-03-21,P002,SUP06,100,6.22,622.0
PO-01124,2024-03-21,P001,SUP11,250,18.71,4677.5
PO-01125,2024-03-21,P034,SUP05,500,28.66,14330.0
PO-01126,2024-03-21,P032,SUP15,300,22.26,6678.0
PO-01127,2024-03-21,P036,SUP14,60,32.39,1943.4
PO-01128,2024-03-22,P014,SUP10,50,74.0,3700.0
PO-01129,2024-03-22,P037,SUP15,150,17.68,2652.0
PO-01130,2024-03-22,P009,SUP15,100,23.89,2389.0
PO-01131,2024-03-22,P025,SUP04,100,34.74,3474.0
PO-01132,2024-03-22,P037,SUP15,500,17.88,8940.0
PO-01133,2024-03-22,P008,SUP11,250,2.15,537.5
PO-01134,2024-03-22,P040,SUP14,200,11.72,2344.0
PO-01135,2024-03-22,P048,SUP15,400,20.82,8328.0
PO-01136,2024-03-22,P031,SUP09,250,39.29,9822.5
PO-01137,2024-03-22,P007,SUP15,80,65.06,5204.8
PO-01138,2024-03-22,P009,SUP11,80,24.1,1928.0
PO-01139,2024-03-22,P002,SUP06,150,6.34,951.0
PO-01140,2024-03-22,P010,SUP06,120,44.99,5398.8
PO-01141,2024-03-22,P033,SUP05,300,16.87,5061.0
PO-01142,2024-03-22,P038,SUP15,100,25.64,2564.0
PO-01143,2024-03-22,P026,SUP13,30,55.48,1664.4
PO-01144,2024-03-22,P045,SUP14,120,35.61,4273.2
PO-01145,2024-03-22,P009,SUP11,100,23.58,2358.0
PO-01146,2024-03-23,P046,SUP01,50,29.82,1491.0
PO-01147,2024-03-23,P050,SUP08,40,95.33,3813.2
PO-01148,2024-03-23,P014,SUP08,60,73.12,4387.2
PO-01149,2024-03-23,P021,SUP07,300,47.89,14367.0
PO-01150,2024-03-23,P039,SUP09,500,14.33,7165.0
PO-01151,2024-03-23,P002,SUP01,100,6.1,610.0
PO-01152,2024-03-23,P030,SUP13,400,70.28,28112.0
PO-01153,2024-03-23,P039,SUP14,400,14.76,5904.0
PO-01154,2024-03-23,P037,SUP15,250,18.02,4505.0
PO-01155,2024-03-23,P031,SUP09,250,38.28,9570.0
PO-01156,2024-03-23,P024,SUP14,400,5.31,2124.0
PO-01157,2024-03-23,P046,SUP12,80,29.49,2359.2
PO-01158,2024-03-23,P048,SUP14,300,20.54,6162.0
PO-01159,2024-03-23,P015,SUP01,80,43.63,3490.4
PO-01160,2024-03-24,P011,SUP08,200,12.44,2488.0
PO-01161,2024-03-24,P024,SUP13,200,5.12,1024.0
PO-01162,2024-03-24,P008,SUP01,400,2.1,840.0
PO-01163,2024-03-24,P020,SUP06,120,26.07,3128.4
PO-01164,2024-03-24,P043,SUP12,150,15.16,2274.0
PO-01165,2024-03-24,P004,SUP01,300,3.3,990.0
PO-01166,2024-03-24,P015,SUP08,120,43.45,5214.0
PO-01167,2024-03-24,P032,SUP15,250,22.66,5665.0
PO-01168,2024-03-24,P007,SUP11,80,65.8,5264.0
PO-01169,2024-03-24,P010,SUP06,100,43.93,4393.0
PO-01170,2024-03-24,P020,SUP08,80,26.27,2101.6
PO-01171,2024-03-24,P034,SUP15,250,27.4,6850.0
PO-01172,2024-03-24,P031,SUP15,250,38.63,9657.5
PO-01173,2024-03-24,P016,SUP06,40,56.89,2275.6
PO-01174,2024-03-24,P028,SUP14,15,86.7,1300.5
PO-01175,2024-03-24,P037,SUP14,500,18.43,9215.0
PO-01176,2024-03-24,P032,SUP09,150,22.16,3324.0
PO-01177,2024-03-24,P024,SUP04,150,5.31,796.5
PO-01178,2024-03-24,P008,SUP15,500,2.1,1050.0
PO-01179,2024-03-24,P018,SUP03,15,234.03,3510.45
PO-01180,2024-03-25,P011,SUP08,200,12.66,2532.0
PO-01181,2024-03-25,P024,SUP07,500,5.32,2660.0
PO-01182,2024-03-25,P046,SUP12,120,29.69,3562.8
PO-01183,2024-03-25,P011,SUP06,200,12.8,2560.0
PO-01184,2024-03-25,P007,SUP15,100,64.4,6440.0
PO-01185,2024-03-25,P049,SUP01,10,375.85,3758.5
PO-01186,2024-03-25,P036,SUP05,120,32.79,3934.8
PO-01187,2024-03-25,P042,SUP08,100,68.2,6820.0
PO-01188,2024-03-25,P032,SUP09,250,21.93,5482.5
PO-01189,2024-03-25,P016,SUP03,50,57.13,2856.5
PO-01190,2024-03-25,P031,SUP09,250,39.24,9810.0
PO-01191,2024-03-25,P001,SUP15,100,18.1,1810.0
PO-01192,2024-03-25,P041,SUP15,30,53.0,1590.0
PO-01193,2024-03-26,P037,SUP15,100,18.41,1841.0
PO-01194,2024-03-26,P030,SUP13,100,72.85,7285.0
PO-01195,2024-03-26,P017,SUP03,400,19.52,7808.0
PO-01196,2024-03-26,P004,SUP01,300,3.44,1032.0
PO-01197,2024-03-26,P032,SUP09,500,22.5,11250.0
PO-01198,2024-03-26,P031,SUP09,150,39.21,5881.5
PO-01199,2024-03-26,P048,SUP14,400,20.86,8344.0
PO-01200,2024-03-26,P022,SUP07,80,93.69,7495.2
PO-01201,2024-03-26,P008,SUP02,250,2.05,512.5
PO-01202,2024-03-26,P040,SUP15,100,12.1,1210.0
PO-01203,2024-03-26,P002,SUP02,250,6.07,1517.5
PO-01204,2024-03-26,P001,SUP01,500,18.71,9355.0
PO-01205,2024-03-26,P032,SUP15,200,22.44,4488.0
PO-01206,2024-03-26,P005,SUP06,40,7.74,309.6
PO-01207,2024-03-26,P040,SUP15,300,11.74,3522.0
PO-01208,2024-03-27,P039,SUP14,150,14.42,2163.0
PO-01209,2024-03-27,P010,SUP06,50,45.07,2253.5
PO-01210,2024-03-27,P015,SUP03,60,43.07,2584.2
PO-01211,2024-03-27,P012,SUP08,20,108.83,2176.6
PO-01212,2024-03-27,P033,SUP14,200,16.23,3246.0
PO-01213,2024-03-27,P013,SUP06,80,31.31,2504.8
PO-01214,2024-03-27,P038,SUP09,120,24.47,2936.4
PO-01215,2024-03-27,P001,SUP02,300,18.88,5664.0
PO-01216,2024-03-27,P030,SUP04,200,72.42,14484.0
PO-01217,2024-03-27,P005,SUP11,100,7.95,795.0
PO-01218,2024-03-27,P027,SUP13,15,140.14,2102.1
PO-01219,2024-03-27,P035,SUP14,120,44.18,5301.6
PO-01220,2024-03-27,P029,SUP14,40,116.63,4665.2
PO-01221,2024-03-28,P008,SUP06,150,2.07,310.5
PO-01222,2024-03-28,P008,SUP15,250,2.14,535.0
PO-01223,2024-03-28,P043,SUP08,400,15.32,6128.0
PO-01224,2024-03-28,P032,SUP15,100,22.48,2248.0
PO-01225,2024-03-28,P004,SUP15,400,3.35,1340.0
PO-01226,2024-03-28,P022,SUP14,40,93.94,3757.6
PO-01227,2024-03-28,P005,SUP15,40,8.0,320.0
PO-01228,2024-03-28,P018,SUP06,10,244.08,2440.8
PO-01229,2024-03-28,P023,SUP07,80,64.59,5167.2
PO-01230,2024-03-28,P001,SUP06,200,18.32,3664.0
PO-01231,2024-03-28,P033,SUP09,400,16.61,6644.0
PO-01232,2024-03-28,P004,SUP06,300,3.35,1005.0
PO-01233,2024-03-28,P020,SUP06,120,26.75,3210.0
PO-01234,2024-03-28,P009,SUP11,100,24.52,2452.0
PO-01235,2024-03-28,P025,SUP07,80,35.86,2868.8
PO-01236,2024-03-28,P031,SUP15,150,37.52,5628.0
PO-01237,2024-03-28,P036,SUP15,60,32.92,1975.2
PO-01238,2024-03-28,P034,SUP05,150,27.33,4099.5
PO-01239,2024-03-29,P047,SUP08,15,79.49,1192.35
PO-01240,2024-03-29,P010,SUP11,50,44.59,2229.5
PO-01241,2024-03-29,P002,SUP01,150,6.17,925.5
PO-01242,2024-03-29,P011,SUP01,400,12.57,5028.0
PO-01243,2024-03-29,P001,SUP01,100,18.42,1842.0
PO-01244,2024-03-29,P039,SUP14,500,14.88,7440.0
PO-01245,2024-03-29,P034,SUP14,100,27.81,2781.0
PO-01246,2024-03-29,P011,SUP10,400,12.49,4996.0
PO-01247,2024-03-29,P048,SUP08,150,21.49,3223.5
PO-01248,2024-03-29,P043,SUP08,200,15.34,3068.0
PO-01249,2024-03-30,P030,SUP14,500,71.34,35670.0
PO-01250,2024-03-30,P032,SUP15,100,21.5,2150.0
PO-01251,2024-03-30,P008,SUP06,400,2.13,852.0
PO-01252,2024-03-30,P031,SUP05,100,37.76,3776.0
PO-01253,2024-03-30,P030,SUP14,400,72.95,29180.0
PO-01254,2024-03-30,P034,SUP15,150,28.33,4249.5
PO-01255,2024-03-30,P015,SUP06,80,41.98,3358.4
PO-01256,2024-03-30,P039,SUP09,300,14.79,4437.0
PO-01257,2024-03-30,P030,SUP04,400,71.24,28496.0
PO-01258,2024-03-30,P048,SUP08,100,21.2,2120.0
PO-01259,2024-03-30,P017,SUP08,500,20.03,10015.0
PO-01260,2024-03-30,P014,SUP01,120,74.62,8954.4
PO-01261,2024-03-30,P034,SUP09,400,27.69,11076.0
PO-01262,2024-03-30,P030,SUP14,150,72.26,10839.0
PO-01263,2024-03-30,P028,SUP13,20,86.89,1737.8
PO-01264,2024-03-30,P033,SUP05,200,16.41,3282.0
PO-01265,2024-03-30,P040,SUP14,500,12.08,6040.0
PO-01266,2024-03-30,P004,SUP15,150,3.44,516.0
PO-01267,2024-03-30,P046,SUP01,50,28.74,1437.0
PO-01268,2024-03-31,P039,SUP14,500,14.74,7370.0
PO-01269,2024-03-31,P007,SUP01,120,66.79,8014.8
PO-01270,2024-03-31,P031,SUP15,400,38.19,15276.0
PO-01271,2024-03-31,P039,SUP15,500,14.87,7435.0
PO-01272,2024-03-31,P005,SUP02,50,7.78,389.0
PO-01273,2024-03-31,P033,SUP15,400,16.24,6496.0
PO-01274,2024-03-31,P007,SUP11,120,67.38,8085.6
PO-01275,2024-03-31,P012,SUP06,20,112.81,2256.2
PO-01276,2024-03-31,P048,SUP01,250,21.5,5375.0
PO-01277,2024-03-31,P030,SUP14,100,73.55,7355.0
PO-01278,2024-04-01,P040,SUP14,200,12.1,2420.0
PO-01279,2024-04-01,P034,SUP05,100,28.34,2834.0
PO-01280,2024-04-01,P031,SUP05,150,38.15,5722.5
PO-01281,2024-04-01,P007,SUP06,120,64.22,7706.4
PO-01282,2024-04-01,P040,SUP15,100,12.19,1219.0
PO-01283,2024-04-01,P037,SUP14,150,18.54,2781.0
PO-01284,2024-04-01,P024,SUP14,200,5.14,1028.0
PO-01285,2024-04-01,P013,SUP10,40,31.87,1274.8
PO-01286,2024-04-01,P040,SUP15,200,11.79,2358.0
PO-01287,2024-04-01,P043,SUP08,100,15.39,1539.0
PO-01288,2024-04-01,P034,SUP15,500,28.01,14005.0
PO-01289,2024-04-01,P011,SUP01,250,12.84,3210.0
PO-01290,2024-04-01,P030,SUP07,200,70.14,14028.0
PO-01291,2024-04-01,P011,SUP06,500,12.13,6065.0
PO-01292,2024-04-01,P038,SUP14,50,25.05,1252.5
PO-01293,2024-04-01,P002,SUP06,400,6.06,2424.0
PO-01294,2024-04-02,P025,SUP13,120,34.38,4125.6
PO-01295,2024-04-02,P021,SUP07,400,48.65,19460.0
PO-01296,2024-04-02,P046,SUP14,50,28.19,1409.5
PO-01297,2024-04-02,P048,SUP15,250,21.43,5357.5
PO-01298,2024-04-02,P040,SUP15,400,12.07,4828.0
PO-01299,2024-04-02,P037,SUP14,100,18.42,1842.0
PO-01300,2024-04-02,P024,SUP14,400,5.2,2080.0
PO-01301,2024-04-02,P048,SUP12,200,21.26,4252.0
PO-01302,2024-04-02,P035,SUP15,100,44.63,4463.0
PO-01303,2024-04-02,P013,SUP06,60,31.22,1873.2
PO-01304,2024-04-02,P017,SUP10,200,20.21,4042.0
PO-01305,2024-04-02,P033,SUP15,150,16.08,2412.0
PO-01306,2024-04-02,P037,SUP15,300,18.3,5490.0
PO-01307,2024-04-02,P037,SUP14,400,18.46,7384.0
PO-01308,2024-04-02,P034,SUP15,300,27.22,8166.0
PO-01309,2024-04-02,P015,SUP03,40,43.58,1743.2
PO-01310,2024-04-02,P036,SUP15,60,32.59,1955.4
PO-01311,2024-04-02,P037,SUP05,200,17.59,3518.0
PO-01312,2024-04-03,P011,SUP10,250,12.35,3087.5
PO-01313,2024-04-03,P010,SUP06,100,44.82,4482.0
PO-01314,2024-04-03,P034,SUP14,500,28.5,14250.0
PO-01315,2024-04-03,P032,SUP14,100,21.45,2145.0
PO-01316,2024-04-03,P030,SUP04,400,71.08,28432.0
PO-01317,2024-04-03,P008,SUP11,250,2.08,520.0
PO-01318,2024-04-03,P025,SUP07,120,34.91,4189.2
PO-01319,2024-04-04,P002,SUP06,200,6.18,1236.0
PO-01320,2024-04-04,P016,SUP10,80,56.77,4541.6
PO-01321,2024-04-04,P021,SUP07,500,47.04,23520.0
PO-01322,2024-04-04,P032,SUP14,500,22.48,11240.0
PO-01323,2024-04-04,P031,SUP15,400,37.44,14976.0
PO-01324,2024-04-04,P002,SUP15,150,6.38,957.0
PO-01325,2024-04-04,P043,SUP12,400,15.23,6092.0
PO-01326,2024-04-04,P004,SUP11,150,3.44,516.0
PO-01327,2024-04-04,P007,SUP11,100,63.85,6385.0
PO-01328,2024-04-04,P021,SUP13,300,47.73,14319.0
PO-01329,2024-04-05,P010,SUP15,120,44.61,5353.2
PO-01330,2024-04-05,P032,SUP05,300,22.23,6669.0
PO-01331,2024-04-05,P037,SUP15,500,17.82,8910.0
PO-01332,2024-04-05,P014,SUP10,40,76.73,3069.2
PO-01333,2024-04-05,P032,SUP05,100,22.34,2234.0
PO-01334,2024-04-05,P021,SUP07,250,47.99,11997.5
PO-01335,2024-04-05,P022,SUP15,80,94.08,7526.4
PO-01336,2024-04-05,P017,SUP10,200,19.63,3926.0
PO-01337,2024-04-05,P029,SUP04,120,114.92,13790.4
PO-01338,2024-04-05,P032,SUP05,300,21.78,6534.0
PO-01339,2024-04-05,P014,SUP03,60,75.11,4506.6
PO-01340,2024-04-05,P033,SUP15,100,16.96,1696.0
PO-01341,2024-04-05,P030,SUP14,400,72.22,28888.0
PO-01342,2024-04-05,P024,SUP07,500,5.19,2595.0
PO-01343,2024-04-05,P007,SUP11,60,67.03,4021.8
PO-01344,2024-04-06,P008,SUP11,250,2.13,532.5
PO-01345,2024-04-06,P007,SUP01,100,64.05,6405.0
PO-01346,2024-04-06,P004,SUP02,300,3.46,1038.0
PO-01347,2024-04-06,P008,SUP15,400,2.05,820.0
PO-01348,2024-04-06,P039,SUP15,200,14.49,2898.0
PO-01349,2024-04-06,P049,SUP15,20,375.49,7509.8
PO-01350,2024-04-06,P014,SUP03,120,74.94,8992.8
PO-01351,2024-04-06,P017,SUP06,150,19.66,2949.0
PO-01352,2024-04-06,P043,SUP14,300,15.38,4614.0
PO-01353,2024-04-06,P027,SUP04,10,136.18,1361.8
PO-01354,2024-04-07,P009,SUP15,100,24.15,2415.0
PO-01355,2024-04-07,P021,SUP13,250,48.4,12100.0
PO-01356,2024-04-07,P037,SUP15,400,18.31,7324.0
PO-01357,2024-04-07,P032,SUP15,400,22.06,8824.0
PO-01358,2024-04-07,P019,SUP08,40,96.92,3876.8
PO-01359,2024-04-07,P010,SUP11,50,44.47,2223.5
PO-01360,2024-04-07,P025,SUP07,50,34.31,1715.5
PO-01361,2024-04-07,P041,SUP08,15,55.22,828.3
PO-01362,2024-04-07,P003,SUP02,100,83.4,8340.0
PO-01363,2024-04-07,P042,SUP08,60,66.05,3963.0
PO-01364,2024-04-08,P039,SUP14,500,14.37,7185.0
PO-01365,2024-04-08,P019,SUP06,20,94.39,1887.8
PO-01366,2024-04-08,P032,SUP09,300,21.71,6513.0
PO-01367,2024-04-08,P008,SUP11,150,2.11,316.5
PO-01368,2024-04-08,P033,SUP05,400,16.26,6504.0
PO-01369,2024-04-08,P048,SUP12,300,21.36,6408.0
PO-01370,2024-04-08,P048,SUP15,100,21.5,2150.0
PO-01371,2024-04-08,P032,SUP15,150,21.83,3274.5
PO-01372,2024-04-08,P034,SUP05,150,27.34,4101.0
PO-01373,2024-04-08,P004,SUP15,300,3.41,1023.0
PO-01374,2024-04-08,P039,SUP15,500,14.23,7115.0
PO-01375,2024-04-08,P017,SUP10,150,19.71,2956.5
PO-01376,2024-04-08,P024,SUP13,500,5.31,2655.0
PO-01377,2024-04-08,P025,SUP14,60,34.87,2092.2
PO-01378,2024-04-08,P032,SUP05,300,21.37,6411.0
PO-01379,2024-04-08,P001,SUP11,400,18.97,7588.0
PO-01380,2024-04-08,P048,SUP15,150,20.45,3067.5
PO-01381,2024-04-08,P024,SUP14,400,5.35,2140.0
PO-01382,2024-04-08,P036,SUP15,80,32.88,2630.4
PO-01383,2024-04-08,P020,SUP06,50,26.94,1347.0
PO-01384,2024-04-08,P004,SUP15,100,3.39,339.0
PO-01385,2024-04-08,P034,SUP14,500,28.57,14285.0
PO-01386,2024-04-09,P021,SUP04,300,48.89,14667.0
PO-01387,2024-04-09,P003,SUP15,40,83.93,3357.2
PO-01388,2024-04-09,P048,SUP14,400,20.98,8392.0
PO-01389,2024-04-09,P031,SUP14,250,38.38,9595.0
PO-01390,2024-04-09,P028,SUP14,10,85.37,853.7
PO-01391,2024-04-09,P021,SUP14,150,48.02,7203.0
PO-01392,2024-04-09,P039,SUP05,150,14.52,2178.0
PO-01393,2024-04-09,P034,SUP09,400,27.86,11144.0
PO-01394,2024-04-09,P017,SUP01,250,19.5,4875.0
PO-01395,2024-04-09,P043,SUP15,200,15.59,3118.0
PO-01396,2024-04-09,P036,SUP09,100,31.42,3142.0
PO-01397,2024-04-10,P025,SUP04,80,35.72,2857.6
PO-01398,2024-04-10,P005,SUP15,50,7.91,395.5
PO-01399,2024-04-10,P021,SUP13,500,47.77,23885.0
PO-01400,2024-04-10,P020,SUP06,40,26.02,1040.8
PO-01401,2024-04-10,P001,SUP11,100,18.85,1885.0
PO-01402,2024-04-10,P024,SUP07,500,5.07,2535.0
PO-01403,2024-04-10,P009,SUP01,120,23.95,2874.0
PO-01404,2024-04-10,P003,SUP11,50,84.47,4223.5
PO-01405,2024-04-10,P021,SUP14,300,47.56,14268.0
PO-01406,2024-04-10,P001,SUP02,100,18.51,1851.0
PO-01407,2024-04-10,P012,SUP03,40,108.85,4354.0
PO-01408,2024-04-10,P033,SUP15,300,16.51,4953.0
PO-01409,2024-04-10,P031,SUP14,500,38.53,19265.0
PO-01410,2024-04-10,P024,SUP14,200,5.08,1016.0
PO-01411,2024-04-10,P017,SUP10,200,20.33,4066.0
PO-01412,2024-04-10,P019,SUP08,30,94.92,2847.6
PO-01413,2024-04-10,P017,SUP08,100,19.26,1926.0
PO-01414,2024-04-10,P015,SUP08,120,41.61,4993.2
PO-01415,2024-04-10,P031,SUP15,500,39.4,19700.0
PO-01416,2024-04-11,P020,SUP08,80,26.93,2154.4
PO-01417,2024-04-11,P020,SUP10,120,26.39,3166.8
PO-01418,2024-04-11,P031,SUP05,500,38.48,19240.0
PO-01419,2024-04-11,P002,SUP02,150,6.22,933.0
PO-01420,2024-04-11,P037,SUP14,400,17.83,7132.0
PO-01421,2024-04-11,P037,SUP15,100,18.32,1832.0
PO-01422,2024-04-11,P040,SUP05,200,12.06,2412.0
PO-01423,2024-04-11,P037,SUP14,400,17.65,7060.0
PO-01424,2024-04-11,P011,SUP08,400,12.69,5076.0
PO-01425,2024-04-11,P008,SUP06,200,2.11,422.0
PO-01426,2024-04-11,P003,SUP06,80,87.47,6997.6
PO-01427,2024-04-11,P040,SUP14,100,12.15,1215.0
PO-01428,2024-04-11,P013,SUP10,40,32.82,1312.8
PO-01429,2024-04-11,P016,SUP03,120,58.51,7021.2
PO-01430,2024-04-12,P021,SUP13,200,48.66,9732.0
PO-01431,2024-04-12,P011,SUP01,500,12.78,6390.0
PO-01432,2024-04-12,P001,SUP01,150,18.66,2799.0
PO-01433,2024-04-12,P007,SUP01,80,66.55,5324.0
PO-01434,2024-04-12,P030,SUP13,400,73.05,29220.0
PO-01435,2024-04-12,P023,SUP07,40,62.13,2485.2
PO-01436,2024-04-12,P031,SUP15,150,39.2,5880.0
PO-01437,2024-04-12,P024,SUP04,100,5.16,516.0
PO-01438,2024-04-12,P034,SUP09,500,27.54,13770.0
PO-01439,2024-04-12,P043,SUP01,300,15.86,4758.0
PO-01440,2024-04-12,P024,SUP14,400,5.08,2032.0
PO-01441,2024-04-12,P031,SUP15,150,37.87,5680.5
PO-01442,2024-04-12,P021,SUP15,500,49.26,24630.0
PO-01443,2024-04-12,P040,SUP09,200,12.36,2472.0
PO-01444,2024-04-12,P039,SUP09,200,14.52,2904.0
PO-01445,2024-04-12,P030,SUP13,400,70.14,28056.0
PO-01446,2024-04-13,P013,SUP10,80,31.84,2547.2
PO-01447,2024-04-13,P016,SUP10,100,57.68,5768.0
PO-01448,2024-04-13,P017,SUP01,250,19.97,4992.5
PO-01449,2024-04-13,P017,SUP01,400,20.29,8116.0
PO-01450,2024-04-13,P004,SUP15,500,3.35,1675.0
PO-01451,2024-04-13,P035,SUP15,40,46.14,1845.6
PO-01452,2024-04-13,P011,SUP08,400,12.17,4868.0
PO-01453,2024-04-13,P031,SUP09,100,38.21,3821.0
PO-01454,2024-04-13,P022,SUP04,40,91.62,3664.8
PO-01455,2024-04-13,P016,SUP10,50,56.7,2835.0
PO-01456,2024-04-13,P020,SUP06,50,26.32,1316.0
PO-01457,2024-04-13,P024,SUP07,500,5.07,2535.0
PO-01458,2024-04-13,P030,SUP04,300,71.05,21315.0
PO-01459,2024-04-13,P010,SUP15,50,44.23,2211.5
PO-01460,2024-04-13,P003,SUP06,120,86.65,10398.0
PO-01461,2024-04-13,P030,SUP15,250,72.46,18115.0
PO-01462,2024-04-13,P001,SUP06,500,18.2,9100.0
PO-01463,2024-04-13,P050,SUP12,20,95.26,1905.2
PO-01464,2024-04-13,P014,SUP01,100,74.02,7402.0
PO-01465,2024-04-13,P014,SUP08,50,74.58,3729.0
PO-01466,2024-04-13,P049,SUP08,30,369.69,11090.7
PO-01467,2024-04-13,P040,SUP14,500,11.77,5885.0
PO-01468,2024-04-14,P024,SUP14,150,5.34,801.0
PO-01469,2024-04-14,P048,SUP15,300,20.89,6267.0
PO-01470,2024-04-14,P035,SUP14,100,45.83,4583.0
PO-01471,2024-04-14,P013,SUP06,120,32.16,3859.2
PO-01472,2024-04-14,P048,SUP08,200,20.83,4166.0
PO-01473,2024-04-14,P005,SUP15,120,7.87,944.4
PO-01474,2024-04-14,P016,SUP01,120,56.52,6782.4
PO-01475,2024-04-14,P021,SUP14,200,49.31,9862.0
PO-01476,2024-04-14,P038,SUP05,80,24.48,1958.4
PO-01477,2024-04-14,P015,SUP03,100,43.57,4357.0
PO-01478,2024-04-14,P037,SUP05,300,18.42,5526.0
PO-01479,2024-04-14,P017,SUP08,100,20.03,2003.0
PO-01480,2024-04-14,P043,SUP15,300,15.36,4608.0
PO-01481,2024-04-14,P032,SUP05,100,22.5,2250.0
PO-01482,2024-04-14,P017,SUP03,150,19.29,2893.5
PO-01483,2024-04-15,P008,SUP06,150,2.06,309.0
PO-01484,2024-04-15,P011,SUP06,100,12.49,1249.0
PO-01485,2024-04-15,P010,SUP06,50,46.3,2315.0
PO-01486,2024-04-15,P017,SUP03,500,19.6,9800.0
PO-01487,2024-04-15,P044,SUP08,10,79.7,797.0
PO-01488,2024-04-15,P003,SUP02,120,82.61,9913.2
PO-01489,2024-04-15,P048,SUP08,200,21.16,4232.0
PO-01490,2024-04-15,P033,SUP09,250,16.67,4167.5
PO-01491,2024-04-15,P010,SUP02,40,44.51,1780.4
PO-01492,2024-04-15,P006,SUP01,20,116.48,2329.6
PO-01493,2024-04-15,P001,SUP01,300,18.47,5541.0
PO-01494,2024-04-15,P040,SUP15,100,11.93,1193.0
PO-01495,2024-04-15,P010,SUP06,40,45.56,1822.4
PO-01496,2024-04-15,P031,SUP09,200,39.26,7852.0
PO-01497,2024-04-15,P020,SUP10,40,26.54,1061.6
PO-01498,2024-04-15,P030,SUP14,300,70.85,21255.0
PO-01499,2024-04-15,P024,SUP13,500,5.08,2540.0
PO-01500,2024-04-15,P033,SUP15,100,16.44,1644.0
PO-01501,2024-04-15,P029,SUP04,50,117.64,5882.0
PO-01502,2024-04-15,P037,SUP14,500,17.89,8945.0
PO-01503,2024-04-15,P016,SUP06,40,57.01,2280.4
PO-01504,2024-04-16,P030,SUP14,250,70.14,17535.0
PO-01505,2024-04-16,P032,SUP14,400,22.13,8852.0
PO-01506,2024-04-16,P002,SUP06,250,6.37,1592.5
PO-01507,2024-04-16,P034,SUP09,250,28.33,7082.5
PO-01508,2024-04-16,P016,SUP06,100,59.56,5956.0
PO-01509,2024-04-16,P049,SUP01,15,380.02,5700.3
PO-01510,2024-04-16,P042,SUP01,50,69.71,3485.5
PO-01511,2024-04-16,P020,SUP08,40,27.02,1080.8
PO-01512,2024-04-16,P032,SUP05,500,22.38,11190.0
PO-01513,2024-04-16,P033,SUP09,400,16.19,6476.0
PO-01514,2024-04-17,P020,SUP10,40,26.48,1059.2
PO-01515,2024-04-17,P004,SUP02,150,3.33,499.5
PO-01516,2024-04-17,P045,SUP12,40,36.44,1457.6
PO-01517,2024-04-17,P032,SUP05,500,21.88,10940.0
PO-01518,2024-04-17,P041,SUP01,10,52.62,526.2
PO-01519,2024-04-17,P018,SUP03,30,238.26,7147.8
PO-01520,2024-04-17,P014,SUP01,40,75.63,3025.2
PO-01521,2024-04-17,P029,SUP07,40,117.17,4686.8
PO-01522,2024-04-17,P039,SUP15,200,14.12,2824.0
PO-01523,2024-04-17,P011,SUP03,500,12.33,6165.0
PO-01524,2024-04-17,P045,SUP01,80,35.12,2809.6
PO-01525,2024-04-17,P014,SUP03,120,75.89,9106.8
PO-01526,2024-04-17,P033,SUP05,300,16.94,5082.0
PO-01527,2024-04-18,P011,SUP03,400,12.42,4968.0
PO-01528,2024-04-18,P022,SUP14,80,91.84,7347.2
PO-01529,2024-04-18,P039,SUP05,300,14.33,4299.0
PO-01530,2024-04-18,P045,SUP14,120,35.18,4221.6
PO-01531,2024-04-18,P036,SUP09,100,31.89,3189.0
PO-01532,2024-04-18,P004,SUP06,100,3.31,331.0
PO-01533,2024-04-18,P043,SUP01,300,15.62,4686.0
PO-01534,2024-04-18,P025,SUP07,80,34.18,2734.4
PO-01535,2024-04-18,P032,SUP05,500,22.21,11105.0
PO-01536,2024-04-18,P005,SUP01,50,7.92,396.0
PO-01537,2024-04-18,P048,SUP08,300,20.43,6129.0
PO-01538,2024-04-18,P005,SUP15,40,7.79,311.6
PO-01539,2024-04-18,P033,SUP09,100,16.99,1699.0
PO-01540,2024-04-18,P023,SUP07,50,63.75,3187.5
PO-01541,2024-04-18,P039,SUP05,200,14.47,2894.0
PO-01542,2024-04-18,P042,SUP14,120,66.4,7968.0
PO-01543,2024-04-18,P048,SUP15,300,20.88,6264.0
PO-01544,2024-04-18,P004,SUP02,100,3.45,345.0
PO-01545,2024-04-18,P043,SUP08,500,15.27,7635.0
PO-01546,2024-04-18,P039,SUP14,300,14.19,4257.0
PO-01547,2024-04-18,P038,SUP14,60,25.34,1520.4
PO-01548,2024-04-18,P048,SUP15,100,20.84,2084.0
PO-01549,2024-04-19,P025,SUP07,40,35.41,1416.4
PO-01550,2024-04-19,P001,SUP02,500,18.01,9005.0
PO-01551,2024-04-19,P009,SUP01,40,24.59,983.6
PO-01552,2024-04-19,P031,SUP09,150,38.09,5713.5
PO-01553,2024-04-19,P001,SUP15,200,18.12,3624.0
PO-01554,2024-04-19,P030,SUP04,200,71.0,14200.0
PO-01555,2024-04-19,P031,SUP15,150,38.98,5847.0
PO-01556,2024-04-19,P015,SUP03,40,43.62,1744.8
PO-01557,2024-04-20,P004,SUP06,400,3.42,1368.0
PO-01558,2024-04-20,P046,SUP15,80,29.62,2369.6
PO-01559,2024-04-20,P001,SUP02,250,18.35,4587.5
PO-01560,2024-04-20,P003,SUP01,40,85.19,3407.6
PO-01561,2024-04-20,P037,SUP14,500,17.51,8755.0
PO-01562,2024-04-20,P017,SUP06,150,19.81,2971.5
PO-01563,2024-04-20,P037,SUP14,150,17.92,2688.0
PO-01564,2024-04-20,P045,SUP15,60,36.3,2178.0
PO-01565,2024-04-20,P002,SUP01,250,6.24,1560.0
PO-01566,2024-04-20,P007,SUP11,40,66.11,2644.4
PO-01567,2024-04-20,P034,SUP05,400,28.65,11460.0
PO-01568,2024-04-20,P043,SUP12,250,15.61,3902.5
PO-01569,2024-04-20,P019,SUP03,10,96.24,962.4
PO-01570,2024-04-20,P004,SUP11,500,3.3,1650.0
PO-01571,2024-04-20,P034,SUP09,500,27.82,13910.0
PO-01572,2024-04-20,P011,SUP03,200,12.84,2568.0
PO-01573,2024-04-20,P009,SUP06,40,23.51,940.4
PO-01574,2024-04-20,P043,SUP12,100,15.15,1515.0
PO-01575,2024-04-20,P030,SUP13,150,69.96,10494.0
PO-01576,2024-04-20,P008,SUP06,250,2.13,532.5
PO-01577,2024-04-21,P043,SUP01,400,15.7,6280.0
PO-01578,2024-04-21,P013,SUP01,50,32.29,1614.5
PO-01579,2024-04-21,P039,SUP15,400,14.58,5832.0
PO-01580,2024-04-21,P008,SUP11,150,2.1,315.0
PO-01581,2024-04-21,P043,SUP12,100,15.5,1550.0
PO-01582,2024-04-21,P031,SUP05,300,38.09,11427.0
PO-01583,2024-04-21,P031,SUP09,200,39.13,7826.0
PO-01584,2024-04-21,P008,SUP02,150,2.06,309.0
PO-01585,2024-04-21,P014,SUP10,40,74.81,2992.4
PO-01586,2024-04-21,P004,SUP02,250,3.42,855.0
PO-01587,2024-04-21,P003,SUP11,50,87.17,4358.5
PO-01588,2024-04-21,P016,SUP08,120,58.12,6974.4
PO-01589,2024-04-21,P008,SUP02,100,2.12,212.0
PO-01590,2024-04-21,P020,SUP01,60,26.16,1569.6
PO-01591,2024-04-21,P021,SUP04,300,47.55,14265.0
PO-01592,2024-04-21,P024,SUP15,300,5.27,1581.0
PO-01593,2024-04-21,P029,SUP04,60,113.79,6827.4
PO-01594,2024-04-21,P010,SUP02,100,44.0,4400.0
PO-01595,2024-04-21,P009,SUP01,50,24.62,1231.0
PO-01596,2024-04-22,P004,SUP11,200,3.3,660.0
PO-01597,2024-04-22,P032,SUP09,300,22.57,6771.0
PO-01598,2024-04-22,P001,SUP15,300,18.12,5436.0
PO-01599,2024-04-22,P019,SUP06,30,94.96,2848.8
PO-01600,2024-04-22,P012,SUP03,10,109.21,1092.1
PO-01601,2024-04-22,P037,SUP14,300,18.1,5430.0
PO-01602,2024-04-22,P030,SUP07,400,72.77,29108.0
PO-01603,2024-04-22,P046,SUP14,100,28.62,2862.0
PO-01604,2024-04-22,P004,SUP02,250,3.41,852.5
PO-01605,2024-04-22,P039,SUP09,150,14.3,2145.0
PO-01606,2024-04-22,P030,SUP14,150,71.49,10723.5
PO-01607,2024-04-22,P001,SUP15,250,18.72,4680.0
PO-01608,2024-04-22,P040,SUP09,400,11.75,4700.0
PO-01609,2024-04-22,P043,SUP01,300,15.52,4656.0
PO-01610,2024-04-22,P016,SUP10,120,58.07,6968.4
PO-01611,2024-04-22,P040,SUP15,150,11.72,1758.0
PO-01612,2024-04-22,P043,SUP12,250,15.04,3760.0
PO-01613,2024-04-22,P001,SUP15,500,18.47,9235.0
PO-01614,2024-04-22,P020,SUP01,60,26.24,1574.4
PO-01615,2024-04-22,P010,SUP01,100,45.9,4590.0
PO-01616,2024-04-22,P039,SUP09,150,14.56,2184.0
PO-01617,2024-04-22,P033,SUP14,400,16.17,6468.0
PO-01618,2024-04-23,P048,SUP14,250,21.34,5335.0
PO-01619,2024-04-23,P020,SUP03,80,25.75,2060.0
PO-01620,2024-04-23,P008,SUP15,100,2.04,204.0
PO-01621,2024-04-23,P011,SUP08,150,12.69,1903.5
PO-01622,2024-04-23,P037,SUP05,100,18.28,1828.0
PO-01623,2024-04-23,P022,SUP14,80,91.24,7299.2
PO-01624,2024-04-23,P014,SUP10,40,75.85,3034.0
PO-01625,2024-04-23,P004,SUP06,250,3.34,835.0
PO-01626,2024-04-23,P043,SUP15,200,15.55,3110.0
PO-01627,2024-04-23,P043,SUP14,100,15.15,1515.0
PO-01628,2024-04-23,P048,SUP15,300,21.09,6327.0
PO-01629,2024-04-23,P046,SUP08,120,29.33,3519.6
PO-01630,2024-04-23,P048,SUP15,200,20.86,4172.0
PO-01631,2024-04-23,P033,SUP14,400,16.54,6616.0
PO-01632,2024-04-23,P017,SUP03,200,20.07,4014.0
PO-01633,2024-04-23,P002,SUP11,100,6.19,619.0
PO-01634,2024-04-23,P011,SUP01,250,12.73,3182.5
PO-01635,2024-04-24,P011,SUP08,250,12.53,3132.5
PO-01636,2024-04-24,P008,SUP06,100,2.15,215.0
PO-01637,2024-04-24,P024,SUP07,500,5.24,2620.0
PO-01638,2024-04-24,P023,SUP04,100,65.51,6551.0
PO-01639,2024-04-24,P004,SUP01,100,3.37,337.0
PO-01640,2024-04-24,P030,SUP07,300,71.13,21339.0
PO-01641,2024-04-24,P015,SUP10,50,41.73,2086.5
PO-01642,2024-04-24,P032,SUP14,150,21.9,3285.0
PO-01643,2024-04-24,P048,SUP08,150,21.19,3178.5
PO-01644,2024-04-24,P040,SUP09,300,12.36,3708.0
PO-01645,2024-04-24,P023,SUP07,40,62.68,2507.2
PO-01646,2024-04-24,P023,SUP14,40,64.71,2588.4
PO-01647,2024-04-24,P020,SUP01,50,26.59,1329.5
PO-01648,2024-04-24,P032,SUP15,150,22.05,3307.5
PO-01649,2024-04-25,P032,SUP14,200,22.37,4474.0
PO-01650,2024-04-25,P048,SUP01,500,20.47,10235.0
PO-01651,2024-04-25,P034,SUP05,100,28.79,2879.0
PO-01652,2024-04-25,P022,SUP14,50,92.8,4640.0
PO-01653,2024-04-25,P048,SUP15,300,21.15,6345.0
PO-01654,2024-04-25,P022,SUP15,40,94.5,3780.0
PO-01655,2024-04-25,P046,SUP14,50,29.81,1490.5
PO-01656,2024-04-25,P040,SUP05,250,11.76,2940.0
PO-01657,2024-04-25,P043,SUP12,150,15.83,2374.5
PO-01658,2024-04-25,P038,SUP09,120,24.81,2977.2
PO-01659,2024-04-25,P016,SUP03,80,57.62,4609.6
PO-01660,2024-04-25,P018,SUP08,10,237.47,2374.7
PO-01661,2024-04-25,P016,SUP08,40,58.36,2334.4
PO-01662,2024-04-26,P030,SUP13,300,71.3,21390.0
PO-01663,2024-04-26,P045,SUP15,120,36.52,4382.4
PO-01664,2024-04-26,P043,SUP15,400,15.31,6124.0
PO-01665,2024-04-26,P024,SUP07,300,5.29,1587.0
PO-01666,2024-04-26,P035,SUP09,50,44.18,2209.0
PO-01667,2024-04-26,P012,SUP01,30,108.26,3247.8
PO-01668,2024-04-26,P033,SUP14,400,16.63,6652.0
PO-01669,2024-04-26,P032,SUP14,500,21.73,10865.0
PO-01670,2024-04-26,P021,SUP14,400,47.46,18984.0
PO-01671,2024-04-26,P016,SUP03,60,57.98,3478.8
PO-01672,2024-04-26,P039,SUP14,250,14.32,3580.0
PO-01673,2024-04-26,P038,SUP14,80,25.55,2044.0
PO-01674,2024-04-26,P014,SUP03,40,76.92,3076.8
PO-01675,2024-04-26,P015,SUP03,100,42.17,4217.0
PO-01676,2024-04-26,P032,SUP15,250,21.76,5440.0
PO-01677,2024-04-26,P037,SUP15,300,17.47,5241.0
PO-01678,2024-04-26,P026,SUP13,10,54.78,547.8
PO-01679,2024-04-26,P021,SUP07,150,46.84,7026.0
PO-01680,2024-04-27,P001,SUP01,500,18.78,9390.0
PO-01681,2024-04-27,P042,SUP12,80,65.97,5277.6
PO-01682,2024-04-27,P046,SUP15,50,28.8,1440.0
PO-01683,2024-04-27,P044,SUP08,40,81.65,3266.0
PO-01684,2024-04-27,P006,SUP02,30,117.88,3536.4
PO-01685,2024-04-27,P017,SUP06,400,19.5,7800.0
PO-01686,2024-04-27,P008,SUP15,250,2.1,525.0
PO-01687,2024-04-27,P002,SUP02,400,6.27,2508.0
PO-01688,2024-04-27,P015,SUP06,100,41.73,4173.0
PO-01689,2024-04-27,P016,SUP10,50,58.72,2936.0
PO-01690,2024-04-27,P021,SUP04,500,48.32,24160.0
PO-01691,2024-04-27,P033,SUP09,100,16.25,1625.0
PO-01692,2024-04-27,P034,SUP14,100,28.17,2817.0
PO-01693,2024-04-27,P014,SUP03,40,74.79,2991.6
PO-01694,2024-04-27,P046,SUP14,120,28.51,3421.2
PO-01695,2024-04-27,P025,SUP07,40,34.64,1385.6
PO-01696,2024-04-27,P023,SUP14,80,63.41,5072.8
PO-01697,2024-04-27,P032,SUP15,250,22.29,5572.5
PO-01698,2024-04-27,P033,SUP09,250,16.13,4032.5
PO-01699,2024-04-27,P031,SUP15,400,38.11,15244.0
PO-01700,2024-04-27,P031,SUP14,200,39.23,7846.0
PO-01701,2024-04-27,P003,SUP02,120,86.61,10393.2
PO-01702,2024-04-27,P017,SUP06,500,19.85,9925.0
PO-01703,2024-04-28,P002,SUP15,250,6.16,1540.0
PO-01704,2024-04-28,P026,SUP14,30,54.35,1630.5
PO-01705,2024-04-28,P021,SUP04,100,49.31,4931.0
PO-01706,2024-04-28,P008,SUP02,500,2.08,1040.0
PO-01707,2024-04-28,P024,SUP15,300,5.33,1599.0
PO-01708,2024-04-28,P031,SUP09,500,38.62,19310.0
PO-01709,2024-04-28,P024,SUP13,500,5.21,2605.0
PO-01710,2024-04-28,P035,SUP09,100,44.13,4413.0
PO-01711,2024-04-28,P030,SUP14,200,72.57,14514.0
PO-01712,2024-04-28,P004,SUP06,150,3.45,517.5
PO-01713,2024-04-28,P008,SUP01,200,2.12,424.0
PO-01714,2024-04-28,P032,SUP14,250,21.37,5342.5
PO-01715,2024-04-29,P030,SUP14,400,72.12,28848.0
PO-01716,2024-04-29,P016,SUP01,60,56.8,3408.0
PO-01717,2024-04-29,P017,SUP01,200,20.17,4034.0
PO-01718,2024-04-29,P037,SUP15,150,18.01,2701.5
PO-01719,2024-04-29,P029,SUP13,120,113.61,13633.2
PO-01720,2024-04-29,P043,SUP01,500,15.18,7590.0
PO-01721,2024-04-29,P008,SUP06,400,2.14,856.0
PO-01722,2024-04-29,P031,SUP09,200,38.42,7684.0
PO-01723,2024-04-29,P032,SUP05,200,22.6,4520.0
PO-01724,2024-04-29,P028,SUP13,30,87.38,2621.4
PO-01725,2024-04-29,P014,SUP01,120,75.83,9099.6
PO-01726,2024-04-29,P030,SUP04,500,74.15,37075.0
PO-01727,2024-04-30,P017,SUP01,100,19.48,1948.0
PO-01728,2024-04-30,P017,SUP10,250,19.59,4897.5
PO-01729,2024-04-30,P031,SUP05,500,38.32,19160.0
PO-01730,2024-04-30,P031,SUP05,100,39.34,3934.0
PO-01731,2024-04-30,P011,SUP03,200,12.84,2568.0
PO-01732,2024-04-30,P007,SUP11,120,66.77,8012.4
PO-01733,2024-04-30,P040,SUP09,100,12.0,1200.0
PO-01734,2024-04-30,P017,SUP10,300,19.59,5877.0
PO-01735,2024-04-30,P021,SUP13,300,49.07,14721.0
PO-01736,2024-05-01,P001,SUP01,250,17.97,4492.5
PO-01737,2024-05-01,P042,SUP12,50,68.52,3426.0
PO-01738,2024-05-01,P017,SUP06,100,20.04,2004.0
PO-01739,2024-05-01,P039,SUP14,400,14.9,5960.0
PO-01740,2024-05-01,P040,SUP15,200,12.35,2470.0
PO-01741,2024-05-01,P021,SUP15,200,48.98,9796.0
PO-01742,2024-05-01,P033,SUP09,250,16.78,4195.0
PO-01743,2024-05-01,P033,SUP05,150,16.87,2530.5
PO-01744,2024-05-01,P010,SUP11,40,45.04,1801.6
PO-01745,2024-05-01,P036,SUP09,80,32.16,2572.8
PO-01746,2024-05-01,P036,SUP14,80,32.29,2583.2
PO-01747,2024-05-01,P023,SUP14,120,63.65,7638.0
PO-01748,2024-05-01,P017,SUP03,300,20.3,6090.0
PO-01749,2024-05-01,P024,SUP14,150,5.2,780.0
PO-01750,2024-05-01,P043,SUP15,200,15.46,3092.0
PO-01751,2024-05-02,P038,SUP09,50,24.89,1244.5
PO-01752,2024-05-02,P004,SUP01,200,3.39,678.0
PO-01753,2024-05-02,P042,SUP15,120,66.97,8036.4
PO-01754,2024-05-02,P025,SUP15,100,35.99,3599.0
PO-01755,2024-05-02,P024,SUP15,100,5.15,515.0
PO-01756,2024-05-02,P038,SUP09,40,25.12,1004.8
PO-01757,2024-05-02,P035,SUP05,50,46.27,2313.5
PO-01758,2024-05-02,P004,SUP11,400,3.36,1344.0
PO-01759,2024-05-02,P003,SUP06,50,84.97,4248.5
PO-01760,2024-05-02,P032,SUP14,100,22.6,2260.0
PO-01761,2024-05-02,P048,SUP08,150,20.79,3118.5
PO-01762,2024-05-02,P008,SUP11,150,2.15,322.5
PO-01763,2024-05-02,P040,SUP15,400,12.28,4912.0
PO-01764,2024-05-03,P047,SUP12,15,80.08,1201.2
PO-01765,2024-05-03,P037,SUP15,100,18.16,1816.0
PO-01766,2024-05-03,P026,SUP13,10,54.03,540.3
PO-01767,2024-05-03,P005,SUP11,100,7.6,760.0
PO-01768,2024-05-03,P003,SUP02,80,87.03,6962.4
PO-01769,2024-05-03,P010,SUP06,80,45.47,3637.6
PO-01770,2024-05-03,P043,SUP14,300,15.1,4530.0
PO-01771,2024-05-03,P037,SUP09,400,18.03,7212.0
PO-01772,2024-05-03,P023,SUP04,40,64.79,2591.6
PO-01773,2024-05-03,P002,SUP06,500,6.12,3060.0
PO-01774,2024-05-03,P013,SUP03,50,31.77,1588.5
PO-01775,2024-05-03,P015,SUP10,60,41.4,2484.0
PO-01776,2024-05-03,P039,SUP09,200,14.88,2976.0
PO-01777,2024-05-04,P021,SUP04,500,49.26,24630.0
PO-01778,2024-05-04,P031,SUP05,200,37.98,7596.0
PO-01779,2024-05-04,P042,SUP14,50,68.45,3422.5
PO-01780,2024-05-04,P040,SUP15,250,12.12,3030.0
PO-01781,2024-05-04,P046,SUP14,100,28.63,2863.0
PO-01782,2024-05-04,P017,SUP01,100,20.35,2035.0
PO-01783,2024-05-04,P043,SUP15,250,15.06,3765.0
PO-01784,2024-05-04,P027,SUP07,20,136.4,2728.0
PO-01785,2024-05-04,P009,SUP06,60,23.51,1410.6
PO-01786,2024-05-04,P022,SUP14,60,94.64,5678.4
PO-01787,2024-05-04,P017,SUP06,100,19.54,1954.0
PO-01788,2024-05-04,P020,SUP01,120,26.01,3121.2
PO-01789,2024-05-04,P007,SUP11,120,64.97,7796.4
PO-01790,2024-05-05,P005,SUP01,100,7.73,773.0
PO-01791,2024-05-05,P033,SUP15,250,16.97,4242.5
PO-01792,2024-05-05,P009,SUP06,100,24.16,2416.0
PO-01793,2024-05-05,P033,SUP14,150,16.68,2502.0
PO-01794,2024-05-05,P037,SUP14,200,17.78,3556.0
PO-01795,2024-05-05,P046,SUP12,80,29.26,2340.8
PO-01796,2024-05-05,P004,SUP02,250,3.37,842.5
PO-01797,2024-05-05,P015,SUP08,50,41.98,2099.0
PO-01798,2024-05-05,P048,SUP01,200,20.5,4100.0
PO-01799,2024-05-05,P040,SUP15,150,12.12,1818.0
PO-01800,2024-05-05,P039,SUP09,400,14.84,5936.0
PO-01801,2024-05-05,P042,SUP08,100,69.31,6931.0
PO-01802,2024-05-05,P022,SUP04,40,94.64,3785.6
PO-01803,2024-05-05,P033,SUP09,250,16.75,4187.5
PO-01804,2024-05-05,P033,SUP05,150,16.19,2428.5
PO-01805,2024-05-05,P031,SUP05,250,38.76,9690.0
PO-01806,2024-05-06,P040,SUP09,100,12.24,1224.0
PO-01807,2024-05-06,P011,SUP06,400,12.86,5144.0
PO-01808,2024-05-06,P029,SUP13,100,112.98,11298.0
PO-01809,2024-05-06,P004,SUP01,250,3.43,857.5
PO-01810,2024-05-06,P030,SUP14,100,70.21,7021.0
PO-01811,2024-05-06,P035,SUP09,100,44.26,4426.0
PO-01812,2024-05-06,P001,SUP06,100,18.57,1857.0
PO-01813,2024-05-06,P037,SUP15,300,17.84,5352.0
PO-01814,2024-05-06,P016,SUP10,100,57.08,5708.0
PO-01815,2024-05-06,P037,SUP15,100,17.95,1795.0
PO-01816,2024-05-06,P043,SUP14,300,15.66,4698.0
PO-01817,2024-05-06,P039,SUP05,200,14.9,2980.0
PO-01818,2024-05-06,P029,SUP04,50,116.0,5800.0
PO-01819,2024-05-06,P006,SUP01,40,120.96,4838.4
PO-01820,2024-05-07,P037,SUP14,200,17.5,3500.0
PO-01821,2024-05-07,P001,SUP06,150,18.95,2842.5
PO-01822,2024-05-07,P004,SUP02,500,3.3,1650.0
PO-01823,2024-05-07,P011,SUP08,100,12.25,1225.0
PO-01824,2024-05-07,P016,SUP06,80,58.22,4657.6
PO-01825,2024-05-07,P002,SUP01,500,6.36,3180.0
PO-01826,2024-05-07,P014,SUP10,100,76.49,7649.0
PO-01827,2024-05-07,P023,SUP14,60,64.89,3893.4
PO-01828,2024-05-07,P007,SUP06,80,67.45,5396.0
PO-01829,2024-05-07,P017,SUP06,500,20.07,10035.0
PO-01830,2024-05-07,P022,SUP07,60,94.57,5674.2
PO-01831,2024-05-07,P008,SUP06,200,2.13,426.0
PO-01832,2024-05-07,P048,SUP15,300,21.39,6417.0
PO-01833,2024-05-07,P020,SUP03,60,26.73,1603.8
PO-01834,2024-05-07,P011,SUP06,200,12.43,2486.0
PO-01835,2024-05-07,P009,SUP15,40,23.79,951.6
PO-01836,2024-05-07,P021,SUP07,250,46.84,11710.0
PO-01837,2024-05-07,P036,SUP05,100,31.77,3177.0
PO-01838,2024-05-07,P027,SUP15,10,142.02,1420.2
PO-01839,2024-05-07,P007,SUP11,60,64.47,3868.2
PO-01840,2024-05-08,P023,SUP13,80,63.09,5047.2
PO-01841,2024-05-08,P040,SUP15,400,12.04,4816.0
PO-01842,2024-05-08,P031,SUP09,300,38.26,11478.0
PO-01843,2024-05-08,P034,SUP05,200,27.19,5438.0
PO-01844,2024-05-08,P036,SUP09,50,32.05,1602.5
PO-01845,2024-05-08,P010,SUP02,60,45.29,2717.4
PO-01846,2024-05-08,P039,SUP09,500,14.22,7110.0
PO-01847,2024-05-08,P017,SUP03,200,19.44,3888.0
PO-01848,2024-05-08,P020,SUP01,80,26.5,2120.0
PO-01849,2024-05-08,P039,SUP14,500,14.12,7060.0
PO-01850,2024-05-08,P009,SUP06,80,24.03,1922.4
PO-01851,2024-05-08,P021,SUP13,250,48.71,12177.5
PO-01852,2024-05-08,P020,SUP01,80,26.13,2090.4
PO-01853,2024-05-08,P024,SUP14,200,5.2,1040.0
PO-01854,2024-05-08,P032,SUP09,150,21.96,3294.0
PO-01855,2024-05-08,P013,SUP03,40,31.29,1251.6
PO-01856,2024-05-08,P022,SUP07,80,92.53,7402.4
PO-01857,2024-05-08,P037,SUP09,200,18.42,3684.0
PO-01858,2024-05-08,P046,SUP14,50,29.02,1451.0
PO-01859,2024-05-09,P032,SUP14,400,21.87,8748.0
PO-01860,2024-05-09,P032,SUP14,150,22.01,3301.5
PO-01861,2024-05-09,P013,SUP06,50,31.98,1599.0
PO-01862,2024-05-09,P035,SUP15,80,44.36,3548.8
PO-01863,2024-05-09,P011,SUP01,500,12.67,6335.0
PO-01864,2024-05-09,P010,SUP02,80,45.26,3620.8
PO-01865,2024-05-09,P030,SUP07,400,70.62,28248.0
PO-01866,2024-05-09,P024,SUP15,400,5.13,2052.0
PO-01867,2024-05-09,P032,SUP09,150,21.64,3246.0
PO-01868,2024-05-09,P039,SUP15,300,14.7,4410.0
PO-01869,2024-05-09,P010,SUP11,50,44.53,2226.5
PO-01870,2024-05-09,P013,SUP03,40,31.73,1269.2
PO-01871,2024-05-09,P011,SUP08,500,12.69,6345.0
PO-01872,2024-05-09,P017,SUP01,200,19.95,3990.0
PO-01873,2024-05-09,P011,SUP01,200,12.77,2554.0
PO-01874,2024-05-09,P021,SUP04,150,47.82,7173.0
PO-01875,2024-05-09,P031,SUP09,500,38.38,19190.0
PO-01876,2024-05-09,P025,SUP04,100,34.25,3425.0
PO-01877,2024-05-09,P032,SUP15,300,21.84,6552.0
PO-01878,2024-05-09,P007,SUP06,100,65.09,6509.0
PO-01879,2024-05-09,P045,SUP08,50,36.8,1840.0
PO-01880,2024-05-09,P025,SUP07,40,35.44,1417.6
PO-01881,2024-05-09,P030,SUP04,500,73.57,36785.0
PO-01882,2024-05-09,P039,SUP15,200,14.72,2944.0
PO-01883,2024-05-09,P034,SUP15,150,27.97,4195.5
PO-01884,2024-05-10,P038,SUP15,80,24.93,1994.4
PO-01885,2024-05-10,P001,SUP11,100,18.41,1841.0
PO-01886,2024-05-10,P046,SUP01,100,28.24,2824.0
PO-01887,2024-05-10,P011,SUP01,250,12.23,3057.5
PO-01888,2024-05-10,P048,SUP12,400,20.83,8332.0
PO-01889,2024-05-10,P024,SUP15,200,5.15,1030.0
PO-01890,2024-05-10,P043,SUP14,300,15.17,4551.0
PO-01891,2024-05-10,P034,SUP09,150,28.62,4293.0
PO-01892,2024-05-10,P029,SUP04,40,117.98,4719.2
PO-01893,2024-05-10,P045,SUP14,60,35.74,2144.4
PO-01894,2024-05-10,P032,SUP14,400,22.42,8968.0
PO-01895,2024-05-10,P039,SUP05,500,14.58,7290.0
PO-01896,2024-05-10,P024,SUP04,150,5.09,763.5
PO-01897,2024-05-11,P030,SUP15,150,71.6,10740.0
PO-01898,2024-05-11,P006,SUP11,15,116.75,1751.25
PO-01899,2024-05-11,P039,SUP14,100,14.7,1470.0
PO-01900,2024-05-11,P039,SUP05,200,14.27,2854.0
PO-01901,2024-05-11,P021,SUP04,200,49.29,9858.0
PO-01902,2024-05-11,P038,SUP15,120,25.74,3088.8
PO-01903,2024-05-11,P039,SUP05,100,14.81,1481.0
PO-01904,2024-05-11,P004,SUP02,500,3.39,1695.0
PO-01905,2024-05-11,P002,SUP06,250,6.25,1562.5
PO-01906,2024-05-11,P004,SUP11,250,3.42,855.0
PO-01907,2024-05-11,P038,SUP09,80,25.64,2051.2
PO-01908,2024-05-11,P004,SUP06,150,3.46,519.0
PO-01909,2024-05-11,P003,SUP02,60,86.75,5205.0
PO-01910,2024-05-11,P032,SUP09,250,21.56,5390.0
PO-01911,2024-05-11,P042,SUP01,40,69.46,2778.4
PO-01912,2024-05-12,P040,SUP15,150,11.9,1785.0
PO-01913,2024-05-12,P040,SUP14,100,12.15,1215.0
PO-01914,2024-05-12,P011,SUP01,100,12.47,1247.0
PO-01915,2024-05-12,P032,SUP05,200,22.34,4468.0
PO-01916,2024-05-12,P019,SUP06,15,95.62,1434.3
PO-01917,2024-05-12,P045,SUP15,100,35.35,3535.0
PO-01918,2024-05-12,P047,SUP14,15,79.75,1196.25
PO-01919,2024-05-12,P024,SUP15,300,5.19,1557.0
PO-01920,2024-05-12,P008,SUP11,400,2.14,856.0
PO-01921,2024-05-12,P017,SUP10,300,20.34,6102.0
PO-01922,2024-05-12,P035,SUP15,120,46.34,5560.8
PO-01923,2024-05-12,P030,SUP07,100,70.67,7067.0
PO-01924,2024-05-12,P045,SUP14,120,36.89,4426.8
PO-01925,2024-05-12,P048,SUP01,150,21.19,3178.5
PO-01926,2024-05-12,P029,SUP15,40,115.48,4619.2
PO-01927,2024-05-13,P035,SUP05,80,45.19,3615.2
PO-01928,2024-05-13,P004,SUP06,300,3.49,1047.0
PO-01929,2024-05-13,P017,SUP03,500,20.36,10180.0
PO-01930,2024-05-13,P034,SUP15,300,27.63,8289.0
PO-01931,2024-05-13,P017,SUP08,400,19.92,7968.0
PO-01932,2024-05-13,P033,SUP14,250,16.52,4130.0
PO-01933,2024-05-13,P046,SUP12,60,29.41,1764.6
PO-01934,2024-05-13,P004,SUP01,200,3.41,682.0
PO-01935,2024-05-13,P017,SUP01,500,19.49,9745.0
PO-01936,2024-05-13,P015,SUP03,50,43.36,2168.0
PO-01937,2024-05-13,P008,SUP01,300,2.06,618.0
PO-01938,2024-05-13,P003,SUP02,40,85.81,3432.4
PO-01939,2024-05-13,P023,SUP14,80,63.25,5060.0
PO-01940,2024-05-14,P033,SUP09,200,16.36,3272.0
PO-01941,2024-05-14,P013,SUP08,80,32.46,2596.8
PO-01942,2024-05-14,P021,SUP15,100,47.73,4773.0
PO-01943,2024-05-14,P001,SUP11,150,18.77,2815.5
PO-01944,2024-05-14,P030,SUP13,400,73.95,29580.0
PO-01945,2024-05-14,P012,SUP10,10,109.6,1096.0
PO-01946,2024-05-14,P030,SUP04,200,71.37,14274.0
PO-01947,2024-05-14,P030,SUP07,200,69.92,13984.0
PO-01948,2024-05-14,P004,SUP06,250,3.34,835.0
PO-01949,2024-05-15,P009,SUP11,120,23.46,2815.2
PO-01950,2024-05-15,P031,SUP14,150,37.93,5689.5
PO-01951,2024-05-15,P032,SUP14,400,21.99,8796.0
PO-01952,2024-05-15,P007,SUP15,40,66.17,2646.8
PO-01953,2024-05-15,P039,SUP09,300,14.42,4326.0
PO-01954,2024-05-15,P023,SUP14,40,62.96,2518.4
PO-01955,2024-05-15,P034,SUP09,500,27.35,13675.0
PO-01956,2024-05-15,P008,SUP02,250,2.12,530.0
PO-01957,2024-05-16,P001,SUP02,400,18.42,7368.0
PO-01958,2024-05-16,P022,SUP15,80,93.99,7519.2
PO-01959,2024-05-16,P017,SUP10,200,19.77,3954.0
PO-01960,2024-05-16,P040,SUP05,500,12.35,6175.0
PO-01961,2024-05-16,P004,SUP01,400,3.32,1328.0
PO-01962,2024-05-16,P040,SUP14,300,11.77,3531.0
PO-01963,2024-05-16,P031,SUP05,200,38.29,7658.0
PO-01964,2024-05-16,P024,SUP07,400,5.05,2020.0
PO-01965,2024-05-16,P024,SUP14,300,5.09,1527.0
PO-01966,2024-05-16,P039,SUP14,100,14.17,1417.0
PO-01967,2024-05-16,P044,SUP12,15,81.13,1216.95
PO-01968,2024-05-16,P012,SUP03,10,110.48,1104.8
PO-01969,2024-05-16,P032,SUP14,150,22.12,3318.0
PO-01970,2024-05-16,P043,SUP08,300,15.9,4770.0
PO-01971,2024-05-16,P031,SUP09,300,37.73,11319.0
PO-01972,2024-05-16,P045,SUP14,80,36.42,2913.6
PO-01973,2024-05-17,P045,SUP01,60,36.13,2167.8
PO-01974,2024-05-17,P038,SUP14,50,24.32,1216.0
PO-01975,2024-05-17,P037,SUP09,300,18.08,5424.0
PO-01976,2024-05-17,P038,SUP05,80,25.7,2056.0
PO-01977,2024-05-17,P019,SUP10,20,95.43,1908.6
PO-01978,2024-05-17,P021,SUP04,300,47.79,14337.0
PO-01979,2024-05-17,P029,SUP07,80,114.09,9127.2
PO-01980,2024-05-17,P016,SUP08,100,56.53,5653.0
PO-01981,2024-05-17,P001,SUP11,100,18.34,1834.0
PO-01982,2024-05-17,P040,SUP09,250,11.95,2987.5
PO-01983,2024-05-17,P033,SUP09,100,16.73,1673.0
PO-01984,2024-05-17,P030,SUP04,200,71.74,14348.0
PO-01985,2024-05-17,P007,SUP15,40,65.48,2619.2
PO-01986,2024-05-18,P001,SUP15,250,18.04,4510.0
PO-01987,2024-05-18,P019,SUP06,15,96.38,1445.7
PO-01988,2024-05-18,P011,SUP10,500,12.58,6290.0
PO-01989,2024-05-18,P001,SUP06,100,18.98,1898.0
PO-01990,2024-05-18,P017,SUP01,150,19.68,2952.0
PO-01991,2024-05-18,P025,SUP15,100,34.0,3400.0
PO-01992,2024-05-18,P048,SUP14,400,21.5,8600.0
PO-01993,2024-05-18,P011,SUP03,300,12.86,3858.0
PO-01994,2024-05-18,P040,SUP09,400,12.13,4852.0
PO-01995,2024-05-18,P013,SUP03,40,32.18,1287.2
PO-01996,2024-05-18,P041,SUP15,15,53.03,795.45
PO-01997,2024-05-18,P048,SUP15,400,21.52,8608.0
PO-01998,2024-05-18,P046,SUP14,120,29.72,3566.4
PO-01999,2024-05-18,P004,SUP11,300,3.48,1044.0
PO-02000,2024-05-18,P023,SUP13,80,65.51,5240.8
PO-02001,2024-05-18,P031,SUP05,400,39.18,15672.0
PO-02002,2024-05-18,P048,SUP14,250,21.27,5317.5
PO-02003,2024-05-19,P013,SUP06,100,32.86,3286.0
PO-02004,2024-05-19,P014,SUP01,120,73.42,8810.4
PO-02005,2024-05-19,P017,SUP06,300,19.67,5901.0
PO-02006,2024-05-19,P020,SUP08,100,27.28,2728.0
PO-02007,2024-05-19,P024,SUP04,200,5.05,1010.0
PO-02008,2024-05-19,P006,SUP15,30,122.24,3667.2
PO-02009,2024-05-19,P037,SUP14,150,17.49,2623.5
PO-02010,2024-05-19,P043,SUP08,150,15.12,2268.0
PO-02011,2024-05-19,P036,SUP05,120,32.16,3859.2
PO-02012,2024-05-19,P048,SUP14,250,21.24,5310.0
PO-02013,2024-05-19,P036,SUP15,40,31.87,1274.8
PO-02014,2024-05-19,P019,SUP01,15,92.51,1387.65
PO-02015,2024-05-20,P004,SUP11,300,3.36,1008.0
PO-02016,2024-05-20,P035,SUP15,80,45.35,3628.0
PO-02017,2024-05-20,P043,SUP15,100,15.7,1570.0
PO-02018,2024-05-20,P038,SUP09,100,25.35,2535.0
PO-02019,2024-05-20,P034,SUP05,500,28.81,14405.0
PO-02020,2024-05-20,P014,SUP01,40,74.7,2988.0
PO-02021,2024-05-20,P022,SUP07,80,93.63,7490.4
PO-02022,2024-05-20,P039,SUP15,400,14.12,5648.0
PO-02023,2024-05-20,P031,SUP05,100,37.75,3775.0
PO-02024,2024-05-20,P005,SUP11,50,7.67,383.5
PO-02025,2024-05-20,P030,SUP04,500,73.11,36555.0
PO-02026,2024-05-20,P043,SUP14,200,15.96,3192.0
PO-02027,2024-05-20,P016,SUP01,100,58.77,5877.0
PO-02028,2024-05-20,P014,SUP03,80,72.99,5839.2
PO-02029,2024-05-20,P016,SUP01,120,56.44,6772.8
PO-02030,2024-05-20,P019,SUP08,10,92.68,926.8
PO-02031,2024-05-20,P034,SUP05,500,27.41,13705.0
PO-02032,2024-05-20,P039,SUP15,400,14.09,5636.0
PO-02033,2024-05-20,P002,SUP11,100,6.34,634.0
PO-02034,2024-05-20,P023,SUP15,120,65.64,7876.8
PO-02035,2024-05-20,P017,SUP08,200,19.45,3890.0
PO-02036,2024-05-21,P036,SUP14,60,31.57,1894.2
PO-02037,2024-05-21,P024,SUP04,200,5.14,1028.0
PO-02038,2024-05-21,P003,SUP15,100,85.25,8525.0
PO-02039,2024-05-21,P027,SUP07,15,137.11,2056.65
PO-02040,2024-05-21,P038,SUP14,60,25.26,1515.6
PO-02041,2024-05-21,P002,SUP02,150,6.06,909.0
PO-02042,2024-05-22,P010,SUP01,60,44.74,2684.4
PO-02043,2024-05-22,P011,SUP01,300,12.46,3738.0
PO-02044,2024-05-22,P040,SUP09,150,11.68,1752.0
PO-02045,2024-05-22,P037,SUP15,150,17.66,2649.0
PO-02046,2024-05-22,P021,SUP04,150,48.01,7201.5
PO-02047,2024-05-22,P014,SUP03,40,74.21,2968.4
PO-02048,2024-05-22,P037,SUP05,250,18.16,4540.0
PO-02049,2024-05-22,P039,SUP14,300,14.29,4287.0
PO-02050,2024-05-22,P036,SUP14,120,31.48,3777.6
PO-02051,2024-05-22,P033,SUP15,250,16.55,4137.5
PO-02052,2024-05-22,P050,SUP12,15,94.34,1415.1
PO-02053,2024-05-22,P024,SUP04,200,5.33,1066.0
PO-02054,2024-05-22,P015,SUP06,80,42.94,3435.2
PO-02055,2024-05-22,P002,SUP15,150,6.04,906.0
PO-02056,2024-05-22,P025,SUP04,100,34.96,3496.0
PO-02057,2024-05-23,P044,SUP15,10,80.37,803.7
PO-02058,2024-05-23,P017,SUP01,500,19.98,9990.0
PO-02059,2024-05-23,P046,SUP01,60,29.85,1791.0
PO-02060,2024-05-23,P033,SUP05,500,16.06,8030.0
PO-02061,2024-05-23,P029,SUP15,50,116.81,5840.5
PO-02062,2024-05-23,P036,SUP14,120,31.36,3763.2
PO-02063,2024-05-23,P024,SUP14,400,5.23,2092.0
PO-02064,2024-05-23,P040,SUP09,400,12.11,4844.0
PO-02065,2024-05-23,P040,SUP15,250,12.11,3027.5
PO-02066,2024-05-23,P003,SUP11,50,87.38,4369.0
PO-02067,2024-05-23,P042,SUP01,40,66.85,2674.0
PO-02068,2024-05-23,P048,SUP01,150,20.48,3072.0
PO-02069,2024-05-23,P010,SUP06,100,44.82,4482.0
PO-02070,2024-05-23,P017,SUP08,150,19.4,2910.0
PO-02071,2024-05-23,P004,SUP01,300,3.39,1017.0
PO-02072,2024-05-23,P037,SUP05,400,18.19,7276.0
PO-02073,2024-05-23,P043,SUP15,300,15.21,4563.0
PO-02074,2024-05-23,P030,SUP15,500,70.11,35055.0
PO-02075,2024-05-23,P011,SUP06,300,12.48,3744.0
PO-02076,2024-05-24,P039,SUP15,300,14.18,4254.0
PO-02077,2024-05-24,P030,SUP14,100,71.45,7145.0
PO-02078,2024-05-24,P040,SUP09,100,11.95,1195.0
PO-02079,2024-05-24,P030,SUP13,400,71.86,28744.0
PO-02080,2024-05-24,P050,SUP08,40,96.68,3867.2
PO-02081,2024-05-24,P015,SUP10,120,42.96,5155.2
PO-02082,2024-05-24,P013,SUP03,100,32.94,3294.0
PO-02083,2024-05-24,P005,SUP06,100,7.91,791.0
PO-02084,2024-05-24,P037,SUP14,250,18.04,4510.0
PO-02085,2024-05-24,P030,SUP04,500,73.73,36865.0
PO-02086,2024-05-24,P020,SUP10,120,25.94,3112.8
PO-02087,2024-05-24,P040,SUP09,250,12.07,3017.5
PO-02088,2024-05-24,P033,SUP05,150,16.58,2487.0
PO-02089,2024-05-24,P048,SUP01,500,20.88,10440.0
PO-02090,2024-05-25,P040,SUP14,200,11.85,2370.0
PO-02091,2024-05-25,P048,SUP08,250,21.26,5315.0
PO-02092,2024-05-25,P033,SUP09,300,16.05,4815.0
PO-02093,2024-05-25,P026,SUP13,10,56.63,566.3
PO-02094,2024-05-25,P034,SUP15,250,28.47,7117.5
PO-02095,2024-05-25,P020,SUP01,60,27.03,1621.8
PO-02096,2024-05-25,P043,SUP12,100,15.84,1584.0
PO-02097,2024-05-25,P001,SUP11,300,18.5,5550.0
PO-02098,2024-05-25,P035,SUP09,100,45.94,4594.0
PO-02099,2024-05-25,P002,SUP06,150,6.11,916.5
PO-02100,2024-05-25,P002,SUP15,250,6.38,1595.0
PO-02101,2024-05-25,P030,SUP14,100,70.77,7077.0
PO-02102,2024-05-25,P007,SUP02,50,63.94,3197.0
PO-02103,2024-05-25,P032,SUP05,500,21.57,10785.0
PO-02104,2024-05-25,P045,SUP08,100,35.79,3579.0
PO-02105,2024-05-25,P025,SUP13,50,35.09,1754.5
PO-02106,2024-05-25,P002,SUP06,500,6.19,3095.0
PO-02107,2024-05-26,P039,SUP14,400,14.38,5752.0
PO-02108,2024-05-26,P016,SUP03,60,58.18,3490.8
PO-02109,2024-05-26,P040,SUP09,150,12.25,1837.5
PO-02110,2024-05-26,P020,SUP08,80,26.48,2118.4
PO-02111,2024-05-26,P007,SUP01,120,66.33,7959.6
PO-02112,2024-05-26,P022,SUP13,80,89.38,7150.4
PO-02113,2024-05-26,P030,SUP13,400,72.11,28844.0
PO-02114,2024-05-26,P031,SUP05,150,39.65,5947.5
PO-02115,2024-05-26,P017,SUP03,250,19.99,4997.5
PO-02116,2024-05-26,P005,SUP06,100,7.91,791.0
PO-02117,2024-05-26,P014,SUP10,60,73.24,4394.4
PO-02118,2024-05-26,P024,SUP13,500,5.04,2520.0
PO-02119,2024-05-26,P037,SUP14,300,17.46,5238.0
PO-02120,2024-05-26,P037,SUP09,400,18.19,7276.0
PO-02121,2024-05-26,P017,SUP06,500,19.52,9760.0
PO-02122,2024-05-26,P040,SUP14,150,11.68,1752.0
PO-02123,2024-05-26,P048,SUP14,300,20.56,6168.0
PO-02124,2024-05-26,P037,SUP15,400,18.3,7320.0
PO-02125,2024-05-26,P040,SUP09,300,11.76,3528.0
PO-02126,2024-05-27,P001,SUP11,200,18.63,3726.0
PO-02127,2024-05-27,P043,SUP12,400,15.29,6116.0
PO-02128,2024-05-27,P025,SUP14,80,35.51,2840.8
PO-02129,2024-05-27,P044,SUP15,15,80.37,1205.55
PO-02130,2024-05-27,P030,SUP13,400,70.42,28168.0
PO-02131,2024-05-27,P011,SUP10,200,12.81,2562.0
PO-02132,2024-05-27,P001,SUP02,400,18.24,7296.0
PO-02133,2024-05-27,P035,SUP05,40,45.93,1837.2
PO-02134,2024-05-27,P037,SUP15,200,17.8,3560.0
PO-02135,2024-05-27,P038,SUP14,80,25.48,2038.4
PO-02136,2024-05-27,P004,SUP06,150,3.39,508.5
PO-02137,2024-05-27,P011,SUP03,250,12.57,3142.5
PO-02138,2024-05-27,P048,SUP08,250,21.1,5275.0
PO-02139,2024-05-27,P042,SUP08,60,69.35,4161.0
PO-02140,2024-05-28,P011,SUP03,250,12.86,3215.0
PO-02141,2024-05-28,P039,SUP09,250,14.9,3725.0
PO-02142,2024-05-28,P025,SUP04,80,34.5,2760.0
PO-02143,2024-05-28,P004,SUP01,100,3.39,339.0
PO-02144,2024-05-28,P032,SUP05,100,22.43,2243.0
PO-02145,2024-05-28,P043,SUP15,400,15.29,6116.0
PO-02146,2024-05-28,P043,SUP01,300,15.4,4620.0
PO-02147,2024-05-28,P046,SUP15,100,28.75,2875.0
PO-02148,2024-05-28,P030,SUP15,300,69.97,20991.0
PO-02149,2024-05-28,P034,SUP09,500,28.16,14080.0
PO-02150,2024-05-28,P035,SUP15,50,46.21,2310.5
PO-02151,2024-05-28,P021,SUP07,400,48.66,19464.0
PO-02152,2024-05-28,P031,SUP14,100,37.76,3776.0
PO-02153,2024-05-28,P009,SUP11,60,24.56,1473.6
PO-02154,2024-05-28,P049,SUP08,15,373.62,5604.3
PO-02155,2024-05-28,P017,SUP03,400,19.62,7848.0
PO-02156,2024-05-28,P004,SUP02,150,3.39,508.5
PO-02157,2024-05-29,P015,SUP08,80,42.33,3386.4
PO-02158,2024-05-29,P033,SUP14,300,16.78,5034.0
PO-02159,2024-05-29,P004,SUP01,500,3.34,1670.0
PO-02160,2024-05-29,P022,SUP04,120,93.31,11197.2
PO-02161,2024-05-29,P030,SUP07,300,71.72,21516.0
PO-02162,2024-05-29,P043,SUP12,100,15.08,1508.0
PO-02163,2024-05-29,P037,SUP14,150,17.49,2623.5
PO-02164,2024-05-29,P045,SUP14,50,35.39,1769.5
PO-02165,2024-05-29,P043,SUP14,200,15.45,3090.0
PO-02166,2024-05-30,P021,SUP14,400,47.82,19128.0
PO-02167,2024-05-30,P035,SUP09,120,45.0,5400.0
PO-02168,2024-05-30,P043,SUP14,400,15.52,6208.0
PO-02169,2024-05-30,P002,SUP02,500,6.14,3070.0
PO-02170,2024-05-30,P037,SUP09,400,17.71,7084.0
PO-02171,2024-05-30,P045,SUP14,80,37.06,2964.8
PO-02172,2024-05-30,P033,SUP14,100,16.25,1625.0
PO-02173,2024-05-30,P025,SUP07,80,35.77,2861.6
PO-02174,2024-05-30,P020,SUP08,80,26.74,2139.2
PO-02175,2024-05-30,P022,SUP04,50,89.37,4468.5
PO-02176,2024-05-31,P034,SUP09,300,28.51,8553.0
PO-02177,2024-05-31,P021,SUP04,150,48.8,7320.0
PO-02178,2024-05-31,P008,SUP11,300,2.08,624.0
PO-02179,2024-05-31,P008,SUP01,150,2.12,318.0
PO-02180,2024-05-31,P002,SUP06,300,6.17,1851.0
PO-02181,2024-05-31,P043,SUP01,400,15.9,6360.0
PO-02182,2024-05-31,P009,SUP11,100,23.47,2347.0
PO-02183,2024-05-31,P030,SUP13,250,71.28,17820.0
PO-02184,2024-05-31,P035,SUP09,100,46.15,4615.0
PO-02185,2024-05-31,P017,SUP06,250,19.81,4952.5
PO-02186,2024-05-31,P009,SUP15,100,23.87,2387.0
PO-02187,2024-05-31,P001,SUP06,400,18.99,7596.0
PO-02188,2024-06-01,P034,SUP05,200,27.36,5472.0
PO-02189,2024-06-01,P040,SUP14,300,11.96,3588.0
PO-02190,2024-06-01,P002,SUP02,250,6.17,1542.5
PO-02191,2024-06-01,P023,SUP13,40,63.95,2558.0
PO-02192,2024-06-01,P022,SUP14,120,92.04,11044.8
PO-02193,2024-06-01,P040,SUP09,300,12.1,3630.0
PO-02194,2024-06-01,P039,SUP14,100,14.1,1410.0
PO-02195,2024-06-01,P011,SUP10,300,12.32,3696.0
PO-02196,2024-06-01,P004,SUP11,250,3.46,865.0
PO-02197,2024-06-01,P025,SUP14,120,34.69,4162.8
PO-02198,2024-06-01,P032,SUP14,500,21.85,10925.0
PO-02199,2024-06-01,P017,SUP03,150,19.53,2929.5
PO-02200,2024-06-01,P040,SUP14,400,12.23,4892.0
PO-02201,2024-06-02,P035,SUP05,40,44.06,1762.4
PO-02202,2024-06-02,P015,SUP06,100,42.28,4228.0
PO-02203,2024-06-02,P029,SUP15,50,117.84,5892.0
PO-02204,2024-06-02,P035,SUP05,120,43.68,5241.6
PO-02205,2024-06-02,P046,SUP15,60,29.18,1750.8
PO-02206,2024-06-02,P034,SUP14,100,28.29,2829.0
PO-02207,2024-06-02,P032,SUP05,200,21.47,4294.0
PO-02208,2024-06-02,P031,SUP05,400,38.05,15220.0
PO-02209,2024-06-02,P039,SUP15,100,14.89,1489.0
PO-02210,2024-06-02,P034,SUP14,250,28.39,7097.5
PO-02211,2024-06-02,P034,SUP05,400,28.07,11228.0
PO-02212,2024-06-02,P043,SUP08,250,15.89,3972.5
PO-02213,2024-06-02,P031,SUP09,100,38.91,3891.0
PO-02214,2024-06-02,P030,SUP15,500,72.79,36395.0
PO-02215,2024-06-02,P016,SUP03,80,58.23,4658.4
PO-02216,2024-06-02,P040,SUP09,500,12.2,6100.0
PO-02217,2024-06-02,P002,SUP11,500,6.28,3140.0
PO-02218,2024-06-02,P023,SUP07,60,64.13,3847.8
PO-02219,2024-06-02,P043,SUP01,150,15.41,2311.5
PO-02220,2024-06-02,P040,SUP05,250,11.8,2950.0
PO-02221,2024-06-02,P047,SUP14,15,79.0,1185.0
PO-02222,2024-06-03,P001,SUP11,250,18.87,4717.5
PO-02223,2024-06-03,P010,SUP02,60,45.35,2721.0
PO-02224,2024-06-03,P041,SUP14,40,55.47,2218.8
PO-02225,2024-06-03,P021,SUP04,250,47.89,11972.5
PO-02226,2024-06-03,P041,SUP01,10,54.49,544.9
PO-02227,2024-06-03,P034,SUP15,500,28.7,14350.0
PO-02228,2024-06-03,P037,SUP15,300,18.29,5487.0
PO-02229,2024-06-03,P002,SUP15,400,6.17,2468.0
PO-02230,2024-06-03,P021,SUP07,500,47.38,23690.0
PO-02231,2024-06-03,P008,SUP11,100,2.13,213.0
PO-02232,2024-06-03,P042,SUP15,40,70.03,2801.2
PO-02233,2024-06-03,P047,SUP15,40,77.99,3119.6
PO-02234,2024-06-03,P040,SUP05,400,12.16,4864.0
PO-02235,2024-06-03,P036,SUP15,80,31.35,2508.0
PO-02236,2024-06-04,P040,SUP05,100,11.8,1180.0
PO-02237,2024-06-04,P048,SUP08,400,21.61,8644.0
PO-02238,2024-06-04,P024,SUP07,400,5.17,2068.0
PO-02239,2024-06-04,P046,SUP08,100,29.08,2908.0
PO-02240,2024-06-04,P004,SUP01,250,3.48,870.0
PO-02241,2024-06-04,P026,SUP07,10,54.78,547.8
PO-02242,2024-06-04,P017,SUP10,500,19.4,9700.0
PO-02243,2024-06-04,P010,SUP15,60,46.12,2767.2
PO-02244,2024-06-04,P037,SUP09,250,17.77,4442.5
PO-02245,2024-06-04,P008,SUP02,500,2.07,1035.0
PO-02246,2024-06-04,P005,SUP11,60,8.01,480.6
PO-02247,2024-06-04,P015,SUP08,60,43.12,2587.2
PO-02248,2024-06-04,P035,SUP15,50,45.75,2287.5
PO-02249,2024-06-04,P036,SUP15,120,31.06,3727.2
PO-02250,2024-06-04,P042,SUP14,120,67.78,8133.6
PO-02251,2024-06-04,P023,SUP04,40,65.19,2607.6
PO-02252,2024-06-04,P001,SUP11,500,18.67,9335.0
PO-02253,2024-06-04,P011,SUP03,300,12.31,3693.0
PO-02254,2024-06-04,P008,SUP06,200,2.1,420.0
PO-02255,2024-06-05,P002,SUP06,400,6.15,2460.0
PO-02256,2024-06-05,P014,SUP10,40,73.58,2943.2
PO-02257,2024-06-05,P029,SUP15,80,112.41,8992.8
PO-02258,2024-06-05,P001,SUP02,250,18.69,4672.5
PO-02259,2024-06-05,P016,SUP06,80,58.96,4716.8
PO-02260,2024-06-05,P035,SUP05,80,45.22,3617.6
PO-02261,2024-06-05,P011,SUP08,200,12.27,2454.0
PO-02262,2024-06-05,P032,SUP05,200,21.86,4372.0
PO-02263,2024-06-05,P003,SUP15,100,83.73,8373.0
PO-02264,2024-06-05,P038,SUP14,80,25.53,2042.4
PO-02265,2024-06-05,P014,SUP10,40,75.55,3022.0
PO-02266,2024-06-05,P001,SUP01,300,18.03,5409.0
PO-02267,2024-06-05,P014,SUP06,60,74.28,4456.8
PO-02268,2024-06-06,P050,SUP12,15,93.04,1395.6
PO-02269,2024-06-06,P033,SUP15,500,16.43,8215.0
PO-02270,2024-06-06,P030,SUP07,300,73.69,22107.0
PO-02271,2024-06-06,P033,SUP15,200,16.44,3288.0
PO-02272,2024-06-06,P017,SUP01,150,20.16,3024.0
PO-02273,2024-06-06,P035,SUP15,120,44.38,5325.6
PO-02274,2024-06-06,P034,SUP15,400,28.58,11432.0
PO-02275,2024-06-06,P033,SUP14,100,16.68,1668.0
PO-02276,2024-06-06,P036,SUP15,80,32.21,2576.8
PO-02277,2024-06-06,P030,SUP14,250,71.33,17832.5
PO-02278,2024-06-06,P027,SUP13,10,142.11,1421.1
PO-02279,2024-06-06,P045,SUP12,60,35.34,2120.4
PO-02280,2024-06-06,P032,SUP09,150,22.51,3376.5
PO-02281,2024-06-06,P001,SUP15,250,18.44,4610.0
PO-02282,2024-06-07,P034,SUP09,200,28.41,5682.0
PO-02283,2024-06-07,P005,SUP02,100,7.79,779.0
PO-02284,2024-06-07,P024,SUP07,400,5.23,2092.0
PO-02285,2024-06-07,P040,SUP15,400,12.2,4880.0
PO-02286,2024-06-07,P003,SUP01,80,86.83,6946.4
PO-02287,2024-06-07,P011,SUP06,500,12.75,6375.0
PO-02288,2024-06-07,P037,SUP15,150,17.63,2644.5
PO-02289,2024-06-07,P016,SUP10,40,57.76,2310.4
PO-02290,2024-06-07,P009,SUP11,100,24.24,2424.0
PO-02291,2024-06-07,P034,SUP14,300,27.96,8388.0
PO-02292,2024-06-07,P013,SUP10,50,32.86,1643.0
PO-02293,2024-06-07,P024,SUP07,250,5.17,1292.5
PO-02294,2024-06-08,P024,SUP13,200,5.1,1020.0
PO-02295,2024-06-08,P034,SUP15,300,28.26,8478.0
PO-02296,2024-06-08,P044,SUP12,30,81.54,2446.2
PO-02297,2024-06-08,P005,SUP01,60,7.67,460.2
PO-02298,2024-06-08,P029,SUP13,120,118.12,14174.4
PO-02299,2024-06-08,P031,SUP05,200,38.03,7606.0
PO-02300,2024-06-08,P011,SUP08,400,12.64,5056.0
PO-02301,2024-06-08,P042,SUP14,100,66.27,6627.0
PO-02302,2024-06-08,P031,SUP05,400,38.45,15380.0
PO-02303,2024-06-08,P040,SUP14,400,12.13,4852.0
PO-02304,2024-06-08,P009,SUP01,100,24.28,2428.0
PO-02305,2024-06-09,P047,SUP14,10,79.57,795.7
PO-02306,2024-06-09,P043,SUP14,200,15.8,3160.0
PO-02307,2024-06-09,P046,SUP01,120,29.82,3578.4
PO-02308,2024-06-09,P048,SUP12,300,21.2,6360.0
PO-02309,2024-06-09,P031,SUP09,150,38.89,5833.5
PO-02310,2024-06-09,P008,SUP11,400,2.11,844.0
PO-02311,2024-06-09,P024,SUP15,250,5.28,1320.0
PO-02312,2024-06-09,P025,SUP07,100,34.93,3493.0
PO-02313,2024-06-09,P021,SUP15,250,49.34,12335.0
PO-02314,2024-06-09,P024,SUP13,500,5.19,2595.0
PO-02315,2024-06-09,P021,SUP13,300,48.08,14424.0
PO-02316,2024-06-09,P020,SUP10,100,26.3,2630.0
PO-02317,2024-06-09,P043,SUP14,150,15.87,2380.5
PO-02318,2024-06-09,P032,SUP15,500,21.55,10775.0
PO-02319,2024-06-09,P048,SUP01,250,20.76,5190.0
PO-02320,2024-06-09,P022,SUP07,100,92.97,9297.0
PO-02321,2024-06-09,P022,SUP07,100,89.55,8955.0
PO-02322,2024-06-09,P022,SUP15,40,93.16,3726.4
PO-02323,2024-06-09,P028,SUP15,15,88.57,1328.55
PO-02324,2024-06-09,P009,SUP06,40,23.55,942.0
PO-02325,2024-06-09,P043,SUP12,500,15.76,7880.0
PO-02326,2024-06-09,P029,SUP07,60,115.91,6954.6
PO-02327,2024-06-10,P032,SUP05,400,21.63,8652.0
PO-02328,2024-06-10,P026,SUP04,40,55.9,2236.0
PO-02329,2024-06-10,P032,SUP15,500,21.6,10800.0
PO-02330,2024-06-10,P014,SUP03,60,73.32,4399.2
PO-02331,2024-06-10,P018,SUP10,10,238.51,2385.1
PO-02332,2024-06-10,P024,SUP14,400,5.13,2052.0
PO-02333,2024-06-10,P034,SUP09,200,27.62,5524.0
PO-02334,2024-06-10,P016,SUP06,60,57.27,3436.2
PO-02335,2024-06-10,P039,SUP14,150,14.48,2172.0
PO-02336,2024-06-10,P010,SUP06,50,44.83,2241.5
PO-02337,2024-06-10,P037,SUP09,500,17.52,8760.0
PO-02338,2024-06-10,P007,SUP01,60,65.81,3948.6
PO-02339,2024-06-10,P005,SUP06,50,7.76,388.0
PO-02340,2024-06-10,P037,SUP15,150,17.58,2637.0
PO-02341,2024-06-10,P022,SUP15,40,92.67,3706.8
PO-02342,2024-06-10,P001,SUP11,200,18.48,3696.0
PO-02343,2024-06-10,P004,SUP02,150,3.4,510.0
PO-02344,2024-06-11,P040,SUP09,500,11.83,5915.0
PO-02345,2024-06-11,P033,SUP14,250,16.8,4200.0
PO-02346,2024-06-11,P008,SUP15,400,2.15,860.0
PO-02347,2024-06-11,P004,SUP02,500,3.31,1655.0
PO-02348,2024-06-11,P016,SUP10,80,59.29,4743.2
PO-02349,2024-06-11,P004,SUP06,100,3.37,337.0
PO-02350,2024-06-11,P017,SUP10,200,19.41,3882.0
PO-02351,2024-06-11,P020,SUP06,50,25.81,1290.5
PO-02352,2024-06-11,P013,SUP10,120,32.8,3936.0
PO-02353,2024-06-11,P005,SUP06,50,7.94,397.0
PO-02354,2024-06-11,P004,SUP02,150,3.36,504.0
PO-02355,2024-06-11,P010,SUP11,40,44.4,1776.0
PO-02356,2024-06-11,P024,SUP13,200,5.23,1046.0
PO-02357,2024-06-11,P050,SUP14,10,97.15,971.5
PO-02358,2024-06-12,P028,SUP07,30,86.22,2586.6
PO-02359,2024-06-12,P013,SUP10,80,32.38,2590.4
PO-02360,2024-06-12,P030,SUP15,200,71.66,14332.0
PO-02361,2024-06-12,P003,SUP11,80,83.24,6659.2
PO-02362,2024-06-12,P015,SUP03,100,43.51,4351.0
PO-02363,2024-06-12,P011,SUP08,100,12.73,1273.0
PO-02364,2024-06-12,P002,SUP01,400,6.07,2428.0
PO-02365,2024-06-12,P002,SUP11,400,6.29,2516.0
PO-02366,2024-06-12,P004,SUP01,200,3.46,692.0
PO-02367,2024-06-12,P037,SUP05,150,18.17,2725.5
PO-02368,2024-06-12,P009,SUP01,60,24.68,1480.8
PO-02369,2024-06-12,P016,SUP03,120,59.27,7112.4
PO-02370,2024-06-12,P025,SUP04,50,34.41,1720.5
PO-02371,2024-06-12,P004,SUP02,300,3.38,1014.0
PO-02372,2024-06-12,P031,SUP14,400,38.51,15404.0
PO-02373,2024-06-12,P050,SUP01,15,93.86,1407.9
PO-02374,2024-06-13,P015,SUP10,80,43.24,3459.2
PO-02375,2024-06-13,P033,SUP09,500,16.9,8450.0
PO-02376,2024-06-13,P009,SUP06,50,23.74,1187.0
PO-02377,2024-06-13,P017,SUP10,100,19.33,1933.0
PO-02378,2024-06-13,P043,SUP12,300,15.68,4704.0
PO-02379,2024-06-13,P010,SUP15,60,44.42,2665.2
PO-02380,2024-06-13,P039,SUP09,500,14.48,7240.0
PO-02381,2024-06-13,P014,SUP03,80,77.0,6160.0
PO-02382,2024-06-13,P032,SUP09,500,22.2,11100.0
PO-02383,2024-06-13,P042,SUP08,120,66.18,7941.6
PO-02384,2024-06-13,P032,SUP09,150,22.5,3375.0
PO-02385,2024-06-13,P024,SUP13,200,5.3,1060.0
PO-02386,2024-06-13,P030,SUP15,250,71.27,17817.5
PO-02387,2024-06-13,P017,SUP08,100,20.34,2034.0
PO-02388,2024-06-13,P032,SUP05,500,22.26,11130.0
PO-02389,2024-06-14,P033,SUP05,200,16.05,3210.0
PO-02390,2024-06-14,P002,SUP01,400,6.11,2444.0
PO-02391,2024-06-14,P016,SUP08,40,59.22,2368.8
PO-02392,2024-06-14,P003,SUP02,50,83.55,4177.5
PO-02393,2024-06-14,P033,SUP15,200,16.24,3248.0
PO-02394,2024-06-14,P009,SUP06,120,24.16,2899.2
PO-02395,2024-06-14,P032,SUP09,500,22.23,11115.0
PO-02396,2024-06-14,P013,SUP03,100,32.59,3259.0
PO-02397,2024-06-14,P048,SUP15,100,21.6,2160.0
PO-02398,2024-06-14,P031,SUP09,400,37.86,15144.0
PO-02399,2024-06-14,P022,SUP15,80,94.61,7568.8
PO-02400,2024-06-14,P009,SUP15,40,24.47,978.8
PO-02401,2024-06-14,P001,SUP15,500,18.84,9420.0
PO-02402,2024-06-14,P039,SUP14,400,14.12,5648.0
PO-02403,2024-06-14,P007,SUP06,40,66.61,2664.4
PO-02404,2024-06-14,P009,SUP06,100,23.35,2335.0
PO-02405,2024-06-14,P040,SUP14,200,12.18,2436.0
PO-02406,2024-06-14,P048,SUP14,300,21.53,6459.0
PO-02407,2024-06-14,P021,SUP14,100,46.76,4676.0
PO-02408,2024-06-15,P036,SUP14,40,32.63,1305.2
PO-02409,2024-06-15,P001,SUP06,250,18.92,4730.0
PO-02410,2024-06-15,P014,SUP03,50,76.97,3848.5
PO-02411,2024-06-15,P011,SUP10,200,12.22,2444.0
PO-02412,2024-06-15,P015,SUP08,80,43.4,3472.0
PO-02413,2024-06-15,P042,SUP14,100,67.52,6752.0
PO-02414,2024-06-15,P031,SUP14,500,38.8,19400.0
PO-02415,2024-06-15,P017,SUP06,150,19.31,2896.5
PO-02416,2024-06-15,P033,SUP05,150,16.44,2466.0
PO-02417,2024-06-15,P004,SUP15,200,3.3,660.0
PO-02418,2024-06-15,P033,SUP14,100,16.22,1622.0
PO-02419,2024-06-15,P012,SUP08,40,112.23,4489.2
PO-02420,2024-06-16,P019,SUP01,40,97.35,3894.0
PO-02421,2024-06-16,P013,SUP06,100,32.94,3294.0
PO-02422,2024-06-16,P032,SUP14,500,21.62,10810.0
PO-02423,2024-06-16,P016,SUP10,80,59.56,4764.8
PO-02424,2024-06-16,P038,SUP14,40,25.73,1029.2
PO-02425,2024-06-16,P020,SUP08,60,26.01,1560.6
PO-02426,2024-06-16,P014,SUP01,100,74.73,7473.0
PO-02427,2024-06-16,P033,SUP15,200,16.01,3202.0
PO-02428,2024-06-16,P020,SUP01,40,26.03,1041.2
PO-02429,2024-06-16,P007,SUP02,40,64.24,2569.6
PO-02430,2024-06-16,P046,SUP14,100,28.6,2860.0
PO-02431,2024-06-16,P041,SUP15,20,54.33,1086.6
PO-02432,2024-06-16,P023,SUP15,50,65.08,3254.0
PO-02433,2024-06-16,P046,SUP08,120,28.71,3445.2
PO-02434,2024-06-16,P034,SUP15,150,27.9,4185.0
PO-02435,2024-06-17,P031,SUP15,400,38.06,15224.0
PO-02436,2024-06-17,P015,SUP08,80,41.33,3306.4
PO-02437,2024-06-17,P033,SUP14,100,16.31,1631.0
PO-02438,2024-06-17,P021,SUP14,400,49.1,19640.0
PO-02439,2024-06-17,P011,SUP06,300,12.49,3747.0
PO-02440,2024-06-17,P047,SUP08,30,79.96,2398.8
PO-02441,2024-06-17,P021,SUP04,250,47.26,11815.0
PO-02442,2024-06-17,P039,SUP15,400,14.38,5752.0
PO-02443,2024-06-17,P022,SUP07,100,90.31,9031.0
PO-02444,2024-06-17,P021,SUP04,300,49.02,14706.0
PO-02445,2024-06-18,P004,SUP15,150,3.37,505.5
PO-02446,2024-06-18,P024,SUP14,250,5.14,1285.0
PO-02447,2024-06-18,P016,SUP03,60,59.04,3542.4
PO-02448,2024-06-18,P011,SUP08,200,12.71,2542.0
PO-02449,2024-06-18,P002,SUP02,200,6.25,1250.0
PO-02450,2024-06-18,P030,SUP07,400,72.1,28840.0
PO-02451,2024-06-18,P002,SUP11,200,6.11,1222.0
PO-02452,2024-06-18,P006,SUP01,10,117.84,1178.4
PO-02453,2024-06-18,P039,SUP15,200,14.59,2918.0
PO-02454,2024-06-18,P040,SUP09,250,12.26,3065.0
PO-02455,2024-06-18,P016,SUP08,80,58.97,4717.6
PO-02456,2024-06-18,P040,SUP09,500,11.69,5845.0
PO-02457,2024-06-19,P005,SUP11,100,7.78,778.0
PO-02458,2024-06-19,P047,SUP01,15,77.93,1168.95
PO-02459,2024-06-19,P033,SUP09,300,16.21,4863.0
PO-02460,2024-06-19,P033,SUP15,250,16.65,4162.5
PO-02461,2024-06-19,P016,SUP08,40,59.65,2386.0
PO-02462,2024-06-19,P050,SUP01,20,95.95,1919.0
PO-02463,2024-06-19,P014,SUP10,60,75.37,4522.2
PO-02464,2024-06-19,P022,SUP13,40,91.77,3670.8
PO-02465,2024-06-19,P043,SUP15,200,15.93,3186.0
PO-02466,2024-06-19,P038,SUP14,60,24.3,1458.0
PO-02467,2024-06-19,P030,SUP07,500,70.03,35015.0
PO-02468,2024-06-19,P038,SUP14,80,25.28,2022.4
PO-02469,2024-06-19,P007,SUP02,80,65.86,5268.8
PO-02470,2024-06-19,P023,SUP14,40,64.34,2573.6
PO-02471,2024-06-19,P002,SUP15,400,6.21,2484.0
PO-02472,2024-06-19,P002,SUP02,400,6.18,2472.0
PO-02473,2024-06-19,P007,SUP06,50,65.11,3255.5
PO-02474,2024-06-20,P008,SUP01,100,2.05,205.0
PO-02475,2024-06-20,P009,SUP06,80,23.52,1881.6
PO-02476,2024-06-20,P034,SUP05,300,27.85,8355.0
PO-02477,2024-06-20,P008,SUP15,150,2.12,318.0
PO-02478,2024-06-20,P001,SUP06,400,18.87,7548.0
PO-02479,2024-06-20,P025,SUP07,60,35.28,2116.8
PO-02480,2024-06-20,P014,SUP10,50,74.72,3736.0
PO-02481,2024-06-20,P043,SUP01,250,15.68,3920.0
PO-02482,2024-06-20,P045,SUP12,60,35.66,2139.6
PO-02483,2024-06-20,P023,SUP04,60,64.99,3899.4
PO-02484,2024-06-20,P015,SUP08,100,43.46,4346.0
PO-02485,2024-06-20,P043,SUP01,150,15.75,2362.5
PO-02486,2024-06-20,P017,SUP06,400,19.94,7976.0
PO-02487,2024-06-20,P010,SUP01,60,45.84,2750.4
PO-02488,2024-06-21,P011,SUP06,500,12.68,6340.0
PO-02489,2024-06-21,P015,SUP06,120,43.39,5206.8
PO-02490,2024-06-21,P032,SUP15,150,21.44,3216.0
PO-02491,2024-06-21,P014,SUP08,40,74.4,2976.0
PO-02492,2024-06-21,P002,SUP01,150,6.19,928.5
PO-02493,2024-06-21,P033,SUP14,300,16.84,5052.0
PO-02494,2024-06-21,P016,SUP01,80,58.83,4706.4
PO-02495,2024-06-21,P043,SUP14,300,15.65,4695.0
PO-02496,2024-06-21,P043,SUP01,200,15.41,3082.0
PO-02497,2024-06-21,P048,SUP12,400,21.5,8600.0
PO-02498,2024-06-21,P022,SUP15,50,89.77,4488.5
PO-02499,2024-06-21,P021,SUP14,150,48.33,7249.5
PO-02500,2024-06-21,P032,SUP05,200,22.14,4428.0
PO-02501,2024-06-21,P030,SUP07,250,73.17,18292.5
PO-02502,2024-06-22,P046,SUP14,80,28.79,2303.2
PO-02503,2024-06-22,P016,SUP10,120,58.73,7047.6
PO-02504,2024-06-22,P043,SUP01,500,15.67,7835.0
PO-02505,2024-06-22,P039,SUP05,200,14.54,2908.0
PO-02506,2024-06-22,P017,SUP01,500,20.21,10105.0
PO-02507,2024-06-22,P004,SUP11,150,3.45,517.5
PO-02508,2024-06-23,P045,SUP01,60,35.95,2157.0
PO-02509,2024-06-23,P002,SUP11,250,6.38,1595.0
PO-02510,2024-06-23,P001,SUP15,250,18.99,4747.5
PO-02511,2024-06-23,P008,SUP15,100,2.14,214.0
PO-02512,2024-06-23,P038,SUP14,120,25.6,3072.0
PO-02513,2024-06-23,P031,SUP14,100,39.15,3915.0
PO-02514,2024-06-23,P034,SUP14,300,28.04,8412.0
PO-02515,2024-06-23,P014,SUP10,100,74.98,7498.0
PO-02516,2024-06-23,P039,SUP14,400,14.24,5696.0
PO-02517,2024-06-23,P014,SUP03,100,76.11,7611.0
PO-02518,2024-06-23,P034,SUP15,150,27.19,4078.5
PO-02519,2024-06-24,P039,SUP09,250,14.86,3715.0
PO-02520,2024-06-24,P040,SUP15,100,11.67,1167.0
PO-02521,2024-06-24,P017,SUP01,200,20.22,4044.0
PO-02522,2024-06-24,P029,SUP07,50,112.95,5647.5
PO-02523,2024-06-24,P032,SUP05,250,22.54,5635.0
PO-02524,2024-06-24,P037,SUP15,500,18.18,9090.0
PO-02525,2024-06-24,P011,SUP03,500,12.45,6225.0
PO-02526,2024-06-24,P045,SUP14,50,36.56,1828.0
PO-02527,2024-06-24,P034,SUP15,300,27.96,8388.0
PO-02528,2024-06-24,P038,SUP05,100,25.1,2510.0
PO-02529,2024-06-25,P001,SUP06,300,18.98,5694.0
PO-02530,2024-06-25,P011,SUP01,400,12.7,5080.0
PO-02531,2024-06-25,P002,SUP15,250,6.09,1522.5
PO-02532,2024-06-25,P040,SUP09,400,11.77,4708.0
PO-02533,2024-06-25,P011,SUP08,250,12.2,3050.0
PO-02534,2024-06-25,P040,SUP15,300,12.03,3609.0
PO-02535,2024-06-25,P046,SUP01,120,29.27,3512.4
PO-02536,2024-06-25,P035,SUP14,100,45.64,4564.0
PO-02537,2024-06-25,P032,SUP15,100,22.29,2229.0
PO-02538,2024-06-25,P046,SUP14,100,28.69,2869.0
PO-02539,2024-06-25,P021,SUP14,400,47.38,18952.0
PO-02540,2024-06-25,P032,SUP09,100,21.37,2137.0
PO-02541,2024-06-25,P007,SUP15,60,65.75,3945.0
PO-02542,2024-06-25,P028,SUP07,15,88.08,1321.2
PO-02543,2024-06-25,P040,SUP09,100,11.69,1169.0
PO-02544,2024-06-25,P012,SUP03,10,107.65,1076.5
PO-02545,2024-06-26,P014,SUP10,80,77.12,6169.6
PO-02546,2024-06-26,P048,SUP08,500,20.98,10490.0
PO-02547,2024-06-26,P048,SUP01,200,20.69,4138.0
PO-02548,2024-06-26,P019,SUP08,20,95.36,1907.2
PO-02549,2024-06-26,P002,SUP11,100,6.3,630.0
PO-02550,2024-06-26,P040,SUP15,400,12.12,4848.0
PO-02551,2024-06-26,P002,SUP02,250,6.03,1507.5
PO-02552,2024-06-26,P040,SUP14,300,12.26,3678.0
PO-02553,2024-06-26,P039,SUP15,150,14.85,2227.5
PO-02554,2024-06-26,P008,SUP15,300,2.15,645.0
PO-02555,2024-06-26,P035,SUP15,40,44.94,1797.6
PO-02556,2024-06-26,P038,SUP15,40,25.32,1012.8
PO-02557,2024-06-26,P002,SUP11,100,6.32,632.0
PO-02558,2024-06-26,P012,SUP10,40,112.27,4490.8
PO-02559,2024-06-27,P013,SUP08,50,32.02,1601.0
PO-02560,2024-06-27,P011,SUP01,150,12.13,1819.5
PO-02561,2024-06-27,P017,SUP10,500,20.24,10120.0
PO-02562,2024-06-27,P045,SUP08,100,36.11,3611.0
PO-02563,2024-06-27,P040,SUP14,100,11.98,1198.0
PO-02564,2024-06-27,P031,SUP05,400,38.82,15528.0
PO-02565,2024-06-27,P032,SUP05,150,21.67,3250.5
PO-02566,2024-06-27,P011,SUP03,300,12.31,3693.0
PO-02567,2024-06-27,P022,SUP13,50,93.61,4680.5
PO-02568,2024-06-27,P017,SUP06,300,20.39,6117.0
PO-02569,2024-06-27,P033,SUP05,150,16.2,2430.0
PO-02570,2024-06-27,P044,SUP12,20,82.51,1650.2
PO-02571,2024-06-27,P021,SUP15,500,49.15,24575.0
PO-02572,2024-06-27,P048,SUP15,200,21.08,4216.0
PO-02573,2024-06-28,P036,SUP09,40,31.45,1258.0
PO-02574,2024-06-28,P031,SUP05,250,38.0,9500.0
PO-02575,2024-06-28,P002,SUP01,500,6.13,3065.0
PO-02576,2024-06-28,P013,SUP03,120,31.57,3788.4
PO-02577,2024-06-28,P048,SUP12,100,20.79,2079.0
PO-02578,2024-06-28,P040,SUP09,250,12.22,3055.0
PO-02579,2024-06-28,P008,SUP02,500,2.06,1030.0
PO-02580,2024-06-28,P023,SUP14,60,63.99,3839.4
PO-02581,2024-06-28,P002,SUP11,300,6.17,1851.0
PO-02582,2024-06-28,P001,SUP01,100,17.98,1798.0
PO-02583,2024-06-28,P037,SUP14,100,18.13,1813.0
PO-02584,2024-06-28,P010,SUP02,50,45.23,2261.5
PO-02585,2024-06-28,P005,SUP11,100,8.03,803.0
PO-02586,2024-06-29,P034,SUP05,250,27.68,6920.0
PO-02587,2024-06-29,P002,SUP06,150,6.35,952.5
PO-02588,2024-06-29,P048,SUP15,200,21.34,4268.0
PO-02589,2024-06-29,P037,SUP05,250,18.46,4615.0
PO-02590,2024-06-29,P030,SUP14,200,72.71,14542.0
PO-02591,2024-06-29,P021,SUP15,300,47.05,14115.0
PO-02592,2024-06-29,P037,SUP14,500,18.03,9015.0
PO-02593,2024-06-29,P046,SUP12,40,28.49,1139.6
PO-02594,2024-06-29,P030,SUP14,150,73.34,11001.0
PO-02595,2024-06-29,P031,SUP05,400,37.73,15092.0
PO-02596,2024-06-29,P013,SUP08,50,32.61,1630.5
PO-02597,2024-06-29,P011,SUP08,500,12.74,6370.0
PO-02598,2024-06-29,P024,SUP13,100,5.33,533.0
PO-02599,2024-06-29,P024,SUP07,250,5.29,1322.5
PO-02600,2024-06-29,P029,SUP07,40,114.03,4561.2
PO-02601,2024-06-30,P048,SUP14,300,20.98,6294.0
PO-02602,2024-06-30,P025,SUP13,80,35.53,2842.4
PO-02603,2024-06-30,P034,SUP09,400,28.08,11232.0
PO-02604,2024-06-30,P002,SUP15,300,6.35,1905.0
PO-02605,2024-06-30,P039,SUP14,150,14.59,2188.5
PO-02606,2024-06-30,P044,SUP01,30,83.88,2516.4
PO-02607,2024-06-30,P017,SUP10,200,19.61,3922.0
PO-02608,2024-06-30,P016,SUP06,40,58.75,2350.0
PO-02609,2024-06-30,P014,SUP01,80,72.96,5836.8
PO-02610,2024-06-30,P040,SUP09,400,12.12,4848.0
PO-02611,2024-06-30,P044,SUP12,15,83.5,1252.5
PO-02612,2024-06-30,P037,SUP09,100,18.0,1800.0
PO-02613,2024-06-30,P048,SUP15,250,21.2,5300.0
PO-02614,2024-06-30,P001,SUP15,300,18.39,5517.0
PO-02615,2024-06-30,P033,SUP09,300,16.66,4998.0
PO-02616,2024-06-30,P002,SUP06,300,6.14,1842.0
PO-02617,2024-06-30,P043,SUP14,150,15.55,2332.5
PO-02618,2024-06-30,P046,SUP01,80,29.11,2328.8
PO-02619,2024-07-01,P014,SUP03,60,72.83,4369.8
PO-02620,2024-07-01,P016,SUP08,40,58.59,2343.6
PO-02621,2024-07-01,P004,SUP01,100,3.35,335.0
PO-02622,2024-07-01,P014,SUP06,100,74.83,7483.0
PO-02623,2024-07-01,P008,SUP02,500,2.05,1025.0
PO-02624,2024-07-01,P042,SUP15,100,67.11,6711.0
PO-02625,2024-07-01,P024,SUP13,150,5.18,777.0
PO-02626,2024-07-01,P029,SUP15,80,111.7,8936.0
PO-02627,2024-07-01,P022,SUP15,50,89.76,4488.0
PO-02628,2024-07-01,P048,SUP12,150,21.29,3193.5
PO-02629,2024-07-01,P043,SUP01,100,15.78,1578.0
PO-02630,2024-07-01,P020,SUP08,40,25.9,1036.0
PO-02631,2024-07-01,P009,SUP01,100,24.15,2415.0
PO-02632,2024-07-01,P015,SUP10,40,41.52,1660.8
PO-02633,2024-07-01,P040,SUP09,400,12.07,4828.0
PO-02634,2024-07-01,P035,SUP15,120,46.12,5534.4
PO-02635,2024-07-02,P031,SUP05,400,39.18,15672.0
PO-02636,2024-07-02,P019,SUP03,10,94.4,944.0
PO-02637,2024-07-02,P012,SUP08,40,109.09,4363.6
PO-02638,2024-07-02,P003,SUP01,100,85.81,8581.0
PO-02639,2024-07-02,P012,SUP08,10,106.82,1068.2
PO-02640,2024-07-02,P022,SUP15,80,89.6,7168.0
PO-02641,2024-07-02,P030,SUP15,200,73.56,14712.0
PO-02642,2024-07-02,P008,SUP01,100,2.05,205.0
PO-02643,2024-07-02,P046,SUP14,50,28.22,1411.0
PO-02644,2024-07-02,P033,SUP09,200,16.72,3344.0
PO-02645,2024-07-02,P034,SUP14,300,28.71,8613.0
PO-02646,2024-07-02,P016,SUP10,100,58.68,5868.0
PO-02647,2024-07-02,P024,SUP14,100,5.29,529.0
PO-02648,2024-07-03,P009,SUP06,80,23.49,1879.2
PO-02649,2024-07-03,P004,SUP11,300,3.32,996.0
PO-02650,2024-07-03,P037,SUP09,200,18.13,3626.0
PO-02651,2024-07-03,P033,SUP05,500,16.8,8400.0
PO-02652,2024-07-03,P025,SUP14,100,35.77,3577.0
PO-02653,2024-07-03,P024,SUP04,200,5.27,1054.0
PO-02654,2024-07-03,P005,SUP11,100,7.98,798.0
PO-02655,2024-07-03,P038,SUP14,40,24.81,992.4
PO-02656,2024-07-04,P048,SUP08,300,20.67,6201.0
PO-02657,2024-07-04,P035,SUP05,50,44.12,2206.0
PO-02658,2024-07-04,P006,SUP06,10,120.77,1207.7
PO-02659,2024-07-04,P042,SUP15,50,66.04,3302.0
PO-02660,2024-07-04,P048,SUP15,250,21.3,5325.0
PO-02661,2024-07-04,P050,SUP01,10,97.57,975.7
PO-02662,2024-07-04,P042,SUP08,100,69.19,6919.0
PO-02663,2024-07-04,P032,SUP15,150,22.52,3378.0
PO-02664,2024-07-04,P014,SUP01,120,76.23,9147.6
PO-02665,2024-07-04,P036,SUP05,100,31.13,3113.0
PO-02666,2024-07-04,P039,SUP15,100,14.41,1441.0
PO-02667,2024-07-04,P004,SUP01,100,3.46,346.0
PO-02668,2024-07-05,P002,SUP11,400,6.19,2476.0
PO-02669,2024-07-05,P040,SUP15,250,12.1,3025.0
PO-02670,2024-07-05,P042,SUP08,50,69.27,3463.5
PO-02671,2024-07-05,P031,SUP14,400,38.82,15528.0
PO-02672,2024-07-05,P032,SUP09,400,22.22,8888.0
PO-02673,2024-07-05,P048,SUP15,400,20.86,8344.0
PO-02674,2024-07-05,P031,SUP14,150,38.44,5766.0
PO-02675,2024-07-05,P020,SUP03,60,27.25,1635.0
PO-02676,2024-07-05,P017,SUP10,100,20.12,2012.0
PO-02677,2024-07-05,P046,SUP14,120,28.5,3420.0
PO-02678,2024-07-05,P031,SUP14,500,38.63,19315.0
PO-02679,2024-07-05,P003,SUP15,120,86.41,10369.2
PO-02680,2024-07-05,P039,SUP15,400,14.08,5632.0
PO-02681,2024-07-05,P011,SUP08,300,12.61,3783.0
PO-02682,2024-07-05,P037,SUP15,250,17.92,4480.0
PO-02683,2024-07-05,P020,SUP03,40,25.73,1029.2
PO-02684,2024-07-05,P004,SUP02,300,3.31,993.0
PO-02685,2024-07-05,P010,SUP11,100,44.87,4487.0
PO-02686,2024-07-06,P001,SUP01,300,18.46,5538.0
PO-02687,2024-07-06,P008,SUP15,500,2.16,1080.0
PO-02688,2024-07-06,P024,SUP15,100,5.17,517.0
PO-02689,2024-07-06,P043,SUP01,250,15.08,3770.0
PO-02690,2024-07-06,P024,SUP04,200,5.13,1026.0
PO-02691,2024-07-06,P024,SUP14,100,5.17,517.0
PO-02692,2024-07-06,P043,SUP01,250,15.06,3765.0
PO-02693,2024-07-06,P014,SUP01,40,75.27,3010.8
PO-02694,2024-07-06,P019,SUP01,10,96.94,969.4
PO-02695,2024-07-06,P018,SUP06,15,244.05,3660.75
PO-02696,2024-07-06,P025,SUP07,120,35.4,4248.0
PO-02697,2024-07-06,P033,SUP05,400,16.6,6640.0
PO-02698,2024-07-06,P001,SUP15,300,18.77,5631.0
PO-02699,2024-07-06,P030,SUP15,150,74.15,11122.5
PO-02700,2024-07-06,P030,SUP04,400,72.17,28868.0
PO-02701,2024-07-06,P033,SUP14,250,16.27,4067.5
PO-02702,2024-07-06,P030,SUP07,150,72.38,10857.0
PO-02703,2024-07-06,P011,SUP10,250,12.7,3175.0
PO-02704,2024-07-06,P040,SUP09,250,11.64,2910.0
PO-02705,2024-07-06,P035,SUP14,60,45.29,2717.4
PO-02706,2024-07-06,P027,SUP07,30,135.92,4077.6
PO-02707,2024-07-07,P040,SUP15,150,11.86,1779.0
PO-02708,2024-07-07,P049,SUP14,10,378.09,3780.9
PO-02709,2024-07-07,P002,SUP02,500,6.23,3115.0
PO-02710,2024-07-07,P033,SUP14,250,16.82,4205.0
PO-02711,2024-07-07,P039,SUP09,300,14.75,4425.0
PO-02712,2024-07-07,P014,SUP08,120,76.96,9235.2
PO-02713,2024-07-07,P014,SUP01,120,74.5,8940.0
PO-02714,2024-07-07,P008,SUP15,200,2.07,414.0
PO-02715,2024-07-07,P006,SUP02,40,117.23,4689.2
PO-02716,2024-07-07,P031,SUP05,250,38.43,9607.5
PO-02717,2024-07-07,P003,SUP11,40,86.48,3459.2
PO-02718,2024-07-07,P029,SUP14,60,115.88,6952.8
PO-02719,2024-07-07,P033,SUP14,200,16.86,3372.0
PO-02720,2024-07-07,P002,SUP01,250,6.3,1575.0
PO-02721,2024-07-08,P047,SUP01,40,78.22,3128.8
PO-02722,2024-07-08,P023,SUP07,60,64.59,3875.4
PO-02723,2024-07-08,P017,SUP01,100,19.9,1990.0
PO-02724,2024-07-08,P002,SUP01,200,6.2,1240.0
PO-02725,2024-07-08,P030,SUP15,300,71.83,21549.0
PO-02726,2024-07-08,P014,SUP03,50,76.81,3840.5
PO-02727,2024-07-08,P035,SUP14,60,46.12,2767.2
PO-02728,2024-07-08,P017,SUP10,200,19.79,3958.0
PO-02729,2024-07-08,P017,SUP03,250,19.53,4882.5
PO-02730,2024-07-08,P003,SUP02,120,85.61,10273.2
PO-02731,2024-07-08,P041,SUP01,10,54.61,546.1
PO-02732,2024-07-08,P008,SUP02,150,2.09,313.5
PO-02733,2024-07-08,P039,SUP14,400,14.46,5784.0
PO-02734,2024-07-08,P034,SUP05,200,28.18,5636.0
PO-02735,2024-07-08,P033,SUP09,400,16.2,6480.0
PO-02736,2024-07-09,P006,SUP11,10,118.5,1185.0
PO-02737,2024-07-09,P021,SUP04,200,48.47,9694.0
PO-02738,2024-07-09,P017,SUP06,400,19.42,7768.0
PO-02739,2024-07-09,P024,SUP13,400,5.32,2128.0
PO-02740,2024-07-09,P040,SUP05,200,11.97,2394.0
PO-02741,2024-07-09,P024,SUP14,200,5.15,1030.0
PO-02742,2024-07-09,P033,SUP05,150,16.01,2401.5
PO-02743,2024-07-09,P028,SUP04,10,87.93,879.3
PO-02744,2024-07-09,P004,SUP01,200,3.41,682.0
PO-02745,2024-07-09,P002,SUP02,300,6.19,1857.0
PO-02746,2024-07-09,P047,SUP15,10,77.49,774.9
PO-02747,2024-07-09,P048,SUP08,300,21.29,6387.0
PO-02748,2024-07-09,P008,SUP02,100,2.05,205.0
PO-02749,2024-07-09,P024,SUP13,500,5.23,2615.0
PO-02750,2024-07-09,P045,SUP01,100,36.19,3619.0
PO-02751,2024-07-09,P011,SUP08,300,12.66,3798.0
PO-02752,2024-07-10,P040,SUP14,400,12.3,4920.0
PO-02753,2024-07-10,P046,SUP12,50,28.24,1412.0
PO-02754,2024-07-10,P042,SUP08,40,69.86,2794.4
PO-02755,2024-07-10,P004,SUP11,100,3.33,333.0
PO-02756,2024-07-10,P008,SUP15,500,2.16,1080.0
PO-02757,2024-07-10,P013,SUP08,50,32.18,1609.0
PO-02758,2024-07-10,P016,SUP08,120,59.08,7089.6
PO-02759,2024-07-10,P003,SUP01,120,82.77,9932.4
PO-02760,2024-07-10,P008,SUP15,250,2.16,540.0
PO-02761,2024-07-10,P045,SUP08,40,35.99,1439.6
PO-02762,2024-07-10,P031,SUP15,400,38.41,15364.0
PO-02763,2024-07-10,P030,SUP04,250,70.65,17662.5
PO-02764,2024-07-10,P013,SUP03,120,32.85,3942.0
PO-02765,2024-07-10,P015,SUP06,50,42.27,2113.5
PO-02766,2024-07-10,P035,SUP15,100,44.78,4478.0
PO-02767,2024-07-10,P031,SUP14,100,37.53,3753.0
PO-02768,2024-07-10,P032,SUP05,500,22.54,11270.0
PO-02769,2024-07-10,P013,SUP08,100,32.14,3214.0
PO-02770,2024-07-10,P021,SUP04,250,46.9,11725.0
PO-02771,2024-07-10,P014,SUP03,100,76.86,7686.0
PO-02772,2024-07-10,P039,SUP14,100,14.24,1424.0
PO-02773,2024-07-11,P024,SUP15,500,5.31,2655.0
PO-02774,2024-07-11,P024,SUP04,100,5.28,528.0
PO-02775,2024-07-11,P021,SUP15,150,48.85,7327.5
PO-02776,2024-07-11,P003,SUP06,50,83.62,4181.0
PO-02777,2024-07-11,P020,SUP01,40,26.17,1046.8
PO-02778,2024-07-11,P005,SUP02,50,7.59,379.5
PO-02779,2024-07-11,P047,SUP15,30,79.31,2379.3
PO-02780,2024-07-11,P024,SUP04,100,5.06,506.0
PO-02781,2024-07-11,P031,SUP15,100,38.01,3801.0
PO-02782,2024-07-11,P039,SUP05,400,14.85,5940.0
PO-02783,2024-07-11,P026,SUP13,40,53.84,2153.6
PO-02784,2024-07-11,P044,SUP14,10,80.41,804.1
PO-02785,2024-07-11,P045,SUP01,120,36.89,4426.8
PO-02786,2024-07-12,P032,SUP05,100,22.58,2258.0
PO-02787,2024-07-12,P034,SUP15,300,27.24,8172.0
PO-02788,2024-07-12,P004,SUP15,500,3.5,1750.0
PO-02789,2024-07-12,P029,SUP04,40,116.04,4641.6
PO-02790,2024-07-12,P005,SUP15,100,7.82,782.0
PO-02791,2024-07-12,P045,SUP01,40,35.56,1422.4
PO-02792,2024-07-12,P021,SUP04,200,47.86,9572.0
PO-02793,2024-07-12,P030,SUP14,150,73.1,10965.0
PO-02794,2024-07-12,P001,SUP06,400,18.96,7584.0
PO-02795,2024-07-12,P016,SUP06,50,56.88,2844.0
PO-02796,2024-07-12,P017,SUP08,250,19.95,4987.5
PO-02797,2024-07-12,P021,SUP04,500,47.81,23905.0
PO-02798,2024-07-12,P027,SUP13,30,141.87,4256.1
PO-02799,2024-07-12,P009,SUP01,80,24.31,1944.8
PO-02800,2024-07-12,P004,SUP06,250,3.45,862.5
PO-02801,2024-07-13,P017,SUP10,300,20.29,6087.0
PO-02802,2024-07-13,P021,SUP14,100,48.49,4849.0
PO-02803,2024-07-13,P033,SUP05,400,16.59,6636.0
PO-02804,2024-07-13,P002,SUP06,150,6.08,912.0
PO-02805,2024-07-13,P042,SUP08,40,69.67,2786.8
PO-02806,2024-07-13,P022,SUP07,100,94.69,9469.0
PO-02807,2024-07-13,P038,SUP14,40,25.38,1015.2
PO-02808,2024-07-13,P031,SUP14,100,39.39,3939.0
PO-02809,2024-07-13,P045,SUP15,50,36.8,1840.0
PO-02810,2024-07-13,P002,SUP06,300,6.09,1827.0
PO-02811,2024-07-13,P001,SUP06,400,18.86,7544.0
PO-02812,2024-07-13,P009,SUP01,60,24.35,1461.0
PO-02813,2024-07-13,P010,SUP11,60,44.99,2699.4
PO-02814,2024-07-13,P001,SUP06,300,18.64,5592.0
PO-02815,2024-07-13,P029,SUP13,100,113.63,11363.0
PO-02816,2024-07-13,P030,SUP14,150,72.11,10816.5
PO-02817,2024-07-13,P043,SUP14,150,15.45,2317.5
PO-02818,2024-07-14,P014,SUP06,100,74.7,7470.0
PO-02819,2024-07-14,P049,SUP15,10,384.06,3840.6
PO-02820,2024-07-14,P033,SUP09,400,16.32,6528.0
PO-02821,2024-07-14,P016,SUP01,40,59.73,2389.2
PO-02822,2024-07-14,P031,SUP15,300,37.86,11358.0
PO-02823,2024-07-14,P011,SUP01,300,12.59,3777.0
PO-02824,2024-07-14,P011,SUP08,150,12.77,1915.5
PO-02825,2024-07-14,P034,SUP14,500,28.26,14130.0
PO-02826,2024-07-14,P039,SUP14,200,14.36,2872.0
PO-02827,2024-07-14,P037,SUP14,200,17.83,3566.0
PO-02828,2024-07-14,P037,SUP05,150,18.11,2716.5
PO-02829,2024-07-14,P011,SUP06,200,12.56,2512.0
PO-02830,2024-07-14,P005,SUP02,60,7.87,472.2
PO-02831,2024-07-14,P039,SUP14,250,14.65,3662.5
PO-02832,2024-07-14,P037,SUP14,500,18.23,9115.0
PO-02833,2024-07-15,P047,SUP08,30,77.63,2328.9
PO-02834,2024-07-15,P043,SUP15,200,15.91,3182.0
PO-02835,2024-07-15,P036,SUP09,50,31.74,1587.0
PO-02836,2024-07-15,P024,SUP07,200,5.11,1022.0
PO-02837,2024-07-15,P004,SUP15,500,3.31,1655.0
PO-02838,2024-07-15,P009,SUP01,100,24.09,2409.0
PO-02839,2024-07-15,P021,SUP13,150,49.41,7411.5
PO-02840,2024-07-15,P050,SUP12,40,94.57,3782.8
PO-02841,2024-07-15,P035,SUP09,40,44.49,1779.6
PO-02842,2024-07-16,P014,SUP08,80,74.51,5960.8
PO-02843,2024-07-16,P037,SUP09,100,18.34,1834.0
PO-02844,2024-07-16,P032,SUP15,250,21.94,5485.0
PO-02845,2024-07-16,P043,SUP12,100,15.55,1555.0
PO-02846,2024-07-16,P001,SUP11,250,18.43,4607.5
PO-02847,2024-07-16,P030,SUP15,300,70.74,21222.0
PO-02848,2024-07-16,P039,SUP14,500,14.58,7290.0
PO-02849,2024-07-16,P038,SUP14,40,25.25,1010.0
PO-02850,2024-07-16,P011,SUP10,150,12.71,1906.5
PO-02851,2024-07-16,P022,SUP04,50,89.85,4492.5
PO-02852,2024-07-16,P010,SUP02,100,44.53,4453.0
PO-02853,2024-07-16,P015,SUP10,40,42.48,1699.2
PO-02854,2024-07-16,P012,SUP08,20,111.77,2235.4
PO-02855,2024-07-16,P021,SUP04,150,47.88,7182.0
PO-02856,2024-07-16,P034,SUP15,300,27.21,8163.0
PO-02857,2024-07-17,P002,SUP15,300,6.14,1842.0
PO-02858,2024-07-17,P041,SUP12,10,54.0,540.0
PO-02859,2024-07-17,P043,SUP12,500,15.33,7665.0
PO-02860,2024-07-17,P030,SUP15,300,69.96,20988.0
PO-02861,2024-07-17,P048,SUP15,150,21.61,3241.5
PO-02862,2024-07-17,P043,SUP14,200,15.25,3050.0
PO-02863,2024-07-17,P018,SUP03,40,236.02,9440.8
PO-02864,2024-07-17,P003,SUP15,80,86.63,6930.4
PO-02865,2024-07-17,P044,SUP15,20,79.57,1591.4
PO-02866,2024-07-17,P025,SUP15,120,35.17,4220.4
PO-02867,2024-07-17,P033,SUP05,250,16.39,4097.5
PO-02868,2024-07-17,P037,SUP14,500,17.93,8965.0
PO-02869,2024-07-17,P034,SUP09,300,28.76,8628.0
PO-02870,2024-07-18,P030,SUP15,400,70.17,28068.0
PO-02871,2024-07-18,P045,SUP01,40,36.51,1460.4
PO-02872,2024-07-18,P020,SUP03,80,25.89,2071.2
PO-02873,2024-07-18,P025,SUP13,120,35.15,4218.0
PO-02874,2024-07-18,P002,SUP02,250,6.09,1522.5
PO-02875,2024-07-18,P043,SUP12,250,15.17,3792.5
PO-02876,2024-07-18,P038,SUP05,50,25.13,1256.5
PO-02877,2024-07-18,P029,SUP13,60,117.0,7020.0
PO-02878,2024-07-18,P033,SUP15,500,16.01,8005.0
PO-02879,2024-07-18,P004,SUP02,100,3.42,342.0
PO-02880,2024-07-18,P043,SUP01,250,15.41,3852.5
PO-02881,2024-07-19,P044,SUP15,30,84.4,2532.0
PO-02882,2024-07-19,P048,SUP14,100,21.17,2117.0
PO-02883,2024-07-19,P043,SUP01,150,15.67,2350.5
PO-02884,2024-07-19,P013,SUP06,100,32.89,3289.0
PO-02885,2024-07-19,P001,SUP02,400,18.29,7316.0
PO-02886,2024-07-19,P024,SUP04,300,5.33,1599.0
PO-02887,2024-07-19,P017,SUP03,250,20.34,5085.0
PO-02888,2024-07-19,P038,SUP05,40,24.87,994.8
PO-02889,2024-07-19,P043,SUP01,300,15.04,4512.0
PO-02890,2024-07-19,P001,SUP02,100,18.9,1890.0
PO-02891,2024-07-19,P046,SUP15,60,28.66,1719.6
PO-02892,2024-07-19,P008,SUP06,300,2.1,630.0
PO-02893,2024-07-19,P007,SUP01,60,67.1,4026.0
PO-02894,2024-07-19,P031,SUP14,100,37.69,3769.0
PO-02895,2024-07-19,P040,SUP09,100,12.17,1217.0
PO-02896,2024-07-19,P020,SUP10,120,25.85,3102.0
PO-02897,2024-07-19,P009,SUP02,60,23.42,1405.2
PO-02898,2024-07-19,P032,SUP05,200,22.51,4502.0
PO-02899,2024-07-20,P009,SUP01,120,23.77,2852.4
PO-02900,2024-07-20,P017,SUP10,100,20.13,2013.0
PO-02901,2024-07-20,P007,SUP06,50,64.2,3210.0
PO-02902,2024-07-20,P004,SUP11,250,3.45,862.5
PO-02903,2024-07-20,P005,SUP01,120,7.85,942.0
PO-02904,2024-07-20,P036,SUP05,50,31.22,1561.0
PO-02905,2024-07-20,P049,SUP01,15,384.26,5763.9
PO-02906,2024-07-20,P050,SUP12,20,94.92,1898.4
PO-02907,2024-07-20,P035,SUP05,50,46.04,2302.0
PO-02908,2024-07-20,P048,SUP12,500,20.38,10190.0
PO-02909,2024-07-20,P033,SUP05,100,16.96,1696.0
PO-02910,2024-07-20,P017,SUP08,500,20.14,10070.0
PO-02911,2024-07-20,P017,SUP08,150,19.69,2953.5
PO-02912,2024-07-21,P048,SUP15,400,20.54,8216.0
PO-02913,2024-07-21,P032,SUP09,250,21.49,5372.5
PO-02914,2024-07-21,P013,SUP01,50,31.4,1570.0
PO-02915,2024-07-21,P042,SUP15,60,67.59,4055.4
PO-02916,2024-07-21,P035,SUP14,100,45.87,4587.0
PO-02917,2024-07-21,P016,SUP08,40,57.54,2301.6
PO-02918,2024-07-21,P010,SUP15,60,45.94,2756.4
PO-02919,2024-07-21,P033,SUP05,500,16.3,8150.0
PO-02920,2024-07-21,P014,SUP06,60,76.44,4586.4
PO-02921,2024-07-21,P004,SUP02,400,3.35,1340.0
PO-02922,2024-07-21,P034,SUP05,250,28.14,7035.0
PO-02923,2024-07-21,P014,SUP08,100,76.53,7653.0
PO-02924,2024-07-21,P030,SUP07,300,71.71,21513.0
PO-02925,2024-07-22,P047,SUP12,20,78.69,1573.8
PO-02926,2024-07-22,P046,SUP12,100,29.44,2944.0
PO-02927,2024-07-22,P010,SUP15,50,45.69,2284.5
PO-02928,2024-07-22,P008,SUP11,400,2.16,864.0
PO-02929,2024-07-22,P033,SUP15,150,16.74,2511.0
PO-02930,2024-07-22,P014,SUP08,40,73.47,2938.8
PO-02931,2024-07-22,P022,SUP13,120,93.28,11193.6
PO-02932,2024-07-22,P010,SUP02,50,45.71,2285.5
PO-02933,2024-07-22,P001,SUP11,150,18.19,2728.5
PO-02934,2024-07-22,P021,SUP04,250,48.72,12180.0
PO-02935,2024-07-22,P004,SUP06,300,3.34,1002.0
PO-02936,2024-07-22,P030,SUP15,300,71.8,21540.0
PO-02937,2024-07-22,P043,SUP08,150,15.68,2352.0
PO-02938,2024-07-22,P043,SUP14,250,15.63,3907.5
PO-02939,2024-07-22,P042,SUP15,50,68.13,3406.5
PO-02940,2024-07-22,P048,SUP12,200,21.49,4298.0
PO-02941,2024-07-23,P008,SUP06,500,2.15,1075.0
PO-02942,2024-07-23,P040,SUP05,500,12.12,6060.0
PO-02943,2024-07-23,P004,SUP06,500,3.32,1660.0
PO-02944,2024-07-23,P040,SUP15,150,12.17,1825.5
PO-02945,2024-07-23,P043,SUP14,250,15.06,3765.0
PO-02946,2024-07-23,P023,SUP07,60,65.3,3918.0
PO-02947,2024-07-23,P011,SUP06,250,12.72,3180.0
PO-02948,2024-07-23,P005,SUP15,120,7.97,956.4
PO-02949,2024-07-23,P003,SUP11,40,85.76,3430.4
PO-02950,2024-07-23,P037,SUP09,150,17.65,2647.5
PO-02951,2024-07-23,P017,SUP08,250,20.3,5075.0
PO-02952,2024-07-23,P002,SUP01,400,6.28,2512.0
PO-02953,2024-07-23,P012,SUP08,40,111.36,4454.4
PO-02954,2024-07-24,P034,SUP14,250,27.97,6992.5
PO-02955,2024-07-24,P031,SUP05,500,38.08,19040.0
PO-02956,2024-07-24,P002,SUP15,100,6.28,628.0
PO-02957,2024-07-24,P024,SUP15,250,5.1,1275.0
PO-02958,2024-07-24,P039,SUP14,150,14.75,2212.5
PO-02959,2024-07-24,P043,SUP14,100,15.75,1575.0
PO-02960,2024-07-24,P038,SUP05,60,25.63,1537.8
PO-02961,2024-07-24,P024,SUP14,250,5.21,1302.5
PO-02962,2024-07-24,P025,SUP04,40,33.99,1359.6
PO-02963,2024-07-24,P036,SUP14,60,31.56,1893.6
PO-02964,2024-07-24,P011,SUP03,100,12.38,1238.0
PO-02965,2024-07-24,P018,SUP10,20,234.3,4686.0
PO-02966,2024-07-24,P007,SUP01,50,66.76,3338.0
PO-02967,2024-07-24,P036,SUP15,40,31.29,1251.6
PO-02968,2024-07-24,P011,SUP08,100,12.61,1261.0
PO-02969,2024-07-25,P004,SUP06,200,3.34,668.0
PO-02970,2024-07-25,P002,SUP11,100,6.04,604.0
PO-02971,2024-07-25,P025,SUP04,50,35.64,1782.0
PO-02972,2024-07-25,P035,SUP14,40,45.79,1831.6
PO-02973,2024-07-25,P025,SUP14,80,35.34,2827.2
PO-02974,2024-07-25,P024,SUP07,500,5.14,2570.0
PO-02975,2024-07-25,P043,SUP15,150,15.85,2377.5
PO-02976,2024-07-25,P006,SUP11,15,123.44,1851.6
PO-02977,2024-07-25,P008,SUP06,200,2.05,410.0
PO-02978,2024-07-25,P030,SUP13,250,72.44,18110.0
PO-02979,2024-07-25,P030,SUP04,250,70.65,17662.5
PO-02980,2024-07-25,P030,SUP04,250,71.28,17820.0
PO-02981,2024-07-25,P043,SUP14,200,15.15,3030.0
PO-02982,2024-07-25,P021,SUP14,500,48.84,24420.0
PO-02983,2024-07-25,P037,SUP14,500,18.21,9105.0
PO-02984,2024-07-25,P017,SUP08,200,19.47,3894.0
PO-02985,2024-07-25,P023,SUP07,60,65.36,3921.6
PO-02986,2024-07-25,P015,SUP06,80,43.04,3443.2
PO-02987,2024-07-26,P030,SUP13,100,72.67,7267.0
PO-02988,2024-07-26,P032,SUP14,150,21.53,3229.5
PO-02989,2024-07-26,P009,SUP06,60,24.23,1453.8
PO-02990,2024-07-26,P021,SUP07,150,48.69,7303.5
PO-02991,2024-07-26,P048,SUP08,300,21.05,6315.0
PO-02992,2024-07-26,P031,SUP14,250,39.15,9787.5
PO-02993,2024-07-26,P017,SUP08,300,19.58,5874.0
PO-02994,2024-07-26,P030,SUP07,300,71.08,21324.0
PO-02995,2024-07-26,P001,SUP11,500,18.86,9430.0
PO-02996,2024-07-26,P001,SUP01,200,19.02,3804.0
PO-02997,2024-07-26,P011,SUP06,200,12.14,2428.0
PO-02998,2024-07-26,P049,SUP08,20,372.14,7442.8
PO-02999,2024-07-26,P037,SUP09,200,17.55,3510.0
PO-03000,2024-07-26,P045,SUP08,80,36.91,2952.8
PO-03001,2024-07-27,P048,SUP01,150,21.56,3234.0
PO-03002,2024-07-27,P021,SUP07,150,48.44,7266.0
PO-03003,2024-07-27,P037,SUP09,150,17.95,2692.5
PO-03004,2024-07-27,P039,SUP09,150,14.27,2140.5
PO-03005,2024-07-27,P016,SUP06,50,56.77,2838.5
PO-03006,2024-07-27,P044,SUP08,20,83.0,1660.0
PO-03007,2024-07-27,P025,SUP13,50,35.5,1775.0
PO-03008,2024-07-27,P008,SUP06,500,2.04,1020.0
PO-03009,2024-07-27,P009,SUP02,120,24.72,2966.4
PO-03010,2024-07-27,P016,SUP10,40,57.91,2316.4
PO-03011,2024-07-27,P045,SUP15,40,35.77,1430.8
PO-03012,2024-07-27,P039,SUP14,100,14.61,1461.0
PO-03013,2024-07-27,P024,SUP13,200,5.18,1036.0
PO-03014,2024-07-27,P033,SUP09,150,16.25,2437.5
PO-03015,2024-07-27,P011,SUP06,100,12.33,1233.0
PO-03016,2024-07-28,P034,SUP05,250,27.28,6820.0
PO-03017,2024-07-28,P024,SUP14,500,5.14,2570.0
PO-03018,2024-07-28,P011,SUP01,250,12.53,3132.5
PO-03019,2024-07-28,P039,SUP14,100,14.31,1431.0
PO-03020,2024-07-28,P017,SUP01,250,20.08,5020.0
PO-03021,2024-07-28,P032,SUP09,250,21.84,5460.0
PO-03022,2024-07-28,P015,SUP10,80,41.36,3308.8
PO-03023,2024-07-28,P032,SUP09,250,22.35,5587.5
PO-03024,2024-07-28,P036,SUP05,100,31.17,3117.0
PO-03025,2024-07-28,P016,SUP08,60,58.03,3481.8
PO-03026,2024-07-28,P031,SUP05,300,38.44,11532.0
PO-03027,2024-07-28,P004,SUP15,250,3.4,850.0
PO-03028,2024-07-28,P016,SUP01,100,59.25,5925.0
PO-03029,2024-07-28,P003,SUP11,80,85.71,6856.8
PO-03030,2024-07-28,P039,SUP09,400,14.92,5968.0
PO-03031,2024-07-28,P020,SUP06,100,26.42,2642.0
PO-03032,2024-07-28,P021,SUP07,250,47.03,11757.5
PO-03033,2024-07-28,P026,SUP04,15,54.68,820.2
PO-03034,2024-07-28,P040,SUP14,250,12.3,3075.0
PO-03035,2024-07-29,P048,SUP12,200,20.74,4148.0
PO-03036,2024-07-29,P048,SUP08,200,21.55,4310.0
PO-03037,2024-07-29,P021,SUP04,100,48.3,4830.0
PO-03038,2024-07-29,P001,SUP11,150,18.04,2706.0
PO-03039,2024-07-29,P043,SUP15,400,15.53,6212.0
PO-03040,2024-07-29,P002,SUP11,400,6.22,2488.0
PO-03041,2024-07-29,P010,SUP11,50,45.97,2298.5
PO-03042,2024-07-29,P037,SUP05,250,17.88,4470.0
PO-03043,2024-07-29,P001,SUP06,500,18.65,9325.0
PO-03044,2024-07-29,P044,SUP01,20,81.81,1636.2
PO-03045,2024-07-29,P040,SUP05,400,11.9,4760.0
PO-03046,2024-07-29,P034,SUP15,100,28.78,2878.0
PO-03047,2024-07-29,P030,SUP04,200,72.19,14438.0
PO-03048,2024-07-29,P048,SUP15,200,21.56,4312.0
PO-03049,2024-07-29,P040,SUP05,500,12.35,6175.0
PO-03050,2024-07-29,P005,SUP02,100,7.72,772.0
PO-03051,2024-07-29,P045,SUP12,60,35.81,2148.6
PO-03052,2024-07-29,P021,SUP04,100,46.86,4686.0
PO-03053,2024-07-29,P045,SUP14,120,36.77,4412.4
PO-03054,2024-07-30,P001,SUP06,500,18.49,9245.0
PO-03055,2024-07-30,P048,SUP15,250,20.91,5227.5
PO-03056,2024-07-30,P042,SUP14,50,70.01,3500.5
PO-03057,2024-07-30,P011,SUP10,100,12.16,1216.0
PO-03058,2024-07-30,P035,SUP14,80,44.19,3535.2
PO-03059,2024-07-30,P034,SUP14,200,28.47,5694.0
PO-03060,2024-07-30,P009,SUP11,50,23.71,1185.5
PO-03061,2024-07-30,P045,SUP01,100,35.23,3523.0
PO-03062,2024-07-30,P010,SUP01,100,44.97,4497.0
PO-03063,2024-07-30,P048,SUP14,150,20.62,3093.0
PO-03064,2024-07-30,P005,SUP06,60,7.71,462.6
PO-03065,2024-07-31,P004,SUP01,250,3.37,842.5
PO-03066,2024-07-31,P016,SUP08,120,58.98,7077.6
PO-03067,2024-07-31,P047,SUP15,40,77.57,3102.8
PO-03068,2024-07-31,P013,SUP06,120,31.32,3758.4
PO-03069,2024-07-31,P043,SUP01,150,15.91,2386.5
PO-03070,2024-07-31,P010,SUP15,100,45.01,4501.0
PO-03071,2024-07-31,P024,SUP14,500,5.13,2565.0
PO-03072,2024-07-31,P011,SUP03,150,12.35,1852.5
PO-03073,2024-07-31,P010,SUP02,120,43.82,5258.4
PO-03074,2024-07-31,P030,SUP13,250,71.34,17835.0
PO-03075,2024-07-31,P034,SUP15,100,28.56,2856.0
PO-03076,2024-07-31,P048,SUP12,200,20.94,4188.0
PO-03077,2024-07-31,P008,SUP06,500,2.09,1045.0
PO-03078,2024-08-01,P039,SUP15,300,14.45,4335.0
PO-03079,2024-08-01,P015,SUP01,80,42.31,3384.8
PO-03080,2024-08-01,P039,SUP05,300,14.4,4320.0
PO-03081,2024-08-01,P031,SUP14,150,38.13,5719.5
PO-03082,2024-08-01,P037,SUP14,300,17.53,5259.0
PO-03083,2024-08-01,P020,SUP10,100,25.76,2576.0
PO-03084,2024-08-01,P033,SUP15,200,16.97,3394.0
PO-03085,2024-08-01,P024,SUP13,300,5.14,1542.0
PO-03086,2024-08-01,P034,SUP14,100,27.84,2784.0
PO-03087,2024-08-01,P008,SUP11,500,2.07,1035.0
PO-03088,2024-08-01,P040,SUP14,150,12.07,1810.5
PO-03089,2024-08-01,P050,SUP08,15,97.55,1463.25
PO-03090,2024-08-01,P008,SUP06,500,2.04,1020.0
PO-03091,2024-08-01,P008,SUP02,200,2.07,414.0
PO-03092,2024-08-01,P004,SUP06,400,3.37,1348.0
PO-03093,2024-08-01,P023,SUP13,80,64.26,5140.8
PO-03094,2024-08-01,P034,SUP14,100,28.2,2820.0
PO-03095,2024-08-01,P042,SUP14,100,69.57,6957.0
PO-03096,2024-08-01,P031,SUP14,150,38.63,5794.5
PO-03097,2024-08-02,P049,SUP01,20,375.13,7502.6
PO-03098,2024-08-02,P045,SUP15,60,35.17,2110.2
PO-03099,2024-08-02,P006,SUP06,20,117.65,2353.0
PO-03100,2024-08-02,P008,SUP11,150,2.06,309.0
PO-03101,2024-08-02,P017,SUP01,400,20.05,8020.0
PO-03102,2024-08-02,P021,SUP07,150,47.56,7134.0
PO-03103,2024-08-02,P004,SUP06,500,3.32,1660.0
PO-03104,2024-08-02,P038,SUP14,50,24.71,1235.5
PO-03105,2024-08-02,P014,SUP08,40,74.07,2962.8
PO-03106,2024-08-02,P043,SUP12,400,15.65,6260.0
PO-03107,2024-08-02,P001,SUP01,200,18.82,3764.0
PO-03108,2024-08-02,P026,SUP14,40,55.36,2214.4
PO-03109,2024-08-02,P024,SUP04,250,5.34,1335.0
PO-03110,2024-08-02,P023,SUP15,100,63.77,6377.0
PO-03111,2024-08-02,P040,SUP09,150,11.85,1777.5
PO-03112,2024-08-02,P039,SUP09,250,14.92,3730.0
PO-03113,2024-08-02,P003,SUP06,40,83.14,3325.6
PO-03114,2024-08-02,P002,SUP11,100,6.24,624.0
PO-03115,2024-08-03,P019,SUP08,20,92.78,1855.6
PO-03116,2024-08-03,P042,SUP15,50,69.06,3453.0
PO-03117,2024-08-03,P048,SUP15,150,20.91,3136.5
PO-03118,2024-08-03,P016,SUP01,80,57.85,4628.0
PO-03119,2024-08-03,P031,SUP05,200,37.85,7570.0
PO-03120,2024-08-03,P011,SUP08,400,12.41,4964.0
PO-03121,2024-08-03,P032,SUP15,200,22.05,4410.0
PO-03122,2024-08-03,P010,SUP01,100,43.99,4399.0
PO-03123,2024-08-03,P001,SUP06,250,18.03,4507.5
PO-03124,2024-08-03,P048,SUP08,150,20.82,3123.0
PO-03125,2024-08-03,P020,SUP01,40,26.01,1040.4
PO-03126,2024-08-03,P013,SUP08,120,31.64,3796.8
PO-03127,2024-08-03,P007,SUP06,40,65.67,2626.8
PO-03128,2024-08-03,P002,SUP01,100,6.29,629.0
PO-03129,2024-08-03,P004,SUP02,150,3.44,516.0
PO-03130,2024-08-03,P003,SUP02,50,84.89,4244.5
PO-03131,2024-08-03,P003,SUP02,40,83.24,3329.6
PO-03132,2024-08-04,P033,SUP14,250,16.88,4220.0
PO-03133,2024-08-04,P004,SUP06,150,3.37,505.5
PO-03134,2024-08-04,P038,SUP14,100,24.44,2444.0
PO-03135,2024-08-04,P032,SUP15,200,22.55,4510.0
PO-03136,2024-08-04,P017,SUP06,100,20.09,2009.0
PO-03137,2024-08-04,P001,SUP06,150,18.22,2733.0
PO-03138,2024-08-04,P015,SUP01,60,41.76,2505.6
PO-03139,2024-08-04,P032,SUP05,200,22.18,4436.0
PO-03140,2024-08-04,P008,SUP06,300,2.09,627.0
PO-03141,2024-08-04,P049,SUP08,20,378.29,7565.8
PO-03142,2024-08-04,P048,SUP08,100,21.28,2128.0
PO-03143,2024-08-04,P024,SUP07,200,5.05,1010.0
PO-03144,2024-08-04,P022,SUP13,50,89.83,4491.5
PO-03145,2024-08-04,P008,SUP15,150,2.13,319.5
PO-03146,2024-08-04,P004,SUP11,100,3.37,337.0
PO-03147,2024-08-04,P038,SUP05,100,25.07,2507.0
PO-03148,2024-08-05,P039,SUP15,200,14.59,2918.0
PO-03149,2024-08-05,P020,SUP03,120,26.72,3206.4
PO-03150,2024-08-05,P041,SUP08,20,55.51,1110.2
PO-03151,2024-08-05,P039,SUP15,500,14.13,7065.0
PO-03152,2024-08-05,P004,SUP15,150,3.41,511.5
PO-03153,2024-08-05,P004,SUP15,150,3.33,499.5
PO-03154,2024-08-05,P025,SUP13,100,34.26,3426.0
PO-03155,2024-08-05,P024,SUP07,250,5.34,1335.0
PO-03156,2024-08-05,P034,SUP15,100,27.19,2719.0
PO-03157,2024-08-05,P015,SUP03,60,42.38,2542.8
PO-03158,2024-08-05,P009,SUP06,120,24.52,2942.4
PO-03159,2024-08-05,P033,SUP15,400,16.29,6516.0
PO-03160,2024-08-05,P021,SUP14,250,48.91,12227.5
PO-03161,2024-08-05,P013,SUP06,80,31.2,2496.0
PO-03162,2024-08-05,P036,SUP15,60,32.05,1923.0
PO-03163,2024-08-05,P017,SUP01,500,19.89,9945.0
PO-03164,2024-08-05,P043,SUP14,200,15.5,3100.0
PO-03165,2024-08-06,P033,SUP05,150,16.04,2406.0
PO-03166,2024-08-06,P020,SUP10,100,26.87,2687.0
PO-03167,2024-08-06,P021,SUP13,300,47.11,14133.0
PO-03168,2024-08-06,P008,SUP06,200,2.06,412.0
PO-03169,2024-08-06,P003,SUP11,80,82.77,6621.6
PO-03170,2024-08-06,P017,SUP01,300,19.62,5886.0
PO-03171,2024-08-06,P008,SUP11,400,2.1,840.0
PO-03172,2024-08-06,P030,SUP14,500,71.93,35965.0
PO-03173,2024-08-06,P030,SUP15,400,74.08,29632.0
PO-03174,2024-08-07,P013,SUP08,80,31.74,2539.2
PO-03175,2024-08-07,P039,SUP05,250,14.79,3697.5
PO-03176,2024-08-07,P046,SUP15,80,29.43,2354.4
PO-03177,2024-08-07,P004,SUP01,500,3.44,1720.0
PO-03178,2024-08-07,P011,SUP08,250,12.27,3067.5
PO-03179,2024-08-07,P032,SUP15,250,21.65,5412.5
PO-03180,2024-08-07,P032,SUP09,300,21.72,6516.0
PO-03181,2024-08-07,P033,SUP14,500,16.94,8470.0
PO-03182,2024-08-07,P031,SUP09,250,38.33,9582.5
PO-03183,2024-08-07,P010,SUP15,40,44.33,1773.2
PO-03184,2024-08-07,P040,SUP15,500,12.24,6120.0
PO-03185,2024-08-07,P002,SUP15,400,6.28,2512.0
PO-03186,2024-08-07,P040,SUP05,100,11.67,1167.0
PO-03187,2024-08-07,P035,SUP15,40,44.27,1770.8
PO-03188,2024-08-07,P011,SUP01,200,12.47,2494.0
PO-03189,2024-08-07,P038,SUP14,80,25.66,2052.8
PO-03190,2024-08-07,P040,SUP09,150,12.12,1818.0
PO-03191,2024-08-08,P001,SUP01,100,18.43,1843.0
PO-03192,2024-08-08,P039,SUP15,500,14.28,7140.0
PO-03193,2024-08-08,P046,SUP12,40,29.84,1193.6
PO-03194,2024-08-08,P009,SUP06,50,24.01,1200.5
PO-03195,2024-08-08,P013,SUP03,40,32.44,1297.6
PO-03196,2024-08-08,P011,SUP08,100,12.27,1227.0
PO-03197,2024-08-08,P003,SUP01,60,86.73,5203.8
PO-03198,2024-08-08,P043,SUP15,250,15.81,3952.5
PO-03199,2024-08-08,P033,SUP05,400,16.91,6764.0
PO-03200,2024-08-08,P039,SUP09,400,14.09,5636.0
PO-03201,2024-08-08,P036,SUP05,60,32.45,1947.0
PO-03202,2024-08-08,P031,SUP15,500,38.9,19450.0
PO-03203,2024-08-08,P017,SUP03,100,20.03,2003.0
PO-03204,2024-08-08,P010,SUP15,100,45.18,4518.0
PO-03205,2024-08-08,P020,SUP10,100,26.41,2641.0
PO-03206,2024-08-09,P025,SUP04,50,35.61,1780.5
PO-03207,2024-08-09,P046,SUP15,40,29.31,1172.4
PO-03208,2024-08-09,P040,SUP14,300,12.04,3612.0
PO-03209,2024-08-09,P003,SUP01,40,87.39,3495.6
PO-03210,2024-08-09,P010,SUP02,60,46.23,2773.8
PO-03211,2024-08-09,P039,SUP15,500,14.57,7285.0
PO-03212,2024-08-09,P015,SUP08,100,41.78,4178.0
PO-03213,2024-08-09,P040,SUP15,250,12.22,3055.0
PO-03214,2024-08-09,P045,SUP08,40,35.38,1415.2
PO-03215,2024-08-09,P048,SUP12,500,21.45,10725.0
PO-03216,2024-08-09,P001,SUP11,500,18.65,9325.0
PO-03217,2024-08-09,P018,SUP10,10,234.21,2342.1
PO-03218,2024-08-09,P039,SUP05,500,14.64,7320.0
PO-03219,2024-08-10,P001,SUP11,150,18.66,2799.0
PO-03220,2024-08-10,P002,SUP15,400,6.17,2468.0
PO-03221,2024-08-10,P031,SUP15,500,38.06,19030.0
PO-03222,2024-08-10,P009,SUP15,120,23.87,2864.4
PO-03223,2024-08-10,P029,SUP07,60,114.59,6875.4
PO-03224,2024-08-10,P017,SUP03,300,19.32,5796.0
PO-03225,2024-08-10,P002,SUP11,150,6.15,922.5
PO-03226,2024-08-10,P049,SUP14,15,387.63,5814.45
PO-03227,2024-08-10,P043,SUP14,400,15.5,6200.0
PO-03228,2024-08-10,P005,SUP15,40,7.8,312.0
PO-03229,2024-08-10,P043,SUP15,150,15.46,2319.0
PO-03230,2024-08-10,P047,SUP14,20,77.87,1557.4
PO-03231,2024-08-10,P040,SUP09,400,12.26,4904.0
PO-03232,2024-08-10,P011,SUP03,100,12.38,1238.0
PO-03233,2024-08-11,P002,SUP02,250,6.08,1520.0
PO-03234,2024-08-11,P021,SUP13,300,47.67,14301.0
PO-03235,2024-08-11,P025,SUP15,120,34.93,4191.6
PO-03236,2024-08-11,P002,SUP15,300,6.12,1836.0
PO-03237,2024-08-11,P040,SUP09,500,11.71,5855.0
PO-03238,2024-08-11,P011,SUP01,100,12.25,1225.0
PO-03239,2024-08-11,P008,SUP01,300,2.14,642.0
PO-03240,2024-08-11,P033,SUP09,500,16.39,8195.0
PO-03241,2024-08-11,P034,SUP15,400,27.9,11160.0
PO-03242,2024-08-11,P046,SUP01,100,29.19,2919.0
PO-03243,2024-08-11,P024,SUP04,500,5.35,2675.0
PO-03244,2024-08-11,P023,SUP04,120,65.75,7890.0
PO-03245,2024-08-12,P030,SUP15,500,71.01,35505.0
PO-03246,2024-08-12,P004,SUP01,150,3.39,508.5
PO-03247,2024-08-12,P016,SUP03,120,57.88,6945.6
PO-03248,2024-08-12,P037,SUP15,500,18.25,9125.0
PO-03249,2024-08-12,P039,SUP14,300,14.17,4251.0
PO-03250,2024-08-12,P020,SUP01,120,25.72,3086.4
PO-03251,2024-08-12,P024,SUP15,150,5.35,802.5
PO-03252,2024-08-12,P027,SUP14,20,143.86,2877.2
PO-03253,2024-08-12,P002,SUP02,400,6.06,2424.0
PO-03254,2024-08-12,P027,SUP13,40,137.84,5513.6
PO-03255,2024-08-12,P014,SUP08,50,75.49,3774.5
PO-03256,2024-08-12,P033,SUP15,250,16.59,4147.5
PO-03257,2024-08-12,P008,SUP11,100,2.13,213.0
PO-03258,2024-08-12,P003,SUP06,40,83.64,3345.6
PO-03259,2024-08-12,P021,SUP04,500,47.09,23545.0
PO-03260,2024-08-12,P048,SUP08,200,21.35,4270.0
PO-03261,2024-08-12,P040,SUP09,400,12.13,4852.0
PO-03262,2024-08-13,P031,SUP09,100,37.81,3781.0
PO-03263,2024-08-13,P023,SUP04,60,62.94,3776.4
PO-03264,2024-08-13,P039,SUP15,400,14.47,5788.0
PO-03265,2024-08-13,P004,SUP15,400,3.47,1388.0
PO-03266,2024-08-13,P040,SUP09,500,12.09,6045.0
PO-03267,2024-08-13,P012,SUP01,10,112.6,1126.0
PO-03268,2024-08-13,P020,SUP06,60,27.11,1626.6
PO-03269,2024-08-13,P013,SUP08,40,32.62,1304.8
PO-03270,2024-08-13,P037,SUP15,150,17.94,2691.0
PO-03271,2024-08-13,P017,SUP06,400,19.61,7844.0
PO-03272,2024-08-13,P034,SUP15,400,28.45,11380.0
PO-03273,2024-08-13,P013,SUP01,40,32.01,1280.4
PO-03274,2024-08-13,P017,SUP10,250,19.21,4802.5
PO-03275,2024-08-13,P043,SUP14,250,15.55,3887.5
PO-03276,2024-08-13,P039,SUP14,500,14.4,7200.0
PO-03277,2024-08-13,P039,SUP14,200,14.32,2864.0
PO-03278,2024-08-13,P017,SUP03,400,20.22,8088.0
PO-03279,2024-08-13,P029,SUP13,100,111.57,11157.0
PO-03280,2024-08-13,P033,SUP14,500,16.14,8070.0
PO-03281,2024-08-13,P007,SUP02,40,63.71,2548.4
PO-03282,2024-08-14,P039,SUP15,150,14.62,2193.0
PO-03283,2024-08-14,P014,SUP06,100,75.47,7547.0
PO-03284,2024-08-14,P017,SUP10,400,19.93,7972.0
PO-03285,2024-08-14,P024,SUP14,150,5.21,781.5
PO-03286,2024-08-14,P020,SUP06,50,26.7,1335.0
PO-03287,2024-08-14,P003,SUP06,100,86.58,8658.0
PO-03288,2024-08-14,P009,SUP11,50,23.69,1184.5
PO-03289,2024-08-14,P029,SUP13,100,113.13,11313.0
PO-03290,2024-08-14,P034,SUP14,300,28.31,8493.0
PO-03291,2024-08-14,P040,SUP09,400,12.27,4908.0
PO-03292,2024-08-14,P005,SUP15,100,7.82,782.0
PO-03293,2024-08-14,P048,SUP12,300,21.54,6462.0
PO-03294,2024-08-14,P002,SUP15,250,6.09,1522.5
PO-03295,2024-08-14,P020,SUP06,50,26.91,1345.5
PO-03296,2024-08-14,P037,SUP15,100,18.46,1846.0
PO-03297,2024-08-14,P025,SUP13,60,34.74,2084.4
PO-03298,2024-08-14,P002,SUP06,300,6.04,1812.0
PO-03299,2024-08-15,P002,SUP01,200,6.33,1266.0
PO-03300,2024-08-15,P024,SUP07,100,5.3,530.0
PO-03301,2024-08-15,P040,SUP09,150,12.03,1804.5
PO-03302,2024-08-15,P009,SUP11,100,23.4,2340.0
PO-03303,2024-08-15,P009,SUP02,40,24.15,966.0
PO-03304,2024-08-15,P002,SUP15,250,6.11,1527.5
PO-03305,2024-08-15,P043,SUP08,100,15.66,1566.0
PO-03306,2024-08-15,P043,SUP15,400,15.46,6184.0
PO-03307,2024-08-15,P039,SUP05,300,14.67,4401.0
PO-03308,2024-08-15,P001,SUP11,300,18.31,5493.0
PO-03309,2024-08-15,P017,SUP06,250,19.34,4835.0
PO-03310,2024-08-15,P002,SUP15,500,6.37,3185.0
PO-03311,2024-08-15,P028,SUP14,40,85.45,3418.0
PO-03312,2024-08-16,P002,SUP11,250,6.25,1562.5
PO-03313,2024-08-16,P024,SUP14,300,5.34,1602.0
PO-03314,2024-08-16,P028,SUP15,10,87.63,876.3
PO-03315,2024-08-16,P030,SUP04,300,70.29,21087.0
PO-03316,2024-08-16,P014,SUP10,120,77.04,9244.8
PO-03317,2024-08-16,P019,SUP10,40,94.25,3770.0
PO-03318,2024-08-16,P048,SUP08,400,21.26,8504.0
PO-03319,2024-08-16,P037,SUP05,200,17.98,3596.0
PO-03320,2024-08-16,P030,SUP15,150,70.74,10611.0
PO-03321,2024-08-16,P025,SUP04,40,34.6,1384.0
PO-03322,2024-08-16,P039,SUP15,250,14.66,3665.0
PO-03323,2024-08-16,P046,SUP15,60,28.15,1689.0
PO-03324,2024-08-16,P017,SUP10,100,19.27,1927.0
PO-03325,2024-08-16,P015,SUP08,50,42.34,2117.0
PO-03326,2024-08-16,P025,SUP13,80,35.57,2845.6
PO-03327,2024-08-16,P013,SUP08,80,31.32,2505.6
PO-03328,2024-08-16,P031,SUP15,400,37.91,15164.0
PO-03329,2024-08-16,P043,SUP12,150,15.7,2355.0
PO-03330,2024-08-16,P016,SUP08,40,59.21,2368.4
PO-03331,2024-08-16,P017,SUP01,150,19.83,2974.5
PO-03332,2024-08-16,P022,SUP14,100,90.44,9044.0
PO-03333,2024-08-16,P023,SUP04,50,62.36,3118.0
PO-03334,2024-08-17,P045,SUP12,80,35.32,2825.6
PO-03335,2024-08-17,P043,SUP15,250,15.62,3905.0
PO-03336,2024-08-17,P005,SUP02,60,7.63,457.8
PO-03337,2024-08-17,P039,SUP14,500,14.7,7350.0
PO-03338,2024-08-17,P038,SUP15,120,24.76,2971.2
PO-03339,2024-08-17,P005,SUP01,120,8.01,961.2
PO-03340,2024-08-17,P011,SUP01,200,12.53,2506.0
PO-03341,2024-08-17,P036,SUP14,50,31.08,1554.0
PO-03342,2024-08-17,P048,SUP14,250,20.62,5155.0
PO-03343,2024-08-17,P002,SUP11,500,6.05,3025.0
PO-03344,2024-08-17,P016,SUP03,50,59.55,2977.5
PO-03345,2024-08-17,P039,SUP09,150,14.91,2236.5
PO-03346,2024-08-17,P037,SUP09,500,18.32,9160.0
PO-03347,2024-08-17,P022,SUP04,80,92.0,7360.0
PO-03348,2024-08-17,P005,SUP15,120,7.9,948.0
PO-03349,2024-08-18,P021,SUP07,250,48.68,12170.0
PO-03350,2024-08-18,P004,SUP02,250,3.49,872.5
PO-03351,2024-08-18,P012,SUP06,30,111.14,3334.2
PO-03352,2024-08-18,P031,SUP05,250,38.02,9505.0
PO-03353,2024-08-18,P035,SUP05,40,45.18,1807.2
PO-03354,2024-08-18,P032,SUP14,200,21.92,4384.0
PO-03355,2024-08-18,P024,SUP14,150,5.12,768.0
PO-03356,2024-08-18,P017,SUP10,100,19.51,1951.0
PO-03357,2024-08-18,P034,SUP15,250,27.51,6877.5
PO-03358,2024-08-18,P048,SUP15,250,21.56,5390.0
PO-03359,2024-08-18,P034,SUP15,150,27.45,4117.5
PO-03360,2024-08-18,P001,SUP15,250,18.22,4555.0
PO-03361,2024-08-18,P032,SUP05,250,22.42,5605.0
PO-03362,2024-08-18,P045,SUP12,40,35.32,1412.8
PO-03363,2024-08-19,P004,SUP02,200,3.33,666.0
PO-03364,2024-08-19,P002,SUP11,100,6.28,628.0
PO-03365,2024-08-19,P046,SUP12,80,29.76,2380.8
PO-03366,2024-08-19,P038,SUP14,120,25.16,3019.2
PO-03367,2024-08-19,P039,SUP14,500,14.79,7395.0
PO-03368,2024-08-19,P034,SUP09,500,27.54,13770.0
PO-03369,2024-08-19,P043,SUP15,400,15.8,6320.0
PO-03370,2024-08-19,P004,SUP06,300,3.36,1008.0
PO-03371,2024-08-19,P033,SUP14,500,16.8,8400.0
PO-03372,2024-08-19,P048,SUP14,150,21.18,3177.0
PO-03373,2024-08-19,P039,SUP14,250,14.58,3645.0
PO-03374,2024-08-19,P039,SUP15,250,14.67,3667.5
PO-03375,2024-08-19,P042,SUP12,120,67.04,8044.8
PO-03376,2024-08-20,P033,SUP15,200,16.7,3340.0
PO-03377,2024-08-20,P017,SUP03,150,19.32,2898.0
PO-03378,2024-08-20,P017,SUP10,250,20.35,5087.5
PO-03379,2024-08-20,P048,SUP08,250,20.82,5205.0
PO-03380,2024-08-20,P022,SUP15,50,90.01,4500.5
PO-03381,2024-08-20,P009,SUP15,80,24.36,1948.8
PO-03382,2024-08-20,P042,SUP14,60,69.81,4188.6
PO-03383,2024-08-20,P046,SUP01,40,29.37,1174.8
PO-03384,2024-08-20,P041,SUP08,15,53.92,808.8
PO-03385,2024-08-20,P014,SUP06,100,73.9,7390.0
PO-03386,2024-08-20,P024,SUP07,100,5.32,532.0
PO-03387,2024-08-20,P019,SUP06,30,95.0,2850.0
PO-03388,2024-08-20,P018,SUP10,20,233.09,4661.8
PO-03389,2024-08-20,P035,SUP15,100,46.11,4611.0
PO-03390,2024-08-20,P032,SUP05,250,22.14,5535.0
PO-03391,2024-08-20,P030,SUP04,500,72.47,36235.0
PO-03392,2024-08-20,P034,SUP09,250,27.31,6827.5
PO-03393,2024-08-20,P001,SUP15,500,18.69,9345.0
PO-03394,2024-08-20,P032,SUP09,100,21.95,2195.0
PO-03395,2024-08-21,P023,SUP15,80,63.36,5068.8
PO-03396,2024-08-21,P005,SUP01,80,7.67,613.6
PO-03397,2024-08-21,P008,SUP15,500,2.07,1035.0
PO-03398,2024-08-21,P037,SUP15,200,17.51,3502.0
PO-03399,2024-08-21,P017,SUP03,250,19.47,4867.5
PO-03400,2024-08-21,P023,SUP07,120,63.55,7626.0
PO-03401,2024-08-21,P001,SUP01,100,18.93,1893.0
PO-03402,2024-08-21,P036,SUP09,60,32.69,1961.4
PO-03403,2024-08-21,P033,SUP05,100,16.05,1605.0
PO-03404,2024-08-22,P018,SUP06,15,232.89,3493.35
PO-03405,2024-08-22,P013,SUP10,50,31.31,1565.5
PO-03406,2024-08-22,P013,SUP03,100,32.75,3275.0
PO-03407,2024-08-22,P023,SUP13,80,63.02,5041.6
PO-03408,2024-08-22,P049,SUP12,10,383.24,3832.4
PO-03409,2024-08-22,P048,SUP12,100,20.82,2082.0
PO-03410,2024-08-22,P014,SUP08,50,73.04,3652.0
PO-03411,2024-08-22,P004,SUP02,300,3.45,1035.0
PO-03412,2024-08-22,P001,SUP01,500,18.55,9275.0
PO-03413,2024-08-22,P032,SUP05,200,21.41,4282.0
PO-03414,2024-08-22,P001,SUP15,300,18.26,5478.0
PO-03415,2024-08-22,P032,SUP05,200,21.68,4336.0
PO-03416,2024-08-22,P045,SUP12,40,36.6,1464.0
PO-03417,2024-08-22,P015,SUP03,100,41.98,4198.0
PO-03418,2024-08-22,P005,SUP11,50,7.91,395.5
PO-03419,2024-08-23,P024,SUP07,300,5.1,1530.0
PO-03420,2024-08-23,P024,SUP04,400,5.26,2104.0
PO-03421,2024-08-23,P023,SUP14,50,64.16,3208.0
PO-03422,2024-08-23,P043,SUP01,200,15.17,3034.0
PO-03423,2024-08-23,P023,SUP15,60,64.66,3879.6
PO-03424,2024-08-23,P030,SUP14,150,73.08,10962.0
PO-03425,2024-08-23,P026,SUP15,30,56.24,1687.2
PO-03426,2024-08-23,P004,SUP15,200,3.46,692.0
PO-03427,2024-08-23,P034,SUP05,250,27.96,6990.0
PO-03428,2024-08-23,P029,SUP13,100,116.29,11629.0
PO-03429,2024-08-23,P039,SUP15,200,14.11,2822.0
PO-03430,2024-08-23,P023,SUP15,120,64.89,7786.8
PO-03431,2024-08-23,P001,SUP11,300,18.79,5637.0
PO-03432,2024-08-23,P004,SUP06,500,3.5,1750.0
PO-03433,2024-08-23,P025,SUP13,60,35.97,2158.2
PO-03434,2024-08-23,P032,SUP14,300,22.09,6627.0
PO-03435,2024-08-24,P045,SUP12,60,35.64,2138.4
PO-03436,2024-08-24,P008,SUP06,300,2.08,624.0
PO-03437,2024-08-24,P021,SUP14,100,49.03,4903.0
PO-03438,2024-08-24,P002,SUP01,300,6.12,1836.0
PO-03439,2024-08-24,P039,SUP09,250,14.61,3652.5
PO-03440,2024-08-24,P012,SUP08,20,107.69,2153.8
PO-03441,2024-08-24,P005,SUP06,40,7.9,316.0
PO-03442,2024-08-24,P004,SUP15,200,3.35,670.0
PO-03443,2024-08-24,P001,SUP02,400,18.25,7300.0
PO-03444,2024-08-24,P024,SUP15,500,5.32,2660.0
PO-03445,2024-08-24,P031,SUP15,500,37.37,18685.0
PO-03446,2024-08-24,P021,SUP07,100,47.56,4756.0
PO-03447,2024-08-24,P010,SUP11,60,46.03,2761.8
PO-03448,2024-08-24,P021,SUP15,250,47.63,11907.5
PO-03449,2024-08-24,P001,SUP01,300,17.96,5388.0
PO-03450,2024-08-24,P021,SUP15,400,47.15,18860.0
PO-03451,2024-08-24,P018,SUP03,40,237.72,9508.8
PO-03452,2024-08-24,P015,SUP10,100,43.28,4328.0
PO-03453,2024-08-24,P029,SUP14,120,114.1,13692.0
PO-03454,2024-08-24,P038,SUP05,80,25.27,2021.6
PO-03455,2024-08-24,P001,SUP02,150,18.38,2757.0
PO-03456,2024-08-24,P037,SUP14,250,17.75,4437.5
PO-03457,2024-08-24,P001,SUP02,200,18.99,3798.0
PO-03458,2024-08-25,P009,SUP06,80,24.18,1934.4
PO-03459,2024-08-25,P021,SUP07,400,49.15,19660.0
PO-03460,2024-08-25,P030,SUP13,300,72.14,21642.0
PO-03461,2024-08-25,P047,SUP08,15,79.77,1196.55
PO-03462,2024-08-25,P011,SUP08,100,12.19,1219.0
PO-03463,2024-08-25,P039,SUP14,250,14.41,3602.5
PO-03464,2024-08-25,P023,SUP15,100,65.54,6554.0
PO-03465,2024-08-25,P007,SUP06,100,66.69,6669.0
PO-03466,2024-08-25,P011,SUP01,200,12.86,2572.0
PO-03467,2024-08-25,P009,SUP11,50,24.64,1232.0
PO-03468,2024-08-25,P037,SUP15,250,17.55,4387.5
PO-03469,2024-08-26,P030,SUP04,250,70.89,17722.5
PO-03470,2024-08-26,P022,SUP14,80,89.42,7153.6
PO-03471,2024-08-26,P004,SUP11,500,3.5,1750.0
PO-03472,2024-08-26,P022,SUP13,100,89.42,8942.0
PO-03473,2024-08-26,P040,SUP09,200,12.22,2444.0
PO-03474,2024-08-26,P040,SUP05,500,12.07,6035.0
PO-03475,2024-08-26,P030,SUP13,400,72.01,28804.0
PO-03476,2024-08-26,P037,SUP05,200,18.36,3672.0
PO-03477,2024-08-26,P008,SUP11,250,2.05,512.5
PO-03478,2024-08-26,P024,SUP14,300,5.24,1572.0
PO-03479,2024-08-26,P021,SUP14,500,49.39,24695.0
PO-03480,2024-08-26,P043,SUP12,500,15.09,7545.0
PO-03481,2024-08-26,P031,SUP14,150,38.13,5719.5
PO-03482,2024-08-26,P017,SUP01,200,20.22,4044.0
PO-03483,2024-08-26,P043,SUP15,400,15.66,6264.0
PO-03484,2024-08-26,P045,SUP15,80,36.14,2891.2
PO-03485,2024-08-26,P031,SUP05,100,38.72,3872.0
PO-03486,2024-08-26,P046,SUP14,120,29.51,3541.2
PO-03487,2024-08-26,P009,SUP02,40,24.66,986.4
PO-03488,2024-08-27,P011,SUP01,200,12.17,2434.0
PO-03489,2024-08-27,P021,SUP14,200,46.82,9364.0
PO-03490,2024-08-27,P034,SUP14,300,27.9,8370.0
PO-03491,2024-08-27,P003,SUP01,40,86.44,3457.6
PO-03492,2024-08-27,P001,SUP02,500,18.4,9200.0
PO-03493,2024-08-27,P030,SUP04,100,70.77,7077.0
PO-03494,2024-08-27,P043,SUP08,200,15.67,3134.0
PO-03495,2024-08-27,P014,SUP03,60,74.79,4487.4
PO-03496,2024-08-28,P032,SUP09,200,22.04,4408.0
PO-03497,2024-08-28,P039,SUP15,100,14.29,1429.0
PO-03498,2024-08-28,P026,SUP07,10,55.6,556.0
PO-03499,2024-08-28,P029,SUP14,120,113.26,13591.2
PO-03500,2024-08-28,P022,SUP15,40,93.68,3747.2
PO-03501,2024-08-28,P023,SUP15,40,65.78,2631.2
PO-03502,2024-08-28,P001,SUP06,100,18.54,1854.0
PO-03503,2024-08-29,P037,SUP15,250,17.8,4450.0
PO-03504,2024-08-29,P012,SUP06,40,112.84,4513.6
PO-03505,2024-08-29,P015,SUP03,50,42.2,2110.0
PO-03506,2024-08-29,P043,SUP12,250,15.09,3772.5
PO-03507,2024-08-29,P005,SUP06,80,7.64,611.2
PO-03508,2024-08-29,P014,SUP10,60,76.99,4619.4
PO-03509,2024-08-29,P016,SUP03,60,58.15,3489.0
PO-03510,2024-08-29,P014,SUP01,60,77.09,4625.4
PO-03511,2024-08-29,P043,SUP12,500,15.07,7535.0
PO-03512,2024-08-29,P008,SUP15,500,2.14,1070.0
PO-03513,2024-08-29,P005,SUP11,40,7.84,313.6
PO-03514,2024-08-29,P045,SUP14,60,34.97,2098.2
PO-03515,2024-08-29,P016,SUP01,60,58.51,3510.6
PO-03516,2024-08-29,P002,SUP06,200,6.1,1220.0
PO-03517,2024-08-30,P014,SUP10,120,73.97,8876.4
PO-03518,2024-08-30,P021,SUP07,250,47.05,11762.5
PO-03519,2024-08-30,P013,SUP01,120,31.16,3739.2
PO-03520,2024-08-30,P030,SUP07,250,70.19,17547.5
PO-03521,2024-08-30,P007,SUP15,100,65.25,6525.0
PO-03522,2024-08-30,P008,SUP06,400,2.08,832.0
PO-03523,2024-08-30,P022,SUP14,120,91.88,11025.6
PO-03524,2024-08-30,P048,SUP12,300,21.26,6378.0
PO-03525,2024-08-30,P034,SUP14,100,28.37,2837.0
PO-03526,2024-08-31,P014,SUP08,120,74.81,8977.2
PO-03527,2024-08-31,P002,SUP06,150,6.32,948.0
PO-03528,2024-08-31,P017,SUP01,150,19.3,2895.0
PO-03529,2024-08-31,P034,SUP14,100,27.71,2771.0
PO-03530,2024-08-31,P037,SUP15,150,18.0,2700.0
PO-03531,2024-08-31,P021,SUP14,500,48.51,24255.0
PO-03532,2024-08-31,P017,SUP01,150,19.28,2892.0
PO-03533,2024-08-31,P040,SUP09,400,12.33,4932.0
PO-03534,2024-08-31,P043,SUP08,100,15.83,1583.0
PO-03535,2024-09-01,P002,SUP06,150,6.06,909.0
PO-03536,2024-09-01,P034,SUP14,500,27.84,13920.0
PO-03537,2024-09-01,P048,SUP08,300,20.65,6195.0
PO-03538,2024-09-01,P011,SUP03,500,12.4,6200.0
PO-03539,2024-09-01,P031,SUP15,250,38.56,9640.0
PO-03540,2024-09-01,P048,SUP14,200,20.46,4092.0
PO-03541,2024-09-01,P005,SUP15,100,7.75,775.0
PO-03542,2024-09-01,P037,SUP15,400,18.47,7388.0
PO-03543,2024-09-01,P021,SUP15,200,49.14,9828.0
PO-03544,2024-09-01,P011,SUP01,250,12.71,3177.5
PO-03545,2024-09-02,P034,SUP05,150,28.17,4225.5
PO-03546,2024-09-02,P033,SUP14,300,16.02,4806.0
PO-03547,2024-09-02,P015,SUP06,80,43.04,3443.2
PO-03548,2024-09-02,P033,SUP09,150,16.25,2437.5
PO-03549,2024-09-02,P017,SUP10,150,19.43,2914.5
PO-03550,2024-09-02,P023,SUP14,40,64.79,2591.6
PO-03551,2024-09-02,P040,SUP14,300,11.8,3540.0
PO-03552,2024-09-02,P048,SUP01,300,21.34,6402.0
PO-03553,2024-09-02,P004,SUP02,300,3.33,999.0
PO-03554,2024-09-02,P039,SUP05,250,14.76,3690.0
PO-03555,2024-09-02,P025,SUP04,100,35.86,3586.0
PO-03556,2024-09-02,P031,SUP14,250,38.25,9562.5
PO-03557,2024-09-02,P008,SUP15,300,2.11,633.0
PO-03558,2024-09-02,P036,SUP14,100,32.39,3239.0
PO-03559,2024-09-02,P031,SUP15,500,39.39,19695.0
PO-03560,2024-09-02,P006,SUP11,15,121.55,1823.25
PO-03561,2024-09-03,P007,SUP06,40,67.38,2695.2
PO-03562,2024-09-03,P037,SUP05,200,18.29,3658.0
PO-03563,2024-09-03,P030,SUP13,100,70.3,7030.0
PO-03564,2024-09-03,P022,SUP04,40,91.04,3641.6
PO-03565,2024-09-03,P030,SUP14,500,73.9,36950.0
PO-03566,2024-09-03,P002,SUP02,500,6.05,3025.0
PO-03567,2024-09-03,P002,SUP15,100,6.23,623.0
PO-03568,2024-09-03,P002,SUP15,400,6.05,2420.0
PO-03569,2024-09-03,P022,SUP07,50,90.75,4537.5
PO-03570,2024-09-03,P032,SUP05,500,21.94,10970.0
PO-03571,2024-09-03,P005,SUP01,60,7.61,456.6
PO-03572,2024-09-03,P042,SUP12,40,66.21,2648.4
PO-03573,2024-09-03,P033,SUP15,100,16.92,1692.0
PO-03574,2024-09-03,P009,SUP06,60,23.45,1407.0
PO-03575,2024-09-03,P029,SUP15,120,114.05,13686.0
PO-03576,2024-09-03,P002,SUP15,100,6.13,613.0
PO-03577,2024-09-03,P033,SUP15,300,16.97,5091.0
PO-03578,2024-09-04,P011,SUP08,200,12.34,2468.0
PO-03579,2024-09-04,P017,SUP08,250,20.0,5000.0
PO-03580,2024-09-04,P014,SUP06,50,76.05,3802.5
PO-03581,2024-09-04,P004,SUP01,150,3.45,517.5
PO-03582,2024-09-04,P002,SUP01,400,6.21,2484.0
PO-03583,2024-09-04,P031,SUP09,300,38.93,11679.0
PO-03584,2024-09-04,P039,SUP09,500,14.4,7200.0
PO-03585,2024-09-04,P025,SUP04,100,34.13,3413.0
PO-03586,2024-09-04,P017,SUP08,250,19.24,4810.0
PO-03587,2024-09-04,P033,SUP15,500,16.73,8365.0
PO-03588,2024-09-04,P044,SUP01,20,82.76,1655.2
PO-03589,2024-09-05,P005,SUP01,60,7.9,474.0
PO-03590,2024-09-05,P017,SUP03,150,20.1,3015.0
PO-03591,2024-09-05,P004,SUP02,250,3.49,872.5
PO-03592,2024-09-05,P037,SUP09,400,18.45,7380.0
PO-03593,2024-09-05,P024,SUP15,100,5.28,528.0
PO-03594,2024-09-05,P039,SUP15,200,14.09,2818.0
PO-03595,2024-09-05,P019,SUP03,10,96.34,963.4
PO-03596,2024-09-05,P009,SUP06,100,24.18,2418.0
PO-03597,2024-09-05,P039,SUP15,300,14.43,4329.0
PO-03598,2024-09-05,P001,SUP11,500,18.94,9470.0
PO-03599,2024-09-06,P030,SUP04,300,71.45,21435.0
PO-03600,2024-09-06,P025,SUP07,80,35.05,2804.0
PO-03601,2024-09-06,P033,SUP09,400,16.62,6648.0
PO-03602,2024-09-06,P023,SUP13,40,64.88,2595.2
PO-03603,2024-09-06,P025,SUP13,60,34.71,2082.6
PO-03604,2024-09-06,P048,SUP15,150,21.11,3166.5
PO-03605,2024-09-06,P032,SUP14,400,21.39,8556.0
PO-03606,2024-09-06,P003,SUP01,50,87.44,4372.0
PO-03607,2024-09-06,P040,SUP09,400,11.71,4684.0
PO-03608,2024-09-06,P017,SUP03,100,19.24,1924.0
PO-03609,2024-09-07,P007,SUP02,60,66.14,3968.4
PO-03610,2024-09-07,P033,SUP15,500,16.36,8180.0
PO-03611,2024-09-07,P031,SUP05,250,39.39,9847.5
PO-03612,2024-09-07,P040,SUP05,100,11.84,1184.0
PO-03613,2024-09-07,P024,SUP07,100,5.32,532.0
PO-03614,2024-09-07,P034,SUP09,250,28.63,7157.5
PO-03615,2024-09-07,P033,SUP15,100,16.43,1643.0
PO-03616,2024-09-07,P002,SUP01,250,6.17,1542.5
PO-03617,2024-09-07,P050,SUP12,40,93.23,3729.2
PO-03618,2024-09-07,P024,SUP04,100,5.25,525.0
PO-03619,2024-09-07,P017,SUP08,400,20.21,8084.0
PO-03620,2024-09-07,P002,SUP01,200,6.18,1236.0
PO-03621,2024-09-07,P027,SUP04,30,136.45,4093.5
PO-03622,2024-09-07,P023,SUP07,80,62.57,5005.6
PO-03623,2024-09-07,P001,SUP15,150,18.29,2743.5
PO-03624,2024-09-08,P033,SUP14,200,16.93,3386.0
PO-03625,2024-09-08,P010,SUP02,50,45.32,2266.0
PO-03626,2024-09-08,P042,SUP15,50,67.03,3351.5
PO-03627,2024-09-08,P023,SUP14,80,64.25,5140.0
PO-03628,2024-09-08,P014,SUP01,50,73.63,3681.5
PO-03629,2024-09-08,P019,SUP06,15,95.91,1438.65
PO-03630,2024-09-08,P037,SUP15,100,18.3,1830.0
PO-03631,2024-09-08,P014,SUP03,100,74.69,7469.0
PO-03632,2024-09-09,P011,SUP01,400,12.18,4872.0
PO-03633,2024-09-09,P034,SUP05,200,27.2,5440.0
PO-03634,2024-09-09,P032,SUP14,200,22.43,4486.0
PO-03635,2024-09-09,P047,SUP01,20,78.78,1575.6
PO-03636,2024-09-09,P008,SUP02,200,2.11,422.0
PO-03637,2024-09-09,P022,SUP13,100,93.92,9392.0
PO-03638,2024-09-09,P039,SUP05,100,14.78,1478.0
PO-03639,2024-09-09,P024,SUP14,250,5.07,1267.5
PO-03640,2024-09-09,P011,SUP10,250,12.21,3052.5
PO-03641,2024-09-09,P038,SUP09,120,25.74,3088.8
PO-03642,2024-09-09,P048,SUP15,400,21.12,8448.0
PO-03643,2024-09-09,P021,SUP14,300,47.41,14223.0
PO-03644,2024-09-09,P040,SUP09,200,11.94,2388.0
PO-03645,2024-09-09,P031,SUP14,200,37.88,7576.0
PO-03646,2024-09-09,P045,SUP15,60,35.31,2118.6
PO-03647,2024-09-09,P020,SUP03,40,27.27,1090.8
PO-03648,2024-09-09,P048,SUP12,300,21.52,6456.0
PO-03649,2024-09-09,P005,SUP11,40,7.61,304.4
PO-03650,2024-09-09,P017,SUP08,500,20.0,10000.0
PO-03651,2024-09-09,P005,SUP06,50,7.68,384.0
PO-03652,2024-09-09,P040,SUP05,300,11.7,3510.0
PO-03653,2024-09-09,P021,SUP15,300,48.71,14613.0
PO-03654,2024-09-09,P004,SUP15,400,3.43,1372.0
PO-03655,2024-09-10,P011,SUP10,250,12.14,3035.0
PO-03656,2024-09-10,P011,SUP08,400,12.53,5012.0
PO-03657,2024-09-10,P043,SUP08,400,15.86,6344.0
PO-03658,2024-09-10,P005,SUP02,80,7.92,633.6
PO-03659,2024-09-10,P022,SUP04,120,92.3,11076.0
PO-03660,2024-09-10,P003,SUP06,60,84.85,5091.0
PO-03661,2024-09-10,P040,SUP05,150,12.21,1831.5
PO-03662,2024-09-10,P021,SUP07,500,47.11,23555.0
PO-03663,2024-09-10,P026,SUP15,10,54.62,546.2
PO-03664,2024-09-10,P035,SUP15,120,43.71,5245.2
PO-03665,2024-09-10,P004,SUP06,400,3.45,1380.0
PO-03666,2024-09-10,P037,SUP05,150,17.61,2641.5
PO-03667,2024-09-10,P007,SUP01,100,63.84,6384.0
PO-03668,2024-09-10,P001,SUP02,200,18.57,3714.0
PO-03669,2024-09-11,P039,SUP09,100,14.67,1467.0
PO-03670,2024-09-11,P048,SUP12,250,21.04,5260.0
PO-03671,2024-09-11,P032,SUP14,250,21.79,5447.5
PO-03672,2024-09-11,P043,SUP14,300,15.8,4740.0
PO-03673,2024-09-11,P036,SUP15,100,32.04,3204.0
PO-03674,2024-09-11,P020,SUP01,120,26.52,3182.4
PO-03675,2024-09-11,P039,SUP15,300,14.64,4392.0
PO-03676,2024-09-11,P031,SUP14,300,38.73,11619.0
PO-03677,2024-09-11,P032,SUP05,100,22.6,2260.0
PO-03678,2024-09-11,P029,SUP15,60,115.28,6916.8
PO-03679,2024-09-11,P037,SUP14,500,17.76,8880.0
PO-03680,2024-09-11,P004,SUP01,400,3.43,1372.0
PO-03681,2024-09-11,P021,SUP14,100,47.39,4739.0
PO-03682,2024-09-11,P045,SUP12,100,36.88,3688.0
PO-03683,2024-09-12,P021,SUP07,150,48.3,7245.0
PO-03684,2024-09-12,P021,SUP04,100,47.83,4783.0
PO-03685,2024-09-12,P048,SUP15,100,21.37,2137.0
PO-03686,2024-09-12,P048,SUP14,300,20.78,6234.0
PO-03687,2024-09-12,P014,SUP06,80,74.53,5962.4
PO-03688,2024-09-12,P002,SUP15,300,6.17,1851.0
PO-03689,2024-09-12,P024,SUP15,200,5.16,1032.0
PO-03690,2024-09-12,P017,SUP06,150,19.79,2968.5
PO-03691,2024-09-12,P039,SUP14,500,14.49,7245.0
PO-03692,2024-09-12,P020,SUP03,60,25.75,1545.0
PO-03693,2024-09-12,P048,SUP14,200,20.72,4144.0
PO-03694,2024-09-12,P011,SUP08,300,12.54,3762.0
PO-03695,2024-09-13,P037,SUP15,200,17.54,3508.0
PO-03696,2024-09-13,P032,SUP14,400,22.53,9012.0
PO-03697,2024-09-13,P002,SUP01,500,6.38,3190.0
PO-03698,2024-09-13,P011,SUP03,150,12.69,1903.5
PO-03699,2024-09-13,P048,SUP12,100,21.21,2121.0
PO-03700,2024-09-13,P041,SUP01,30,55.07,1652.1
PO-03701,2024-09-13,P017,SUP03,400,19.48,7792.0
PO-03702,2024-09-13,P031,SUP15,150,38.87,5830.5
PO-03703,2024-09-13,P040,SUP05,300,11.79,3537.0
PO-03704,2024-09-13,P033,SUP05,400,16.38,6552.0
PO-03705,2024-09-13,P023,SUP13,40,64.52,2580.8
PO-03706,2024-09-13,P043,SUP14,400,15.06,6024.0
PO-03707,2024-09-14,P039,SUP05,100,14.13,1413.0
PO-03708,2024-09-14,P037,SUP15,300,18.18,5454.0
PO-03709,2024-09-14,P039,SUP14,250,14.74,3685.0
PO-03710,2024-09-14,P030,SUP14,400,70.72,28288.0
PO-03711,2024-09-14,P034,SUP05,100,27.64,2764.0
PO-03712,2024-09-14,P050,SUP15,10,92.49,924.9
PO-03713,2024-09-14,P030,SUP04,250,73.79,18447.5
PO-03714,2024-09-14,P015,SUP03,60,43.64,2618.4
PO-03715,2024-09-14,P020,SUP06,120,25.91,3109.2
PO-03716,2024-09-14,P021,SUP07,500,48.59,24295.0
PO-03717,2024-09-14,P032,SUP05,100,21.49,2149.0
PO-03718,2024-09-15,P003,SUP15,100,84.82,8482.0
PO-03719,2024-09-15,P040,SUP09,400,12.35,4940.0
PO-03720,2024-09-15,P023,SUP14,50,64.87,3243.5
PO-03721,2024-09-15,P015,SUP03,80,43.41,3472.8
PO-03722,2024-09-15,P033,SUP15,100,16.09,1609.0
PO-03723,2024-09-15,P034,SUP14,500,27.38,13690.0
PO-03724,2024-09-15,P040,SUP15,400,11.66,4664.0
PO-03725,2024-09-15,P021,SUP13,100,47.98,4798.0
PO-03726,2024-09-15,P038,SUP15,80,25.46,2036.8
PO-03727,2024-09-15,P020,SUP03,40,26.26,1050.4
PO-03728,2024-09-15,P037,SUP05,500,17.85,8925.0
PO-03729,2024-09-15,P038,SUP09,50,25.64,1282.0
PO-03730,2024-09-15,P030,SUP07,300,72.12,21636.0
PO-03731,2024-09-16,P043,SUP01,200,15.4,3080.0
PO-03732,2024-09-16,P002,SUP02,100,6.04,604.0
PO-03733,2024-09-16,P015,SUP10,60,41.39,2483.4
PO-03734,2024-09-16,P013,SUP10,40,32.93,1317.2
PO-03735,2024-09-16,P045,SUP08,120,36.5,4380.0
PO-03736,2024-09-16,P033,SUP14,300,16.46,4938.0
PO-03737,2024-09-16,P013,SUP08,60,31.78,1906.8
PO-03738,2024-09-16,P033,SUP15,400,16.49,6596.0
PO-03739,2024-09-16,P048,SUP14,150,20.74,3111.0
PO-03740,2024-09-16,P008,SUP06,300,2.05,615.0
PO-03741,2024-09-16,P046,SUP14,40,28.38,1135.2
PO-03742,2024-09-16,P024,SUP04,250,5.2,1300.0
PO-03743,2024-09-16,P035,SUP14,40,44.16,1766.4
PO-03744,2024-09-16,P014,SUP06,40,74.5,2980.0
PO-03745,2024-09-16,P030,SUP04,400,70.09,28036.0
PO-03746,2024-09-17,P007,SUP06,50,64.16,3208.0
PO-03747,2024-09-17,P029,SUP13,120,115.82,13898.4
PO-03748,2024-09-17,P031,SUP15,400,38.28,15312.0
PO-03749,2024-09-17,P003,SUP01,60,86.75,5205.0
PO-03750,2024-09-17,P033,SUP05,200,16.92,3384.0
PO-03751,2024-09-17,P032,SUP09,100,21.66,2166.0
PO-03752,2024-09-17,P040,SUP15,300,11.86,3558.0
PO-03753,2024-09-17,P046,SUP15,80,29.64,2371.2
PO-03754,2024-09-17,P033,SUP09,400,16.04,6416.0
PO-03755,2024-09-17,P040,SUP15,250,12.05,3012.5
PO-03756,2024-09-17,P029,SUP13,40,111.75,4470.0
PO-03757,2024-09-17,P019,SUP08,30,93.06,2791.8
PO-03758,2024-09-17,P029,SUP07,40,112.17,4486.8
PO-03759,2024-09-17,P037,SUP15,200,17.78,3556.0
PO-03760,2024-09-18,P034,SUP09,200,27.72,5544.0
PO-03761,2024-09-18,P033,SUP15,150,16.71,2506.5
PO-03762,2024-09-18,P034,SUP09,100,27.85,2785.0
PO-03763,2024-09-18,P001,SUP15,500,18.63,9315.0
PO-03764,2024-09-18,P037,SUP05,400,18.37,7348.0
PO-03765,2024-09-18,P003,SUP11,50,86.38,4319.0
PO-03766,2024-09-18,P008,SUP02,150,2.12,318.0
PO-03767,2024-09-18,P048,SUP01,500,21.53,10765.0
PO-03768,2024-09-18,P002,SUP01,400,6.12,2448.0
PO-03769,2024-09-18,P001,SUP11,400,18.66,7464.0
PO-03770,2024-09-18,P007,SUP15,80,65.6,5248.0
PO-03771,2024-09-18,P005,SUP11,120,7.83,939.6
PO-03772,2024-09-19,P008,SUP11,200,2.04,408.0
PO-03773,2024-09-19,P046,SUP01,100,29.22,2922.0
PO-03774,2024-09-19,P023,SUP13,60,65.62,3937.2
PO-03775,2024-09-19,P013,SUP03,50,32.17,1608.5
PO-03776,2024-09-19,P014,SUP10,40,73.35,2934.0
PO-03777,2024-09-19,P032,SUP15,500,21.79,10895.0
PO-03778,2024-09-19,P047,SUP12,20,75.96,1519.2
PO-03779,2024-09-20,P035,SUP09,100,44.09,4409.0
PO-03780,2024-09-20,P010,SUP06,40,46.14,1845.6
PO-03781,2024-09-20,P016,SUP01,100,57.08,5708.0
PO-03782,2024-09-20,P035,SUP09,120,45.62,5474.4
PO-03783,2024-09-20,P034,SUP14,500,27.81,13905.0
PO-03784,2024-09-20,P007,SUP11,50,66.85,3342.5
PO-03785,2024-09-20,P046,SUP15,100,29.06,2906.0
PO-03786,2024-09-20,P045,SUP01,40,35.61,1424.4
PO-03787,2024-09-20,P043,SUP01,250,15.39,3847.5
PO-03788,2024-09-20,P034,SUP09,150,28.04,4206.0
PO-03789,2024-09-20,P043,SUP12,500,15.43,7715.0
PO-03790,2024-09-21,P008,SUP06,400,2.16,864.0
PO-03791,2024-09-21,P015,SUP06,40,43.12,1724.8
PO-03792,2024-09-21,P004,SUP02,250,3.41,852.5
PO-03793,2024-09-21,P023,SUP15,100,63.24,6324.0
PO-03794,2024-09-21,P017,SUP03,500,19.97,9985.0
PO-03795,2024-09-21,P004,SUP01,300,3.33,999.0
PO-03796,2024-09-21,P039,SUP05,100,14.14,1414.0
PO-03797,2024-09-21,P008,SUP06,150,2.09,313.5
PO-03798,2024-09-21,P020,SUP08,50,26.06,1303.0
PO-03799,2024-09-21,P022,SUP15,40,89.3,3572.0
PO-03800,2024-09-21,P008,SUP11,300,2.04,612.0
PO-03801,2024-09-21,P041,SUP08,15,55.08,826.2
PO-03802,2024-09-21,P048,SUP12,100,20.75,2075.0
PO-03803,2024-09-22,P032,SUP05,300,21.6,6480.0
PO-03804,2024-09-22,P011,SUP06,200,12.65,2530.0
PO-03805,2024-09-22,P017,SUP10,200,19.54,3908.0
PO-03806,2024-09-22,P017,SUP10,100,19.62,1962.0
PO-03807,2024-09-22,P034,SUP05,250,27.75,6937.5
PO-03808,2024-09-22,P007,SUP01,100,64.69,6469.0
PO-03809,2024-09-22,P015,SUP01,50,41.71,2085.5
PO-03810,2024-09-22,P007,SUP02,100,64.52,6452.0
PO-03811,2024-09-22,P043,SUP12,500,15.17,7585.0
PO-03812,2024-09-22,P026,SUP13,30,56.16,1684.8
PO-03813,2024-09-22,P004,SUP02,200,3.42,684.0
PO-03814,2024-09-22,P039,SUP05,500,14.31,7155.0
PO-03815,2024-09-23,P017,SUP08,300,19.52,5856.0
PO-03816,2024-09-23,P038,SUP05,100,24.74,2474.0
PO-03817,2024-09-23,P005,SUP01,120,7.83,939.6
PO-03818,2024-09-23,P003,SUP02,100,86.21,8621.0
PO-03819,2024-09-23,P025,SUP14,60,35.9,2154.0
PO-03820,2024-09-23,P017,SUP08,400,19.3,7720.0
PO-03821,2024-09-23,P008,SUP01,300,2.11,633.0
PO-03822,2024-09-23,P036,SUP09,120,31.16,3739.2
PO-03823,2024-09-23,P022,SUP04,40,92.02,3680.8
PO-03824,2024-09-23,P039,SUP09,500,14.15,7075.0
PO-03825,2024-09-23,P039,SUP14,500,14.59,7295.0
PO-03826,2024-09-24,P030,SUP14,100,70.1,7010.0
PO-03827,2024-09-24,P024,SUP04,250,5.24,1310.0
PO-03828,2024-09-24,P031,SUP14,150,39.15,5872.5
PO-03829,2024-09-24,P001,SUP06,250,19.0,4750.0
PO-03830,2024-09-24,P013,SUP03,100,31.52,3152.0
PO-03831,2024-09-24,P040,SUP09,300,12.08,3624.0
PO-03832,2024-09-24,P008,SUP15,500,2.07,1035.0
PO-03833,2024-09-24,P004,SUP01,400,3.36,1344.0
PO-03834,2024-09-24,P004,SUP11,300,3.48,1044.0
PO-03835,2024-09-24,P001,SUP01,400,18.37,7348.0
PO-03836,2024-09-24,P015,SUP01,60,41.9,2514.0
PO-03837,2024-09-24,P044,SUP15,10,83.35,833.5
PO-03838,2024-09-24,P039,SUP15,250,14.56,3640.0
PO-03839,2024-09-24,P039,SUP15,150,14.6,2190.0
PO-03840,2024-09-24,P016,SUP06,40,56.8,2272.0
PO-03841,2024-09-24,P004,SUP11,100,3.31,331.0
PO-03842,2024-09-24,P020,SUP06,100,26.59,2659.0
PO-03843,2024-09-24,P046,SUP15,50,28.44,1422.0
PO-03844,2024-09-24,P008,SUP15,200,2.13,426.0
PO-03845,2024-09-24,P014,SUP03,120,76.43,9171.6
PO-03846,2024-09-24,P033,SUP09,150,16.07,2410.5
PO-03847,2024-09-25,P003,SUP11,120,84.03,10083.6
PO-03848,2024-09-25,P039,SUP09,250,14.57,3642.5
PO-03849,2024-09-25,P036,SUP09,50,32.01,1600.5
PO-03850,2024-09-25,P031,SUP05,150,39.11,5866.5
PO-03851,2024-09-25,P002,SUP01,300,6.34,1902.0
PO-03852,2024-09-25,P031,SUP14,400,37.86,15144.0
PO-03853,2024-09-25,P039,SUP05,300,14.24,4272.0
PO-03854,2024-09-25,P028,SUP14,15,87.44,1311.6
PO-03855,2024-09-25,P036,SUP05,100,31.99,3199.0
PO-03856,2024-09-25,P029,SUP07,80,112.99,9039.2
PO-03857,2024-09-25,P031,SUP15,200,38.33,7666.0
PO-03858,2024-09-26,P022,SUP04,40,91.84,3673.6
PO-03859,2024-09-26,P021,SUP14,500,49.3,24650.0
PO-03860,2024-09-26,P037,SUP09,250,17.69,4422.5
PO-03861,2024-09-26,P021,SUP13,100,48.37,4837.0
PO-03862,2024-09-26,P015,SUP03,100,42.61,4261.0
PO-03863,2024-09-26,P024,SUP14,250,5.14,1285.0
PO-03864,2024-09-26,P020,SUP08,100,26.05,2605.0
PO-03865,2024-09-26,P002,SUP11,500,6.29,3145.0
PO-03866,2024-09-26,P034,SUP15,500,27.96,13980.0
PO-03867,2024-09-26,P016,SUP03,80,58.59,4687.2
PO-03868,2024-09-26,P043,SUP15,300,15.73,4719.0
PO-03869,2024-09-26,P023,SUP07,60,65.84,3950.4
PO-03870,2024-09-26,P001,SUP15,500,18.77,9385.0
PO-03871,2024-09-26,P032,SUP15,400,21.35,8540.0
PO-03872,2024-09-26,P032,SUP09,200,21.97,4394.0
PO-03873,2024-09-26,P035,SUP05,60,45.58,2734.8
PO-03874,2024-09-26,P014,SUP10,100,74.75,7475.0
PO-03875,2024-09-26,P038,SUP09,40,24.75,990.0
PO-03876,2024-09-26,P004,SUP11,400,3.36,1344.0
PO-03877,2024-09-26,P011,SUP03,200,12.51,2502.0
PO-03878,2024-09-27,P008,SUP06,200,2.14,428.0
PO-03879,2024-09-27,P037,SUP15,250,17.54,4385.0
PO-03880,2024-09-27,P048,SUP14,150,21.17,3175.5
PO-03881,2024-09-27,P010,SUP11,80,43.95,3516.0
PO-03882,2024-09-27,P034,SUP15,150,27.51,4126.5
PO-03883,2024-09-27,P008,SUP02,400,2.04,816.0
PO-03884,2024-09-27,P001,SUP06,300,18.49,5547.0
PO-03885,2024-09-27,P001,SUP06,200,18.64,3728.0
PO-03886,2024-09-27,P020,SUP01,50,25.93,1296.5
PO-03887,2024-09-27,P007,SUP02,100,65.73,6573.0
PO-03888,2024-09-27,P004,SUP11,150,3.36,504.0
PO-03889,2024-09-27,P026,SUP15,20,54.54,1090.8
PO-03890,2024-09-27,P043,SUP15,400,15.77,6308.0
PO-03891,2024-09-27,P031,SUP15,400,38.09,15236.0
PO-03892,2024-09-27,P025,SUP07,80,34.17,2733.6
PO-03893,2024-09-27,P037,SUP14,300,18.49,5547.0
PO-03894,2024-09-27,P004,SUP06,200,3.45,690.0
PO-03895,2024-09-27,P045,SUP12,40,36.0,1440.0
PO-03896,2024-09-27,P013,SUP10,80,31.32,2505.6
PO-03897,2024-09-27,P040,SUP14,150,11.87,1780.5
PO-03898,2024-09-27,P048,SUP15,500,21.21,10605.0
PO-03899,2024-09-27,P008,SUP02,300,2.16,648.0
PO-03900,2024-09-28,P017,SUP06,250,20.01,5002.5
PO-03901,2024-09-28,P004,SUP01,100,3.4,340.0
PO-03902,2024-09-28,P028,SUP07,10,88.21,882.1
PO-03903,2024-09-28,P040,SUP05,150,12.01,1801.5
PO-03904,2024-09-28,P012,SUP01,15,108.49,1627.35
PO-03905,2024-09-28,P035,SUP15,120,46.03,5523.6
PO-03906,2024-09-28,P043,SUP08,300,15.09,4527.0
PO-03907,2024-09-28,P033,SUP09,100,16.86,1686.0
PO-03908,2024-09-28,P024,SUP07,250,5.24,1310.0
PO-03909,2024-09-29,P010,SUP11,40,44.89,1795.6
PO-03910,2024-09-29,P004,SUP06,150,3.32,498.0
PO-03911,2024-09-29,P042,SUP12,80,67.49,5399.2
PO-03912,2024-09-29,P048,SUP14,400,21.16,8464.0
PO-03913,2024-09-29,P008,SUP02,300,2.09,627.0
PO-03914,2024-09-29,P013,SUP03,60,31.26,1875.6
PO-03915,2024-09-29,P016,SUP03,100,58.89,5889.0
PO-03916,2024-09-29,P014,SUP10,40,75.39,3015.6
PO-03917,2024-09-29,P009,SUP11,50,24.18,1209.0
PO-03918,2024-09-29,P020,SUP08,40,25.88,1035.2
PO-03919,2024-09-29,P025,SUP14,50,34.73,1736.5
PO-03920,2024-09-29,P011,SUP06,200,12.87,2574.0
PO-03921,2024-09-29,P032,SUP05,150,22.05,3307.5
PO-03922,2024-09-29,P035,SUP05,50,45.46,2273.0
PO-03923,2024-09-29,P021,SUP15,300,46.85,14055.0
PO-03924,2024-09-29,P021,SUP07,200,46.61,9322.0
PO-03925,2024-09-29,P020,SUP03,80,26.77,2141.6
PO-03926,2024-09-29,P036,SUP14,80,32.81,2624.8
PO-03927,2024-09-29,P024,SUP15,200,5.09,1018.0
PO-03928,2024-09-29,P021,SUP14,300,48.0,14400.0
PO-03929,2024-09-29,P031,SUP09,500,38.95,19475.0
PO-03930,2024-09-29,P001,SUP01,200,18.0,3600.0
PO-03931,2024-09-30,P039,SUP15,500,14.23,7115.0
PO-03932,2024-09-30,P039,SUP15,250,14.24,3560.0
PO-03933,2024-09-30,P011,SUP06,100,12.24,1224.0
PO-03934,2024-09-30,P032,SUP09,250,21.64,5410.0
PO-03935,2024-09-30,P026,SUP07,40,54.54,2181.6
PO-03936,2024-09-30,P008,SUP02,100,2.16,216.0
PO-03937,2024-09-30,P038,SUP14,40,24.66,986.4
PO-03938,2024-09-30,P008,SUP06,300,2.13,639.0
PO-03939,2024-09-30,P001,SUP11,300,18.2,5460.0
PO-03940,2024-09-30,P043,SUP14,200,15.12,3024.0
PO-03941,2024-09-30,P007,SUP06,50,63.54,3177.0
PO-03942,2024-09-30,P045,SUP08,50,35.01,1750.5
PO-03943,2024-09-30,P040,SUP15,150,12.34,1851.0
PO-03944,2024-09-30,P024,SUP07,300,5.09,1527.0
PO-03945,2024-10-01,P040,SUP05,250,11.89,2972.5
PO-03946,2024-10-01,P037,SUP05,300,17.5,5250.0
PO-03947,2024-10-01,P034,SUP09,400,28.07,11228.0
PO-03948,2024-10-01,P035,SUP15,120,45.0,5400.0
PO-03949,2024-10-01,P050,SUP15,15,96.13,1441.95
PO-03950,2024-10-01,P015,SUP08,40,42.48,1699.2
PO-03951,2024-10-01,P008,SUP11,150,2.06,309.0
PO-03952,2024-10-01,P004,SUP15,200,3.42,684.0
PO-03953,2024-10-01,P021,SUP07,300,49.15,14745.0
PO-03954,2024-10-01,P048,SUP12,250,20.51,5127.5
PO-03955,2024-10-01,P034,SUP15,100,27.93,2793.0
PO-03956,2024-10-01,P033,SUP09,250,16.07,4017.5
PO-03957,2024-10-02,P007,SUP01,80,64.04,5123.2
PO-03958,2024-10-02,P039,SUP05,100,14.6,1460.0
PO-03959,2024-10-02,P002,SUP15,250,6.29,1572.5
PO-03960,2024-10-02,P007,SUP02,80,66.19,5295.2
PO-03961,2024-10-02,P011,SUP08,500,12.28,6140.0
PO-03962,2024-10-02,P039,SUP14,200,14.4,2880.0
PO-03963,2024-10-02,P008,SUP11,100,2.09,209.0
PO-03964,2024-10-02,P050,SUP01,30,97.06,2911.8
PO-03965,2024-10-02,P034,SUP05,300,27.42,8226.0
PO-03966,2024-10-02,P039,SUP15,100,14.38,1438.0
PO-03967,2024-10-02,P021,SUP15,250,46.86,11715.0
PO-03968,2024-10-02,P008,SUP11,150,2.05,307.5
PO-03969,2024-10-02,P002,SUP15,400,6.23,2492.0
PO-03970,2024-10-02,P046,SUP08,50,28.77,1438.5
PO-03971,2024-10-02,P031,SUP15,300,37.42,11226.0
PO-03972,2024-10-02,P033,SUP05,200,16.98,3396.0
PO-03973,2024-10-02,P032,SUP15,400,22.42,8968.0
PO-03974,2024-10-03,P023,SUP13,60,65.23,3913.8
PO-03975,2024-10-03,P002,SUP15,100,6.39,639.0
PO-03976,2024-10-03,P004,SUP06,150,3.36,504.0
PO-03977,2024-10-03,P017,SUP08,300,19.5,5850.0
PO-03978,2024-10-03,P046,SUP01,60,28.48,1708.8
PO-03979,2024-10-03,P010,SUP02,100,46.25,4625.0
PO-03980,2024-10-03,P031,SUP09,400,38.6,15440.0
PO-03981,2024-10-03,P043,SUP14,400,15.14,6056.0
PO-03982,2024-10-03,P017,SUP06,150,20.27,3040.5
PO-03983,2024-10-03,P046,SUP14,50,29.35,1467.5
PO-03984,2024-10-03,P031,SUP05,150,38.23,5734.5
PO-03985,2024-10-03,P040,SUP05,250,11.92,2980.0
PO-03986,2024-10-03,P032,SUP05,250,22.45,5612.5
PO-03987,2024-10-03,P022,SUP07,60,93.46,5607.6
PO-03988,2024-10-03,P030,SUP13,250,73.81,18452.5
PO-03989,2024-10-03,P040,SUP14,150,12.09,1813.5
PO-03990,2024-10-03,P040,SUP15,100,11.75,1175.0
PO-03991,2024-10-04,P008,SUP02,400,2.05,820.0
PO-03992,2024-10-04,P015,SUP10,50,42.5,2125.0
PO-03993,2024-10-04,P048,SUP14,400,20.45,8180.0
PO-03994,2024-10-04,P035,SUP05,40,44.57,1782.8
PO-03995,2024-10-04,P034,SUP05,250,27.97,6992.5
PO-03996,2024-10-04,P002,SUP02,500,6.06,3030.0
PO-03997,2024-10-04,P042,SUP12,50,69.36,3468.0
PO-03998,2024-10-04,P030,SUP13,500,73.44,36720.0
PO-03999,2024-10-04,P039,SUP14,300,14.7,4410.0
PO-04000,2024-10-04,P005,SUP01,40,8.02,320.8
PO-04001,2024-10-04,P005,SUP11,100,7.7,770.0
PO-04002,2024-10-04,P024,SUP04,100,5.16,516.0
PO-04003,2024-10-04,P038,SUP14,120,24.47,2936.4
PO-04004,2024-10-04,P014,SUP03,50,75.26,3763.0
PO-04005,2024-10-04,P030,SUP15,500,70.54,35270.0
PO-04006,2024-10-04,P022,SUP14,60,89.55,5373.0
PO-04007,2024-10-04,P037,SUP14,300,18.02,5406.0
PO-04008,2024-10-04,P004,SUP01,300,3.33,999.0
PO-04009,2024-10-05,P023,SUP15,50,65.54,3277.0
PO-04010,2024-10-05,P002,SUP06,500,6.22,3110.0
PO-04011,2024-10-05,P004,SUP02,100,3.42,342.0
PO-04012,2024-10-05,P036,SUP15,100,31.49,3149.0
PO-04013,2024-10-05,P048,SUP15,200,20.65,4130.0
PO-04014,2024-10-05,P011,SUP01,400,12.27,4908.0
PO-04015,2024-10-05,P016,SUP06,50,58.5,2925.0
PO-04016,2024-10-05,P048,SUP14,400,20.91,8364.0
PO-04017,2024-10-05,P037,SUP09,100,17.89,1789.0
PO-04018,2024-10-05,P049,SUP01,15,384.97,5774.55
PO-04019,2024-10-05,P040,SUP14,500,12.18,6090.0
PO-04020,2024-10-05,P016,SUP03,100,57.59,5759.0
PO-04021,2024-10-05,P031,SUP15,500,38.88,19440.0
PO-04022,2024-10-05,P004,SUP15,250,3.41,852.5
PO-04023,2024-10-06,P042,SUP12,80,68.93,5514.4
PO-04024,2024-10-06,P036,SUP09,40,31.68,1267.2
PO-04025,2024-10-06,P035,SUP15,120,45.24,5428.8
PO-04026,2024-10-06,P003,SUP15,60,84.16,5049.6
PO-04027,2024-10-06,P014,SUP03,40,75.68,3027.2
PO-04028,2024-10-06,P018,SUP10,20,238.94,4778.8
PO-04029,2024-10-06,P048,SUP08,150,21.41,3211.5
PO-04030,2024-10-06,P032,SUP15,300,21.51,6453.0
PO-04031,2024-10-06,P026,SUP14,30,55.29,1658.7
PO-04032,2024-10-06,P023,SUP04,100,63.35,6335.0
PO-04033,2024-10-06,P003,SUP06,80,83.45,6676.0
PO-04034,2024-10-07,P033,SUP05,300,16.68,5004.0
PO-04035,2024-10-07,P033,SUP15,300,16.69,5007.0
PO-04036,2024-10-07,P021,SUP04,300,48.05,14415.0
PO-04037,2024-10-07,P040,SUP14,100,11.98,1198.0
PO-04038,2024-10-07,P017,SUP10,250,19.75,4937.5
PO-04039,2024-10-07,P002,SUP01,150,6.18,927.0
PO-04040,2024-10-07,P039,SUP05,400,14.74,5896.0
PO-04041,2024-10-07,P046,SUP12,50,28.4,1420.0
PO-04042,2024-10-07,P001,SUP02,100,18.11,1811.0
PO-04043,2024-10-07,P005,SUP01,80,7.73,618.4
PO-04044,2024-10-07,P031,SUP15,400,39.37,15748.0
PO-04045,2024-10-07,P001,SUP06,400,18.2,7280.0
PO-04046,2024-10-07,P039,SUP05,400,14.75,5900.0
PO-04047,2024-10-07,P001,SUP06,100,18.81,1881.0
PO-04048,2024-10-08,P032,SUP15,500,22.21,11105.0
PO-04049,2024-10-08,P042,SUP12,100,68.48,6848.0
PO-04050,2024-10-08,P028,SUP04,15,88.49,1327.35
PO-04051,2024-10-08,P024,SUP15,300,5.12,1536.0
PO-04052,2024-10-08,P020,SUP08,40,26.41,1056.4
PO-04053,2024-10-08,P001,SUP06,300,18.89,5667.0
PO-04054,2024-10-08,P001,SUP15,150,19.03,2854.5
PO-04055,2024-10-08,P032,SUP05,200,22.62,4524.0
PO-04056,2024-10-08,P043,SUP12,200,15.56,3112.0
PO-04057,2024-10-08,P037,SUP14,200,17.67,3534.0
PO-04058,2024-10-08,P010,SUP01,100,45.7,4570.0
PO-04059,2024-10-08,P036,SUP15,120,31.57,3788.4
PO-04060,2024-10-09,P017,SUP10,250,20.07,5017.5
PO-04061,2024-10-09,P033,SUP09,500,16.47,8235.0
PO-04062,2024-10-09,P021,SUP13,300,49.37,14811.0
PO-04063,2024-10-09,P032,SUP05,500,22.13,11065.0
PO-04064,2024-10-09,P039,SUP14,150,14.11,2116.5
PO-04065,2024-10-09,P031,SUP09,400,37.74,15096.0
PO-04066,2024-10-09,P023,SUP15,120,62.66,7519.2
PO-04067,2024-10-09,P021,SUP14,500,47.57,23785.0
PO-04068,2024-10-09,P040,SUP15,200,12.12,2424.0
PO-04069,2024-10-09,P032,SUP14,400,21.5,8600.0
PO-04070,2024-10-09,P048,SUP15,150,21.05,3157.5
PO-04071,2024-10-09,P007,SUP15,80,65.15,5212.0
PO-04072,2024-10-09,P039,SUP14,250,14.45,3612.5
PO-04073,2024-10-09,P042,SUP14,80,67.1,5368.0
PO-04074,2024-10-09,P036,SUP15,100,32.09,3209.0
PO-04075,2024-10-09,P041,SUP14,30,53.67,1610.1
PO-04076,2024-10-09,P008,SUP01,500,2.14,1070.0
PO-04077,2024-10-09,P016,SUP01,50,59.19,2959.5
PO-04078,2024-10-09,P046,SUP08,120,29.76,3571.2
PO-04079,2024-10-09,P010,SUP15,50,43.84,2192.0
PO-04080,2024-10-09,P005,SUP06,40,7.95,318.0
PO-04081,2024-10-09,P033,SUP15,200,16.66,3332.0
PO-04082,2024-10-09,P035,SUP05,40,46.15,1846.0
PO-04083,2024-10-09,P043,SUP12,400,15.42,6168.0
PO-04084,2024-10-10,P025,SUP07,120,34.05,4086.0
PO-04085,2024-10-10,P008,SUP06,250,2.1,525.0
PO-04086,2024-10-10,P046,SUP12,50,29.33,1466.5
PO-04087,2024-10-10,P030,SUP07,100,73.63,7363.0
PO-04088,2024-10-10,P011,SUP10,100,12.58,1258.0
PO-04089,2024-10-10,P043,SUP14,200,15.16,3032.0
PO-04090,2024-10-10,P024,SUP15,100,5.24,524.0
PO-04091,2024-10-10,P039,SUP15,200,14.18,2836.0
PO-04092,2024-10-10,P009,SUP11,120,24.04,2884.8
PO-04093,2024-10-10,P043,SUP14,200,15.31,3062.0
PO-04094,2024-10-10,P002,SUP01,150,6.17,925.5
PO-04095,2024-10-10,P037,SUP15,300,17.73,5319.0
PO-04096,2024-10-10,P015,SUP03,50,42.99,2149.5
PO-04097,2024-10-11,P039,SUP05,150,14.5,2175.0
PO-04098,2024-10-11,P019,SUP08,10,97.6,976.0
PO-04099,2024-10-11,P028,SUP14,40,86.4,3456.0
PO-04100,2024-10-11,P037,SUP14,250,17.54,4385.0
PO-04101,2024-10-11,P016,SUP01,120,58.46,7015.2
PO-04102,2024-10-11,P002,SUP06,100,6.19,619.0
PO-04103,2024-10-11,P048,SUP15,300,21.03,6309.0
PO-04104,2024-10-11,P048,SUP14,300,20.41,6123.0
PO-04105,2024-10-11,P025,SUP15,80,34.99,2799.2
PO-04106,2024-10-11,P030,SUP14,400,70.95,28380.0
PO-04107,2024-10-11,P032,SUP05,500,21.69,10845.0
PO-04108,2024-10-11,P008,SUP15,100,2.08,208.0
PO-04109,2024-10-11,P002,SUP01,500,6.32,3160.0
PO-04110,2024-10-11,P033,SUP09,200,16.19,3238.0
PO-04111,2024-10-11,P029,SUP15,40,113.55,4542.0
PO-04112,2024-10-12,P042,SUP12,120,69.44,8332.8
PO-04113,2024-10-12,P033,SUP09,300,16.37,4911.0
PO-04114,2024-10-12,P019,SUP10,40,93.62,3744.8
PO-04115,2024-10-12,P046,SUP14,50,29.29,1464.5
PO-04116,2024-10-12,P002,SUP15,150,6.15,922.5
PO-04117,2024-10-12,P035,SUP15,120,44.16,5299.2
PO-04118,2024-10-12,P036,SUP15,80,32.78,2622.4
PO-04119,2024-10-12,P005,SUP15,120,7.88,945.6
PO-04120,2024-10-12,P034,SUP15,250,27.51,6877.5
PO-04121,2024-10-12,P046,SUP08,60,29.27,1756.2
PO-04122,2024-10-13,P030,SUP04,100,73.99,7399.0
PO-04123,2024-10-13,P002,SUP06,300,6.05,1815.0
PO-04124,2024-10-13,P012,SUP01,20,107.79,2155.8
PO-04125,2024-10-13,P034,SUP09,500,27.3,13650.0
PO-04126,2024-10-13,P043,SUP01,300,15.55,4665.0
PO-04127,2024-10-13,P035,SUP15,40,45.48,1819.2
PO-04128,2024-10-13,P017,SUP06,100,19.27,1927.0
PO-04129,2024-10-13,P028,SUP07,15,86.3,1294.5
PO-04130,2024-10-13,P049,SUP01,10,375.13,3751.3
PO-04131,2024-10-13,P032,SUP15,400,22.28,8912.0
PO-04132,2024-10-13,P040,SUP14,500,11.76,5880.0
PO-04133,2024-10-13,P008,SUP02,500,2.11,1055.0
PO-04134,2024-10-13,P007,SUP02,80,64.75,5180.0
PO-04135,2024-10-13,P008,SUP06,500,2.04,1020.0
PO-04136,2024-10-13,P032,SUP14,500,21.76,10880.0
PO-04137,2024-10-14,P022,SUP07,100,91.06,9106.0
PO-04138,2024-10-14,P002,SUP11,150,6.17,925.5
PO-04139,2024-10-14,P012,SUP10,20,111.34,2226.8
PO-04140,2024-10-14,P034,SUP09,150,27.43,4114.5
PO-04141,2024-10-14,P016,SUP08,80,58.61,4688.8
PO-04142,2024-10-14,P039,SUP05,200,14.36,2872.0
PO-04143,2024-10-14,P040,SUP09,400,11.82,4728.0
PO-04144,2024-10-14,P010,SUP15,40,44.06,1762.4
PO-04145,2024-10-14,P025,SUP15,100,35.17,3517.0
PO-04146,2024-10-14,P021,SUP13,400,47.54,19016.0
PO-04147,2024-10-14,P039,SUP09,100,14.48,1448.0
PO-04148,2024-10-14,P017,SUP08,250,19.23,4807.5
PO-04149,2024-10-14,P034,SUP14,250,28.6,7150.0
PO-04150,2024-10-14,P046,SUP15,100,29.61,2961.0
PO-04151,2024-10-14,P033,SUP05,500,16.73,8365.0
PO-04152,2024-10-14,P048,SUP12,300,21.39,6417.0
PO-04153,2024-10-14,P015,SUP01,50,42.33,2116.5
PO-04154,2024-10-14,P016,SUP03,80,57.98,4638.4
PO-04155,2024-10-15,P043,SUP15,150,15.3,2295.0
PO-04156,2024-10-15,P030,SUP13,200,73.37,14674.0
PO-04157,2024-10-15,P005,SUP15,80,7.78,622.4
PO-04158,2024-10-15,P035,SUP05,80,43.92,3513.6
PO-04159,2024-10-15,P038,SUP09,60,25.6,1536.0
PO-04160,2024-10-15,P018,SUP08,40,246.3,9852.0
PO-04161,2024-10-15,P048,SUP15,250,21.2,5300.0
PO-04162,2024-10-15,P002,SUP15,100,6.38,638.0
PO-04163,2024-10-15,P004,SUP15,400,3.48,1392.0
PO-04164,2024-10-15,P020,SUP08,40,25.84,1033.6
PO-04165,2024-10-15,P040,SUP15,100,11.89,1189.0
PO-04166,2024-10-15,P037,SUP15,400,17.74,7096.0
PO-04167,2024-10-15,P003,SUP06,50,84.56,4228.0
PO-04168,2024-10-15,P037,SUP09,400,18.01,7204.0
PO-04169,2024-10-15,P017,SUP03,250,19.68,4920.0
PO-04170,2024-10-15,P009,SUP15,100,23.39,2339.0
PO-04171,2024-10-15,P020,SUP10,60,26.28,1576.8
PO-04172,2024-10-15,P039,SUP05,500,14.6,7300.0
PO-04173,2024-10-15,P014,SUP03,60,75.52,4531.2
PO-04174,2024-10-15,P021,SUP13,300,47.28,14184.0
PO-04175,2024-10-15,P012,SUP01,15,109.83,1647.45
PO-04176,2024-10-15,P010,SUP11,40,46.09,1843.6
PO-04177,2024-10-16,P008,SUP15,400,2.1,840.0
PO-04178,2024-10-16,P046,SUP01,50,29.04,1452.0
PO-04179,2024-10-16,P017,SUP01,200,19.52,3904.0
PO-04180,2024-10-16,P017,SUP06,100,19.81,1981.0
PO-04181,2024-10-16,P005,SUP06,60,7.83,469.8
PO-04182,2024-10-16,P003,SUP06,100,85.75,8575.0
PO-04183,2024-10-16,P034,SUP09,400,28.28,11312.0
PO-04184,2024-10-16,P025,SUP07,40,34.13,1365.2
PO-04185,2024-10-16,P010,SUP01,100,44.95,4495.0
PO-04186,2024-10-16,P033,SUP14,100,16.15,1615.0
PO-04187,2024-10-17,P040,SUP15,100,12.16,1216.0
PO-04188,2024-10-17,P009,SUP01,100,24.51,2451.0
PO-04189,2024-10-17,P001,SUP01,150,18.84,2826.0
PO-04190,2024-10-17,P008,SUP11,200,2.13,426.0
PO-04191,2024-10-17,P024,SUP14,250,5.11,1277.5
PO-04192,2024-10-17,P039,SUP15,400,14.29,5716.0
PO-04193,2024-10-17,P023,SUP07,80,62.9,5032.0
PO-04194,2024-10-17,P045,SUP15,60,36.59,2195.4
PO-04195,2024-10-17,P011,SUP10,300,12.16,3648.0
PO-04196,2024-10-17,P034,SUP09,100,28.63,2863.0
PO-04197,2024-10-17,P035,SUP15,80,43.95,3516.0
PO-04198,2024-10-18,P025,SUP14,100,35.16,3516.0
PO-04199,2024-10-18,P024,SUP07,100,5.27,527.0
PO-04200,2024-10-18,P024,SUP15,100,5.24,524.0
PO-04201,2024-10-18,P024,SUP14,300,5.22,1566.0
PO-04202,2024-10-18,P014,SUP03,50,73.71,3685.5
PO-04203,2024-10-18,P037,SUP14,200,17.47,3494.0
PO-04204,2024-10-18,P040,SUP05,500,11.72,5860.0
PO-04205,2024-10-18,P021,SUP13,300,49.04,14712.0
PO-04206,2024-10-18,P034,SUP15,100,27.8,2780.0
PO-04207,2024-10-18,P042,SUP08,40,66.95,2678.0
PO-04208,2024-10-18,P033,SUP15,150,16.66,2499.0
PO-04209,2024-10-18,P021,SUP04,250,48.48,12120.0
PO-04210,2024-10-19,P047,SUP15,10,76.21,762.1
PO-04211,2024-10-19,P030,SUP14,200,70.71,14142.0
PO-04212,2024-10-19,P021,SUP04,500,46.81,23405.0
PO-04213,2024-10-19,P021,SUP04,200,46.96,9392.0
PO-04214,2024-10-19,P044,SUP01,15,81.73,1225.95
PO-04215,2024-10-19,P021,SUP15,300,49.4,14820.0
PO-04216,2024-10-19,P032,SUP05,500,21.48,10740.0
PO-04217,2024-10-19,P023,SUP15,60,64.21,3852.6
PO-04218,2024-10-19,P038,SUP09,80,25.56,2044.8
PO-04219,2024-10-19,P034,SUP05,500,28.0,14000.0
PO-04220,2024-10-19,P024,SUP15,100,5.16,516.0
PO-04221,2024-10-19,P035,SUP14,80,43.86,3508.8
PO-04222,2024-10-19,P033,SUP14,200,16.26,3252.0
PO-04223,2024-10-19,P008,SUP06,500,2.11,1055.0
PO-04224,2024-10-19,P043,SUP01,500,15.86,7930.0
PO-04225,2024-10-20,P024,SUP04,100,5.21,521.0
PO-04226,2024-10-20,P017,SUP06,150,19.49,2923.5
PO-04227,2024-10-20,P031,SUP09,100,37.74,3774.0
PO-04228,2024-10-20,P027,SUP13,40,142.36,5694.4
PO-04229,2024-10-20,P033,SUP09,150,16.52,2478.0
PO-04230,2024-10-20,P008,SUP02,100,2.05,205.0
PO-04231,2024-10-20,P002,SUP06,400,6.14,2456.0
PO-04232,2024-10-20,P034,SUP09,100,28.69,2869.0
PO-04233,2024-10-20,P002,SUP15,200,6.22,1244.0
PO-04234,2024-10-20,P014,SUP01,120,73.21,8785.2
PO-04235,2024-10-20,P040,SUP09,100,12.36,1236.0
PO-04236,2024-10-20,P005,SUP01,120,7.68,921.6
PO-04237,2024-10-20,P020,SUP06,60,26.88,1612.8
PO-04238,2024-10-20,P032,SUP14,250,21.95,5487.5
PO-04239,2024-10-20,P038,SUP05,120,24.43,2931.6
PO-04240,2024-10-21,P037,SUP14,300,17.89,5367.0
PO-04241,2024-10-21,P024,SUP15,300,5.1,1530.0
PO-04242,2024-10-21,P003,SUP06,80,84.0,6720.0
PO-04243,2024-10-21,P046,SUP08,40,28.57,1142.8
PO-04244,2024-10-21,P034,SUP09,100,27.25,2725.0
PO-04245,2024-10-21,P034,SUP15,150,27.96,4194.0
PO-04246,2024-10-21,P016,SUP06,80,58.6,4688.0
PO-04247,2024-10-21,P042,SUP08,60,69.57,4174.2
PO-04248,2024-10-21,P039,SUP05,200,14.5,2900.0
PO-04249,2024-10-21,P040,SUP05,300,12.13,3639.0
PO-04250,2024-10-21,P026,SUP07,20,56.62,1132.4
PO-04251,2024-10-21,P032,SUP15,500,22.51,11255.0
PO-04252,2024-10-21,P005,SUP06,80,7.71,616.8
PO-04253,2024-10-22,P021,SUP13,500,46.97,23485.0
PO-04254,2024-10-22,P024,SUP07,150,5.22,783.0
PO-04255,2024-10-22,P017,SUP08,400,20.03,8012.0
PO-04256,2024-10-22,P040,SUP15,250,12.11,3027.5
PO-04257,2024-10-22,P043,SUP08,250,15.28,3820.0
PO-04258,2024-10-22,P045,SUP15,120,36.96,4435.2
PO-04259,2024-10-22,P008,SUP02,300,2.1,630.0
PO-04260,2024-10-22,P024,SUP14,200,5.32,1064.0
PO-04261,2024-10-22,P033,SUP05,100,16.5,1650.0
PO-04262,2024-10-22,P013,SUP08,100,31.37,3137.0
PO-04263,2024-10-22,P037,SUP14,200,18.32,3664.0
PO-04264,2024-10-22,P031,SUP05,300,39.4,11820.0
PO-04265,2024-10-22,P039,SUP09,150,14.11,2116.5
PO-04266,2024-10-22,P037,SUP05,500,17.85,8925.0
PO-04267,2024-10-22,P021,SUP04,100,48.95,4895.0
PO-04268,2024-10-22,P040,SUP15,500,12.31,6155.0
PO-04269,2024-10-22,P041,SUP15,10,52.54,525.4
PO-04270,2024-10-23,P024,SUP07,300,5.05,1515.0
PO-04271,2024-10-23,P007,SUP02,120,65.33,7839.6
PO-04272,2024-10-23,P015,SUP06,100,42.79,4279.0
PO-04273,2024-10-23,P015,SUP08,120,42.66,5119.2
PO-04274,2024-10-23,P002,SUP01,100,6.14,614.0
PO-04275,2024-10-23,P023,SUP04,80,64.44,5155.2
PO-04276,2024-10-23,P032,SUP05,300,22.19,6657.0
PO-04277,2024-10-23,P035,SUP14,120,45.74,5488.8
PO-04278,2024-10-23,P043,SUP01,300,15.62,4686.0
PO-04279,2024-10-23,P024,SUP15,500,5.24,2620.0
PO-04280,2024-10-24,P021,SUP04,400,47.41,18964.0
PO-04281,2024-10-24,P021,SUP15,200,46.63,9326.0
PO-04282,2024-10-24,P001,SUP15,300,18.89,5667.0
PO-04283,2024-10-24,P002,SUP01,150,6.21,931.5
PO-04284,2024-10-24,P030,SUP15,250,72.73,18182.5
PO-04285,2024-10-24,P002,SUP02,200,6.14,1228.0
PO-04286,2024-10-24,P046,SUP14,60,29.69,1781.4
PO-04287,2024-10-24,P033,SUP15,500,16.1,8050.0
PO-04288,2024-10-24,P042,SUP01,60,67.76,4065.6
PO-04289,2024-10-24,P006,SUP11,15,121.12,1816.8
PO-04290,2024-10-25,P014,SUP08,60,73.8,4428.0
PO-04291,2024-10-25,P012,SUP10,20,106.82,2136.4
PO-04292,2024-10-25,P030,SUP14,250,70.17,17542.5
PO-04293,2024-10-25,P016,SUP01,100,57.12,5712.0
PO-04294,2024-10-25,P025,SUP14,40,34.74,1389.6
PO-04295,2024-10-25,P044,SUP15,20,79.98,1599.6
PO-04296,2024-10-25,P001,SUP01,250,18.35,4587.5
PO-04297,2024-10-25,P008,SUP02,100,2.1,210.0
PO-04298,2024-10-25,P014,SUP06,40,73.38,2935.2
PO-04299,2024-10-25,P039,SUP09,100,14.1,1410.0
PO-04300,2024-10-25,P021,SUP07,100,48.8,4880.0
PO-04301,2024-10-26,P039,SUP15,300,14.89,4467.0
PO-04302,2024-10-26,P033,SUP15,400,16.31,6524.0
PO-04303,2024-10-26,P024,SUP13,200,5.21,1042.0
PO-04304,2024-10-26,P037,SUP09,400,17.87,7148.0
PO-04305,2024-10-26,P010,SUP15,40,45.75,1830.0
PO-04306,2024-10-26,P049,SUP14,30,371.03,11130.9
PO-04307,2024-10-26,P035,SUP09,40,43.8,1752.0
PO-04308,2024-10-26,P043,SUP15,100,15.74,1574.0
PO-04309,2024-10-26,P037,SUP09,300,17.88,5364.0
PO-04310,2024-10-26,P030,SUP04,400,70.62,28248.0
PO-04311,2024-10-27,P048,SUP15,100,21.62,2162.0
PO-04312,2024-10-27,P010,SUP15,120,44.21,5305.2
PO-04313,2024-10-27,P043,SUP15,400,15.61,6244.0
PO-04314,2024-10-27,P031,SUP15,150,38.61,5791.5
PO-04315,2024-10-27,P031,SUP05,200,38.2,7640.0
PO-04316,2024-10-27,P032,SUP09,300,21.37,6411.0
PO-04317,2024-10-27,P001,SUP01,250,18.37,4592.5
PO-04318,2024-10-27,P047,SUP01,30,79.48,2384.4
PO-04319,2024-10-27,P037,SUP14,150,18.22,2733.0
PO-04320,2024-10-27,P016,SUP10,60,57.97,3478.2
PO-04321,2024-10-27,P039,SUP05,100,14.37,1437.0
PO-04322,2024-10-28,P005,SUP06,100,7.78,778.0
PO-04323,2024-10-28,P045,SUP14,80,36.37,2909.6
PO-04324,2024-10-28,P031,SUP05,200,39.23,7846.0
PO-04325,2024-10-28,P023,SUP04,50,64.08,3204.0
PO-04326,2024-10-28,P031,SUP09,200,37.69,7538.0
PO-04327,2024-10-28,P037,SUP09,100,17.57,1757.0
PO-04328,2024-10-28,P030,SUP15,500,72.17,36085.0
PO-04329,2024-10-28,P036,SUP09,40,31.36,1254.4
PO-04330,2024-10-28,P003,SUP11,100,85.31,8531.0
PO-04331,2024-10-28,P001,SUP02,400,18.98,7592.0
PO-04332,2024-10-28,P011,SUP08,100,12.75,1275.0
PO-04333,2024-10-28,P045,SUP15,80,34.96,2796.8
PO-04334,2024-10-28,P007,SUP11,100,63.67,6367.0
PO-04335,2024-10-28,P002,SUP11,150,6.03,904.5
PO-04336,2024-10-28,P030,SUP15,100,70.46,7046.0
PO-04337,2024-10-28,P024,SUP14,300,5.29,1587.0
PO-04338,2024-10-28,P025,SUP07,100,34.48,3448.0
PO-04339,2024-10-28,P002,SUP02,200,6.09,1218.0
PO-04340,2024-10-28,P010,SUP15,50,45.23,2261.5
PO-04341,2024-10-28,P034,SUP05,250,28.69,7172.5
PO-04342,2024-10-28,P024,SUP14,100,5.21,521.0
PO-04343,2024-10-29,P025,SUP07,50,34.28,1714.0
PO-04344,2024-10-29,P004,SUP02,300,3.46,1038.0
PO-04345,2024-10-29,P048,SUP08,200,21.12,4224.0
PO-04346,2024-10-29,P035,SUP15,50,43.81,2190.5
PO-04347,2024-10-29,P004,SUP06,200,3.46,692.0
PO-04348,2024-10-29,P046,SUP01,40,29.81,1192.4
PO-04349,2024-10-29,P037,SUP15,250,18.34,4585.0
PO-04350,2024-10-29,P011,SUP01,500,12.74,6370.0
PO-04351,2024-10-29,P031,SUP15,200,39.36,7872.0
PO-04352,2024-10-29,P003,SUP06,120,82.78,9933.6
PO-04353,2024-10-29,P033,SUP15,150,16.13,2419.5
PO-04354,2024-10-29,P011,SUP03,200,12.86,2572.0
PO-04355,2024-10-29,P016,SUP06,50,59.0,2950.0
PO-04356,2024-10-29,P045,SUP01,40,35.92,1436.8
PO-04357,2024-10-29,P043,SUP15,150,15.63,2344.5
PO-04358,2024-10-29,P030,SUP04,200,70.49,14098.0
PO-04359,2024-10-30,P048,SUP14,400,21.22,8488.0
PO-04360,2024-10-30,P010,SUP02,120,43.91,5269.2
PO-04361,2024-10-30,P031,SUP09,200,38.02,7604.0
PO-04362,2024-10-30,P021,SUP04,250,48.97,12242.5
PO-04363,2024-10-30,P003,SUP06,40,86.69,3467.6
PO-04364,2024-10-30,P008,SUP15,200,2.15,430.0
PO-04365,2024-10-30,P043,SUP12,500,15.91,7955.0
PO-04366,2024-10-30,P032,SUP09,100,22.33,2233.0
PO-04367,2024-10-30,P007,SUP02,100,65.5,6550.0
PO-04368,2024-10-30,P039,SUP15,400,14.4,5760.0
PO-04369,2024-10-30,P037,SUP05,250,18.47,4617.5
PO-04370,2024-10-30,P033,SUP09,500,16.95,8475.0
PO-04371,2024-10-30,P048,SUP01,400,20.58,8232.0
PO-04372,2024-10-31,P023,SUP15,40,62.31,2492.4
PO-04373,2024-10-31,P029,SUP07,50,118.16,5908.0
PO-04374,2024-10-31,P029,SUP14,80,111.64,8931.2
PO-04375,2024-10-31,P033,SUP09,100,16.24,1624.0
PO-04376,2024-10-31,P021,SUP07,250,48.13,12032.5
PO-04377,2024-10-31,P013,SUP06,60,31.63,1897.8
PO-04378,2024-10-31,P009,SUP15,50,23.29,1164.5
PO-04379,2024-10-31,P011,SUP01,400,12.34,4936.0
PO-04380,2024-10-31,P032,SUP14,400,22.02,8808.0
PO-04381,2024-10-31,P011,SUP08,200,12.42,2484.0
PO-04382,2024-10-31,P009,SUP01,100,23.42,2342.0
PO-04383,2024-10-31,P035,SUP05,60,43.69,2621.4
PO-04384,2024-10-31,P029,SUP13,120,115.29,13834.8
PO-04385,2024-11-01,P043,SUP15,300,15.2,4560.0
PO-04386,2024-11-01,P002,SUP01,200,6.1,1220.0
PO-04387,2024-11-01,P014,SUP10,100,73.55,7355.0
PO-04388,2024-11-01,P003,SUP11,120,87.0,10440.0
PO-04389,2024-11-01,P023,SUP15,40,64.82,2592.8
PO-04390,2024-11-01,P024,SUP14,250,5.15,1287.5
PO-04391,2024-11-01,P035,SUP15,100,45.58,4558.0
PO-04392,2024-11-01,P013,SUP08,40,32.42,1296.8
PO-04393,2024-11-01,P011,SUP06,150,12.26,1839.0
PO-04394,2024-11-01,P020,SUP03,100,25.86,2586.0
PO-04395,2024-11-01,P048,SUP01,500,20.5,10250.0
PO-04396,2024-11-01,P039,SUP15,150,14.3,2145.0
PO-04397,2024-11-01,P004,SUP11,150,3.33,499.5
PO-04398,2024-11-01,P031,SUP14,250,39.49,9872.5
PO-04399,2024-11-02,P020,SUP08,50,26.45,1322.5
PO-04400,2024-11-02,P032,SUP05,150,21.56,3234.0
PO-04401,2024-11-02,P002,SUP11,100,6.03,603.0
PO-04402,2024-11-02,P001,SUP15,300,18.19,5457.0
PO-04403,2024-11-02,P014,SUP01,100,73.88,7388.0
PO-04404,2024-11-02,P025,SUP04,80,34.64,2771.2
PO-04405,2024-11-02,P041,SUP01,30,54.34,1630.2
PO-04406,2024-11-02,P037,SUP05,200,17.97,3594.0
PO-04407,2024-11-02,P039,SUP05,400,14.17,5668.0
PO-04408,2024-11-02,P020,SUP08,60,26.44,1586.4
PO-04409,2024-11-03,P005,SUP02,40,7.98,319.2
PO-04410,2024-11-03,P032,SUP05,200,22.26,4452.0
PO-04411,2024-11-03,P029,SUP04,120,112.77,13532.4
PO-04412,2024-11-03,P012,SUP06,10,111.66,1116.6
PO-04413,2024-11-03,P024,SUP14,150,5.29,793.5
PO-04414,2024-11-03,P048,SUP12,100,20.79,2079.0
PO-04415,2024-11-03,P043,SUP15,200,15.27,3054.0
PO-04416,2024-11-03,P033,SUP14,400,16.79,6716.0
PO-04417,2024-11-03,P003,SUP02,50,82.63,4131.5
PO-04418,2024-11-03,P030,SUP14,250,71.94,17985.0
PO-04419,2024-11-03,P033,SUP14,100,16.83,1683.0
PO-04420,2024-11-04,P034,SUP09,500,27.34,13670.0
PO-04421,2024-11-04,P017,SUP08,250,20.2,5050.0
PO-04422,2024-11-04,P048,SUP08,100,21.34,2134.0
PO-04423,2024-11-04,P043,SUP14,500,15.37,7685.0
PO-04424,2024-11-04,P002,SUP06,250,6.3,1575.0
PO-04425,2024-11-04,P034,SUP15,150,27.49,4123.5
PO-04426,2024-11-04,P043,SUP12,200,15.74,3148.0
PO-04427,2024-11-04,P026,SUP13,30,56.13,1683.9
PO-04428,2024-11-04,P013,SUP01,80,31.66,2532.8
PO-04429,2024-11-04,P021,SUP14,500,46.63,23315.0
PO-04430,2024-11-04,P032,SUP05,300,21.44,6432.0
PO-04431,2024-11-04,P029,SUP15,60,117.85,7071.0
PO-04432,2024-11-05,P002,SUP06,250,6.3,1575.0
PO-04433,2024-11-05,P044,SUP14,15,80.11,1201.65
PO-04434,2024-11-05,P034,SUP15,400,27.62,11048.0
PO-04435,2024-11-05,P048,SUP08,100,21.53,2153.0
PO-04436,2024-11-05,P011,SUP10,150,12.3,1845.0
PO-04437,2024-11-05,P020,SUP03,100,26.16,2616.0
PO-04438,2024-11-05,P011,SUP03,400,12.46,4984.0
PO-04439,2024-11-05,P036,SUP15,80,32.85,2628.0
PO-04440,2024-11-05,P040,SUP05,300,12.07,3621.0
PO-04441,2024-11-05,P008,SUP11,300,2.06,618.0
PO-04442,2024-11-05,P035,SUP05,40,46.12,1844.8
PO-04443,2024-11-05,P030,SUP07,250,73.16,18290.0
PO-04444,2024-11-05,P022,SUP04,60,90.81,5448.6
PO-04445,2024-11-05,P002,SUP02,400,6.08,2432.0
PO-04446,2024-11-06,P032,SUP09,100,21.79,2179.0
PO-04447,2024-11-06,P043,SUP12,150,15.9,2385.0
PO-04448,2024-11-06,P030,SUP14,200,70.8,14160.0
PO-04449,2024-11-06,P036,SUP09,120,32.51,3901.2
PO-04450,2024-11-06,P026,SUP07,40,56.2,2248.0
PO-04451,2024-11-06,P034,SUP09,500,28.53,14265.0
PO-04452,2024-11-06,P042,SUP12,80,69.88,5590.4
PO-04453,2024-11-06,P034,SUP15,200,27.83,5566.0
PO-04454,2024-11-06,P034,SUP09,200,28.22,5644.0
PO-04455,2024-11-06,P036,SUP05,120,32.1,3852.0
PO-04456,2024-11-06,P040,SUP15,200,12.15,2430.0
PO-04457,2024-11-06,P021,SUP07,100,49.29,4929.0
PO-04458,2024-11-06,P043,SUP14,150,15.13,2269.5
PO-04459,2024-11-06,P001,SUP15,250,18.51,4627.5
PO-04460,2024-11-06,P048,SUP08,300,20.49,6147.0
PO-04461,2024-11-06,P025,SUP14,40,35.47,1418.8
PO-04462,2024-11-07,P001,SUP01,100,18.79,1879.0
PO-04463,2024-11-07,P048,SUP08,300,20.38,6114.0
PO-04464,2024-11-07,P032,SUP14,300,22.4,6720.0
PO-04465,2024-11-07,P042,SUP15,120,69.83,8379.6
PO-04466,2024-11-07,P032,SUP09,200,21.55,4310.0
PO-04467,2024-11-07,P001,SUP15,200,18.7,3740.0
PO-04468,2024-11-07,P021,SUP07,250,48.74,12185.0
PO-04469,2024-11-08,P017,SUP01,250,19.84,4960.0
PO-04470,2024-11-08,P040,SUP14,500,11.88,5940.0
PO-04471,2024-11-08,P011,SUP10,500,12.38,6190.0
PO-04472,2024-11-08,P017,SUP08,100,20.18,2018.0
PO-04473,2024-11-08,P043,SUP15,150,15.07,2260.5
PO-04474,2024-11-08,P034,SUP14,100,28.05,2805.0
PO-04475,2024-11-08,P024,SUP14,500,5.12,2560.0
PO-04476,2024-11-08,P033,SUP14,400,16.74,6696.0
PO-04477,2024-11-08,P014,SUP08,120,75.52,9062.4
PO-04478,2024-11-08,P021,SUP04,500,47.4,23700.0
PO-04479,2024-11-08,P020,SUP10,120,25.97,3116.4
PO-04480,2024-11-08,P039,SUP15,200,14.2,2840.0
PO-04481,2024-11-08,P037,SUP09,200,18.03,3606.0
PO-04482,2024-11-08,P033,SUP05,500,16.06,8030.0
PO-04483,2024-11-08,P043,SUP08,400,15.06,6024.0
PO-04484,2024-11-08,P030,SUP13,500,73.65,36825.0
PO-04485,2024-11-08,P019,SUP08,20,93.96,1879.2
PO-04486,2024-11-08,P025,SUP07,120,35.84,4300.8
PO-04487,2024-11-08,P046,SUP01,40,29.43,1177.2
PO-04488,2024-11-09,P007,SUP15,60,64.99,3899.4
PO-04489,2024-11-09,P032,SUP14,400,22.53,9012.0
PO-04490,2024-11-09,P021,SUP14,500,47.8,23900.0
PO-04491,2024-11-09,P025,SUP04,40,34.48,1379.2
PO-04492,2024-11-09,P045,SUP01,40,36.91,1476.4
PO-04493,2024-11-09,P036,SUP14,120,31.58,3789.6
PO-04494,2024-11-09,P047,SUP01,15,79.21,1188.15
PO-04495,2024-11-09,P004,SUP01,400,3.48,1392.0
PO-04496,2024-11-09,P048,SUP08,500,20.56,10280.0
PO-04497,2024-11-09,P026,SUP04,30,56.16,1684.8
PO-04498,2024-11-09,P003,SUP11,80,82.95,6636.0
PO-04499,2024-11-09,P031,SUP14,200,38.29,7658.0
PO-04500,2024-11-09,P037,SUP05,150,18.11,2716.5
PO-04501,2024-11-09,P023,SUP07,120,65.77,7892.4
PO-04502,2024-11-09,P022,SUP07,60,90.17,5410.2
PO-04503,2024-11-09,P001,SUP02,500,18.5,9250.0
PO-04504,2024-11-09,P004,SUP11,500,3.5,1750.0
PO-04505,2024-11-09,P011,SUP08,500,12.4,6200.0
PO-04506,2024-11-09,P023,SUP15,50,62.41,3120.5
PO-04507,2024-11-09,P029,SUP13,80,114.99,9199.2
PO-04508,2024-11-10,P014,SUP01,80,73.5,5880.0
PO-04509,2024-11-10,P002,SUP06,100,6.09,609.0
PO-04510,2024-11-10,P024,SUP13,300,5.09,1527.0
PO-04511,2024-11-10,P034,SUP05,200,27.39,5478.0
PO-04512,2024-11-10,P024,SUP13,150,5.33,799.5
PO-04513,2024-11-10,P001,SUP15,500,18.14,9070.0
PO-04514,2024-11-10,P021,SUP14,100,48.03,4803.0
PO-04515,2024-11-10,P021,SUP15,250,47.78,11945.0
PO-04516,2024-11-10,P031,SUP09,400,38.01,15204.0
PO-04517,2024-11-10,P033,SUP09,100,16.24,1624.0
PO-04518,2024-11-10,P001,SUP01,200,18.75,3750.0
PO-04519,2024-11-10,P007,SUP02,80,65.0,5200.0
PO-04520,2024-11-11,P039,SUP15,400,14.79,5916.0
PO-04521,2024-11-11,P048,SUP12,150,20.86,3129.0
PO-04522,2024-11-11,P043,SUP08,150,15.08,2262.0
PO-04523,2024-11-11,P011,SUP06,100,12.77,1277.0
PO-04524,2024-11-11,P029,SUP13,80,115.96,9276.8
PO-04525,2024-11-11,P039,SUP09,200,14.47,2894.0
PO-04526,2024-11-11,P021,SUP04,200,46.94,9388.0
PO-04527,2024-11-11,P043,SUP15,100,15.58,1558.0
PO-04528,2024-11-11,P030,SUP14,300,72.12,21636.0
PO-04529,2024-11-12,P038,SUP15,40,24.75,990.0
PO-04530,2024-11-12,P001,SUP15,500,18.1,9050.0
PO-04531,2024-11-12,P045,SUP15,50,36.99,1849.5
PO-04532,2024-11-12,P030,SUP14,150,71.2,10680.0
PO-04533,2024-11-12,P001,SUP06,250,19.04,4760.0
PO-04534,2024-11-12,P036,SUP05,50,31.33,1566.5
PO-04535,2024-11-12,P009,SUP06,120,23.41,2809.2
PO-04536,2024-11-12,P011,SUP01,200,12.2,2440.0
PO-04537,2024-11-12,P038,SUP05,100,24.8,2480.0
PO-04538,2024-11-12,P020,SUP10,50,26.53,1326.5
PO-04539,2024-11-12,P038,SUP14,120,25.59,3070.8
PO-04540,2024-11-12,P048,SUP12,200,21.4,4280.0
PO-04541,2024-11-12,P030,SUP13,150,73.47,11020.5
PO-04542,2024-11-12,P043,SUP12,500,15.7,7850.0
PO-04543,2024-11-13,P005,SUP11,40,7.77,310.8
PO-04544,2024-11-13,P009,SUP11,60,23.68,1420.8
PO-04545,2024-11-13,P030,SUP13,500,72.48,36240.0
PO-04546,2024-11-13,P039,SUP09,250,14.67,3667.5
PO-04547,2024-11-13,P008,SUP15,250,2.08,520.0
PO-04548,2024-11-13,P021,SUP04,200,49.14,9828.0
PO-04549,2024-11-13,P045,SUP08,50,35.27,1763.5
PO-04550,2024-11-13,P029,SUP14,60,113.23,6793.8
PO-04551,2024-11-13,P007,SUP15,50,63.77,3188.5
PO-04552,2024-11-13,P005,SUP01,60,7.93,475.8
PO-04553,2024-11-13,P027,SUP13,40,137.89,5515.6
PO-04554,2024-11-13,P009,SUP11,120,23.86,2863.2
PO-04555,2024-11-13,P020,SUP08,80,26.79,2143.2
PO-04556,2024-11-13,P038,SUP09,80,24.26,1940.8
PO-04557,2024-11-13,P034,SUP15,150,28.57,4285.5
PO-04558,2024-11-13,P015,SUP03,80,41.48,3318.4
PO-04559,2024-11-13,P043,SUP15,300,15.19,4557.0
PO-04560,2024-11-13,P004,SUP06,200,3.5,700.0
PO-04561,2024-11-13,P020,SUP01,50,26.23,1311.5
PO-04562,2024-11-14,P038,SUP05,60,24.82,1489.2
PO-04563,2024-11-14,P004,SUP11,200,3.36,672.0
PO-04564,2024-11-14,P037,SUP15,200,18.41,3682.0
PO-04565,2024-11-14,P048,SUP15,300,21.34,6402.0
PO-04566,2024-11-14,P004,SUP06,500,3.4,1700.0
PO-04567,2024-11-14,P009,SUP02,60,23.98,1438.8
PO-04568,2024-11-14,P040,SUP05,200,11.74,2348.0
PO-04569,2024-11-15,P014,SUP03,100,75.1,7510.0
PO-04570,2024-11-15,P030,SUP14,250,71.27,17817.5
PO-04571,2024-11-15,P046,SUP01,100,29.72,2972.0
PO-04572,2024-11-15,P032,SUP14,400,22.28,8912.0
PO-04573,2024-11-15,P008,SUP15,500,2.15,1075.0
PO-04574,2024-11-15,P036,SUP09,80,32.94,2635.2
PO-04575,2024-11-15,P033,SUP09,100,16.7,1670.0
PO-04576,2024-11-15,P034,SUP14,300,28.27,8481.0
PO-04577,2024-11-15,P046,SUP15,40,28.44,1137.6
PO-04578,2024-11-15,P024,SUP07,100,5.2,520.0
PO-04579,2024-11-15,P018,SUP10,20,241.51,4830.2
PO-04580,2024-11-15,P016,SUP01,50,57.3,2865.0
PO-04581,2024-11-15,P008,SUP01,300,2.06,618.0
PO-04582,2024-11-15,P029,SUP15,80,113.76,9100.8
PO-04583,2024-11-15,P036,SUP05,50,32.0,1600.0
PO-04584,2024-11-16,P027,SUP15,10,143.94,1439.4
PO-04585,2024-11-16,P015,SUP08,50,41.27,2063.5
PO-04586,2024-11-16,P028,SUP04,20,90.53,1810.6
PO-04587,2024-11-16,P040,SUP15,100,11.66,1166.0
PO-04588,2024-11-16,P048,SUP15,250,20.43,5107.5
PO-04589,2024-11-16,P044,SUP01,30,84.06,2521.8
PO-04590,2024-11-16,P029,SUP04,60,114.65,6879.0
PO-04591,2024-11-16,P030,SUP07,400,71.92,28768.0
PO-04592,2024-11-16,P024,SUP07,200,5.14,1028.0
PO-04593,2024-11-16,P024,SUP07,500,5.26,2630.0
PO-04594,2024-11-16,P029,SUP07,50,118.2,5910.0
PO-04595,2024-11-16,P002,SUP01,100,6.15,615.0
PO-04596,2024-11-16,P031,SUP15,400,39.53,15812.0
PO-04597,2024-11-16,P033,SUP05,250,16.23,4057.5
PO-04598,2024-11-17,P009,SUP02,120,23.66,2839.2
PO-04599,2024-11-17,P020,SUP03,80,26.04,2083.2
PO-04600,2024-11-17,P010,SUP02,80,45.28,3622.4
PO-04601,2024-11-17,P037,SUP05,300,17.98,5394.0
PO-04602,2024-11-17,P033,SUP05,150,16.2,2430.0
PO-04603,2024-11-17,P033,SUP05,100,16.88,1688.0
PO-04604,2024-11-17,P017,SUP03,250,20.33,5082.5
PO-04605,2024-11-17,P002,SUP11,100,6.08,608.0
PO-04606,2024-11-18,P027,SUP13,40,140.49,5619.6
PO-04607,2024-11-18,P023,SUP14,60,63.29,3797.4
PO-04608,2024-11-18,P042,SUP14,120,68.27,8192.4
PO-04609,2024-11-18,P011,SUP03,250,12.83,3207.5
PO-04610,2024-11-18,P011,SUP10,200,12.2,2440.0
PO-04611,2024-11-18,P033,SUP05,400,16.47,6588.0
PO-04612,2024-11-18,P040,SUP05,300,11.91,3573.0
PO-04613,2024-11-18,P039,SUP15,200,14.93,2986.0
PO-04614,2024-11-18,P019,SUP06,30,95.74,2872.2
PO-04615,2024-11-18,P030,SUP07,500,73.14,36570.0
PO-04616,2024-11-18,P001,SUP01,250,18.83,4707.5
PO-04617,2024-11-18,P030,SUP13,200,73.96,14792.0
PO-04618,2024-11-18,P011,SUP03,300,12.85,3855.0
PO-04619,2024-11-18,P008,SUP06,500,2.12,1060.0
PO-04620,2024-11-18,P021,SUP13,150,48.12,7218.0
PO-04621,2024-11-19,P004,SUP15,500,3.49,1745.0
PO-04622,2024-11-19,P032,SUP05,400,22.4,8960.0
PO-04623,2024-11-19,P033,SUP15,200,16.14,3228.0
PO-04624,2024-11-19,P034,SUP05,150,28.67,4300.5
PO-04625,2024-11-19,P043,SUP01,150,15.67,2350.5
PO-04626,2024-11-19,P012,SUP10,30,108.08,3242.4
PO-04627,2024-11-19,P042,SUP12,80,66.76,5340.8
PO-04628,2024-11-19,P008,SUP11,500,2.1,1050.0
PO-04629,2024-11-19,P017,SUP08,400,19.36,7744.0
PO-04630,2024-11-19,P047,SUP15,10,79.47,794.7
PO-04631,2024-11-19,P010,SUP15,60,46.32,2779.2
PO-04632,2024-11-19,P021,SUP13,100,49.0,4900.0
PO-04633,2024-11-19,P034,SUP05,400,28.5,11400.0
PO-04634,2024-11-19,P011,SUP01,150,12.49,1873.5
PO-04635,2024-11-19,P033,SUP15,300,16.04,4812.0
PO-04636,2024-11-19,P007,SUP01,80,64.68,5174.4
PO-04637,2024-11-19,P033,SUP15,250,16.92,4230.0
PO-04638,2024-11-20,P024,SUP04,500,5.11,2555.0
PO-04639,2024-11-20,P034,SUP14,150,28.35,4252.5
PO-04640,2024-11-20,P026,SUP07,40,54.4,2176.0
PO-04641,2024-11-20,P043,SUP15,500,15.55,7775.0
PO-04642,2024-11-20,P031,SUP14,500,38.87,19435.0
PO-04643,2024-11-20,P021,SUP04,200,48.25,9650.0
PO-04644,2024-11-20,P034,SUP14,250,27.84,6960.0
PO-04645,2024-11-20,P001,SUP11,200,18.19,3638.0
PO-04646,2024-11-20,P024,SUP04,200,5.21,1042.0
PO-04647,2024-11-20,P011,SUP01,300,12.82,3846.0
PO-04648,2024-11-20,P020,SUP06,80,26.54,2123.2
PO-04649,2024-11-20,P031,SUP05,150,37.64,5646.0
PO-04650,2024-11-20,P017,SUP08,500,19.67,9835.0
PO-04651,2024-11-20,P012,SUP10,40,110.74,4429.6
PO-04652,2024-11-20,P023,SUP15,120,63.64,7636.8
PO-04653,2024-11-21,P001,SUP01,500,18.85,9425.0
PO-04654,2024-11-21,P043,SUP08,100,15.24,1524.0
PO-04655,2024-11-21,P011,SUP10,100,12.19,1219.0
PO-04656,2024-11-21,P026,SUP07,40,54.65,2186.0
PO-04657,2024-11-21,P050,SUP14,15,96.13,1441.95
PO-04658,2024-11-21,P032,SUP05,200,21.79,4358.0
PO-04659,2024-11-21,P023,SUP04,60,64.49,3869.4
PO-04660,2024-11-21,P015,SUP01,60,42.25,2535.0
PO-04661,2024-11-21,P023,SUP15,80,62.5,5000.0
PO-04662,2024-11-21,P016,SUP10,60,57.29,3437.4
PO-04663,2024-11-21,P043,SUP15,100,15.05,1505.0
PO-04664,2024-11-21,P007,SUP11,50,66.04,3302.0
PO-04665,2024-11-21,P004,SUP01,100,3.33,333.0
PO-04666,2024-11-21,P032,SUP14,100,21.97,2197.0
PO-04667,2024-11-21,P048,SUP15,150,20.64,3096.0
PO-04668,2024-11-21,P030,SUP13,100,71.41,7141.0
PO-04669,2024-11-21,P047,SUP15,15,75.7,1135.5
PO-04670,2024-11-22,P035,SUP15,40,46.33,1853.2
PO-04671,2024-11-22,P039,SUP15,500,14.28,7140.0
PO-04672,2024-11-22,P023,SUP07,100,63.16,6316.0
PO-04673,2024-11-22,P034,SUP05,250,28.12,7030.0
PO-04674,2024-11-22,P020,SUP03,80,26.28,2102.4
PO-04675,2024-11-22,P043,SUP14,400,15.16,6064.0
PO-04676,2024-11-22,P012,SUP08,30,109.01,3270.3
PO-04677,2024-11-22,P010,SUP11,120,44.0,5280.0
PO-04678,2024-11-22,P015,SUP10,120,41.98,5037.6
PO-04679,2024-11-22,P037,SUP15,100,17.57,1757.0
PO-04680,2024-11-22,P001,SUP15,200,18.17,3634.0
PO-04681,2024-11-22,P029,SUP14,50,117.82,5891.0
PO-04682,2024-11-22,P043,SUP12,500,15.19,7595.0
PO-04683,2024-11-22,P037,SUP14,400,17.86,7144.0
PO-04684,2024-11-22,P023,SUP13,80,65.4,5232.0
PO-04685,2024-11-22,P021,SUP07,100,48.23,4823.0
PO-04686,2024-11-22,P002,SUP02,100,6.18,618.0
PO-04687,2024-11-22,P021,SUP13,250,48.44,12110.0
PO-04688,2024-11-23,P008,SUP01,250,2.08,520.0
PO-04689,2024-11-23,P009,SUP06,100,24.26,2426.0
PO-04690,2024-11-23,P042,SUP15,50,69.32,3466.0
PO-04691,2024-11-23,P010,SUP01,80,45.65,3652.0
PO-04692,2024-11-23,P033,SUP09,200,16.6,3320.0
PO-04693,2024-11-23,P038,SUP14,100,25.07,2507.0
PO-04694,2024-11-23,P048,SUP15,100,21.1,2110.0
PO-04695,2024-11-23,P021,SUP04,400,46.89,18756.0
PO-04696,2024-11-23,P005,SUP15,60,7.83,469.8
PO-04697,2024-11-23,P040,SUP14,250,12.01,3002.5
PO-04698,2024-11-23,P045,SUP15,80,35.61,2848.8
PO-04699,2024-11-23,P032,SUP09,250,21.87,5467.5
PO-04700,2024-11-24,P011,SUP08,200,12.29,2458.0
PO-04701,2024-11-24,P033,SUP09,200,16.58,3316.0
PO-04702,2024-11-24,P001,SUP06,250,18.03,4507.5
PO-04703,2024-11-24,P004,SUP02,250,3.45,862.5
PO-04704,2024-11-24,P001,SUP11,250,18.08,4520.0
PO-04705,2024-11-24,P011,SUP08,150,12.48,1872.0
PO-04706,2024-11-24,P035,SUP15,120,43.67,5240.4
PO-04707,2024-11-24,P046,SUP08,40,29.47,1178.8
PO-04708,2024-11-24,P003,SUP01,120,84.03,10083.6
PO-04709,2024-11-24,P042,SUP14,50,67.82,3391.0
PO-04710,2024-11-24,P005,SUP15,80,7.8,624.0
PO-04711,2024-11-24,P004,SUP02,400,3.45,1380.0
PO-04712,2024-11-24,P021,SUP13,400,48.47,19388.0
PO-04713,2024-11-24,P032,SUP14,500,22.39,11195.0
PO-04714,2024-11-25,P021,SUP14,400,48.75,19500.0
PO-04715,2024-11-25,P031,SUP05,300,39.31,11793.0
PO-04716,2024-11-25,P042,SUP01,100,68.88,6888.0
PO-04717,2024-11-25,P002,SUP02,500,6.36,3180.0
PO-04718,2024-11-25,P010,SUP06,60,44.21,2652.6
PO-04719,2024-11-25,P001,SUP15,300,18.64,5592.0
PO-04720,2024-11-25,P048,SUP14,250,21.54,5385.0
PO-04721,2024-11-25,P035,SUP05,80,46.22,3697.6
PO-04722,2024-11-25,P004,SUP15,300,3.47,1041.0
PO-04723,2024-11-25,P033,SUP09,200,16.38,3276.0
PO-04724,2024-11-25,P009,SUP02,40,23.94,957.6
PO-04725,2024-11-25,P020,SUP01,50,26.98,1349.0
PO-04726,2024-11-25,P037,SUP05,400,18.45,7380.0
PO-04727,2024-11-25,P004,SUP15,200,3.34,668.0
PO-04728,2024-11-25,P048,SUP15,200,20.52,4104.0
PO-04729,2024-11-25,P031,SUP05,150,37.74,5661.0
PO-04730,2024-11-25,P035,SUP09,60,44.01,2640.6
PO-04731,2024-11-26,P002,SUP06,150,6.06,909.0
PO-04732,2024-11-26,P005,SUP06,50,7.95,397.5
PO-04733,2024-11-26,P044,SUP14,10,83.33,833.3
PO-04734,2024-11-26,P024,SUP15,400,5.15,2060.0
PO-04735,2024-11-26,P001,SUP02,150,18.64,2796.0
PO-04736,2024-11-26,P042,SUP01,60,68.53,4111.8
PO-04737,2024-11-26,P034,SUP05,250,27.41,6852.5
PO-04738,2024-11-26,P024,SUP14,250,5.19,1297.5
PO-04739,2024-11-26,P049,SUP01,15,378.3,5674.5
PO-04740,2024-11-26,P033,SUP15,500,16.38,8190.0
PO-04741,2024-11-26,P033,SUP05,250,16.22,4055.0
PO-04742,2024-11-26,P030,SUP13,400,70.77,28308.0
PO-04743,2024-11-26,P007,SUP11,60,66.08,3964.8
PO-04744,2024-11-26,P009,SUP06,120,24.37,2924.4
PO-04745,2024-11-26,P016,SUP10,60,59.15,3549.0
PO-04746,2024-11-26,P050,SUP14,10,94.68,946.8
PO-04747,2024-11-26,P035,SUP15,120,44.99,5398.8
PO-04748,2024-11-27,P004,SUP02,300,3.47,1041.0
PO-04749,2024-11-27,P033,SUP05,150,16.3,2445.0
PO-04750,2024-11-27,P024,SUP15,200,5.17,1034.0
PO-04751,2024-11-27,P017,SUP10,300,19.81,5943.0
PO-04752,2024-11-27,P033,SUP14,300,16.41,4923.0
PO-04753,2024-11-27,P001,SUP01,150,18.2,2730.0
PO-04754,2024-11-27,P039,SUP09,400,14.3,5720.0
PO-04755,2024-11-27,P017,SUP01,150,19.46,2919.0
PO-04756,2024-11-27,P043,SUP12,500,15.91,7955.0
PO-04757,2024-11-27,P017,SUP03,100,20.27,2027.0
PO-04758,2024-11-27,P004,SUP01,250,3.38,845.0
PO-04759,2024-11-27,P024,SUP15,100,5.25,525.0
PO-04760,2024-11-27,P037,SUP05,300,17.63,5289.0
PO-04761,2024-11-28,P022,SUP15,120,94.21,11305.2
PO-04762,2024-11-28,P045,SUP14,120,35.89,4306.8
PO-04763,2024-11-28,P033,SUP05,500,16.32,8160.0
PO-04764,2024-11-28,P043,SUP15,250,15.81,3952.5
PO-04765,2024-11-28,P038,SUP14,60,24.6,1476.0
PO-04766,2024-11-28,P020,SUP03,80,26.47,2117.6
PO-04767,2024-11-28,P032,SUP05,400,22.31,8924.0
PO-04768,2024-11-28,P034,SUP09,300,27.88,8364.0
PO-04769,2024-11-28,P023,SUP15,120,63.18,7581.6
PO-04770,2024-11-28,P004,SUP02,150,3.31,496.5
PO-04771,2024-11-28,P010,SUP11,120,45.2,5424.0
PO-04772,2024-11-28,P012,SUP06,30,111.43,3342.9
PO-04773,2024-11-28,P040,SUP05,400,12.03,4812.0
PO-04774,2024-11-29,P001,SUP06,300,18.03,5409.0
PO-04775,2024-11-29,P043,SUP15,500,15.51,7755.0
PO-04776,2024-11-29,P046,SUP12,40,28.71,1148.4
PO-04777,2024-11-29,P046,SUP15,100,28.88,2888.0
PO-04778,2024-11-29,P043,SUP14,250,15.51,3877.5
PO-04779,2024-11-29,P020,SUP08,40,27.12,1084.8
PO-04780,2024-11-29,P001,SUP11,300,18.55,5565.0
PO-04781,2024-11-29,P033,SUP15,250,16.14,4035.0
PO-04782,2024-11-29,P008,SUP02,200,2.12,424.0
PO-04783,2024-11-29,P042,SUP12,120,66.45,7974.0
PO-04784,2024-11-29,P017,SUP01,100,19.69,1969.0
PO-04785,2024-11-29,P001,SUP06,150,19.03,2854.5
PO-04786,2024-11-29,P031,SUP15,100,37.84,3784.0
PO-04787,2024-11-29,P033,SUP09,500,16.7,8350.0
PO-04788,2024-11-29,P034,SUP05,400,27.36,10944.0
PO-04789,2024-11-29,P002,SUP15,200,6.21,1242.0
PO-04790,2024-11-30,P039,SUP15,300,14.35,4305.0
PO-04791,2024-11-30,P017,SUP03,200,20.06,4012.0
PO-04792,2024-11-30,P024,SUP07,150,5.31,796.5
PO-04793,2024-11-30,P039,SUP09,300,14.5,4350.0
PO-04794,2024-11-30,P038,SUP15,120,24.29,2914.8
PO-04795,2024-11-30,P034,SUP09,300,27.23,8169.0
PO-04796,2024-11-30,P046,SUP14,50,29.14,1457.0
PO-04797,2024-11-30,P032,SUP05,250,22.3,5575.0
PO-04798,2024-11-30,P037,SUP09,250,18.53,4632.5
PO-04799,2024-11-30,P046,SUP12,40,29.11,1164.4
PO-04800,2024-11-30,P011,SUP01,200,12.56,2512.0
PO-04801,2024-11-30,P030,SUP07,250,72.93,18232.5
PO-04802,2024-11-30,P042,SUP01,80,68.34,5467.2
PO-04803,2024-11-30,P014,SUP01,60,74.85,4491.0
PO-04804,2024-11-30,P043,SUP08,250,15.06,3765.0
PO-04805,2024-11-30,P032,SUP05,250,21.81,5452.5
PO-04806,2024-12-01,P043,SUP01,200,15.8,3160.0
PO-04807,2024-12-01,P038,SUP05,40,25.19,1007.6
PO-04808,2024-12-01,P032,SUP09,300,21.84,6552.0
PO-04809,2024-12-01,P017,SUP08,250,19.46,4865.0
PO-04810,2024-12-01,P037,SUP05,150,17.82,2673.0
PO-04811,2024-12-01,P035,SUP05,40,45.01,1800.4
PO-04812,2024-12-01,P030,SUP04,250,70.88,17720.0
PO-04813,2024-12-01,P032,SUP05,100,22.27,2227.0
PO-04814,2024-12-01,P048,SUP01,200,20.78,4156.0
PO-04815,2024-12-01,P031,SUP14,150,38.77,5815.5
PO-04816,2024-12-01,P033,SUP15,500,16.5,8250.0
PO-04817,2024-12-01,P050,SUP01,30,95.73,2871.9
PO-04818,2024-12-01,P021,SUP15,500,47.06,23530.0
PO-04819,2024-12-01,P008,SUP06,250,2.09,522.5
PO-04820,2024-12-01,P033,SUP05,200,16.94,3388.0
PO-04821,2024-12-01,P002,SUP15,500,6.25,3125.0
PO-04822,2024-12-01,P034,SUP05,100,27.39,2739.0
PO-04823,2024-12-01,P001,SUP15,500,18.56,9280.0
PO-04824,2024-12-01,P007,SUP02,100,65.95,6595.0
PO-04825,2024-12-02,P029,SUP14,80,111.86,8948.8
PO-04826,2024-12-02,P008,SUP06,100,2.09,209.0
PO-04827,2024-12-02,P005,SUP02,40,7.61,304.4
PO-04828,2024-12-02,P017,SUP03,400,19.73,7892.0
PO-04829,2024-12-02,P026,SUP14,10,55.01,550.1
PO-04830,2024-12-02,P038,SUP14,80,25.66,2052.8
PO-04831,2024-12-02,P036,SUP14,80,32.45,2596.0
PO-04832,2024-12-02,P030,SUP14,100,70.2,7020.0
PO-04833,2024-12-02,P040,SUP05,150,12.19,1828.5
PO-04834,2024-12-02,P031,SUP14,150,39.2,5880.0
PO-04835,2024-12-02,P002,SUP01,400,6.33,2532.0
PO-04836,2024-12-02,P049,SUP01,10,389.98,3899.8
PO-04837,2024-12-02,P039,SUP09,500,14.52,7260.0
PO-04838,2024-12-02,P009,SUP15,50,23.3,1165.0
PO-04839,2024-12-02,P011,SUP06,500,12.49,6245.0
PO-04840,2024-12-03,P031,SUP05,250,37.86,9465.0
PO-04841,2024-12-03,P037,SUP09,500,18.27,9135.0
PO-04842,2024-12-03,P008,SUP02,200,2.13,426.0
PO-04843,2024-12-03,P024,SUP13,250,5.05,1262.5
PO-04844,2024-12-03,P043,SUP12,100,15.96,1596.0
PO-04845,2024-12-03,P034,SUP09,300,28.49,8547.0
PO-04846,2024-12-03,P002,SUP15,150,6.13,919.5
PO-04847,2024-12-03,P008,SUP06,250,2.09,522.5
PO-04848,2024-12-03,P035,SUP09,120,46.11,5533.2
PO-04849,2024-12-03,P017,SUP03,250,19.9,4975.0
PO-04850,2024-12-03,P014,SUP03,40,74.08,2963.2
PO-04851,2024-12-03,P033,SUP09,100,16.33,1633.0
PO-04852,2024-12-03,P012,SUP03,20,108.95,2179.0
PO-04853,2024-12-03,P017,SUP10,400,19.99,7996.0
PO-04854,2024-12-03,P009,SUP11,40,23.78,951.2
PO-04855,2024-12-03,P042,SUP01,60,66.18,3970.8
PO-04856,2024-12-04,P034,SUP15,150,28.6,4290.0
PO-04857,2024-12-04,P037,SUP14,200,17.67,3534.0
PO-04858,2024-12-04,P034,SUP05,200,27.21,5442.0
PO-04859,2024-12-04,P008,SUP02,250,2.07,517.5
PO-04860,2024-12-04,P045,SUP08,60,36.94,2216.4
PO-04861,2024-12-04,P007,SUP11,50,67.02,3351.0
PO-04862,2024-12-04,P021,SUP07,200,48.73,9746.0
PO-04863,2024-12-04,P032,SUP14,500,22.44,11220.0
PO-04864,2024-12-04,P004,SUP15,300,3.31,993.0
PO-04865,2024-12-04,P004,SUP06,250,3.31,827.5
PO-04866,2024-12-04,P010,SUP01,80,45.16,3612.8
PO-04867,2024-12-04,P015,SUP03,100,42.0,4200.0
PO-04868,2024-12-04,P010,SUP11,50,44.94,2247.0
PO-04869,2024-12-05,P002,SUP02,200,6.08,1216.0
PO-04870,2024-12-05,P024,SUP13,400,5.21,2084.0
PO-04871,2024-12-05,P048,SUP08,300,20.78,6234.0
PO-04872,2024-12-05,P034,SUP14,150,28.77,4315.5
PO-04873,2024-12-05,P036,SUP15,60,31.34,1880.4
PO-04874,2024-12-05,P048,SUP12,150,21.28,3192.0
PO-04875,2024-12-05,P032,SUP14,250,22.33,5582.5
PO-04876,2024-12-05,P048,SUP08,150,20.77,3115.5
PO-04877,2024-12-05,P009,SUP11,50,24.11,1205.5
PO-04878,2024-12-05,P039,SUP09,300,14.63,4389.0
PO-04879,2024-12-05,P036,SUP14,40,32.76,1310.4
PO-04880,2024-12-05,P041,SUP08,10,54.4,544.0
PO-04881,2024-12-05,P017,SUP03,500,19.85,9925.0
PO-04882,2024-12-05,P048,SUP12,100,20.65,2065.0
PO-04883,2024-12-05,P041,SUP12,15,53.25,798.75
PO-04884,2024-12-06,P037,SUP14,100,17.52,1752.0
PO-04885,2024-12-06,P038,SUP09,100,25.55,2555.0
PO-04886,2024-12-06,P034,SUP09,100,27.79,2779.0
PO-04887,2024-12-06,P022,SUP07,120,92.12,11054.4
PO-04888,2024-12-06,P030,SUP07,200,72.76,14552.0
PO-04889,2024-12-06,P032,SUP14,100,21.53,2153.0
PO-04890,2024-12-06,P024,SUP07,250,5.09,1272.5
PO-04891,2024-12-06,P001,SUP11,150,18.46,2769.0
PO-04892,2024-12-06,P046,SUP12,40,28.36,1134.4
PO-04893,2024-12-06,P014,SUP03,60,73.29,4397.4
PO-04894,2024-12-06,P009,SUP11,60,23.89,1433.4
PO-04895,2024-12-06,P029,SUP04,60,115.91,6954.6
PO-04896,2024-12-07,P017,SUP03,100,19.3,1930.0
PO-04897,2024-12-07,P018,SUP03,30,234.66,7039.8
PO-04898,2024-12-07,P004,SUP15,500,3.3,1650.0
PO-04899,2024-12-07,P034,SUP15,150,28.68,4302.0
PO-04900,2024-12-07,P034,SUP09,100,27.48,2748.0
PO-04901,2024-12-07,P022,SUP04,120,93.77,11252.4
PO-04902,2024-12-07,P005,SUP15,50,8.02,401.0
PO-04903,2024-12-07,P048,SUP15,200,21.25,4250.0
PO-04904,2024-12-07,P012,SUP10,10,111.38,1113.8
PO-04905,2024-12-07,P028,SUP13,20,90.3,1806.0
PO-04906,2024-12-07,P024,SUP15,200,5.27,1054.0
PO-04907,2024-12-07,P013,SUP01,50,32.09,1604.5
PO-04908,2024-12-07,P004,SUP01,100,3.36,336.0
PO-04909,2024-12-08,P026,SUP15,15,56.63,849.45
PO-04910,2024-12-08,P043,SUP08,150,15.18,2277.0
PO-04911,2024-12-08,P033,SUP14,400,16.23,6492.0
PO-04912,2024-12-08,P045,SUP15,40,36.8,1472.0
PO-04913,2024-12-08,P046,SUP14,120,28.67,3440.4
PO-04914,2024-12-08,P036,SUP14,120,32.55,3906.0
PO-04915,2024-12-08,P030,SUP04,150,70.63,10594.5
PO-04916,2024-12-08,P020,SUP10,40,25.75,1030.0
PO-04917,2024-12-08,P007,SUP02,100,67.28,6728.0
PO-04918,2024-12-08,P039,SUP14,250,14.2,3550.0
PO-04919,2024-12-08,P040,SUP14,300,11.99,3597.0
PO-04920,2024-12-08,P023,SUP13,100,65.38,6538.0
PO-04921,2024-12-08,P010,SUP06,100,44.39,4439.0
PO-04922,2024-12-08,P020,SUP03,80,25.77,2061.6
PO-04923,2024-12-08,P001,SUP15,150,18.86,2829.0
PO-04924,2024-12-08,P033,SUP15,200,16.9,3380.0
PO-04925,2024-12-09,P008,SUP11,200,2.06,412.0
PO-04926,2024-12-09,P030,SUP07,100,72.6,7260.0
PO-04927,2024-12-09,P022,SUP04,100,93.06,9306.0
PO-04928,2024-12-09,P033,SUP15,250,16.94,4235.0
PO-04929,2024-12-09,P037,SUP15,150,17.93,2689.5
PO-04930,2024-12-09,P016,SUP03,120,56.7,6804.0
PO-04931,2024-12-09,P004,SUP11,100,3.47,347.0
PO-04932,2024-12-09,P001,SUP02,500,18.53,9265.0
PO-04933,2024-12-09,P032,SUP14,500,21.48,10740.0
PO-04934,2024-12-09,P035,SUP05,80,46.32,3705.6
PO-04935,2024-12-09,P015,SUP10,80,42.85,3428.0
PO-04936,2024-12-09,P004,SUP02,400,3.3,1320.0
PO-04937,2024-12-09,P004,SUP01,100,3.46,346.0
PO-04938,2024-12-09,P029,SUP13,120,112.83,13539.6
PO-04939,2024-12-09,P031,SUP14,500,37.87,18935.0
PO-04940,2024-12-09,P008,SUP01,500,2.07,1035.0
PO-04941,2024-12-09,P037,SUP15,150,18.04,2706.0
PO-04942,2024-12-10,P023,SUP14,120,65.52,7862.4
PO-04943,2024-12-10,P017,SUP03,250,19.57,4892.5
PO-04944,2024-12-10,P048,SUP15,250,20.75,5187.5
PO-04945,2024-12-10,P048,SUP15,150,21.39,3208.5
PO-04946,2024-12-10,P043,SUP08,250,15.34,3835.0
PO-04947,2024-12-10,P019,SUP03,15,96.87,1453.05
PO-04948,2024-12-10,P022,SUP15,40,92.75,3710.0
PO-04949,2024-12-10,P034,SUP14,500,27.76,13880.0
PO-04950,2024-12-10,P029,SUP15,80,115.38,9230.4
PO-04951,2024-12-10,P049,SUP12,15,380.32,5704.8
PO-04952,2024-12-10,P031,SUP14,150,37.64,5646.0
PO-04953,2024-12-10,P039,SUP09,300,14.29,4287.0
PO-04954,2024-12-10,P039,SUP09,100,14.49,1449.0
PO-04955,2024-12-10,P018,SUP10,20,239.82,4796.4
PO-04956,2024-12-10,P029,SUP14,40,112.16,4486.4
PO-04957,2024-12-11,P005,SUP06,50,7.81,390.5
PO-04958,2024-12-11,P010,SUP06,40,44.86,1794.4
PO-04959,2024-12-11,P005,SUP15,50,7.88,394.0
PO-04960,2024-12-11,P032,SUP05,100,22.35,2235.0
PO-04961,2024-12-11,P030,SUP13,250,73.09,18272.5
PO-04962,2024-12-11,P034,SUP05,500,28.16,14080.0
PO-04963,2024-12-11,P040,SUP09,200,11.75,2350.0
PO-04964,2024-12-11,P004,SUP02,150,3.5,525.0
PO-04965,2024-12-11,P022,SUP13,80,93.01,7440.8
PO-04966,2024-12-11,P017,SUP03,200,19.69,3938.0
PO-04967,2024-12-12,P039,SUP05,500,14.56,7280.0
PO-04968,2024-12-12,P036,SUP09,120,31.44,3772.8
PO-04969,2024-12-12,P023,SUP15,50,63.58,3179.0
PO-04970,2024-12-12,P040,SUP15,400,12.28,4912.0
PO-04971,2024-12-12,P017,SUP10,400,19.49,7796.0
PO-04972,2024-12-12,P017,SUP06,150,19.91,2986.5
PO-04973,2024-12-13,P036,SUP09,50,32.88,1644.0
PO-04974,2024-12-13,P048,SUP12,150,21.34,3201.0
PO-04975,2024-12-13,P015,SUP06,60,43.04,2582.4
PO-04976,2024-12-13,P019,SUP10,40,92.39,3695.6
PO-04977,2024-12-13,P048,SUP08,100,21.53,2153.0
PO-04978,2024-12-13,P030,SUP15,250,72.94,18235.0
PO-04979,2024-12-13,P038,SUP14,60,25.67,1540.2
PO-04980,2024-12-13,P036,SUP09,100,31.66,3166.0
PO-04981,2024-12-13,P048,SUP15,100,21.57,2157.0
PO-04982,2024-12-13,P039,SUP05,150,14.15,2122.5
PO-04983,2024-12-13,P014,SUP06,120,74.53,8943.6
PO-04984,2024-12-13,P048,SUP12,250,20.95,5237.5
PO-04985,2024-12-13,P036,SUP05,80,31.39,2511.2
PO-04986,2024-12-14,P032,SUP15,300,22.53,6759.0
PO-04987,2024-12-14,P021,SUP14,300,46.95,14085.0
PO-04988,2024-12-14,P040,SUP15,300,12.06,3618.0
PO-04989,2024-12-14,P036,SUP14,40,32.43,1297.2
PO-04990,2024-12-14,P008,SUP15,500,2.05,1025.0
PO-04991,2024-12-14,P022,SUP07,50,94.24,4712.0
PO-04992,2024-12-14,P014,SUP10,40,73.25,2930.0
PO-04993,2024-12-14,P001,SUP11,400,18.88,7552.0
PO-04994,2024-12-14,P005,SUP06,120,7.84,940.8
PO-04995,2024-12-14,P029,SUP07,40,111.79,4471.6
PO-04996,2024-12-14,P041,SUP12,30,55.22,1656.6
PO-04997,2024-12-14,P008,SUP11,200,2.15,430.0
PO-04998,2024-12-14,P001,SUP15,200,18.8,3760.0
PO-04999,2024-12-14,P036,SUP14,60,31.77,1906.2
PO-05000,2024-12-14,P020,SUP08,120,26.98,3237.6
PO-05001,2024-12-14,P008,SUP06,400,2.11,844.0
PO-05002,2024-12-14,P035,SUP15,40,43.94,1757.6
PO-05003,2024-12-14,P039,SUP15,150,14.68,2202.0
PO-05004,2024-12-15,P045,SUP01,120,37.03,4443.6
PO-05005,2024-12-15,P021,SUP04,150,46.78,7017.0
PO-05006,2024-12-15,P002,SUP06,500,6.15,3075.0
PO-05007,2024-12-15,P030,SUP07,300,70.52,21156.0
PO-05008,2024-12-15,P046,SUP14,50,29.12,1456.0
PO-05009,2024-12-15,P034,SUP14,100,27.72,2772.0
PO-05010,2024-12-15,P017,SUP08,150,20.36,3054.0
PO-05011,2024-12-15,P009,SUP02,60,24.42,1465.2
PO-05012,2024-12-15,P024,SUP13,200,5.29,1058.0
PO-05013,2024-12-15,P043,SUP14,400,15.59,6236.0
PO-05014,2024-12-15,P030,SUP15,300,73.36,22008.0
PO-05015,2024-12-15,P024,SUP14,200,5.11,1022.0
PO-05016,2024-12-16,P034,SUP05,150,28.11,4216.5
PO-05017,2024-12-16,P048,SUP15,100,20.96,2096.0
PO-05018,2024-12-16,P023,SUP07,50,65.13,3256.5
PO-05019,2024-12-16,P030,SUP13,100,73.35,7335.0
PO-05020,2024-12-16,P037,SUP09,150,17.88,2682.0
PO-05021,2024-12-16,P032,SUP05,250,22.11,5527.5
PO-05022,2024-12-16,P010,SUP11,100,43.98,4398.0
PO-05023,2024-12-16,P002,SUP02,250,6.04,1510.0
PO-05024,2024-12-16,P011,SUP03,100,12.28,1228.0
PO-05025,2024-12-17,P036,SUP15,50,32.24,1612.0
PO-05026,2024-12-17,P046,SUP14,40,29.45,1178.0
PO-05027,2024-12-17,P015,SUP06,40,42.72,1708.8
PO-05028,2024-12-17,P024,SUP07,200,5.19,1038.0
PO-05029,2024-12-17,P035,SUP09,60,46.01,2760.6
PO-05030,2024-12-17,P005,SUP06,100,8.01,801.0
PO-05031,2024-12-17,P024,SUP13,400,5.31,2124.0
PO-05032,2024-12-17,P011,SUP06,300,12.68,3804.0
PO-05033,2024-12-17,P018,SUP01,40,246.53,9861.2
PO-05034,2024-12-17,P011,SUP08,100,12.73,1273.0
PO-05035,2024-12-17,P038,SUP05,100,24.47,2447.0
PO-05036,2024-12-17,P040,SUP05,400,11.8,4720.0
PO-05037,2024-12-18,P031,SUP05,100,38.48,3848.0
PO-05038,2024-12-18,P020,SUP06,80,26.32,2105.6
PO-05039,2024-12-18,P021,SUP04,400,47.99,19196.0
PO-05040,2024-12-18,P005,SUP15,100,7.77,777.0
PO-05041,2024-12-18,P029,SUP15,80,113.73,9098.4
PO-05042,2024-12-18,P020,SUP10,40,26.83,1073.2
PO-05043,2024-12-18,P025,SUP13,100,34.94,3494.0
PO-05044,2024-12-18,P033,SUP14,250,16.81,4202.5
PO-05045,2024-12-18,P007,SUP15,40,66.81,2672.4
PO-05046,2024-12-18,P035,SUP14,120,44.82,5378.4
PO-05047,2024-12-18,P017,SUP03,150,20.27,3040.5
PO-05048,2024-12-19,P006,SUP02,40,123.16,4926.4
PO-05049,2024-12-19,P018,SUP06,15,240.13,3601.95
PO-05050,2024-12-19,P023,SUP14,40,62.1,2484.0
PO-05051,2024-12-19,P003,SUP15,120,84.61,10153.2
PO-05052,2024-12-19,P001,SUP06,250,18.69,4672.5
PO-05053,2024-12-19,P004,SUP02,150,3.39,508.5
PO-05054,2024-12-19,P035,SUP14,40,44.72,1788.8
PO-05055,2024-12-19,P011,SUP08,250,12.62,3155.0
PO-05056,2024-12-19,P030,SUP07,400,72.54,29016.0
PO-05057,2024-12-19,P030,SUP15,300,69.85,20955.0
PO-05058,2024-12-19,P025,SUP04,40,35.15,1406.0
PO-05059,2024-12-19,P032,SUP09,200,21.94,4388.0
PO-05060,2024-12-19,P014,SUP06,100,76.75,7675.0
PO-05061,2024-12-19,P004,SUP01,150,3.31,496.5
PO-05062,2024-12-20,P021,SUP04,500,46.9,23450.0
PO-05063,2024-12-20,P013,SUP01,40,31.48,1259.2
PO-05064,2024-12-20,P035,SUP09,40,43.8,1752.0
PO-05065,2024-12-20,P002,SUP01,500,6.27,3135.0
PO-05066,2024-12-20,P040,SUP05,150,12.1,1815.0
PO-05067,2024-12-20,P040,SUP15,500,12.12,6060.0
PO-05068,2024-12-20,P048,SUP14,250,20.86,5215.0
PO-05069,2024-12-20,P002,SUP06,150,6.16,924.0
PO-05070,2024-12-20,P007,SUP11,120,67.09,8050.8
PO-05071,2024-12-20,P001,SUP01,150,18.79,2818.5
PO-05072,2024-12-20,P021,SUP04,500,47.45,23725.0
PO-05073,2024-12-20,P022,SUP14,100,90.46,9046.0
PO-05074,2024-12-20,P017,SUP03,500,19.23,9615.0
PO-05075,2024-12-20,P041,SUP08,20,54.79,1095.8
PO-05076,2024-12-20,P030,SUP14,500,72.76,36380.0
PO-05077,2024-12-20,P021,SUP14,250,47.37,11842.5
PO-05078,2024-12-21,P004,SUP01,400,3.44,1376.0
PO-05079,2024-12-21,P004,SUP11,150,3.33,499.5
PO-05080,2024-12-21,P032,SUP09,200,22.25,4450.0
PO-05081,2024-12-21,P014,SUP10,80,75.35,6028.0
PO-05082,2024-12-21,P010,SUP15,80,44.09,3527.2
PO-05083,2024-12-21,P015,SUP03,50,41.37,2068.5
PO-05084,2024-12-21,P037,SUP09,400,17.92,7168.0
PO-05085,2024-12-21,P043,SUP15,300,15.9,4770.0
PO-05086,2024-12-21,P032,SUP09,200,21.52,4304.0
PO-05087,2024-12-21,P031,SUP09,100,38.39,3839.0
PO-05088,2024-12-21,P033,SUP14,300,16.78,5034.0
PO-05089,2024-12-21,P030,SUP04,200,70.07,14014.0
PO-05090,2024-12-21,P008,SUP02,150,2.12,318.0
PO-05091,2024-12-21,P024,SUP14,500,5.27,2635.0
PO-05092,2024-12-21,P017,SUP01,150,19.96,2994.0
PO-05093,2024-12-21,P044,SUP12,15,81.42,1221.3
PO-05094,2024-12-21,P025,SUP15,50,35.47,1773.5
PO-05095,2024-12-21,P011,SUP06,100,12.59,1259.0
PO-05096,2024-12-21,P024,SUP14,150,5.11,766.5
PO-05097,2024-12-22,P008,SUP11,400,2.14,856.0
PO-05098,2024-12-22,P009,SUP15,60,24.36,1461.6
PO-05099,2024-12-22,P033,SUP09,100,16.74,1674.0
PO-05100,2024-12-22,P014,SUP03,60,72.95,4377.0
PO-05101,2024-12-22,P040,SUP09,150,12.09,1813.5
PO-05102,2024-12-22,P011,SUP06,150,12.77,1915.5
PO-05103,2024-12-22,P020,SUP01,50,25.89,1294.5
PO-05104,2024-12-22,P009,SUP11,50,23.47,1173.5
PO-05105,2024-12-22,P034,SUP14,100,28.76,2876.0
PO-05106,2024-12-22,P020,SUP08,50,26.25,1312.5
PO-05107,2024-12-22,P006,SUP02,20,120.0,2400.0
PO-05108,2024-12-22,P031,SUP14,200,38.06,7612.0
PO-05109,2024-12-22,P041,SUP15,40,55.08,2203.2
PO-05110,2024-12-22,P021,SUP13,400,48.22,19288.0
PO-05111,2024-12-23,P040,SUP09,300,11.98,3594.0
PO-05112,2024-12-23,P039,SUP05,200,14.39,2878.0
PO-05113,2024-12-23,P013,SUP06,60,32.4,1944.0
PO-05114,2024-12-23,P029,SUP15,100,116.61,11661.0
PO-05115,2024-12-23,P032,SUP09,400,21.73,8692.0
PO-05116,2024-12-23,P024,SUP14,500,5.3,2650.0
PO-05117,2024-12-23,P039,SUP14,100,14.63,1463.0
PO-05118,2024-12-23,P013,SUP10,60,32.75,1965.0
PO-05119,2024-12-23,P033,SUP14,250,16.06,4015.0
PO-05120,2024-12-23,P040,SUP15,250,12.17,3042.5
PO-05121,2024-12-23,P037,SUP05,250,18.26,4565.0
PO-05122,2024-12-24,P046,SUP01,50,28.54,1427.0
PO-05123,2024-12-24,P007,SUP01,50,66.61,3330.5
PO-05124,2024-12-24,P045,SUP14,80,36.66,2932.8
PO-05125,2024-12-24,P021,SUP07,250,48.31,12077.5
PO-05126,2024-12-24,P008,SUP15,300,2.13,639.0
PO-05127,2024-12-24,P020,SUP03,60,26.12,1567.2
PO-05128,2024-12-24,P020,SUP01,50,26.54,1327.0
PO-05129,2024-12-24,P023,SUP13,80,63.18,5054.4
PO-05130,2024-12-24,P036,SUP05,120,31.34,3760.8
PO-05131,2024-12-24,P002,SUP15,500,6.03,3015.0
PO-05132,2024-12-24,P046,SUP14,80,29.74,2379.2
PO-05133,2024-12-24,P030,SUP13,250,70.61,17652.5
PO-05134,2024-12-24,P030,SUP13,250,71.14,17785.0
PO-05135,2024-12-24,P011,SUP08,400,12.3,4920.0
PO-05136,2024-12-25,P039,SUP14,250,14.79,3697.5
PO-05137,2024-12-25,P021,SUP07,250,48.76,12190.0
PO-05138,2024-12-25,P037,SUP14,150,17.72,2658.0
PO-05139,2024-12-25,P010,SUP15,40,43.72,1748.8
PO-05140,2024-12-25,P013,SUP03,120,32.17,3860.4
PO-05141,2024-12-25,P048,SUP14,400,20.71,8284.0
PO-05142,2024-12-25,P001,SUP11,150,17.95,2692.5
PO-05143,2024-12-25,P044,SUP15,20,80.06,1601.2
PO-05144,2024-12-25,P004,SUP06,200,3.43,686.0
PO-05145,2024-12-25,P040,SUP14,500,11.99,5995.0
PO-05146,2024-12-25,P037,SUP09,300,18.08,5424.0
PO-05147,2024-12-26,P028,SUP14,15,87.98,1319.7
PO-05148,2024-12-26,P001,SUP11,400,18.98,7592.0
PO-05149,2024-12-26,P043,SUP14,250,15.15,3787.5
PO-05150,2024-12-26,P046,SUP15,50,29.61,1480.5
PO-05151,2024-12-26,P007,SUP06,60,65.66,3939.6
PO-05152,2024-12-26,P010,SUP06,60,43.95,2637.0
PO-05153,2024-12-26,P016,SUP06,40,58.58,2343.2
PO-05154,2024-12-26,P026,SUP13,20,54.54,1090.8
PO-05155,2024-12-26,P004,SUP01,200,3.35,670.0
PO-05156,2024-12-26,P020,SUP10,120,26.45,3174.0
PO-05157,2024-12-26,P020,SUP03,80,25.9,2072.0
PO-05158,2024-12-26,P011,SUP03,400,12.48,4992.0
PO-05159,2024-12-27,P034,SUP14,150,27.73,4159.5
PO-05160,2024-12-27,P043,SUP08,200,15.61,3122.0
PO-05161,2024-12-27,P024,SUP04,300,5.14,1542.0
PO-05162,2024-12-27,P001,SUP06,200,18.32,3664.0
PO-05163,2024-12-27,P024,SUP14,250,5.19,1297.5
PO-05164,2024-12-27,P024,SUP15,200,5.32,1064.0
PO-05165,2024-12-27,P027,SUP13,40,140.23,5609.2
PO-05166,2024-12-27,P040,SUP05,400,11.79,4716.0
PO-05167,2024-12-27,P017,SUP01,250,20.07,5017.5
PO-05168,2024-12-27,P035,SUP14,100,46.26,4626.0
PO-05169,2024-12-27,P034,SUP09,500,27.88,13940.0
PO-05170,2024-12-28,P033,SUP14,300,16.41,4923.0
PO-05171,2024-12-28,P032,SUP09,400,21.75,8700.0
PO-05172,2024-12-28,P037,SUP09,150,17.59,2638.5
PO-05173,2024-12-28,P038,SUP15,80,24.95,1996.0
PO-05174,2024-12-28,P050,SUP14,30,96.11,2883.3
PO-05175,2024-12-28,P019,SUP01,20,94.77,1895.4
PO-05176,2024-12-28,P042,SUP12,80,67.2,5376.0
PO-05177,2024-12-28,P031,SUP14,150,37.42,5613.0
PO-05178,2024-12-28,P009,SUP02,40,24.25,970.0
PO-05179,2024-12-28,P033,SUP15,200,16.25,3250.0
PO-05180,2024-12-28,P029,SUP14,50,117.79,5889.5
PO-05181,2024-12-28,P032,SUP05,500,22.28,11140.0
PO-05182,2024-12-28,P046,SUP01,100,28.93,2893.0
PO-05183,2024-12-28,P045,SUP01,120,35.28,4233.6
PO-05184,2024-12-28,P007,SUP06,120,65.61,7873.2
PO-05185,2024-12-28,P024,SUP04,500,5.13,2565.0
PO-05186,2024-12-28,P010,SUP02,60,45.88,2752.8
PO-05187,2024-12-29,P021,SUP14,400,47.13,18852.0
PO-05188,2024-12-29,P034,SUP05,300,28.34,8502.0
PO-05189,2024-12-29,P006,SUP01,20,119.92,2398.4
PO-05190,2024-12-29,P021,SUP07,250,49.18,12295.0
PO-05191,2024-12-29,P008,SUP06,500,2.06,1030.0
PO-05192,2024-12-29,P004,SUP01,250,3.33,832.5
PO-05193,2024-12-29,P014,SUP01,120,73.98,8877.6
PO-05194,2024-12-29,P048,SUP14,250,21.62,5405.0
PO-05195,2024-12-29,P011,SUP01,150,12.2,1830.0
PO-05196,2024-12-29,P031,SUP09,200,38.06,7612.0
PO-05197,2024-12-29,P001,SUP11,150,18.16,2724.0
PO-05198,2024-12-29,P031,SUP09,150,37.87,5680.5
PO-05199,2024-12-29,P011,SUP03,100,12.67,1267.0
PO-05200,2024-12-29,P031,SUP09,200,38.41,7682.0
PO-05201,2024-12-29,P017,SUP03,300,19.75,5925.0
PO-05202,2024-12-29,P033,SUP05,500,16.78,8390.0
PO-05203,2024-12-29,P015,SUP03,40,41.49,1659.6
PO-05204,2024-12-29,P042,SUP01,120,68.44,8212.8
PO-05205,2024-12-29,P003,SUP01,60,83.36,5001.6
PO-05206,2024-12-29,P037,SUP15,200,17.64,3528.0
PO-05207,2024-12-30,P015,SUP03,80,43.26,3460.8
PO-05208,2024-12-30,P007,SUP01,60,67.08,4024.8
PO-05209,2024-12-30,P038,SUP14,100,25.04,2504.0
PO-05210,2024-12-30,P043,SUP01,400,15.83,6332.0
PO-05211,2024-12-30,P027,SUP07,40,142.37,5694.8
PO-05212,2024-12-30,P002,SUP01,250,6.14,1535.0
PO-05213,2024-12-30,P005,SUP01,120,7.67,920.4
PO-05214,2024-12-30,P014,SUP06,80,76.08,6086.4
PO-05215,2024-12-30,P004,SUP01,300,3.49,1047.0
PO-05216,2024-12-30,P016,SUP01,40,57.33,2293.2
PO-05217,2024-12-30,P015,SUP06,100,41.98,4198.0
PO-05218,2024-12-30,P039,SUP05,150,14.57,2185.5
PO-05219,2024-12-30,P044,SUP12,10,82.67,826.7
PO-05220,2024-12-30,P024,SUP04,250,5.32,1330.0
PO-05221,2024-12-30,P013,SUP08,80,31.84,2547.2
PO-05222,2024-12-30,P032,SUP14,200,21.98,4396.0
PO-05223,2024-12-30,P021,SUP13,300,49.24,14772.0
PO-05224,2024-12-31,P037,SUP09,300,17.63,5289.0
PO-05225,2024-12-31,P001,SUP11,200,19.0,3800.0
PO-05226,2024-12-31,P008,SUP15,100,2.12,212.0
PO-05227,2024-12-31,P008,SUP01,500,2.08,1040.0
PO-05228,2024-12-31,P020,SUP10,50,27.04,1352.0
PO-05229,2024-12-31,P002,SUP11,200,6.25,1250.0
PO-05230,2024-12-31,P013,SUP10,40,31.33,1253.2
PO-05231,2024-12-31,P018,SUP01,20,240.52,4810.4
PO-05232,2024-12-31,P031,SUP14,300,39.27,11781.0
PO-05233,2024-12-31,P015,SUP08,80,43.55,3484.0
PO-05234,2024-12-31,P033,SUP09,100,16.14,1614.0
PO-05235,2024-12-31,P011,SUP08,100,12.42,1242.0
PO-05236,2024-12-31,P032,SUP05,150,22.65,3397.5
PO-05237,2024-12-31,P014,SUP08,40,75.5,3020.0
PO-05238,2025-01-01,P028,SUP07,20,86.5,1730.0
PO-05239,2025-01-01,P012,SUP08,40,111.73,4469.2
PO-05240,2025-01-01,P010,SUP02,60,43.69,2621.4
PO-05241,2025-01-01,P020,SUP01,50,26.27,1313.5
PO-05242,2025-01-01,P043,SUP14,500,15.28,7640.0
PO-05243,2025-01-01,P004,SUP01,100,3.49,349.0
PO-05244,2025-01-01,P020,SUP06,120,26.9,3228.0
PO-05245,2025-01-01,P004,SUP06,150,3.43,514.5
PO-05246,2025-01-01,P033,SUP15,200,16.19,3238.0
PO-05247,2025-01-01,P014,SUP08,50,75.16,3758.0
PO-05248,2025-01-01,P035,SUP09,80,43.77,3501.6
PO-05249,2025-01-01,P034,SUP09,150,27.58,4137.0
PO-05250,2025-01-01,P009,SUP02,60,24.11,1446.6
PO-05251,2025-01-01,P031,SUP14,200,38.23,7646.0
PO-05252,2025-01-01,P011,SUP10,100,12.37,1237.0
PO-05253,2025-01-01,P043,SUP08,250,15.31,3827.5
PO-05254,2025-01-01,P038,SUP09,40,24.39,975.6
PO-05255,2025-01-01,P047,SUP15,40,78.73,3149.2
PO-05256,2025-01-01,P039,SUP14,300,14.69,4407.0
PO-05257,2025-01-02,P002,SUP02,100,6.26,626.0
PO-05258,2025-01-02,P030,SUP04,400,72.05,28820.0
PO-05259,2025-01-02,P004,SUP01,300,3.48,1044.0
PO-05260,2025-01-02,P030,SUP04,300,70.84,21252.0
PO-05261,2025-01-02,P007,SUP01,100,67.44,6744.0
PO-05262,2025-01-02,P008,SUP01,100,2.08,208.0
PO-05263,2025-01-02,P007,SUP01,120,66.9,8028.0
PO-05264,2025-01-02,P036,SUP09,120,32.05,3846.0
PO-05265,2025-01-02,P034,SUP14,400,28.37,11348.0
PO-05266,2025-01-02,P015,SUP10,80,42.42,3393.6
PO-05267,2025-01-02,P038,SUP09,50,25.71,1285.5
PO-05268,2025-01-02,P026,SUP15,20,54.02,1080.4
PO-05269,2025-01-02,P037,SUP09,300,17.8,5340.0
PO-05270,2025-01-03,P033,SUP14,200,16.52,3304.0
PO-05271,2025-01-03,P036,SUP14,100,31.33,3133.0
PO-05272,2025-01-03,P030,SUP15,250,73.38,18345.0
PO-05273,2025-01-03,P024,SUP07,100,5.33,533.0
PO-05274,2025-01-03,P004,SUP11,200,3.34,668.0
PO-05275,2025-01-03,P013,SUP08,60,32.65,1959.0
PO-05276,2025-01-03,P013,SUP03,120,31.04,3724.8
PO-05277,2025-01-03,P030,SUP07,200,70.52,14104.0
PO-05278,2025-01-03,P033,SUP05,200,16.15,3230.0
PO-05279,2025-01-03,P025,SUP15,120,35.53,4263.6
PO-05280,2025-01-03,P012,SUP10,10,109.14,1091.4
PO-05281,2025-01-03,P011,SUP03,400,12.63,5052.0
PO-05282,2025-01-03,P008,SUP15,500,2.06,1030.0
PO-05283,2025-01-03,P021,SUP15,300,49.34,14802.0
PO-05284,2025-01-03,P015,SUP10,60,42.24,2534.4
PO-05285,2025-01-03,P011,SUP03,150,12.5,1875.0
PO-05286,2025-01-03,P039,SUP14,500,14.1,7050.0
PO-05287,2025-01-04,P003,SUP02,80,84.28,6742.4
PO-05288,2025-01-04,P043,SUP15,300,15.44,4632.0
PO-05289,2025-01-04,P017,SUP01,500,20.1,10050.0
PO-05290,2025-01-04,P026,SUP15,30,54.21,1626.3
PO-05291,2025-01-04,P039,SUP05,150,14.46,2169.0
PO-05292,2025-01-04,P004,SUP15,500,3.36,1680.0
PO-05293,2025-01-04,P023,SUP13,50,64.07,3203.5
PO-05294,2025-01-05,P005,SUP06,50,7.74,387.0
PO-05295,2025-01-05,P021,SUP13,150,47.91,7186.5
PO-05296,2025-01-05,P004,SUP15,100,3.36,336.0
PO-05297,2025-01-05,P025,SUP07,120,34.57,4148.4
PO-05298,2025-01-05,P031,SUP05,300,39.53,11859.0
PO-05299,2025-01-05,P042,SUP08,120,68.38,8205.6
PO-05300,2025-01-05,P004,SUP02,400,3.33,1332.0
PO-05301,2025-01-05,P025,SUP13,100,35.34,3534.0
PO-05302,2025-01-05,P013,SUP03,50,32.23,1611.5
PO-05303,2025-01-05,P020,SUP03,40,26.85,1074.0
PO-05304,2025-01-05,P020,SUP08,100,25.71,2571.0
PO-05305,2025-01-05,P017,SUP01,300,19.85,5955.0
PO-05306,2025-01-05,P015,SUP10,50,42.75,2137.5
PO-05307,2025-01-05,P040,SUP14,500,12.32,6160.0
PO-05308,2025-01-05,P003,SUP01,50,86.57,4328.5
PO-05309,2025-01-05,P032,SUP09,100,21.81,2181.0
PO-05310,2025-01-05,P031,SUP09,100,39.18,3918.0
PO-05311,2025-01-05,P035,SUP15,60,44.48,2668.8
PO-05312,2025-01-06,P045,SUP14,120,36.91,4429.2
PO-05313,2025-01-06,P007,SUP06,50,66.24,3312.0
PO-05314,2025-01-06,P035,SUP09,100,44.12,4412.0
PO-05315,2025-01-06,P017,SUP10,400,20.38,8152.0
PO-05316,2025-01-06,P030,SUP13,150,69.95,10492.5
PO-05317,2025-01-06,P030,SUP15,400,73.41,29364.0
PO-05318,2025-01-06,P031,SUP15,300,39.22,11766.0
PO-05319,2025-01-06,P024,SUP04,400,5.31,2124.0
PO-05320,2025-01-06,P046,SUP12,120,28.14,3376.8
PO-05321,2025-01-06,P025,SUP04,100,35.65,3565.0
PO-05322,2025-01-06,P021,SUP07,200,48.2,9640.0
PO-05323,2025-01-07,P030,SUP13,250,71.71,17927.5
PO-05324,2025-01-07,P005,SUP06,100,7.93,793.0
PO-05325,2025-01-07,P035,SUP05,60,46.25,2775.0
PO-05326,2025-01-07,P044,SUP01,20,79.84,1596.8
PO-05327,2025-01-07,P034,SUP15,300,28.77,8631.0
PO-05328,2025-01-07,P003,SUP01,80,85.48,6838.4
PO-05329,2025-01-07,P025,SUP07,60,34.61,2076.6
PO-05330,2025-01-07,P033,SUP14,100,16.11,1611.0
PO-05331,2025-01-07,P050,SUP15,20,97.61,1952.2
PO-05332,2025-01-07,P033,SUP09,400,16.22,6488.0
PO-05333,2025-01-07,P004,SUP01,250,3.44,860.0
PO-05334,2025-01-07,P043,SUP14,200,15.24,3048.0
PO-05335,2025-01-08,P049,SUP15,30,376.58,11297.4
PO-05336,2025-01-08,P024,SUP04,300,5.23,1569.0
PO-05337,2025-01-08,P045,SUP14,50,36.89,1844.5
PO-05338,2025-01-08,P031,SUP09,300,37.53,11259.0
PO-05339,2025-01-08,P025,SUP07,80,36.03,2882.4
PO-05340,2025-01-08,P017,SUP10,300,19.32,5796.0
PO-05341,2025-01-08,P017,SUP10,300,20.33,6099.0
PO-05342,2025-01-08,P002,SUP06,150,6.3,945.0
PO-05343,2025-01-08,P037,SUP09,150,18.35,2752.5
PO-05344,2025-01-08,P007,SUP02,50,65.66,3283.0
PO-05345,2025-01-08,P034,SUP05,100,27.9,2790.0
PO-05346,2025-01-08,P002,SUP01,150,6.38,957.0
PO-05347,2025-01-09,P037,SUP09,150,17.48,2622.0
PO-05348,2025-01-09,P048,SUP15,250,21.02,5255.0
PO-05349,2025-01-09,P032,SUP05,100,22.33,2233.0
PO-05350,2025-01-09,P025,SUP04,100,35.03,3503.0
PO-05351,2025-01-09,P044,SUP12,30,83.78,2513.4
PO-05352,2025-01-09,P020,SUP01,60,25.89,1553.4
PO-05353,2025-01-09,P004,SUP06,100,3.39,339.0
PO-05354,2025-01-09,P045,SUP14,60,34.94,2096.4
PO-05355,2025-01-09,P015,SUP03,50,42.98,2149.0
PO-05356,2025-01-09,P031,SUP05,200,38.44,7688.0
PO-05357,2025-01-09,P029,SUP04,120,113.2,13584.0
PO-05358,2025-01-09,P036,SUP15,120,31.36,3763.2
PO-05359,2025-01-09,P037,SUP14,100,18.3,1830.0
PO-05360,2025-01-09,P005,SUP06,60,8.02,481.2
PO-05361,2025-01-09,P007,SUP15,100,64.96,6496.0
PO-05362,2025-01-09,P040,SUP09,100,12.28,1228.0
PO-05363,2025-01-09,P048,SUP12,150,21.47,3220.5
PO-05364,2025-01-10,P002,SUP02,400,6.36,2544.0
PO-05365,2025-01-10,P029,SUP07,40,113.91,4556.4
PO-05366,2025-01-10,P032,SUP15,100,21.74,2174.0
PO-05367,2025-01-10,P018,SUP01,30,234.43,7032.9
PO-05368,2025-01-10,P031,SUP09,200,39.15,7830.0
PO-05369,2025-01-10,P016,SUP03,60,58.55,3513.0
PO-05370,2025-01-10,P031,SUP15,150,38.85,5827.5
PO-05371,2025-01-10,P043,SUP08,100,15.93,1593.0
PO-05372,2025-01-10,P004,SUP06,150,3.36,504.0
PO-05373,2025-01-10,P042,SUP14,50,69.89,3494.5
PO-05374,2025-01-10,P030,SUP07,500,72.28,36140.0
PO-05375,2025-01-10,P011,SUP08,150,12.37,1855.5
PO-05376,2025-01-10,P044,SUP01,20,83.69,1673.8
PO-05377,2025-01-10,P003,SUP06,100,84.77,8477.0
PO-05378,2025-01-10,P031,SUP14,500,38.19,19095.0
PO-05379,2025-01-10,P036,SUP09,60,32.08,1924.8
PO-05380,2025-01-10,P033,SUP09,400,16.12,6448.0
PO-05381,2025-01-10,P018,SUP08,40,235.98,9439.2
PO-05382,2025-01-10,P031,SUP15,500,38.31,19155.0
PO-05383,2025-01-10,P017,SUP06,500,19.22,9610.0
PO-05384,2025-01-10,P032,SUP14,300,22.13,6639.0
PO-05385,2025-01-11,P017,SUP10,150,19.31,2896.5
PO-05386,2025-01-11,P031,SUP09,100,38.04,3804.0
PO-05387,2025-01-11,P021,SUP07,300,47.18,14154.0
PO-05388,2025-01-11,P046,SUP12,40,29.49,1179.6
PO-05389,2025-01-11,P014,SUP08,120,75.85,9102.0
PO-05390,2025-01-11,P013,SUP10,50,32.36,1618.0
PO-05391,2025-01-11,P046,SUP08,120,29.85,3582.0
PO-05392,2025-01-11,P046,SUP15,80,28.28,2262.4
PO-05393,2025-01-11,P045,SUP15,120,36.55,4386.0
PO-05394,2025-01-11,P004,SUP11,500,3.3,1650.0
PO-05395,2025-01-11,P022,SUP07,60,89.37,5362.2
PO-05396,2025-01-12,P008,SUP02,400,2.16,864.0
PO-05397,2025-01-12,P013,SUP08,80,31.32,2505.6
PO-05398,2025-01-12,P020,SUP10,120,27.21,3265.2
PO-05399,2025-01-12,P037,SUP14,500,17.58,8790.0
PO-05400,2025-01-12,P037,SUP15,500,17.75,8875.0
PO-05401,2025-01-12,P002,SUP15,150,6.25,937.5
PO-05402,2025-01-12,P048,SUP12,200,20.9,4180.0
PO-05403,2025-01-12,P049,SUP12,10,387.29,3872.9
PO-05404,2025-01-12,P014,SUP01,80,74.76,5980.8
PO-05405,2025-01-12,P046,SUP14,60,28.23,1693.8
PO-05406,2025-01-12,P037,SUP09,500,18.49,9245.0
PO-05407,2025-01-12,P014,SUP06,100,74.99,7499.0
PO-05408,2025-01-12,P017,SUP08,400,20.23,8092.0
PO-05409,2025-01-12,P043,SUP08,100,15.5,1550.0
PO-05410,2025-01-12,P043,SUP15,100,15.07,1507.0
PO-05411,2025-01-13,P035,SUP15,80,45.47,3637.6
PO-05412,2025-01-13,P045,SUP15,40,35.16,1406.4
PO-05413,2025-01-13,P020,SUP03,100,26.74,2674.0
PO-05414,2025-01-13,P050,SUP08,20,95.29,1905.8
PO-05415,2025-01-13,P016,SUP01,100,58.28,5828.0
PO-05416,2025-01-13,P045,SUP15,50,36.13,1806.5
PO-05417,2025-01-13,P040,SUP15,250,11.77,2942.5
PO-05418,2025-01-13,P016,SUP06,80,58.18,4654.4
PO-05419,2025-01-13,P040,SUP14,500,12.04,6020.0
PO-05420,2025-01-13,P014,SUP06,120,77.0,9240.0
PO-05421,2025-01-13,P001,SUP06,200,18.36,3672.0
PO-05422,2025-01-13,P037,SUP09,150,18.21,2731.5
PO-05423,2025-01-13,P024,SUP13,200,5.15,1030.0
PO-05424,2025-01-13,P032,SUP05,100,21.77,2177.0
PO-05425,2025-01-13,P007,SUP11,100,64.0,6400.0
PO-05426,2025-01-13,P010,SUP01,120,45.4,5448.0
PO-05427,2025-01-14,P045,SUP01,40,35.63,1425.2
PO-05428,2025-01-14,P027,SUP07,15,136.05,2040.75
PO-05429,2025-01-14,P046,SUP01,100,28.42,2842.0
PO-05430,2025-01-14,P033,SUP05,250,16.57,4142.5
PO-05431,2025-01-14,P015,SUP10,120,42.19,5062.8
PO-05432,2025-01-14,P018,SUP08,15,233.13,3496.95
PO-05433,2025-01-14,P010,SUP06,100,44.09,4409.0
PO-05434,2025-01-14,P013,SUP06,50,32.46,1623.0
PO-05435,2025-01-14,P023,SUP15,120,62.82,7538.4
PO-05436,2025-01-14,P021,SUP15,500,47.3,23650.0
PO-05437,2025-01-14,P021,SUP13,150,46.87,7030.5
PO-05438,2025-01-14,P022,SUP14,100,92.73,9273.0
PO-05439,2025-01-14,P019,SUP08,30,93.25,2797.5
PO-05440,2025-01-14,P005,SUP15,50,7.82,391.0
PO-05441,2025-01-14,P015,SUP06,100,42.01,4201.0
PO-05442,2025-01-14,P008,SUP02,400,2.13,852.0
PO-05443,2025-01-14,P008,SUP15,150,2.04,306.0
PO-05444,2025-01-14,P043,SUP08,100,15.4,1540.0
PO-05445,2025-01-15,P024,SUP13,300,5.18,1554.0
PO-05446,2025-01-15,P014,SUP01,80,73.23,5858.4
PO-05447,2025-01-15,P008,SUP01,200,2.14,428.0
PO-05448,2025-01-15,P032,SUP09,400,22.38,8952.0
PO-05449,2025-01-15,P042,SUP01,100,69.69,6969.0
PO-05450,2025-01-15,P040,SUP14,200,11.68,2336.0
PO-05451,2025-01-15,P017,SUP03,500,20.22,10110.0
PO-05452,2025-01-15,P025,SUP04,50,35.34,1767.0
PO-05453,2025-01-15,P017,SUP03,200,19.87,3974.0
PO-05454,2025-01-15,P025,SUP07,120,34.92,4190.4
PO-05455,2025-01-15,P004,SUP15,250,3.33,832.5
PO-05456,2025-01-15,P002,SUP06,150,6.13,919.5
PO-05457,2025-01-15,P014,SUP03,60,74.3,4458.0
PO-05458,2025-01-15,P015,SUP08,80,42.56,3404.8
PO-05459,2025-01-15,P005,SUP15,100,7.95,795.0
PO-05460,2025-01-15,P022,SUP04,60,94.18,5650.8
PO-05461,2025-01-15,P011,SUP01,300,12.73,3819.0
PO-05462,2025-01-15,P025,SUP13,50,34.99,1749.5
PO-05463,2025-01-15,P034,SUP09,400,27.79,11116.0
PO-05464,2025-01-16,P005,SUP15,120,7.92,950.4
PO-05465,2025-01-16,P029,SUP04,80,114.48,9158.4
PO-05466,2025-01-16,P020,SUP01,120,26.1,3132.0
PO-05467,2025-01-16,P003,SUP11,120,86.83,10419.6
PO-05468,2025-01-16,P001,SUP15,300,18.07,5421.0
PO-05469,2025-01-16,P037,SUP14,400,17.61,7044.0
PO-05470,2025-01-16,P040,SUP15,200,11.79,2358.0
PO-05471,2025-01-16,P012,SUP06,40,113.08,4523.2
PO-05472,2025-01-16,P017,SUP10,500,19.74,9870.0
PO-05473,2025-01-16,P045,SUP15,120,36.15,4338.0
PO-05474,2025-01-16,P045,SUP12,80,36.26,2900.8
PO-05475,2025-01-16,P021,SUP15,250,47.47,11867.5
PO-05476,2025-01-16,P047,SUP08,20,80.11,1602.2
PO-05477,2025-01-16,P002,SUP06,150,6.19,928.5
PO-05478,2025-01-16,P044,SUP01,30,84.29,2528.7
PO-05479,2025-01-16,P006,SUP01,20,120.72,2414.4
PO-05480,2025-01-16,P035,SUP14,50,44.36,2218.0
PO-05481,2025-01-16,P034,SUP05,150,27.34,4101.0
PO-05482,2025-01-17,P016,SUP08,80,58.16,4652.8
PO-05483,2025-01-17,P034,SUP14,400,27.6,11040.0
PO-05484,2025-01-17,P039,SUP14,300,14.15,4245.0
PO-05485,2025-01-17,P038,SUP14,80,25.1,2008.0
PO-05486,2025-01-17,P016,SUP08,100,58.18,5818.0
PO-05487,2025-01-17,P043,SUP15,250,15.79,3947.5
PO-05488,2025-01-17,P002,SUP06,100,6.06,606.0
PO-05489,2025-01-17,P031,SUP09,300,37.46,11238.0
PO-05490,2025-01-17,P021,SUP07,100,48.43,4843.0
PO-05491,2025-01-17,P008,SUP15,400,2.13,852.0
PO-05492,2025-01-17,P013,SUP10,120,31.22,3746.4
PO-05493,2025-01-17,P002,SUP11,100,6.19,619.0
PO-05494,2025-01-17,P046,SUP12,40,28.87,1154.8
PO-05495,2025-01-17,P007,SUP11,100,63.86,6386.0
PO-05496,2025-01-18,P016,SUP01,80,58.82,4705.6
PO-05497,2025-01-18,P037,SUP15,100,17.75,1775.0
PO-05498,2025-01-18,P040,SUP14,300,11.72,3516.0
PO-05499,2025-01-18,P039,SUP05,200,14.54,2908.0
PO-05500,2025-01-18,P008,SUP01,300,2.08,624.0
PO-05501,2025-01-18,P021,SUP15,150,48.02,7203.0
PO-05502,2025-01-18,P032,SUP15,400,22.26,8904.0
PO-05503,2025-01-18,P011,SUP10,150,12.61,1891.5
PO-05504,2025-01-18,P010,SUP01,120,44.03,5283.6
PO-05505,2025-01-18,P031,SUP09,500,37.73,18865.0
PO-05506,2025-01-18,P002,SUP15,200,6.13,1226.0
PO-05507,2025-01-18,P009,SUP15,40,24.17,966.8
PO-05508,2025-01-18,P017,SUP08,200,19.55,3910.0
PO-05509,2025-01-18,P013,SUP03,120,32.41,3889.2
PO-05510,2025-01-18,P042,SUP15,120,66.24,7948.8
PO-05511,2025-01-18,P047,SUP12,30,79.83,2394.9
PO-05512,2025-01-18,P034,SUP15,150,28.47,4270.5
PO-05513,2025-01-18,P034,SUP15,300,28.02,8406.0
PO-05514,2025-01-19,P003,SUP01,80,84.6,6768.0
PO-05515,2025-01-19,P037,SUP14,400,17.57,7028.0
PO-05516,2025-01-19,P030,SUP13,400,71.68,28672.0
PO-05517,2025-01-19,P001,SUP06,400,17.99,7196.0
PO-05518,2025-01-19,P013,SUP03,80,31.69,2535.2
PO-05519,2025-01-19,P003,SUP11,120,82.9,9948.0
PO-05520,2025-01-19,P030,SUP15,250,70.7,17675.0
PO-05521,2025-01-19,P007,SUP11,60,66.84,4010.4
PO-05522,2025-01-19,P021,SUP15,300,47.93,14379.0
PO-05523,2025-01-19,P020,SUP06,40,25.77,1030.8
PO-05524,2025-01-19,P014,SUP03,60,76.84,4610.4
PO-05525,2025-01-20,P009,SUP11,80,24.03,1922.4
PO-05526,2025-01-20,P048,SUP08,300,21.33,6399.0
PO-05527,2025-01-20,P021,SUP07,100,49.27,4927.0
PO-05528,2025-01-20,P007,SUP11,60,66.93,4015.8
PO-05529,2025-01-20,P004,SUP02,250,3.32,830.0
PO-05530,2025-01-20,P043,SUP12,400,15.7,6280.0
PO-05531,2025-01-20,P025,SUP14,60,35.63,2137.8
PO-05532,2025-01-20,P011,SUP06,400,12.55,5020.0
PO-05533,2025-01-20,P032,SUP09,150,22.37,3355.5
PO-05534,2025-01-20,P001,SUP11,100,18.04,1804.0
PO-05535,2025-01-20,P034,SUP14,500,28.16,14080.0
PO-05536,2025-01-20,P039,SUP15,250,14.78,3695.0
PO-05537,2025-01-20,P014,SUP10,60,75.79,4547.4
PO-05538,2025-01-20,P032,SUP15,200,22.3,4460.0
PO-05539,2025-01-20,P021,SUP04,250,49.35,12337.5
PO-05540,2025-01-20,P012,SUP01,10,110.44,1104.4
PO-05541,2025-01-20,P025,SUP07,100,33.98,3398.0
PO-05542,2025-01-21,P037,SUP05,500,18.43,9215.0
PO-05543,2025-01-21,P020,SUP01,80,26.21,2096.8
PO-05544,2025-01-21,P004,SUP15,400,3.44,1376.0
PO-05545,2025-01-21,P001,SUP11,100,19.02,1902.0
PO-05546,2025-01-21,P024,SUP15,500,5.29,2645.0
PO-05547,2025-01-21,P008,SUP01,300,2.11,633.0
PO-05548,2025-01-21,P032,SUP14,300,22.51,6753.0
PO-05549,2025-01-21,P034,SUP09,200,27.54,5508.0
PO-05550,2025-01-21,P031,SUP14,150,38.23,5734.5
PO-05551,2025-01-21,P026,SUP13,15,56.65,849.75
PO-05552,2025-01-21,P027,SUP15,30,142.85,4285.5
PO-05553,2025-01-21,P030,SUP15,300,71.62,21486.0
PO-05554,2025-01-21,P010,SUP06,60,46.35,2781.0
PO-05555,2025-01-21,P013,SUP10,120,32.47,3896.4
PO-05556,2025-01-21,P033,SUP05,150,16.52,2478.0
PO-05557,2025-01-21,P017,SUP03,150,20.15,3022.5
PO-05558,2025-01-21,P013,SUP03,80,32.92,2633.6
PO-05559,2025-01-21,P021,SUP13,300,47.12,14136.0
PO-05560,2025-01-21,P042,SUP01,50,66.47,3323.5
PO-05561,2025-01-21,P031,SUP14,300,38.9,11670.0
PO-05562,2025-01-21,P030,SUP07,300,73.3,21990.0
PO-05563,2025-01-21,P037,SUP09,400,17.71,7084.0
PO-05564,2025-01-22,P031,SUP05,250,39.28,9820.0
PO-05565,2025-01-22,P011,SUP08,500,12.57,6285.0
PO-05566,2025-01-22,P048,SUP01,300,21.39,6417.0
PO-05567,2025-01-22,P036,SUP14,40,32.92,1316.8
PO-05568,2025-01-22,P008,SUP15,250,2.15,537.5
PO-05569,2025-01-22,P004,SUP15,300,3.48,1044.0
PO-05570,2025-01-22,P002,SUP15,200,6.08,1216.0
PO-05571,2025-01-22,P022,SUP04,60,94.73,5683.8
PO-05572,2025-01-22,P003,SUP02,50,84.72,4236.0
PO-05573,2025-01-22,P033,SUP09,250,16.81,4202.5
PO-05574,2025-01-22,P001,SUP11,400,18.97,7588.0
PO-05575,2025-01-22,P039,SUP09,100,14.86,1486.0
PO-05576,2025-01-22,P003,SUP06,50,87.41,4370.5
PO-05577,2025-01-23,P041,SUP15,15,52.7,790.5
PO-05578,2025-01-23,P035,SUP09,60,45.11,2706.6
PO-05579,2025-01-23,P040,SUP15,500,12.29,6145.0
PO-05580,2025-01-23,P029,SUP04,40,112.68,4507.2
PO-05581,2025-01-23,P029,SUP15,80,116.23,9298.4
PO-05582,2025-01-23,P031,SUP14,250,37.99,9497.5
PO-05583,2025-01-23,P014,SUP10,80,74.7,5976.0
PO-05584,2025-01-23,P046,SUP15,120,29.45,3534.0
PO-05585,2025-01-23,P037,SUP15,100,18.54,1854.0
PO-05586,2025-01-23,P032,SUP09,400,22.37,8948.0
PO-05587,2025-01-23,P036,SUP09,80,32.07,2565.6
PO-05588,2025-01-24,P002,SUP06,200,6.34,1268.0
PO-05589,2025-01-24,P032,SUP09,100,21.91,2191.0
PO-05590,2025-01-24,P048,SUP08,100,20.67,2067.0
PO-05591,2025-01-24,P016,SUP01,50,58.52,2926.0
PO-05592,2025-01-24,P021,SUP15,400,47.56,19024.0
PO-05593,2025-01-24,P039,SUP09,400,14.57,5828.0
PO-05594,2025-01-24,P043,SUP08,500,15.36,7680.0
PO-05595,2025-01-24,P037,SUP09,250,17.57,4392.5
PO-05596,2025-01-24,P011,SUP01,150,12.64,1896.0
PO-05597,2025-01-24,P005,SUP15,100,7.68,768.0
PO-05598,2025-01-24,P042,SUP15,100,69.6,6960.0
PO-05599,2025-01-24,P027,SUP13,40,141.37,5654.8
PO-05600,2025-01-24,P048,SUP12,300,20.58,6174.0
PO-05601,2025-01-24,P014,SUP08,60,73.31,4398.6
PO-05602,2025-01-24,P017,SUP08,250,19.59,4897.5
PO-05603,2025-01-24,P030,SUP07,400,73.56,29424.0
PO-05604,2025-01-24,P007,SUP15,80,65.83,5266.4
PO-05605,2025-01-24,P024,SUP15,200,5.14,1028.0
PO-05606,2025-01-25,P011,SUP08,250,12.84,3210.0
PO-05607,2025-01-25,P017,SUP10,400,20.31,8124.0
PO-05608,2025-01-25,P034,SUP09,400,28.8,11520.0
PO-05609,2025-01-25,P003,SUP15,100,85.87,8587.0
PO-05610,2025-01-25,P033,SUP09,500,16.09,8045.0
PO-05611,2025-01-25,P008,SUP11,100,2.15,215.0
PO-05612,2025-01-25,P004,SUP15,250,3.32,830.0
PO-05613,2025-01-25,P047,SUP08,40,77.33,3093.2
PO-05614,2025-01-25,P001,SUP11,250,17.95,4487.5
PO-05615,2025-01-25,P004,SUP01,100,3.41,341.0
PO-05616,2025-01-25,P039,SUP09,400,14.78,5912.0
PO-05617,2025-01-25,P037,SUP09,150,18.36,2754.0
PO-05618,2025-01-25,P004,SUP01,500,3.42,1710.0
PO-05619,2025-01-26,P038,SUP15,50,25.38,1269.0
PO-05620,2025-01-26,P040,SUP14,100,12.31,1231.0
PO-05621,2025-01-26,P048,SUP08,400,20.83,8332.0
PO-05622,2025-01-26,P040,SUP05,250,12.07,3017.5
PO-05623,2025-01-26,P001,SUP06,500,18.84,9420.0
PO-05624,2025-01-26,P031,SUP15,400,37.66,15064.0
PO-05625,2025-01-26,P036,SUP09,100,31.88,3188.0
PO-05626,2025-01-26,P011,SUP06,250,12.44,3110.0
PO-05627,2025-01-26,P001,SUP01,100,18.44,1844.0
PO-05628,2025-01-26,P031,SUP09,250,39.53,9882.5
PO-05629,2025-01-26,P030,SUP15,300,71.35,21405.0
PO-05630,2025-01-26,P009,SUP02,120,24.34,2920.8
PO-05631,2025-01-26,P002,SUP01,150,6.25,937.5
PO-05632,2025-01-26,P048,SUP12,200,20.81,4162.0
PO-05633,2025-01-27,P021,SUP14,150,49.41,7411.5
PO-05634,2025-01-27,P043,SUP12,250,15.37,3842.5
PO-05635,2025-01-27,P008,SUP01,400,2.04,816.0
PO-05636,2025-01-27,P011,SUP08,500,12.31,6155.0
PO-05637,2025-01-27,P004,SUP02,500,3.41,1705.0
PO-05638,2025-01-27,P031,SUP05,250,37.65,9412.5
PO-05639,2025-01-27,P034,SUP14,500,27.88,13940.0
PO-05640,2025-01-27,P030,SUP07,400,73.06,29224.0
PO-05641,2025-01-27,P043,SUP15,300,15.38,4614.0
PO-05642,2025-01-27,P031,SUP15,500,39.51,19755.0
PO-05643,2025-01-27,P021,SUP07,300,49.19,14757.0
PO-05644,2025-01-27,P017,SUP06,300,19.98,5994.0
PO-05645,2025-01-27,P017,SUP01,100,20.2,2020.0
PO-05646,2025-01-27,P032,SUP14,300,22.33,6699.0
PO-05647,2025-01-27,P034,SUP14,100,27.39,2739.0
PO-05648,2025-01-27,P049,SUP12,20,379.87,7597.4
PO-05649,2025-01-27,P002,SUP11,300,6.15,1845.0
PO-05650,2025-01-27,P025,SUP15,40,35.08,1403.2
PO-05651,2025-01-28,P037,SUP05,500,17.52,8760.0
PO-05652,2025-01-28,P039,SUP14,300,14.71,4413.0
PO-05653,2025-01-28,P005,SUP01,120,7.8,936.0
PO-05654,2025-01-28,P016,SUP01,100,59.71,5971.0
PO-05655,2025-01-28,P029,SUP07,80,115.78,9262.4
PO-05656,2025-01-28,P011,SUP03,400,12.29,4916.0
PO-05657,2025-01-28,P034,SUP09,500,28.17,14085.0
PO-05658,2025-01-28,P029,SUP04,40,117.86,4714.4
PO-05659,2025-01-28,P031,SUP14,200,37.37,7474.0
PO-05660,2025-01-28,P040,SUP05,500,12.35,6175.0
PO-05661,2025-01-28,P030,SUP04,150,70.99,10648.5
PO-05662,2025-01-28,P028,SUP13,30,88.37,2651.1
PO-05663,2025-01-29,P048,SUP15,300,21.45,6435.0
PO-05664,2025-01-29,P024,SUP14,500,5.16,2580.0
PO-05665,2025-01-29,P023,SUP14,100,63.17,6317.0
PO-05666,2025-01-29,P021,SUP14,400,49.13,19652.0
PO-05667,2025-01-29,P033,SUP05,250,16.98,4245.0
PO-05668,2025-01-29,P026,SUP07,15,55.05,825.75
PO-05669,2025-01-29,P042,SUP08,40,70.0,2800.0
PO-05670,2025-01-29,P039,SUP15,200,14.36,2872.0
PO-05671,2025-01-29,P021,SUP14,200,47.92,9584.0
PO-05672,2025-01-29,P013,SUP06,80,32.02,2561.6
PO-05673,2025-01-29,P042,SUP15,120,69.37,8324.4
PO-05674,2025-01-29,P019,SUP01,10,94.65,946.5
PO-05675,2025-01-30,P042,SUP01,100,68.54,6854.0
PO-05676,2025-01-30,P013,SUP06,80,31.22,2497.6
PO-05677,2025-01-30,P010,SUP06,80,46.17,3693.6
PO-05678,2025-01-30,P013,SUP06,100,32.05,3205.0
PO-05679,2025-01-30,P008,SUP11,400,2.08,832.0
PO-05680,2025-01-30,P039,SUP05,400,14.67,5868.0
PO-05681,2025-01-30,P004,SUP11,200,3.43,686.0
PO-05682,2025-01-30,P004,SUP11,250,3.41,852.5
PO-05683,2025-01-30,P048,SUP12,200,21.08,4216.0
PO-05684,2025-01-30,P010,SUP06,120,45.96,5515.2
PO-05685,2025-01-30,P040,SUP14,400,11.98,4792.0
PO-05686,2025-01-30,P039,SUP09,200,14.26,2852.0
PO-05687,2025-01-30,P006,SUP02,40,118.05,4722.0
PO-05688,2025-01-30,P002,SUP06,250,6.28,1570.0
PO-05689,2025-01-30,P008,SUP01,150,2.1,315.0
PO-05690,2025-01-30,P007,SUP15,60,65.67,3940.2
PO-05691,2025-01-30,P024,SUP13,150,5.34,801.0
PO-05692,2025-01-30,P036,SUP05,40,31.95,1278.0
PO-05693,2025-01-31,P005,SUP11,80,7.97,637.6
PO-05694,2025-01-31,P004,SUP02,400,3.41,1364.0
PO-05695,2025-01-31,P036,SUP05,60,32.79,1967.4
PO-05696,2025-01-31,P012,SUP03,10,110.12,1101.2
PO-05697,2025-01-31,P004,SUP15,300,3.32,996.0
PO-05698,2025-01-31,P033,SUP15,250,16.33,4082.5
PO-05699,2025-01-31,P038,SUP15,120,25.06,3007.2
PO-05700,2025-01-31,P047,SUP14,10,78.23,782.3
PO-05701,2025-01-31,P031,SUP15,300,39.16,11748.0
PO-05702,2025-01-31,P031,SUP15,400,38.25,15300.0
PO-05703,2025-01-31,P024,SUP14,300,5.05,1515.0
PO-05704,2025-01-31,P037,SUP14,200,17.76,3552.0
PO-05705,2025-01-31,P024,SUP15,300,5.3,1590.0
PO-05706,2025-01-31,P048,SUP15,100,21.28,2128.0
PO-05707,2025-02-01,P024,SUP07,250,5.33,1332.5
PO-05708,2025-02-01,P009,SUP15,80,23.67,1893.6
PO-05709,2025-02-01,P037,SUP09,500,18.4,9200.0
PO-05710,2025-02-01,P038,SUP14,40,25.31,1012.4
PO-05711,2025-02-01,P018,SUP01,30,241.85,7255.5
PO-05712,2025-02-01,P011,SUP06,500,12.41,6205.0
PO-05713,2025-02-01,P021,SUP13,150,47.29,7093.5
PO-05714,2025-02-01,P040,SUP14,200,12.16,2432.0
PO-05715,2025-02-01,P048,SUP08,250,21.4,5350.0
PO-05716,2025-02-01,P017,SUP06,150,20.19,3028.5
PO-05717,2025-02-02,P046,SUP15,80,28.77,2301.6
PO-05718,2025-02-02,P030,SUP07,200,70.85,14170.0
PO-05719,2025-02-02,P006,SUP11,40,118.54,4741.6
PO-05720,2025-02-02,P047,SUP12,40,80.08,3203.2
PO-05721,2025-02-02,P001,SUP15,500,18.46,9230.0
PO-05722,2025-02-02,P004,SUP02,500,3.49,1745.0
PO-05723,2025-02-02,P028,SUP15,15,87.74,1316.1
PO-05724,2025-02-02,P037,SUP14,150,18.15,2722.5
PO-05725,2025-02-02,P009,SUP02,40,24.03,961.2
PO-05726,2025-02-02,P042,SUP08,100,66.66,6666.0
PO-05727,2025-02-02,P011,SUP03,500,12.19,6095.0
PO-05728,2025-02-02,P031,SUP05,200,39.48,7896.0
PO-05729,2025-02-02,P041,SUP14,15,55.14,827.1
PO-05730,2025-02-03,P030,SUP13,400,71.3,28520.0
PO-05731,2025-02-03,P036,SUP15,60,31.89,1913.4
PO-05732,2025-02-03,P008,SUP01,500,2.15,1075.0
PO-05733,2025-02-03,P021,SUP04,250,48.0,12000.0
PO-05734,2025-02-03,P034,SUP15,250,27.26,6815.0
PO-05735,2025-02-03,P037,SUP09,100,17.68,1768.0
PO-05736,2025-02-03,P008,SUP02,150,2.1,315.0
PO-05737,2025-02-03,P022,SUP13,100,90.34,9034.0
PO-05738,2025-02-03,P038,SUP14,50,25.54,1277.0
PO-05739,2025-02-03,P024,SUP15,300,5.17,1551.0
PO-05740,2025-02-03,P007,SUP01,40,67.17,2686.8
PO-05741,2025-02-03,P023,SUP15,120,63.64,7636.8
PO-05742,2025-02-04,P039,SUP09,250,14.16,3540.0
PO-05743,2025-02-04,P035,SUP14,60,44.38,2662.8
PO-05744,2025-02-04,P010,SUP06,100,45.71,4571.0
PO-05745,2025-02-04,P040,SUP15,250,11.95,2987.5
PO-05746,2025-02-04,P002,SUP11,100,6.03,603.0
PO-05747,2025-02-04,P040,SUP14,200,11.97,2394.0
PO-05748,2025-02-04,P026,SUP14,40,54.06,2162.4
PO-05749,2025-02-04,P037,SUP09,250,17.7,4425.0
PO-05750,2025-02-04,P043,SUP01,400,15.87,6348.0
PO-05751,2025-02-04,P029,SUP07,120,117.66,14119.2
PO-05752,2025-02-04,P024,SUP04,150,5.25,787.5
PO-05753,2025-02-04,P035,SUP15,60,43.78,2626.8
PO-05754,2025-02-04,P011,SUP06,400,12.48,4992.0
PO-05755,2025-02-04,P004,SUP01,150,3.36,504.0
PO-05756,2025-02-04,P001,SUP02,200,19.05,3810.0
PO-05757,2025-02-04,P011,SUP08,200,12.79,2558.0
PO-05758,2025-02-04,P014,SUP03,120,75.59,9070.8
PO-05759,2025-02-04,P046,SUP12,50,29.43,1471.5
PO-05760,2025-02-04,P042,SUP15,60,66.74,4004.4
PO-05761,2025-02-04,P034,SUP09,200,27.68,5536.0
PO-05762,2025-02-04,P002,SUP06,400,6.37,2548.0
PO-05763,2025-02-05,P048,SUP01,250,20.96,5240.0
PO-05764,2025-02-05,P040,SUP05,100,11.87,1187.0
PO-05765,2025-02-05,P008,SUP02,300,2.04,612.0
PO-05766,2025-02-05,P034,SUP09,300,27.99,8397.0
PO-05767,2025-02-05,P017,SUP01,150,19.56,2934.0
PO-05768,2025-02-05,P039,SUP14,500,14.46,7230.0
PO-05769,2025-02-05,P036,SUP14,80,31.33,2506.4
PO-05770,2025-02-05,P036,SUP05,100,32.88,3288.0
PO-05771,2025-02-05,P034,SUP15,100,27.17,2717.0
PO-05772,2025-02-05,P001,SUP06,250,18.49,4622.5
PO-05773,2025-02-05,P040,SUP09,150,11.72,1758.0
PO-05774,2025-02-05,P031,SUP14,500,37.86,18930.0
PO-05775,2025-02-05,P004,SUP11,500,3.42,1710.0
PO-05776,2025-02-05,P031,SUP15,500,38.79,19395.0
PO-05777,2025-02-06,P034,SUP09,250,28.39,7097.5
PO-05778,2025-02-06,P015,SUP01,80,43.53,3482.4
PO-05779,2025-02-06,P007,SUP11,60,67.31,4038.6
PO-05780,2025-02-06,P017,SUP03,400,19.57,7828.0
PO-05781,2025-02-06,P031,SUP09,500,38.04,19020.0
PO-05782,2025-02-06,P035,SUP09,80,43.65,3492.0
PO-05783,2025-02-06,P048,SUP01,500,21.44,10720.0
PO-05784,2025-02-06,P022,SUP04,60,92.78,5566.8
PO-05785,2025-02-06,P021,SUP04,300,47.66,14298.0
PO-05786,2025-02-06,P004,SUP06,100,3.44,344.0
PO-05787,2025-02-06,P032,SUP14,300,21.61,6483.0
PO-05788,2025-02-06,P035,SUP05,120,43.89,5266.8
PO-05789,2025-02-06,P037,SUP14,400,18.3,7320.0
PO-05790,2025-02-07,P025,SUP04,50,35.23,1761.5
PO-05791,2025-02-07,P049,SUP15,20,378.22,7564.4
PO-05792,2025-02-07,P003,SUP01,50,82.65,4132.5
PO-05793,2025-02-07,P034,SUP14,300,28.0,8400.0
PO-05794,2025-02-07,P048,SUP12,500,21.53,10765.0
PO-05795,2025-02-07,P037,SUP09,100,18.24,1824.0
PO-05796,2025-02-07,P046,SUP14,50,28.27,1413.5
PO-05797,2025-02-07,P017,SUP01,100,20.26,2026.0
PO-05798,2025-02-07,P030,SUP07,200,72.17,14434.0
PO-05799,2025-02-07,P024,SUP13,500,5.16,2580.0
PO-05800,2025-02-07,P025,SUP13,60,35.65,2139.0
PO-05801,2025-02-07,P027,SUP04,10,143.42,1434.2
PO-05802,2025-02-08,P038,SUP14,120,24.61,2953.2
PO-05803,2025-02-08,P033,SUP05,100,16.07,1607.0
PO-05804,2025-02-08,P040,SUP15,200,12.3,2460.0
PO-05805,2025-02-08,P050,SUP15,20,93.59,1871.8
PO-05806,2025-02-08,P025,SUP15,60,35.95,2157.0
PO-05807,2025-02-08,P014,SUP06,80,75.32,6025.6
PO-05808,2025-02-08,P039,SUP14,250,14.65,3662.5
PO-05809,2025-02-08,P025,SUP14,50,34.57,1728.5
PO-05810,2025-02-08,P004,SUP01,150,3.38,507.0
PO-05811,2025-02-08,P022,SUP14,50,93.35,4667.5
PO-05812,2025-02-08,P032,SUP15,250,22.53,5632.5
PO-05813,2025-02-08,P031,SUP15,200,39.04,7808.0
PO-05814,2025-02-08,P040,SUP09,400,11.99,4796.0
PO-05815,2025-02-08,P001,SUP01,400,18.43,7372.0
PO-05816,2025-02-08,P014,SUP08,100,73.03,7303.0
PO-05817,2025-02-08,P043,SUP14,100,15.81,1581.0
PO-05818,2025-02-08,P002,SUP15,400,6.04,2416.0
PO-05819,2025-02-08,P039,SUP05,400,14.72,5888.0
PO-05820,2025-02-09,P048,SUP15,400,20.7,8280.0
PO-05821,2025-02-09,P045,SUP08,120,36.49,4378.8
PO-05822,2025-02-09,P011,SUP10,250,12.86,3215.0
PO-05823,2025-02-09,P024,SUP13,150,5.2,780.0
PO-05824,2025-02-09,P040,SUP14,150,11.81,1771.5
PO-05825,2025-02-09,P030,SUP13,200,71.01,14202.0
PO-05826,2025-02-09,P049,SUP14,15,381.51,5722.65
PO-05827,2025-02-09,P025,SUP14,100,35.01,3501.0
PO-05828,2025-02-09,P043,SUP08,250,15.64,3910.0
PO-05829,2025-02-09,P032,SUP05,300,21.52,6456.0
PO-05830,2025-02-09,P029,SUP13,120,116.95,14034.0
PO-05831,2025-02-10,P014,SUP08,40,76.54,3061.6
PO-05832,2025-02-10,P028,SUP04,20,86.38,1727.6
PO-05833,2025-02-10,P036,SUP15,80,32.83,2626.4
PO-05834,2025-02-10,P033,SUP05,500,16.27,8135.0
PO-05835,2025-02-10,P045,SUP12,60,35.76,2145.6
PO-05836,2025-02-10,P037,SUP15,150,17.51,2626.5
PO-05837,2025-02-10,P048,SUP01,100,21.14,2114.0
PO-05838,2025-02-10,P013,SUP01,60,31.65,1899.0
PO-05839,2025-02-10,P031,SUP05,400,38.06,15224.0
PO-05840,2025-02-10,P008,SUP06,100,2.11,211.0
PO-05841,2025-02-10,P032,SUP15,150,22.02,3303.0
PO-05842,2025-02-10,P017,SUP08,100,19.3,1930.0
PO-05843,2025-02-10,P045,SUP01,100,36.76,3676.0
PO-05844,2025-02-10,P045,SUP12,50,35.15,1757.5
PO-05845,2025-02-11,P034,SUP05,500,27.98,13990.0
PO-05846,2025-02-11,P016,SUP01,40,57.67,2306.8
PO-05847,2025-02-11,P033,SUP15,300,16.83,5049.0
PO-05848,2025-02-11,P020,SUP03,80,26.56,2124.8
PO-05849,2025-02-11,P048,SUP12,100,20.57,2057.0
PO-05850,2025-02-11,P034,SUP15,100,27.4,2740.0
PO-05851,2025-02-11,P025,SUP13,60,35.96,2157.6
PO-05852,2025-02-11,P048,SUP15,500,21.61,10805.0
PO-05853,2025-02-11,P017,SUP01,500,19.78,9890.0
PO-05854,2025-02-11,P022,SUP13,50,92.34,4617.0
PO-05855,2025-02-12,P031,SUP15,500,37.99,18995.0
PO-05856,2025-02-12,P021,SUP13,200,48.0,9600.0
PO-05857,2025-02-12,P029,SUP15,40,117.04,4681.6
PO-05858,2025-02-12,P002,SUP02,300,6.04,1812.0
PO-05859,2025-02-12,P017,SUP01,500,19.59,9795.0
PO-05860,2025-02-12,P027,SUP15,15,138.3,2074.5
PO-05861,2025-02-12,P027,SUP15,15,143.83,2157.45
PO-05862,2025-02-12,P030,SUP15,250,72.32,18080.0
PO-05863,2025-02-12,P039,SUP14,100,14.66,1466.0
PO-05864,2025-02-13,P039,SUP05,300,14.21,4263.0
PO-05865,2025-02-13,P016,SUP08,100,58.94,5894.0
PO-05866,2025-02-13,P040,SUP09,500,12.05,6025.0
PO-05867,2025-02-13,P039,SUP15,300,14.17,4251.0
PO-05868,2025-02-13,P045,SUP12,80,35.47,2837.6
PO-05869,2025-02-13,P048,SUP12,300,21.34,6402.0
PO-05870,2025-02-13,P029,SUP13,80,113.07,9045.6
PO-05871,2025-02-13,P011,SUP08,250,12.5,3125.0
PO-05872,2025-02-13,P013,SUP01,60,32.29,1937.4
PO-05873,2025-02-13,P017,SUP03,100,20.05,2005.0
PO-05874,2025-02-13,P030,SUP14,500,73.35,36675.0
PO-05875,2025-02-14,P033,SUP14,300,16.17,4851.0
PO-05876,2025-02-14,P008,SUP01,100,2.11,211.0
PO-05877,2025-02-14,P002,SUP01,500,6.25,3125.0
PO-05878,2025-02-14,P005,SUP15,100,8.03,803.0
PO-05879,2025-02-14,P046,SUP01,120,28.88,3465.6
PO-05880,2025-02-14,P008,SUP01,300,2.06,618.0
PO-05881,2025-02-14,P025,SUP15,60,34.56,2073.6
PO-05882,2025-02-14,P010,SUP15,100,45.42,4542.0
PO-05883,2025-02-14,P017,SUP01,500,20.01,10005.0
PO-05884,2025-02-15,P040,SUP15,400,12.11,4844.0
PO-05885,2025-02-15,P049,SUP01,40,387.78,15511.2
PO-05886,2025-02-15,P040,SUP09,200,12.16,2432.0
PO-05887,2025-02-15,P043,SUP08,150,15.62,2343.0
PO-05888,2025-02-15,P015,SUP10,40,41.7,1668.0
PO-05889,2025-02-15,P019,SUP10,20,92.57,1851.4
PO-05890,2025-02-15,P032,SUP15,150,21.68,3252.0
PO-05891,2025-02-15,P002,SUP01,150,6.31,946.5
PO-05892,2025-02-15,P042,SUP14,40,68.92,2756.8
PO-05893,2025-02-15,P043,SUP15,200,15.93,3186.0
PO-05894,2025-02-15,P002,SUP11,250,6.16,1540.0
PO-05895,2025-02-15,P028,SUP14,40,88.83,3553.2
PO-05896,2025-02-15,P032,SUP05,100,21.85,2185.0
PO-05897,2025-02-15,P031,SUP15,400,38.58,15432.0
PO-05898,2025-02-15,P034,SUP09,200,27.92,5584.0
PO-05899,2025-02-16,P032,SUP14,150,21.98,3297.0
PO-05900,2025-02-16,P034,SUP15,150,27.86,4179.0
PO-05901,2025-02-16,P010,SUP02,80,44.6,3568.0
PO-05902,2025-02-16,P008,SUP02,150,2.07,310.5
PO-05903,2025-02-16,P032,SUP14,400,22.22,8888.0
PO-05904,2025-02-16,P004,SUP01,150,3.35,502.5
PO-05905,2025-02-16,P046,SUP01,120,29.61,3553.2
PO-05906,2025-02-16,P029,SUP15,120,111.9,13428.0
PO-05907,2025-02-16,P044,SUP12,30,84.13,2523.9
PO-05908,2025-02-16,P017,SUP03,200,20.37,4074.0
PO-05909,2025-02-16,P004,SUP15,100,3.36,336.0
PO-05910,2025-02-17,P032,SUP15,100,22.37,2237.0
PO-05911,2025-02-17,P040,SUP09,200,11.65,2330.0
PO-05912,2025-02-17,P009,SUP15,120,24.18,2901.6
PO-05913,2025-02-17,P048,SUP15,400,20.79,8316.0
PO-05914,2025-02-17,P021,SUP13,250,48.92,12230.0
PO-05915,2025-02-17,P033,SUP09,100,16.21,1621.0
PO-05916,2025-02-17,P003,SUP11,80,86.09,6887.2
PO-05917,2025-02-17,P011,SUP10,300,12.69,3807.0
PO-05918,2025-02-17,P036,SUP14,40,31.22,1248.8
PO-05919,2025-02-17,P020,SUP03,50,26.57,1328.5
PO-05920,2025-02-17,P045,SUP01,40,36.93,1477.2
PO-05921,2025-02-17,P043,SUP15,250,15.46,3865.0
PO-05922,2025-02-17,P003,SUP02,80,85.93,6874.4
PO-05923,2025-02-17,P031,SUP15,150,38.43,5764.5
PO-05924,2025-02-17,P020,SUP03,60,25.8,1548.0
PO-05925,2025-02-17,P031,SUP09,400,37.48,14992.0
PO-05926,2025-02-17,P017,SUP06,300,19.63,5889.0
PO-05927,2025-02-18,P034,SUP15,250,27.41,6852.5
PO-05928,2025-02-18,P005,SUP15,80,7.71,616.8
PO-05929,2025-02-18,P037,SUP05,250,18.48,4620.0
PO-05930,2025-02-18,P037,SUP09,500,18.33,9165.0
PO-05931,2025-02-18,P045,SUP01,60,35.76,2145.6
PO-05932,2025-02-18,P045,SUP14,100,35.84,3584.0
PO-05933,2025-02-18,P015,SUP10,100,43.51,4351.0
PO-05934,2025-02-18,P038,SUP15,80,25.63,2050.4
PO-05935,2025-02-18,P011,SUP01,300,12.37,3711.0
PO-05936,2025-02-18,P024,SUP04,300,5.2,1560.0
PO-05937,2025-02-18,P023,SUP04,60,62.63,3757.8
PO-05938,2025-02-18,P002,SUP15,400,6.23,2492.0
PO-05939,2025-02-18,P033,SUP14,500,16.03,8015.0
PO-05940,2025-02-18,P024,SUP14,300,5.19,1557.0
PO-05941,2025-02-18,P034,SUP15,400,28.54,11416.0
PO-05942,2025-02-18,P034,SUP15,250,27.35,6837.5
PO-05943,2025-02-19,P034,SUP09,500,27.22,13610.0
PO-05944,2025-02-19,P037,SUP14,250,18.11,4527.5
PO-05945,2025-02-19,P023,SUP07,60,63.11,3786.6
PO-05946,2025-02-19,P011,SUP06,300,12.78,3834.0
PO-05947,2025-02-19,P022,SUP07,60,90.53,5431.8
PO-05948,2025-02-19,P048,SUP14,500,21.54,10770.0
PO-05949,2025-02-19,P032,SUP09,250,22.02,5505.0
PO-05950,2025-02-19,P022,SUP13,40,89.86,3594.4
PO-05951,2025-02-19,P024,SUP13,150,5.1,765.0
PO-05952,2025-02-19,P020,SUP08,40,25.94,1037.6
PO-05953,2025-02-19,P048,SUP08,500,21.18,10590.0
PO-05954,2025-02-19,P001,SUP06,500,17.99,8995.0
PO-05955,2025-02-19,P047,SUP14,20,77.91,1558.2
PO-05956,2025-02-19,P009,SUP02,120,23.6,2832.0
PO-05957,2025-02-19,P001,SUP01,400,18.29,7316.0
PO-05958,2025-02-19,P006,SUP01,15,118.47,1777.05
PO-05959,2025-02-19,P027,SUP14,15,136.5,2047.5
PO-05960,2025-02-20,P043,SUP14,200,15.21,3042.0
PO-05961,2025-02-20,P014,SUP10,120,74.6,8952.0
PO-05962,2025-02-20,P035,SUP15,40,44.76,1790.4
PO-05963,2025-02-20,P048,SUP15,150,21.24,3186.0
PO-05964,2025-02-20,P005,SUP15,120,7.7,924.0
PO-05965,2025-02-20,P033,SUP14,400,16.95,6780.0
PO-05966,2025-02-20,P021,SUP15,200,48.24,9648.0
PO-05967,2025-02-20,P024,SUP15,100,5.31,531.0
PO-05968,2025-02-20,P045,SUP08,120,35.02,4202.4
PO-05969,2025-02-21,P039,SUP05,200,14.37,2874.0
PO-05970,2025-02-21,P013,SUP03,50,32.57,1628.5
PO-05971,2025-02-21,P009,SUP06,60,23.62,1417.2
PO-05972,2025-02-21,P035,SUP14,100,45.49,4549.0
PO-05973,2025-02-21,P032,SUP14,400,21.46,8584.0
PO-05974,2025-02-21,P030,SUP15,100,74.09,7409.0
PO-05975,2025-02-21,P046,SUP01,80,28.98,2318.4
PO-05976,2025-02-21,P012,SUP06,30,108.56,3256.8
PO-05977,2025-02-21,P025,SUP15,50,35.45,1772.5
PO-05978,2025-02-21,P032,SUP05,100,21.77,2177.0
PO-05979,2025-02-22,P017,SUP08,250,20.16,5040.0
PO-05980,2025-02-22,P021,SUP13,100,48.17,4817.0
PO-05981,2025-02-22,P045,SUP12,40,35.94,1437.6
PO-05982,2025-02-22,P045,SUP08,100,35.14,3514.0
PO-05983,2025-02-22,P048,SUP12,250,20.98,5245.0
PO-05984,2025-02-22,P003,SUP15,120,86.68,10401.6
PO-05985,2025-02-22,P038,SUP05,120,24.98,2997.6
PO-05986,2025-02-22,P017,SUP06,400,20.36,8144.0
PO-05987,2025-02-22,P029,SUP07,60,116.42,6985.2
PO-05988,2025-02-22,P001,SUP11,150,18.32,2748.0
PO-05989,2025-02-22,P033,SUP05,200,16.94,3388.0
PO-05990,2025-02-22,P031,SUP14,250,39.56,9890.0
PO-05991,2025-02-22,P001,SUP06,150,18.49,2773.5
PO-05992,2025-02-22,P016,SUP10,40,58.89,2355.6
PO-05993,2025-02-22,P032,SUP05,400,21.81,8724.0
PO-05994,2025-02-22,P033,SUP09,150,16.34,2451.0
PO-05995,2025-02-23,P007,SUP11,120,63.93,7671.6
PO-05996,2025-02-23,P017,SUP03,200,19.85,3970.0
PO-05997,2025-02-23,P024,SUP14,100,5.35,535.0
PO-05998,2025-02-23,P004,SUP01,250,3.48,870.0
PO-05999,2025-02-23,P041,SUP12,10,54.97,549.7
PO-06000,2025-02-23,P031,SUP14,150,39.33,5899.5
PO-06001,2025-02-23,P039,SUP05,150,14.59,2188.5
PO-06002,2025-02-23,P024,SUP04,100,5.25,525.0
PO-06003,2025-02-23,P011,SUP10,300,12.83,3849.0
PO-06004,2025-02-23,P034,SUP09,250,27.88,6970.0
PO-06005,2025-02-23,P024,SUP15,500,5.22,2610.0
PO-06006,2025-02-23,P034,SUP09,500,28.45,14225.0
PO-06007,2025-02-23,P012,SUP03,10,109.25,1092.5
PO-06008,2025-02-23,P034,SUP15,500,27.5,13750.0
PO-06009,2025-02-23,P008,SUP11,250,2.06,515.0
PO-06010,2025-02-23,P020,SUP01,40,26.64,1065.6
PO-06011,2025-02-23,P014,SUP03,100,77.09,7709.0
PO-06012,2025-02-23,P033,SUP09,400,16.61,6644.0
PO-06013,2025-02-23,P019,SUP03,15,97.08,1456.2
PO-06014,2025-02-23,P034,SUP15,200,28.72,5744.0
PO-06015,2025-02-23,P008,SUP06,250,2.05,512.5
PO-06016,2025-02-23,P040,SUP05,200,11.82,2364.0
PO-06017,2025-02-23,P021,SUP15,500,47.15,23575.0
PO-06018,2025-02-24,P022,SUP14,50,89.52,4476.0
PO-06019,2025-02-24,P017,SUP08,400,20.17,8068.0
PO-06020,2025-02-24,P022,SUP13,100,89.55,8955.0
PO-06021,2025-02-24,P048,SUP15,500,21.43,10715.0
PO-06022,2025-02-24,P046,SUP08,60,28.92,1735.2
PO-06023,2025-02-24,P011,SUP08,100,12.69,1269.0
PO-06024,2025-02-24,P001,SUP15,300,18.62,5586.0
PO-06025,2025-02-24,P040,SUP09,250,12.2,3050.0
PO-06026,2025-02-24,P001,SUP06,200,18.69,3738.0
PO-06027,2025-02-24,P009,SUP02,80,23.71,1896.8
PO-06028,2025-02-24,P040,SUP05,500,11.68,5840.0
PO-06029,2025-02-24,P032,SUP09,150,21.5,3225.0
PO-06030,2025-02-24,P048,SUP08,400,21.49,8596.0
PO-06031,2025-02-24,P036,SUP05,100,32.73,3273.0
PO-06032,2025-02-24,P015,SUP06,60,41.38,2482.8
PO-06033,2025-02-25,P039,SUP09,100,14.38,1438.0
PO-06034,2025-02-25,P022,SUP14,80,92.91,7432.8
PO-06035,2025-02-25,P014,SUP10,60,76.47,4588.2
PO-06036,2025-02-25,P022,SUP07,50,91.21,4560.5
PO-06037,2025-02-25,P020,SUP03,100,26.92,2692.0
PO-06038,2025-02-25,P034,SUP05,150,27.82,4173.0
PO-06039,2025-02-25,P037,SUP15,200,17.85,3570.0
PO-06040,2025-02-25,P037,SUP05,400,17.81,7124.0
PO-06041,2025-02-25,P013,SUP08,50,31.07,1553.5
PO-06042,2025-02-25,P011,SUP03,200,12.33,2466.0
PO-06043,2025-02-25,P005,SUP15,50,7.74,387.0
PO-06044,2025-02-25,P006,SUP02,40,121.29,4851.6
PO-06045,2025-02-25,P046,SUP01,40,28.44,1137.6
PO-06046,2025-02-25,P024,SUP15,300,5.3,1590.0
PO-06047,2025-02-25,P045,SUP15,60,35.42,2125.2
PO-06048,2025-02-25,P045,SUP12,120,36.92,4430.4
PO-06049,2025-02-25,P002,SUP11,100,6.16,616.0
PO-06050,2025-02-25,P018,SUP08,30,237.15,7114.5
PO-06051,2025-02-25,P009,SUP01,40,23.33,933.2
PO-06052,2025-02-25,P033,SUP14,400,16.59,6636.0
PO-06053,2025-02-26,P048,SUP15,300,20.46,6138.0
PO-06054,2025-02-26,P024,SUP04,300,5.07,1521.0
PO-06055,2025-02-26,P033,SUP09,200,16.25,3250.0
PO-06056,2025-02-26,P048,SUP01,300,21.05,6315.0
PO-06057,2025-02-26,P031,SUP15,300,38.05,11415.0
PO-06058,2025-02-26,P024,SUP15,300,5.26,1578.0
PO-06059,2025-02-26,P021,SUP04,300,47.55,14265.0
PO-06060,2025-02-26,P034,SUP09,150,28.43,4264.5
PO-06061,2025-02-26,P039,SUP09,200,14.34,2868.0
PO-06062,2025-02-27,P010,SUP01,50,45.78,2289.0
PO-06063,2025-02-27,P002,SUP01,250,6.07,1517.5
PO-06064,2025-02-27,P017,SUP01,150,20.15,3022.5
PO-06065,2025-02-27,P047,SUP12,20,79.27,1585.4
PO-06066,2025-02-27,P024,SUP14,500,5.13,2565.0
PO-06067,2025-02-27,P043,SUP12,250,15.6,3900.0
PO-06068,2025-02-27,P043,SUP08,250,15.46,3865.0
PO-06069,2025-02-27,P024,SUP04,150,5.14,771.0
PO-06070,2025-02-27,P048,SUP15,150,21.47,3220.5
PO-06071,2025-02-27,P017,SUP03,400,20.22,8088.0
PO-06072,2025-02-27,P033,SUP09,400,16.91,6764.0
PO-06073,2025-02-27,P020,SUP03,120,27.07,3248.4
PO-06074,2025-02-28,P024,SUP07,150,5.32,798.0
PO-06075,2025-02-28,P040,SUP15,100,12.02,1202.0
PO-06076,2025-02-28,P022,SUP04,40,90.87,3634.8
PO-06077,2025-02-28,P038,SUP09,80,24.38,1950.4
PO-06078,2025-02-28,P017,SUP08,200,19.44,3888.0
PO-06079,2025-02-28,P031,SUP14,200,39.32,7864.0
PO-06080,2025-02-28,P032,SUP15,200,21.68,4336.0
PO-06081,2025-02-28,P024,SUP07,300,5.19,1557.0
PO-06082,2025-02-28,P011,SUP06,400,12.36,4944.0
PO-06083,2025-02-28,P024,SUP04,100,5.22,522.0
PO-06084,2025-02-28,P022,SUP13,60,94.73,5683.8
PO-06085,2025-02-28,P031,SUP05,250,39.63,9907.5
PO-06086,2025-02-28,P044,SUP12,10,83.74,837.4
PO-06087,2025-02-28,P038,SUP15,120,24.97,2996.4
PO-06088,2025-02-28,P003,SUP01,80,87.23,6978.4
PO-06089,2025-03-01,P034,SUP15,150,28.39,4258.5
PO-06090,2025-03-01,P014,SUP06,120,76.49,9178.8
PO-06091,2025-03-01,P039,SUP14,400,14.45,5780.0
PO-06092,2025-03-01,P008,SUP01,300,2.06,618.0
PO-06093,2025-03-01,P008,SUP11,150,2.06,309.0
PO-06094,2025-03-01,P042,SUP14,100,69.93,6993.0
PO-06095,2025-03-01,P041,SUP08,20,52.59,1051.8
PO-06096,2025-03-01,P037,SUP09,400,17.59,7036.0
PO-06097,2025-03-01,P042,SUP08,50,68.79,3439.5
PO-06098,2025-03-01,P036,SUP05,40,31.76,1270.4
PO-06099,2025-03-01,P005,SUP02,60,7.78,466.8
PO-06100,2025-03-01,P033,SUP15,100,16.68,1668.0
PO-06101,2025-03-01,P010,SUP01,40,43.96,1758.4
PO-06102,2025-03-01,P043,SUP08,300,15.37,4611.0
PO-06103,2025-03-01,P032,SUP05,400,21.35,8540.0
PO-06104,2025-03-01,P033,SUP14,300,16.45,4935.0
PO-06105,2025-03-02,P048,SUP08,200,21.41,4282.0
PO-06106,2025-03-02,P007,SUP15,120,67.04,8044.8
PO-06107,2025-03-02,P042,SUP12,80,67.23,5378.4
PO-06108,2025-03-02,P045,SUP12,100,36.26,3626.0
PO-06109,2025-03-02,P010,SUP15,120,44.16,5299.2
PO-06110,2025-03-02,P009,SUP06,40,23.39,935.6
PO-06111,2025-03-02,P037,SUP05,500,18.03,9015.0
PO-06112,2025-03-02,P048,SUP01,200,21.47,4294.0
PO-06113,2025-03-02,P047,SUP15,15,75.99,1139.85
PO-06114,2025-03-02,P048,SUP15,200,21.09,4218.0
PO-06115,2025-03-02,P001,SUP01,100,18.81,1881.0
PO-06116,2025-03-02,P048,SUP08,150,20.57,3085.5
PO-06117,2025-03-02,P023,SUP14,80,62.53,5002.4
PO-06118,2025-03-02,P002,SUP06,300,6.05,1815.0
PO-06119,2025-03-02,P009,SUP02,120,23.94,2872.8
PO-06120,2025-03-03,P043,SUP12,200,15.16,3032.0
PO-06121,2025-03-03,P003,SUP15,80,82.5,6600.0
PO-06122,2025-03-03,P050,SUP08,15,93.03,1395.45
PO-06123,2025-03-03,P011,SUP06,500,12.41,6205.0
PO-06124,2025-03-03,P004,SUP11,300,3.31,993.0
PO-06125,2025-03-03,P038,SUP14,50,25.48,1274.0
PO-06126,2025-03-03,P020,SUP01,40,26.66,1066.4
PO-06127,2025-03-03,P028,SUP14,20,90.48,1809.6
PO-06128,2025-03-03,P029,SUP14,80,114.59,9167.2
PO-06129,2025-03-03,P038,SUP15,60,25.37,1522.2
PO-06130,2025-03-03,P032,SUP09,500,21.9,10950.0
PO-06131,2025-03-03,P024,SUP13,200,5.3,1060.0
PO-06132,2025-03-03,P041,SUP01,15,55.35,830.25
PO-06133,2025-03-03,P036,SUP14,60,32.75,1965.0
PO-06134,2025-03-03,P001,SUP06,200,18.75,3750.0
PO-06135,2025-03-03,P010,SUP06,100,43.81,4381.0
PO-06136,2025-03-04,P002,SUP06,200,6.2,1240.0
PO-06137,2025-03-04,P033,SUP05,400,16.76,6704.0
PO-06138,2025-03-04,P011,SUP03,300,12.85,3855.0
PO-06139,2025-03-04,P011,SUP06,500,12.25,6125.0
PO-06140,2025-03-04,P048,SUP12,150,21.58,3237.0
PO-06141,2025-03-04,P021,SUP07,200,49.32,9864.0
PO-06142,2025-03-04,P024,SUP07,300,5.35,1605.0
PO-06143,2025-03-04,P043,SUP14,300,15.92,4776.0
PO-06144,2025-03-04,P048,SUP08,500,20.93,10465.0
PO-06145,2025-03-04,P048,SUP15,150,20.48,3072.0
PO-06146,2025-03-04,P031,SUP15,300,39.45,11835.0
PO-06147,2025-03-04,P004,SUP06,100,3.36,336.0
PO-06148,2025-03-04,P034,SUP15,400,27.45,10980.0
PO-06149,2025-03-04,P031,SUP05,150,38.51,5776.5
PO-06150,2025-03-04,P043,SUP12,300,15.65,4695.0
PO-06151,2025-03-04,P014,SUP03,50,73.37,3668.5
PO-06152,2025-03-04,P034,SUP09,100,28.68,2868.0
PO-06153,2025-03-05,P031,SUP05,400,37.98,15192.0
PO-06154,2025-03-05,P027,SUP07,20,142.58,2851.6
PO-06155,2025-03-05,P027,SUP14,20,142.36,2847.2
PO-06156,2025-03-05,P023,SUP13,60,65.11,3906.6
PO-06157,2025-03-05,P031,SUP14,100,37.51,3751.0
PO-06158,2025-03-06,P049,SUP15,20,382.91,7658.2
PO-06159,2025-03-06,P030,SUP15,250,70.32,17580.0
PO-06160,2025-03-06,P022,SUP14,50,91.59,4579.5
PO-06161,2025-03-06,P006,SUP01,15,116.74,1751.1
PO-06162,2025-03-06,P001,SUP06,200,18.45,3690.0
PO-06163,2025-03-06,P034,SUP14,500,28.72,14360.0
PO-06164,2025-03-06,P045,SUP15,100,36.72,3672.0
PO-06165,2025-03-06,P046,SUP15,40,29.34,1173.6
PO-06166,2025-03-06,P013,SUP01,60,31.4,1884.0
PO-06167,2025-03-06,P030,SUP07,150,73.19,10978.5
PO-06168,2025-03-06,P030,SUP15,400,71.13,28452.0
PO-06169,2025-03-06,P031,SUP09,150,38.92,5838.0
PO-06170,2025-03-06,P042,SUP14,100,67.69,6769.0
PO-06171,2025-03-07,P003,SUP06,40,85.22,3408.8
PO-06172,2025-03-07,P013,SUP10,60,31.11,1866.6
PO-06173,2025-03-07,P023,SUP04,80,63.6,5088.0
PO-06174,2025-03-07,P032,SUP05,500,22.06,11030.0
PO-06175,2025-03-07,P004,SUP06,400,3.39,1356.0
PO-06176,2025-03-07,P048,SUP01,250,21.56,5390.0
PO-06177,2025-03-07,P016,SUP10,40,57.9,2316.0
PO-06178,2025-03-07,P031,SUP09,400,38.68,15472.0
PO-06179,2025-03-07,P043,SUP15,250,15.51,3877.5
PO-06180,2025-03-07,P015,SUP06,80,41.85,3348.0
PO-06181,2025-03-07,P031,SUP09,100,38.71,3871.0
PO-06182,2025-03-07,P039,SUP15,400,14.67,5868.0
PO-06183,2025-03-07,P030,SUP04,400,73.18,29272.0
PO-06184,2025-03-07,P034,SUP15,150,27.53,4129.5
PO-06185,2025-03-08,P024,SUP07,200,5.26,1052.0
PO-06186,2025-03-08,P015,SUP06,50,42.01,2100.5
PO-06187,2025-03-08,P043,SUP01,150,15.65,2347.5
PO-06188,2025-03-08,P037,SUP14,200,18.28,3656.0
PO-06189,2025-03-08,P033,SUP09,400,16.16,6464.0
PO-06190,2025-03-08,P030,SUP04,250,73.55,18387.5
PO-06191,2025-03-08,P032,SUP14,200,21.53,4306.0
PO-06192,2025-03-08,P036,SUP09,100,31.27,3127.0
PO-06193,2025-03-08,P030,SUP13,250,73.05,18262.5
PO-06194,2025-03-08,P037,SUP15,150,18.29,2743.5
PO-06195,2025-03-08,P017,SUP06,250,20.08,5020.0
PO-06196,2025-03-08,P015,SUP01,40,41.85,1674.0
PO-06197,2025-03-08,P037,SUP15,250,17.94,4485.0
PO-06198,2025-03-08,P008,SUP06,500,2.15,1075.0
PO-06199,2025-03-08,P008,SUP01,200,2.07,414.0
PO-06200,2025-03-09,P015,SUP03,40,43.47,1738.8
PO-06201,2025-03-09,P032,SUP05,250,22.34,5585.0
PO-06202,2025-03-09,P021,SUP15,400,48.63,19452.0
PO-06203,2025-03-09,P031,SUP14,300,38.93,11679.0
PO-06204,2025-03-09,P003,SUP06,100,86.22,8622.0
PO-06205,2025-03-09,P039,SUP14,200,14.69,2938.0
PO-06206,2025-03-09,P034,SUP09,300,28.65,8595.0
PO-06207,2025-03-09,P007,SUP01,40,66.99,2679.6
PO-06208,2025-03-09,P033,SUP09,150,16.57,2485.5
PO-06209,2025-03-09,P043,SUP12,150,15.09,2263.5
PO-06210,2025-03-09,P001,SUP06,100,18.93,1893.0
PO-06211,2025-03-09,P031,SUP05,250,38.09,9522.5
PO-06212,2025-03-09,P020,SUP08,60,26.22,1573.2
PO-06213,2025-03-09,P039,SUP05,100,14.19,1419.0
PO-06214,2025-03-10,P037,SUP09,400,18.03,7212.0
PO-06215,2025-03-10,P009,SUP11,80,23.72,1897.6
PO-06216,2025-03-10,P036,SUP14,40,32.76,1310.4
PO-06217,2025-03-10,P034,SUP14,400,27.58,11032.0
PO-06218,2025-03-10,P009,SUP02,80,24.15,1932.0
PO-06219,2025-03-10,P002,SUP01,150,6.08,912.0
PO-06220,2025-03-10,P016,SUP10,120,58.02,6962.4
PO-06221,2025-03-10,P048,SUP08,300,20.69,6207.0
PO-06222,2025-03-10,P024,SUP13,400,5.09,2036.0
PO-06223,2025-03-10,P013,SUP06,80,31.88,2550.4
PO-06224,2025-03-10,P024,SUP04,500,5.11,2555.0
PO-06225,2025-03-10,P002,SUP15,300,6.13,1839.0
PO-06226,2025-03-10,P033,SUP14,500,16.93,8465.0
PO-06227,2025-03-10,P009,SUP15,40,24.06,962.4
PO-06228,2025-03-10,P033,SUP05,150,16.35,2452.5
PO-06229,2025-03-10,P002,SUP11,200,6.24,1248.0
PO-06230,2025-03-10,P011,SUP06,250,12.17,3042.5
PO-06231,2025-03-11,P050,SUP01,15,97.51,1462.65
PO-06232,2025-03-11,P033,SUP14,100,16.48,1648.0
PO-06233,2025-03-11,P043,SUP01,400,15.46,6184.0
PO-06234,2025-03-11,P006,SUP06,40,116.63,4665.2
PO-06235,2025-03-11,P045,SUP12,100,35.11,3511.0
PO-06236,2025-03-11,P040,SUP15,150,11.7,1755.0
PO-06237,2025-03-11,P004,SUP01,400,3.47,1388.0
PO-06238,2025-03-11,P034,SUP05,250,27.77,6942.5
PO-06239,2025-03-11,P027,SUP07,20,136.88,2737.6
PO-06240,2025-03-11,P035,SUP15,100,45.02,4502.0
PO-06241,2025-03-11,P021,SUP07,300,47.77,14331.0
PO-06242,2025-03-11,P033,SUP14,400,16.76,6704.0
PO-06243,2025-03-11,P032,SUP14,150,21.89,3283.5
PO-06244,2025-03-11,P044,SUP14,10,82.2,822.0
PO-06245,2025-03-11,P030,SUP07,150,71.27,10690.5
PO-06246,2025-03-12,P014,SUP10,120,73.48,8817.6
PO-06247,2025-03-12,P031,SUP14,150,37.47,5620.5
PO-06248,2025-03-12,P001,SUP15,250,17.96,4490.0
PO-06249,2025-03-12,P018,SUP03,30,245.71,7371.3
PO-06250,2025-03-12,P040,SUP05,400,11.74,4696.0
PO-06251,2025-03-12,P004,SUP11,200,3.34,668.0
PO-06252,2025-03-12,P033,SUP09,500,16.24,8120.0
PO-06253,2025-03-12,P009,SUP06,80,24.05,1924.0
PO-06254,2025-03-12,P048,SUP15,400,21.4,8560.0
PO-06255,2025-03-12,P028,SUP14,10,87.07,870.7
PO-06256,2025-03-12,P031,SUP14,200,38.17,7634.0
PO-06257,2025-03-13,P003,SUP11,40,83.3,3332.0
PO-06258,2025-03-13,P015,SUP06,120,41.7,5004.0
PO-06259,2025-03-13,P007,SUP11,60,65.1,3906.0
PO-06260,2025-03-13,P040,SUP09,150,11.8,1770.0
PO-06261,2025-03-13,P031,SUP14,400,39.52,15808.0
PO-06262,2025-03-13,P025,SUP15,50,35.33,1766.5
PO-06263,2025-03-13,P002,SUP01,150,6.3,945.0
PO-06264,2025-03-13,P031,SUP14,150,39.51,5926.5
PO-06265,2025-03-13,P039,SUP09,400,14.44,5776.0
PO-06266,2025-03-13,P024,SUP14,100,5.2,520.0
PO-06267,2025-03-13,P037,SUP14,200,18.45,3690.0
PO-06268,2025-03-13,P037,SUP09,100,17.88,1788.0
PO-06269,2025-03-13,P017,SUP08,400,19.8,7920.0
PO-06270,2025-03-13,P001,SUP15,400,18.45,7380.0
PO-06271,2025-03-13,P016,SUP08,120,56.59,6790.8
PO-06272,2025-03-14,P023,SUP13,60,65.22,3913.2
PO-06273,2025-03-14,P037,SUP14,150,18.24,2736.0
PO-06274,2025-03-14,P004,SUP02,500,3.46,1730.0
PO-06275,2025-03-14,P012,SUP01,40,109.63,4385.2
PO-06276,2025-03-14,P031,SUP14,400,39.24,15696.0
PO-06277,2025-03-14,P008,SUP11,400,2.11,844.0
PO-06278,2025-03-14,P004,SUP11,250,3.4,850.0
PO-06279,2025-03-14,P042,SUP15,100,67.37,6737.0
PO-06280,2025-03-14,P001,SUP06,300,18.19,5457.0
PO-06281,2025-03-14,P024,SUP13,500,5.1,2550.0
PO-06282,2025-03-14,P043,SUP08,100,15.89,1589.0
PO-06283,2025-03-14,P034,SUP14,250,27.24,6810.0
PO-06284,2025-03-14,P016,SUP06,40,57.63,2305.2
PO-06285,2025-03-14,P038,SUP05,100,24.96,2496.0
PO-06286,2025-03-14,P033,SUP09,150,16.63,2494.5
PO-06287,2025-03-14,P005,SUP02,50,8.03,401.5
PO-06288,2025-03-14,P048,SUP14,500,21.49,10745.0
PO-06289,2025-03-14,P021,SUP13,300,48.5,14550.0
PO-06290,2025-03-14,P013,SUP10,120,32.66,3919.2
PO-06291,2025-03-14,P029,SUP07,50,117.64,5882.0
PO-06292,2025-03-14,P041,SUP08,20,53.29,1065.8
PO-06293,2025-03-15,P011,SUP06,400,12.39,4956.0
PO-06294,2025-03-15,P008,SUP11,400,2.14,856.0
PO-06295,2025-03-15,P025,SUP15,40,34.39,1375.6
PO-06296,2025-03-15,P003,SUP06,100,85.55,8555.0
PO-06297,2025-03-15,P034,SUP09,200,28.82,5764.0
PO-06298,2025-03-15,P030,SUP13,400,70.26,28104.0
PO-06299,2025-03-15,P043,SUP12,150,15.54,2331.0
PO-06300,2025-03-15,P030,SUP07,400,70.0,28000.0
PO-06301,2025-03-15,P029,SUP15,120,117.84,14140.8
PO-06302,2025-03-15,P014,SUP10,100,73.64,7364.0
PO-06303,2025-03-15,P030,SUP14,200,74.11,14822.0
PO-06304,2025-03-15,P011,SUP06,150,12.3,1845.0
PO-06305,2025-03-16,P033,SUP09,100,16.49,1649.0
PO-06306,2025-03-16,P017,SUP03,500,20.15,10075.0
PO-06307,2025-03-16,P040,SUP09,250,12.03,3007.5
PO-06308,2025-03-16,P034,SUP05,400,28.08,11232.0
PO-06309,2025-03-16,P017,SUP06,200,19.74,3948.0
PO-06310,2025-03-16,P048,SUP01,200,21.59,4318.0
PO-06311,2025-03-16,P025,SUP07,100,34.09,3409.0
PO-06312,2025-03-16,P003,SUP15,40,85.46,3418.4
PO-06313,2025-03-16,P037,SUP05,150,18.38,2757.0
PO-06314,2025-03-16,P037,SUP14,200,17.9,3580.0
PO-06315,2025-03-16,P048,SUP15,150,20.98,3147.0
PO-06316,2025-03-16,P002,SUP06,100,6.33,633.0
PO-06317,2025-03-16,P045,SUP08,80,36.86,2948.8
PO-06318,2025-03-16,P014,SUP10,100,74.32,7432.0
PO-06319,2025-03-16,P048,SUP15,500,20.77,10385.0
PO-06320,2025-03-16,P031,SUP14,200,37.73,7546.0
PO-06321,2025-03-16,P043,SUP14,150,15.28,2292.0
PO-06322,2025-03-16,P021,SUP15,500,46.64,23320.0
PO-06323,2025-03-16,P010,SUP06,40,45.41,1816.4
PO-06324,2025-03-17,P048,SUP12,300,20.82,6246.0
PO-06325,2025-03-17,P016,SUP08,60,57.23,3433.8
PO-06326,2025-03-17,P032,SUP15,500,21.69,10845.0
PO-06327,2025-03-17,P004,SUP11,250,3.4,850.0
PO-06328,2025-03-17,P021,SUP13,500,47.76,23880.0
PO-06329,2025-03-17,P005,SUP11,80,7.57,605.6
PO-06330,2025-03-17,P030,SUP14,100,73.27,7327.0
PO-06331,2025-03-17,P004,SUP02,250,3.43,857.5
PO-06332,2025-03-17,P010,SUP06,50,45.81,2290.5
PO-06333,2025-03-17,P015,SUP06,80,43.51,3480.8
PO-06334,2025-03-17,P031,SUP15,250,38.34,9585.0
PO-06335,2025-03-17,P030,SUP14,300,70.84,21252.0
PO-06336,2025-03-17,P014,SUP10,40,73.19,2927.6
PO-06337,2025-03-17,P030,SUP07,150,70.34,10551.0
PO-06338,2025-03-17,P013,SUP08,120,31.59,3790.8
PO-06339,2025-03-17,P022,SUP13,60,90.16,5409.6
PO-06340,2025-03-17,P036,SUP15,60,31.55,1893.0
PO-06341,2025-03-17,P037,SUP05,250,17.55,4387.5
PO-06342,2025-03-17,P017,SUP08,100,19.56,1956.0
PO-06343,2025-03-17,P030,SUP15,150,72.48,10872.0
PO-06344,2025-03-18,P011,SUP03,300,12.72,3816.0
PO-06345,2025-03-18,P048,SUP12,150,20.57,3085.5
PO-06346,2025-03-18,P001,SUP15,150,18.04,2706.0
PO-06347,2025-03-18,P001,SUP11,300,18.69,5607.0
PO-06348,2025-03-18,P025,SUP15,100,35.2,3520.0
PO-06349,2025-03-18,P020,SUP01,40,27.12,1084.8
PO-06350,2025-03-18,P025,SUP13,120,35.32,4238.4
PO-06351,2025-03-18,P033,SUP05,150,16.64,2496.0
PO-06352,2025-03-18,P031,SUP05,400,37.74,15096.0
PO-06353,2025-03-18,P007,SUP06,50,66.85,3342.5
PO-06354,2025-03-18,P033,SUP15,150,16.67,2500.5
PO-06355,2025-03-18,P015,SUP06,40,42.52,1700.8
PO-06356,2025-03-18,P031,SUP14,250,38.71,9677.5
PO-06357,2025-03-18,P037,SUP09,300,17.96,5388.0
PO-06358,2025-03-18,P045,SUP08,100,37.03,3703.0
PO-06359,2025-03-18,P050,SUP15,15,97.68,1465.2
PO-06360,2025-03-18,P037,SUP09,300,18.33,5499.0
PO-06361,2025-03-19,P001,SUP15,150,18.21,2731.5
PO-06362,2025-03-19,P048,SUP15,300,20.74,6222.0
PO-06363,2025-03-19,P024,SUP13,500,5.22,2610.0
PO-06364,2025-03-19,P020,SUP01,100,26.78,2678.0
PO-06365,2025-03-19,P041,SUP14,15,54.0,810.0
PO-06366,2025-03-19,P050,SUP08,10,97.12,971.2
PO-06367,2025-03-19,P033,SUP05,150,16.08,2412.0
PO-06368,2025-03-19,P004,SUP11,300,3.32,996.0
PO-06369,2025-03-19,P004,SUP06,100,3.49,349.0
PO-06370,2025-03-19,P014,SUP10,100,75.81,7581.0
PO-06371,2025-03-19,P040,SUP05,100,12.34,1234.0
PO-06372,2025-03-19,P039,SUP05,200,14.93,2986.0
PO-06373,2025-03-19,P011,SUP10,250,12.37,3092.5
PO-06374,2025-03-19,P042,SUP15,100,67.67,6767.0
PO-06375,2025-03-20,P002,SUP01,150,6.08,912.0
PO-06376,2025-03-20,P037,SUP15,500,17.89,8945.0
PO-06377,2025-03-20,P030,SUP14,400,73.28,29312.0
PO-06378,2025-03-20,P011,SUP10,100,12.58,1258.0
PO-06379,2025-03-20,P004,SUP01,150,3.38,507.0
PO-06380,2025-03-20,P018,SUP06,20,235.33,4706.6
PO-06381,2025-03-20,P009,SUP06,80,24.47,1957.6
PO-06382,2025-03-20,P002,SUP06,200,6.2,1240.0
PO-06383,2025-03-20,P027,SUP14,40,138.61,5544.4
PO-06384,2025-03-20,P030,SUP13,200,71.05,14210.0
PO-06385,2025-03-20,P005,SUP01,120,7.67,920.4
PO-06386,2025-03-20,P028,SUP13,30,86.42,2592.6
PO-06387,2025-03-20,P037,SUP09,150,18.17,2725.5
PO-06388,2025-03-20,P043,SUP08,200,15.91,3182.0
PO-06389,2025-03-20,P008,SUP02,100,2.16,216.0
PO-06390,2025-03-20,P040,SUP15,100,12.09,1209.0
PO-06391,2025-03-20,P048,SUP15,200,21.38,4276.0
PO-06392,2025-03-21,P032,SUP14,500,22.35,11175.0
PO-06393,2025-03-21,P040,SUP09,250,12.35,3087.5
PO-06394,2025-03-21,P030,SUP15,500,72.66,36330.0
PO-06395,2025-03-21,P019,SUP03,15,92.64,1389.6
PO-06396,2025-03-21,P001,SUP11,200,18.95,3790.0
PO-06397,2025-03-21,P004,SUP15,250,3.35,837.5
PO-06398,2025-03-21,P043,SUP08,100,15.67,1567.0
PO-06399,2025-03-21,P030,SUP15,200,70.9,14180.0
PO-06400,2025-03-21,P025,SUP15,50,35.39,1769.5
PO-06401,2025-03-21,P033,SUP09,100,16.08,1608.0
PO-06402,2025-03-21,P009,SUP11,50,24.6,1230.0
PO-06403,2025-03-21,P005,SUP15,40,7.96,318.4
PO-06404,2025-03-21,P035,SUP15,40,44.13,1765.2
PO-06405,2025-03-21,P012,SUP10,10,110.13,1101.3
PO-06406,2025-03-21,P015,SUP06,80,43.58,3486.4
PO-06407,2025-03-21,P039,SUP14,200,14.3,2860.0
PO-06408,2025-03-21,P014,SUP06,120,74.44,8932.8
PO-06409,2025-03-21,P008,SUP15,250,2.1,525.0
PO-06410,2025-03-22,P043,SUP08,200,15.62,3124.0
PO-06411,2025-03-22,P032,SUP05,500,22.56,11280.0
PO-06412,2025-03-22,P033,SUP15,150,16.47,2470.5
PO-06413,2025-03-22,P033,SUP05,400,16.02,6408.0
PO-06414,2025-03-22,P021,SUP14,150,48.2,7230.0
PO-06415,2025-03-22,P024,SUP15,200,5.11,1022.0
PO-06416,2025-03-22,P024,SUP04,200,5.31,1062.0
PO-06417,2025-03-22,P049,SUP08,40,385.21,15408.4
PO-06418,2025-03-22,P001,SUP11,300,17.99,5397.0
PO-06419,2025-03-22,P011,SUP01,150,12.29,1843.5
PO-06420,2025-03-22,P038,SUP14,100,24.55,2455.0
PO-06421,2025-03-22,P004,SUP01,400,3.41,1364.0
PO-06422,2025-03-22,P041,SUP01,40,54.44,2177.6
PO-06423,2025-03-22,P011,SUP08,300,12.51,3753.0
PO-06424,2025-03-22,P024,SUP13,250,5.1,1275.0
PO-06425,2025-03-23,P026,SUP04,40,56.25,2250.0
PO-06426,2025-03-23,P002,SUP15,400,6.03,2412.0
PO-06427,2025-03-23,P007,SUP01,80,66.14,5291.2
PO-06428,2025-03-23,P027,SUP14,30,137.63,4128.9
PO-06429,2025-03-23,P005,SUP01,120,7.76,931.2
PO-06430,2025-03-23,P040,SUP09,400,12.01,4804.0
PO-06431,2025-03-23,P011,SUP03,300,12.76,3828.0
PO-06432,2025-03-23,P015,SUP10,100,43.62,4362.0
PO-06433,2025-03-23,P008,SUP15,400,2.15,860.0
PO-06434,2025-03-24,P036,SUP14,80,32.03,2562.4
PO-06435,2025-03-24,P023,SUP14,80,63.55,5084.0
PO-06436,2025-03-24,P008,SUP15,150,2.04,306.0
PO-06437,2025-03-24,P038,SUP09,120,25.39,3046.8
PO-06438,2025-03-24,P001,SUP11,100,18.52,1852.0
PO-06439,2025-03-24,P009,SUP01,80,23.65,1892.0
PO-06440,2025-03-24,P042,SUP12,40,66.23,2649.2
PO-06441,2025-03-24,P013,SUP10,40,31.29,1251.6
PO-06442,2025-03-24,P005,SUP02,80,7.8,624.0
PO-06443,2025-03-24,P017,SUP10,250,20.33,5082.5
PO-06444,2025-03-24,P005,SUP11,100,7.72,772.0
PO-06445,2025-03-24,P001,SUP01,100,17.95,1795.0
PO-06446,2025-03-24,P016,SUP10,50,58.46,2923.0
PO-06447,2025-03-25,P003,SUP02,40,84.18,3367.2
PO-06448,2025-03-25,P022,SUP13,80,94.42,7553.6
PO-06449,2025-03-25,P016,SUP08,100,58.16,5816.0
PO-06450,2025-03-25,P045,SUP15,80,35.33,2826.4
PO-06451,2025-03-25,P030,SUP15,200,72.82,14564.0
PO-06452,2025-03-25,P023,SUP13,100,65.85,6585.0
PO-06453,2025-03-25,P031,SUP09,300,38.83,11649.0
PO-06454,2025-03-25,P005,SUP01,80,7.96,636.8
PO-06455,2025-03-25,P011,SUP03,100,12.37,1237.0
PO-06456,2025-03-25,P039,SUP09,150,14.36,2154.0
PO-06457,2025-03-25,P042,SUP15,50,68.08,3404.0
PO-06458,2025-03-25,P020,SUP01,60,26.02,1561.2
PO-06459,2025-03-25,P030,SUP13,100,71.19,7119.0
PO-06460,2025-03-25,P017,SUP01,500,19.34,9670.0
PO-06461,2025-03-25,P017,SUP10,100,20.16,2016.0
PO-06462,2025-03-25,P022,SUP13,120,90.75,10890.0
PO-06463,2025-03-25,P030,SUP13,250,73.35,18337.5
PO-06464,2025-03-25,P002,SUP06,100,6.11,611.0
PO-06465,2025-03-25,P029,SUP13,120,114.74,13768.8
PO-06466,2025-03-26,P019,SUP01,30,96.48,2894.4
PO-06467,2025-03-26,P003,SUP06,50,84.62,4231.0
PO-06468,2025-03-26,P002,SUP01,500,6.03,3015.0
PO-06469,2025-03-26,P024,SUP07,250,5.22,1305.0
PO-06470,2025-03-26,P002,SUP02,300,6.31,1893.0
PO-06471,2025-03-26,P034,SUP05,250,28.73,7182.5
PO-06472,2025-03-26,P032,SUP14,150,22.5,3375.0
PO-06473,2025-03-26,P031,SUP09,300,38.3,11490.0
PO-06474,2025-03-26,P024,SUP04,300,5.11,1533.0
PO-06475,2025-03-27,P025,SUP14,80,35.88,2870.4
PO-06476,2025-03-27,P036,SUP14,40,32.48,1299.2
PO-06477,2025-03-27,P039,SUP09,150,14.83,2224.5
PO-06478,2025-03-27,P001,SUP06,500,18.84,9420.0
PO-06479,2025-03-27,P039,SUP09,100,14.46,1446.0
PO-06480,2025-03-27,P037,SUP15,200,17.5,3500.0
PO-06481,2025-03-27,P031,SUP05,100,38.95,3895.0
PO-06482,2025-03-27,P030,SUP13,300,72.65,21795.0
PO-06483,2025-03-27,P026,SUP04,10,56.22,562.2
PO-06484,2025-03-27,P007,SUP11,100,63.97,6397.0
PO-06485,2025-03-27,P037,SUP14,250,18.42,4605.0
PO-06486,2025-03-27,P031,SUP14,200,38.9,7780.0
PO-06487,2025-03-27,P020,SUP03,100,26.67,2667.0
PO-06488,2025-03-27,P005,SUP06,120,7.69,922.8
PO-06489,2025-03-27,P033,SUP05,300,16.22,4866.0
PO-06490,2025-03-28,P032,SUP09,400,22.21,8884.0
PO-06491,2025-03-28,P037,SUP14,400,18.03,7212.0
PO-06492,2025-03-28,P049,SUP14,40,373.49,14939.6
PO-06493,2025-03-28,P002,SUP02,300,6.36,1908.0
PO-06494,2025-03-28,P032,SUP15,300,22.38,6714.0
PO-06495,2025-03-28,P008,SUP02,500,2.06,1030.0
PO-06496,2025-03-28,P040,SUP14,300,11.74,3522.0
PO-06497,2025-03-28,P002,SUP06,250,6.22,1555.0
PO-06498,2025-03-28,P030,SUP13,150,72.79,10918.5
PO-06499,2025-03-28,P036,SUP09,40,31.7,1268.0
PO-06500,2025-03-28,P042,SUP12,80,66.47,5317.6
PO-06501,2025-03-28,P004,SUP06,200,3.34,668.0
PO-06502,2025-03-28,P048,SUP15,400,21.13,8452.0
PO-06503,2025-03-28,P031,SUP15,200,38.66,7732.0
PO-06504,2025-03-28,P031,SUP05,250,37.91,9477.5
PO-06505,2025-03-28,P032,SUP05,500,22.48,11240.0
PO-06506,2025-03-29,P029,SUP14,80,115.33,9226.4
PO-06507,2025-03-29,P039,SUP14,100,14.39,1439.0
PO-06508,2025-03-29,P018,SUP10,15,245.06,3675.9
PO-06509,2025-03-29,P038,SUP05,80,25.32,2025.6
PO-06510,2025-03-29,P017,SUP06,200,20.22,4044.0
PO-06511,2025-03-29,P032,SUP14,200,21.46,4292.0
PO-06512,2025-03-29,P028,SUP07,15,89.37,1340.55
PO-06513,2025-03-29,P005,SUP02,60,7.6,456.0
PO-06514,2025-03-29,P004,SUP15,150,3.37,505.5
PO-06515,2025-03-29,P034,SUP05,150,27.61,4141.5
PO-06516,2025-03-29,P015,SUP10,80,41.78,3342.4
PO-06517,2025-03-30,P049,SUP15,10,385.22,3852.2
PO-06518,2025-03-30,P017,SUP10,250,19.62,4905.0
PO-06519,2025-03-30,P033,SUP09,500,16.01,8005.0
PO-06520,2025-03-30,P034,SUP15,500,27.56,13780.0
PO-06521,2025-03-30,P036,SUP05,80,32.93,2634.4
PO-06522,2025-03-30,P045,SUP08,80,35.62,2849.6
PO-06523,2025-03-30,P001,SUP15,400,18.21,7284.0
PO-06524,2025-03-30,P024,SUP14,300,5.3,1590.0
PO-06525,2025-03-30,P040,SUP09,150,12.17,1825.5
PO-06526,2025-03-30,P033,SUP15,100,16.22,1622.0
PO-06527,2025-03-30,P036,SUP14,80,32.87,2629.6
PO-06528,2025-03-30,P014,SUP08,40,77.02,3080.8
PO-06529,2025-03-30,P036,SUP14,80,31.39,2511.2
PO-06530,2025-03-30,P030,SUP07,500,71.2,35600.0
PO-06531,2025-03-30,P034,SUP09,150,28.32,4248.0
PO-06532,2025-03-30,P037,SUP14,300,18.49,5547.0
PO-06533,2025-03-30,P010,SUP06,40,45.25,1810.0
PO-06534,2025-03-30,P040,SUP09,500,12.03,6015.0
PO-06535,2025-03-30,P039,SUP09,200,14.48,2896.0
PO-06536,2025-03-30,P031,SUP05,250,38.75,9687.5
PO-06537,2025-03-31,P048,SUP14,200,20.93,4186.0
PO-06538,2025-03-31,P035,SUP15,40,46.05,1842.0
PO-06539,2025-03-31,P032,SUP09,150,22.34,3351.0
PO-06540,2025-03-31,P037,SUP15,500,17.63,8815.0
PO-06541,2025-03-31,P048,SUP14,200,20.55,4110.0
PO-06542,2025-03-31,P038,SUP15,120,25.57,3068.4
PO-06543,2025-03-31,P044,SUP01,20,84.12,1682.4
PO-06544,2025-03-31,P007,SUP01,120,66.02,7922.4
PO-06545,2025-03-31,P032,SUP09,150,21.9,3285.0
PO-06546,2025-03-31,P033,SUP14,300,16.06,4818.0
PO-06547,2025-03-31,P008,SUP02,250,2.11,527.5
PO-06548,2025-03-31,P020,SUP08,50,26.98,1349.0
PO-06549,2025-04-01,P048,SUP01,200,20.79,4158.0
PO-06550,2025-04-01,P031,SUP05,250,38.52,9630.0
PO-06551,2025-04-01,P045,SUP14,60,37.07,2224.2
PO-06552,2025-04-01,P015,SUP08,50,42.74,2137.0
PO-06553,2025-04-01,P007,SUP06,80,64.32,5145.6
PO-06554,2025-04-01,P035,SUP15,60,44.48,2668.8
PO-06555,2025-04-01,P002,SUP06,150,6.04,906.0
PO-06556,2025-04-01,P040,SUP15,200,12.21,2442.0
PO-06557,2025-04-01,P039,SUP14,500,14.86,7430.0
PO-06558,2025-04-01,P014,SUP10,60,75.07,4504.2
PO-06559,2025-04-01,P039,SUP05,100,14.51,1451.0
PO-06560,2025-04-01,P037,SUP14,500,17.47,8735.0
PO-06561,2025-04-02,P011,SUP03,200,12.63,2526.0
PO-06562,2025-04-02,P034,SUP14,150,28.64,4296.0
PO-06563,2025-04-02,P008,SUP01,250,2.1,525.0
PO-06564,2025-04-02,P039,SUP09,250,14.33,3582.5
PO-06565,2025-04-02,P004,SUP06,400,3.48,1392.0
PO-06566,2025-04-02,P037,SUP05,200,18.2,3640.0
PO-06567,2025-04-02,P024,SUP07,250,5.05,1262.5
PO-06568,2025-04-02,P042,SUP08,100,67.35,6735.0
PO-06569,2025-04-02,P022,SUP07,100,90.74,9074.0
PO-06570,2025-04-03,P042,SUP15,60,66.58,3994.8
PO-06571,2025-04-03,P034,SUP05,150,28.8,4320.0
PO-06572,2025-04-03,P016,SUP03,60,57.93,3475.8
PO-06573,2025-04-03,P002,SUP15,300,6.13,1839.0
PO-06574,2025-04-03,P022,SUP14,50,91.82,4591.0
PO-06575,2025-04-03,P004,SUP01,400,3.47,1388.0
PO-06576,2025-04-03,P006,SUP02,20,116.68,2333.6
PO-06577,2025-04-03,P030,SUP04,400,70.11,28044.0
PO-06578,2025-04-03,P001,SUP06,200,18.15,3630.0
PO-06579,2025-04-03,P002,SUP06,300,6.34,1902.0
PO-06580,2025-04-03,P037,SUP05,400,17.72,7088.0
PO-06581,2025-04-03,P011,SUP06,400,12.21,4884.0
PO-06582,2025-04-03,P010,SUP15,120,45.1,5412.0
PO-06583,2025-04-03,P007,SUP02,120,64.56,7747.2
PO-06584,2025-04-03,P014,SUP10,40,77.23,3089.2
PO-06585,2025-04-03,P015,SUP03,40,43.16,1726.4
PO-06586,2025-04-03,P036,SUP09,100,32.51,3251.0
PO-06587,2025-04-04,P025,SUP07,60,34.75,2085.0
PO-06588,2025-04-04,P002,SUP06,300,6.2,1860.0
PO-06589,2025-04-04,P046,SUP08,40,28.16,1126.4
PO-06590,2025-04-04,P042,SUP08,80,67.89,5431.2
PO-06591,2025-04-04,P048,SUP14,300,20.61,6183.0
PO-06592,2025-04-04,P048,SUP01,200,21.07,4214.0
PO-06593,2025-04-04,P009,SUP15,100,23.68,2368.0
PO-06594,2025-04-04,P040,SUP09,100,12.14,1214.0
PO-06595,2025-04-04,P017,SUP01,300,20.3,6090.0
PO-06596,2025-04-04,P004,SUP11,300,3.32,996.0
PO-06597,2025-04-04,P023,SUP14,80,62.26,4980.8
PO-06598,2025-04-04,P012,SUP08,10,113.11,1131.1
PO-06599,2025-04-04,P032,SUP14,300,22.22,6666.0
PO-06600,2025-04-05,P037,SUP05,200,18.54,3708.0
PO-06601,2025-04-05,P035,SUP15,40,45.88,1835.2
PO-06602,2025-04-05,P040,SUP14,100,12.05,1205.0
PO-06603,2025-04-05,P015,SUP01,60,42.86,2571.6
PO-06604,2025-04-05,P033,SUP05,500,16.24,8120.0
PO-06605,2025-04-05,P046,SUP01,120,28.86,3463.2
PO-06606,2025-04-05,P005,SUP06,120,7.94,952.8
PO-06607,2025-04-05,P033,SUP09,200,16.17,3234.0
PO-06608,2025-04-05,P036,SUP05,100,32.09,3209.0
PO-06609,2025-04-05,P011,SUP06,400,12.32,4928.0
PO-06610,2025-04-05,P029,SUP04,40,116.94,4677.6
PO-06611,2025-04-05,P042,SUP14,40,67.32,2692.8
PO-06612,2025-04-05,P017,SUP08,500,19.46,9730.0
PO-06613,2025-04-05,P020,SUP10,60,27.19,1631.4
PO-06614,2025-04-06,P031,SUP05,300,37.66,11298.0
PO-06615,2025-04-06,P033,SUP14,150,16.21,2431.5
PO-06616,2025-04-06,P013,SUP10,100,31.16,3116.0
PO-06617,2025-04-06,P011,SUP06,100,12.32,1232.0
PO-06618,2025-04-06,P006,SUP06,20,121.26,2425.2
PO-06619,2025-04-06,P009,SUP15,50,24.44,1222.0
PO-06620,2025-04-06,P022,SUP07,100,93.6,9360.0
PO-06621,2025-04-06,P003,SUP11,80,83.73,6698.4
PO-06622,2025-04-06,P011,SUP08,500,12.22,6110.0
PO-06623,2025-04-06,P011,SUP06,400,12.18,4872.0
PO-06624,2025-04-06,P002,SUP15,200,6.25,1250.0
PO-06625,2025-04-06,P016,SUP06,50,58.59,2929.5
PO-06626,2025-04-06,P008,SUP11,200,2.1,420.0
PO-06627,2025-04-07,P042,SUP15,50,67.64,3382.0
PO-06628,2025-04-07,P034,SUP05,100,28.65,2865.0
PO-06629,2025-04-07,P008,SUP15,200,2.14,428.0
PO-06630,2025-04-07,P017,SUP10,150,20.19,3028.5
PO-06631,2025-04-07,P032,SUP09,500,22.28,11140.0
PO-06632,2025-04-07,P032,SUP15,100,22.39,2239.0
PO-06633,2025-04-07,P013,SUP06,100,31.48,3148.0
PO-06634,2025-04-07,P015,SUP08,40,42.81,1712.4
PO-06635,2025-04-07,P049,SUP15,40,385.02,15400.8
PO-06636,2025-04-07,P029,SUP13,120,116.9,14028.0
PO-06637,2025-04-07,P033,SUP09,100,16.85,1685.0
PO-06638,2025-04-07,P033,SUP14,100,16.02,1602.0
PO-06639,2025-04-07,P004,SUP15,150,3.41,511.5
PO-06640,2025-04-07,P040,SUP05,200,11.88,2376.0
PO-06641,2025-04-07,P011,SUP08,400,12.82,5128.0
PO-06642,2025-04-07,P004,SUP11,100,3.4,340.0
PO-06643,2025-04-08,P022,SUP07,40,89.83,3593.2
PO-06644,2025-04-08,P033,SUP14,400,16.09,6436.0
PO-06645,2025-04-08,P025,SUP07,120,34.13,4095.6
PO-06646,2025-04-08,P048,SUP08,150,21.6,3240.0
PO-06647,2025-04-08,P030,SUP13,500,70.33,35165.0
PO-06648,2025-04-08,P031,SUP15,500,38.68,19340.0
PO-06649,2025-04-08,P007,SUP02,50,64.01,3200.5
PO-06650,2025-04-08,P020,SUP01,50,27.17,1358.5
PO-06651,2025-04-08,P022,SUP04,60,92.72,5563.2
PO-06652,2025-04-08,P002,SUP02,300,6.26,1878.0
PO-06653,2025-04-08,P033,SUP09,300,16.8,5040.0
PO-06654,2025-04-08,P007,SUP02,100,66.0,6600.0
PO-06655,2025-04-08,P039,SUP05,250,14.13,3532.5
PO-06656,2025-04-08,P001,SUP11,400,18.19,7276.0
PO-06657,2025-04-08,P008,SUP02,100,2.04,204.0
PO-06658,2025-04-09,P023,SUP13,120,65.57,7868.4
PO-06659,2025-04-09,P001,SUP15,150,18.15,2722.5
PO-06660,2025-04-09,P025,SUP13,60,33.97,2038.2
PO-06661,2025-04-09,P033,SUP15,100,16.33,1633.0
PO-06662,2025-04-09,P048,SUP15,500,20.93,10465.0
PO-06663,2025-04-09,P020,SUP03,50,26.06,1303.0
PO-06664,2025-04-09,P032,SUP09,300,21.42,6426.0
PO-06665,2025-04-09,P002,SUP11,200,6.03,1206.0
PO-06666,2025-04-09,P048,SUP08,100,21.24,2124.0
PO-06667,2025-04-10,P022,SUP14,80,90.13,7210.4
PO-06668,2025-04-10,P039,SUP09,150,14.45,2167.5
PO-06669,2025-04-10,P048,SUP08,150,21.07,3160.5
PO-06670,2025-04-10,P017,SUP06,400,20.34,8136.0
PO-06671,2025-04-10,P020,SUP01,60,26.91,1614.6
PO-06672,2025-04-10,P024,SUP07,150,5.33,799.5
PO-06673,2025-04-10,P040,SUP05,150,11.92,1788.0
PO-06674,2025-04-10,P008,SUP01,100,2.07,207.0
PO-06675,2025-04-10,P040,SUP05,200,11.94,2388.0
PO-06676,2025-04-10,P001,SUP01,250,18.97,4742.5
PO-06677,2025-04-10,P033,SUP15,500,16.87,8435.0
PO-06678,2025-04-10,P012,SUP01,20,109.67,2193.4
PO-06679,2025-04-10,P024,SUP07,150,5.17,775.5
PO-06680,2025-04-10,P002,SUP02,200,6.11,1222.0
PO-06681,2025-04-11,P048,SUP01,500,20.52,10260.0
PO-06682,2025-04-11,P002,SUP06,200,6.3,1260.0
PO-06683,2025-04-11,P046,SUP15,100,28.19,2819.0
PO-06684,2025-04-11,P003,SUP11,60,85.19,5111.4
PO-06685,2025-04-11,P032,SUP14,200,22.28,4456.0
PO-06686,2025-04-11,P015,SUP10,100,43.68,4368.0
PO-06687,2025-04-11,P024,SUP04,150,5.1,765.0
PO-06688,2025-04-11,P033,SUP15,400,16.89,6756.0
PO-06689,2025-04-11,P030,SUP14,500,72.28,36140.0
PO-06690,2025-04-11,P033,SUP05,400,16.61,6644.0
PO-06691,2025-04-11,P009,SUP11,120,23.7,2844.0
PO-06692,2025-04-11,P042,SUP08,50,66.49,3324.5
PO-06693,2025-04-11,P009,SUP01,80,24.36,1948.8
PO-06694,2025-04-11,P031,SUP15,100,37.46,3746.0
PO-06695,2025-04-11,P032,SUP09,200,21.61,4322.0
PO-06696,2025-04-12,P037,SUP15,150,18.36,2754.0
PO-06697,2025-04-12,P032,SUP05,500,21.9,10950.0
PO-06698,2025-04-12,P003,SUP06,80,85.55,6844.0
PO-06699,2025-04-12,P030,SUP15,250,74.0,18500.0
PO-06700,2025-04-12,P024,SUP04,400,5.22,2088.0
PO-06701,2025-04-12,P040,SUP14,500,12.08,6040.0
PO-06702,2025-04-12,P047,SUP08,40,79.24,3169.6
PO-06703,2025-04-12,P017,SUP08,250,19.73,4932.5
PO-06704,2025-04-12,P002,SUP11,500,6.17,3085.0
PO-06705,2025-04-12,P039,SUP09,200,14.8,2960.0
PO-06706,2025-04-12,P024,SUP07,250,5.22,1305.0
PO-06707,2025-04-13,P011,SUP03,500,12.54,6270.0
PO-06708,2025-04-13,P009,SUP01,120,24.6,2952.0
PO-06709,2025-04-13,P045,SUP14,40,37.07,1482.8
PO-06710,2025-04-13,P034,SUP05,150,28.34,4251.0
PO-06711,2025-04-13,P008,SUP01,150,2.13,319.5
PO-06712,2025-04-13,P008,SUP01,500,2.15,1075.0
PO-06713,2025-04-13,P050,SUP15,30,94.43,2832.9
PO-06714,2025-04-13,P038,SUP09,60,25.57,1534.2
PO-06715,2025-04-13,P002,SUP02,150,6.24,936.0
PO-06716,2025-04-14,P034,SUP05,250,27.49,6872.5
PO-06717,2025-04-14,P034,SUP14,400,27.87,11148.0
PO-06718,2025-04-14,P042,SUP01,80,69.12,5529.6
PO-06719,2025-04-14,P048,SUP08,300,20.98,6294.0
PO-06720,2025-04-14,P043,SUP08,200,15.12,3024.0
PO-06721,2025-04-14,P043,SUP14,400,15.23,6092.0
PO-06722,2025-04-14,P002,SUP02,300,6.14,1842.0
PO-06723,2025-04-15,P002,SUP11,100,6.29,629.0
PO-06724,2025-04-15,P035,SUP05,60,46.07,2764.2
PO-06725,2025-04-15,P043,SUP15,200,15.42,3084.0
PO-06726,2025-04-15,P037,SUP05,250,17.54,4385.0
PO-06727,2025-04-15,P020,SUP01,50,26.0,1300.0
PO-06728,2025-04-15,P048,SUP15,100,21.58,2158.0
PO-06729,2025-04-15,P010,SUP15,100,44.42,4442.0
PO-06730,2025-04-15,P024,SUP07,250,5.09,1272.5
PO-06731,2025-04-15,P045,SUP01,100,36.78,3678.0
PO-06732,2025-04-15,P020,SUP10,100,26.69,2669.0
PO-06733,2025-04-15,P030,SUP07,100,74.11,7411.0
PO-06734,2025-04-15,P048,SUP08,200,20.47,4094.0
PO-06735,2025-04-15,P034,SUP15,300,28.38,8514.0
PO-06736,2025-04-15,P008,SUP02,300,2.14,642.0
PO-06737,2025-04-15,P008,SUP02,150,2.09,313.5
PO-06738,2025-04-15,P035,SUP14,80,43.86,3508.8
PO-06739,2025-04-15,P029,SUP14,120,111.59,13390.8
PO-06740,2025-04-15,P043,SUP12,250,15.14,3785.0
PO-06741,2025-04-15,P025,SUP13,100,34.08,3408.0
PO-06742,2025-04-15,P029,SUP13,50,116.61,5830.5
PO-06743,2025-04-15,P015,SUP08,100,43.65,4365.0
PO-06744,2025-04-15,P028,SUP13,40,85.5,3420.0
PO-06745,2025-04-16,P002,SUP15,500,6.21,3105.0
PO-06746,2025-04-16,P010,SUP02,120,44.49,5338.8
PO-06747,2025-04-16,P039,SUP09,300,14.5,4350.0
PO-06748,2025-04-16,P008,SUP11,400,2.11,844.0
PO-06749,2025-04-16,P045,SUP12,40,35.03,1401.2
PO-06750,2025-04-16,P037,SUP09,500,17.98,8990.0
PO-06751,2025-04-16,P042,SUP01,100,67.74,6774.0
PO-06752,2025-04-16,P005,SUP02,60,7.72,463.2
PO-06753,2025-04-16,P020,SUP10,120,27.19,3262.8
PO-06754,2025-04-16,P022,SUP13,80,90.86,7268.8
PO-06755,2025-04-16,P023,SUP15,100,62.31,6231.0
PO-06756,2025-04-17,P021,SUP15,400,47.46,18984.0
PO-06757,2025-04-17,P024,SUP04,300,5.35,1605.0
PO-06758,2025-04-17,P015,SUP03,60,42.69,2561.4
PO-06759,2025-04-17,P013,SUP03,60,32.43,1945.8
PO-06760,2025-04-17,P008,SUP06,250,2.15,537.5
PO-06761,2025-04-17,P033,SUP15,500,16.62,8310.0
PO-06762,2025-04-17,P040,SUP09,300,12.29,3687.0
PO-06763,2025-04-17,P030,SUP07,100,72.59,7259.0
PO-06764,2025-04-17,P048,SUP12,150,20.4,3060.0
PO-06765,2025-04-18,P006,SUP11,15,117.29,1759.35
PO-06766,2025-04-18,P036,SUP15,100,31.32,3132.0
PO-06767,2025-04-18,P024,SUP13,100,5.06,506.0
PO-06768,2025-04-18,P031,SUP14,300,38.04,11412.0
PO-06769,2025-04-18,P016,SUP08,80,59.19,4735.2
PO-06770,2025-04-18,P030,SUP14,300,73.37,22011.0
PO-06771,2025-04-18,P038,SUP15,120,25.26,3031.2
PO-06772,2025-04-18,P011,SUP06,150,12.65,1897.5
PO-06773,2025-04-18,P023,SUP14,120,62.63,7515.6
PO-06774,2025-04-18,P029,SUP14,60,116.31,6978.6
PO-06775,2025-04-18,P034,SUP09,200,28.26,5652.0
PO-06776,2025-04-18,P008,SUP11,200,2.13,426.0
PO-06777,2025-04-18,P024,SUP07,400,5.2,2080.0
PO-06778,2025-04-18,P008,SUP06,300,2.14,642.0
PO-06779,2025-04-18,P043,SUP14,400,15.7,6280.0
PO-06780,2025-04-18,P004,SUP15,250,3.5,875.0
PO-06781,2025-04-19,P037,SUP14,200,18.12,3624.0
PO-06782,2025-04-19,P011,SUP10,200,12.35,2470.0
PO-06783,2025-04-19,P031,SUP14,300,39.09,11727.0
PO-06784,2025-04-19,P043,SUP01,250,15.12,3780.0
PO-06785,2025-04-19,P010,SUP11,50,45.04,2252.0
PO-06786,2025-04-19,P009,SUP01,50,24.22,1211.0
PO-06787,2025-04-19,P048,SUP08,250,21.51,5377.5
PO-06788,2025-04-19,P045,SUP14,40,34.95,1398.0
PO-06789,2025-04-20,P043,SUP08,200,15.32,3064.0
PO-06790,2025-04-20,P043,SUP01,150,15.57,2335.5
PO-06791,2025-04-20,P041,SUP08,15,55.18,827.7
PO-06792,2025-04-20,P043,SUP01,200,15.78,3156.0
PO-06793,2025-04-20,P003,SUP01,80,86.33,6906.4
PO-06794,2025-04-20,P004,SUP15,400,3.35,1340.0
PO-06795,2025-04-20,P010,SUP02,50,46.22,2311.0
PO-06796,2025-04-20,P048,SUP12,100,21.33,2133.0
PO-06797,2025-04-20,P031,SUP05,100,38.61,3861.0
PO-06798,2025-04-20,P038,SUP14,60,24.39,1463.4
PO-06799,2025-04-20,P033,SUP14,300,16.86,5058.0
PO-06800,2025-04-20,P031,SUP09,300,39.1,11730.0
PO-06801,2025-04-20,P008,SUP15,100,2.08,208.0
PO-06802,2025-04-20,P015,SUP03,100,43.28,4328.0
PO-06803,2025-04-20,P029,SUP14,60,112.7,6762.0
PO-06804,2025-04-20,P005,SUP01,120,7.7,924.0
PO-06805,2025-04-20,P005,SUP11,120,7.86,943.2
PO-06806,2025-04-21,P010,SUP06,60,45.85,2751.0
PO-06807,2025-04-21,P014,SUP08,50,74.11,3705.5
PO-06808,2025-04-21,P005,SUP02,80,7.65,612.0
PO-06809,2025-04-21,P043,SUP12,100,15.45,1545.0
PO-06810,2025-04-21,P003,SUP15,80,84.06,6724.8
PO-06811,2025-04-21,P001,SUP01,100,19.02,1902.0
PO-06812,2025-04-21,P032,SUP15,300,21.48,6444.0
PO-06813,2025-04-21,P021,SUP07,100,47.99,4799.0
PO-06814,2025-04-21,P010,SUP01,60,43.85,2631.0
PO-06815,2025-04-21,P012,SUP03,30,112.14,3364.2
PO-06816,2025-04-21,P017,SUP01,300,20.16,6048.0
PO-06817,2025-04-21,P042,SUP15,60,66.07,3964.2
PO-06818,2025-04-21,P016,SUP01,120,56.64,6796.8
PO-06819,2025-04-21,P043,SUP12,400,15.75,6300.0
PO-06820,2025-04-21,P043,SUP08,400,15.31,6124.0
PO-06821,2025-04-21,P002,SUP06,400,6.23,2492.0
PO-06822,2025-04-21,P017,SUP03,100,20.02,2002.0
PO-06823,2025-04-21,P029,SUP04,80,113.35,9068.0
PO-06824,2025-04-21,P030,SUP04,200,74.03,14806.0
PO-06825,2025-04-22,P030,SUP14,500,72.06,36030.0
PO-06826,2025-04-22,P024,SUP04,200,5.24,1048.0
PO-06827,2025-04-22,P045,SUP15,100,36.69,3669.0
PO-06828,2025-04-22,P039,SUP05,250,14.83,3707.5
PO-06829,2025-04-22,P043,SUP08,200,15.83,3166.0
PO-06830,2025-04-22,P040,SUP14,300,11.7,3510.0
PO-06831,2025-04-22,P001,SUP06,250,18.13,4532.5
PO-06832,2025-04-22,P041,SUP14,30,54.24,1627.2
PO-06833,2025-04-22,P030,SUP14,250,72.2,18050.0
PO-06834,2025-04-22,P048,SUP08,300,21.16,6348.0
PO-06835,2025-04-23,P028,SUP14,20,89.1,1782.0
PO-06836,2025-04-23,P031,SUP05,150,38.12,5718.0
PO-06837,2025-04-23,P006,SUP15,30,121.73,3651.9
PO-06838,2025-04-23,P037,SUP05,150,17.63,2644.5
PO-06839,2025-04-23,P022,SUP13,50,91.41,4570.5
PO-06840,2025-04-23,P011,SUP06,100,12.47,1247.0
PO-06841,2025-04-23,P017,SUP03,400,20.12,8048.0
PO-06842,2025-04-23,P034,SUP15,400,28.43,11372.0
PO-06843,2025-04-23,P039,SUP05,150,14.08,2112.0
PO-06844,2025-04-23,P013,SUP06,60,32.24,1934.4
PO-06845,2025-04-23,P035,SUP14,60,44.3,2658.0
PO-06846,2025-04-24,P033,SUP14,250,16.62,4155.0
PO-06847,2025-04-24,P048,SUP14,400,21.62,8648.0
PO-06848,2025-04-24,P037,SUP15,400,17.7,7080.0
PO-06849,2025-04-24,P002,SUP15,300,6.25,1875.0
PO-06850,2025-04-24,P031,SUP14,100,38.08,3808.0
PO-06851,2025-04-24,P017,SUP03,400,19.91,7964.0
PO-06852,2025-04-24,P004,SUP02,200,3.31,662.0
PO-06853,2025-04-24,P046,SUP14,40,28.39,1135.6
PO-06854,2025-04-24,P032,SUP14,300,21.53,6459.0
PO-06855,2025-04-24,P011,SUP10,150,12.56,1884.0
PO-06856,2025-04-24,P044,SUP01,20,81.47,1629.4
PO-06857,2025-04-24,P040,SUP15,150,12.12,1818.0
PO-06858,2025-04-24,P024,SUP07,200,5.22,1044.0
PO-06859,2025-04-24,P029,SUP13,60,114.55,6873.0
PO-06860,2025-04-24,P034,SUP15,250,28.59,7147.5
PO-06861,2025-04-24,P033,SUP15,100,16.25,1625.0
PO-06862,2025-04-24,P025,SUP14,100,35.56,3556.0
PO-06863,2025-04-25,P031,SUP09,150,39.1,5865.0
PO-06864,2025-04-25,P034,SUP15,150,27.98,4197.0
PO-06865,2025-04-25,P039,SUP09,400,14.41,5764.0
PO-06866,2025-04-25,P040,SUP14,300,11.9,3570.0
PO-06867,2025-04-25,P033,SUP09,500,16.52,8260.0
PO-06868,2025-04-25,P048,SUP08,200,21.11,4222.0
PO-06869,2025-04-25,P029,SUP04,100,112.05,11205.0
PO-06870,2025-04-25,P032,SUP05,100,21.98,2198.0
PO-06871,2025-04-25,P001,SUP06,300,18.01,5403.0
PO-06872,2025-04-25,P017,SUP01,200,20.22,4044.0
PO-06873,2025-04-25,P010,SUP15,50,44.12,2206.0
PO-06874,2025-04-25,P005,SUP15,50,7.64,382.0
PO-06875,2025-04-25,P002,SUP15,300,6.36,1908.0
PO-06876,2025-04-26,P024,SUP13,400,5.11,2044.0
PO-06877,2025-04-26,P035,SUP15,100,44.71,4471.0
PO-06878,2025-04-26,P008,SUP01,100,2.11,211.0
PO-06879,2025-04-26,P037,SUP15,400,17.57,7028.0
PO-06880,2025-04-26,P045,SUP15,50,36.04,1802.0
PO-06881,2025-04-26,P040,SUP05,150,11.92,1788.0
PO-06882,2025-04-26,P001,SUP11,200,18.22,3644.0
PO-06883,2025-04-26,P050,SUP15,30,93.11,2793.3
PO-06884,2025-04-26,P013,SUP10,40,31.46,1258.4
PO-06885,2025-04-26,P006,SUP06,40,120.07,4802.8
PO-06886,2025-04-26,P024,SUP14,400,5.34,2136.0
PO-06887,2025-04-26,P033,SUP09,300,16.24,4872.0
PO-06888,2025-04-26,P042,SUP14,40,67.49,2699.6
PO-06889,2025-04-26,P022,SUP07,120,91.48,10977.6
PO-06890,2025-04-26,P001,SUP02,200,18.36,3672.0
PO-06891,2025-04-27,P043,SUP14,300,15.09,4527.0
PO-06892,2025-04-27,P030,SUP15,150,73.93,11089.5
PO-06893,2025-04-27,P006,SUP06,40,118.21,4728.4
PO-06894,2025-04-27,P040,SUP09,150,12.26,1839.0
PO-06895,2025-04-27,P037,SUP15,300,18.09,5427.0
PO-06896,2025-04-27,P046,SUP14,60,29.85,1791.0
PO-06897,2025-04-27,P037,SUP15,150,17.97,2695.5
PO-06898,2025-04-27,P008,SUP01,300,2.14,642.0
PO-06899,2025-04-27,P025,SUP04,40,34.18,1367.2
PO-06900,2025-04-27,P002,SUP11,500,6.36,3180.0
PO-06901,2025-04-27,P010,SUP11,120,43.73,5247.6
PO-06902,2025-04-27,P024,SUP15,400,5.23,2092.0
PO-06903,2025-04-27,P022,SUP04,40,93.24,3729.6
PO-06904,2025-04-27,P031,SUP05,200,39.39,7878.0
PO-06905,2025-04-27,P045,SUP08,40,35.35,1414.0
PO-06906,2025-04-27,P048,SUP14,400,20.68,8272.0
PO-06907,2025-04-28,P021,SUP13,200,46.64,9328.0
PO-06908,2025-04-28,P023,SUP14,80,65.06,5204.8
PO-06909,2025-04-28,P017,SUP01,150,20.31,3046.5
PO-06910,2025-04-28,P039,SUP09,400,14.6,5840.0
PO-06911,2025-04-28,P008,SUP11,300,2.08,624.0
PO-06912,2025-04-28,P017,SUP08,250,19.79,4947.5
PO-06913,2025-04-28,P032,SUP05,250,21.73,5432.5
PO-06914,2025-04-28,P024,SUP07,400,5.05,2020.0
PO-06915,2025-04-29,P023,SUP04,120,64.98,7797.6
PO-06916,2025-04-29,P024,SUP04,250,5.24,1310.0
PO-06917,2025-04-29,P010,SUP01,120,44.73,5367.6
PO-06918,2025-04-29,P037,SUP14,150,17.82,2673.0
PO-06919,2025-04-29,P001,SUP01,300,18.34,5502.0
PO-06920,2025-04-29,P016,SUP01,120,58.0,6960.0
PO-06921,2025-04-29,P040,SUP09,250,11.83,2957.5
PO-06922,2025-04-29,P034,SUP09,250,27.38,6845.0
PO-06923,2025-04-29,P038,SUP09,120,24.26,2911.2
PO-06924,2025-04-29,P007,SUP02,40,63.69,2547.6
PO-06925,2025-04-29,P023,SUP15,50,63.95,3197.5
PO-06926,2025-04-29,P005,SUP11,40,7.75,310.0
PO-06927,2025-04-29,P002,SUP11,200,6.09,1218.0
PO-06928,2025-04-29,P019,SUP10,20,94.66,1893.2
PO-06929,2025-04-29,P004,SUP01,150,3.41,511.5
PO-06930,2025-04-29,P039,SUP09,150,14.14,2121.0
PO-06931,2025-04-29,P023,SUP04,120,62.69,7522.8
PO-06932,2025-04-29,P003,SUP02,100,87.55,8755.0
PO-06933,2025-04-30,P020,SUP01,100,27.06,2706.0
PO-06934,2025-04-30,P021,SUP13,250,49.27,12317.5
PO-06935,2025-04-30,P011,SUP08,300,12.55,3765.0
PO-06936,2025-04-30,P033,SUP14,100,16.65,1665.0
PO-06937,2025-04-30,P013,SUP06,80,31.67,2533.6
PO-06938,2025-04-30,P033,SUP05,400,16.63,6652.0
PO-06939,2025-04-30,P025,SUP14,40,34.26,1370.4
PO-06940,2025-04-30,P037,SUP05,400,18.18,7272.0
PO-06941,2025-04-30,P029,SUP04,120,118.14,14176.8
PO-06942,2025-04-30,P045,SUP08,40,35.19,1407.6
PO-06943,2025-04-30,P033,SUP14,150,16.74,2511.0
PO-06944,2025-04-30,P010,SUP11,80,45.89,3671.2
PO-06945,2025-05-01,P039,SUP14,100,14.7,1470.0
PO-06946,2025-05-01,P025,SUP13,50,34.23,1711.5
PO-06947,2025-05-01,P031,SUP14,200,38.52,7704.0
PO-06948,2025-05-01,P039,SUP05,500,14.55,7275.0
PO-06949,2025-05-01,P037,SUP15,250,18.02,4505.0
PO-06950,2025-05-01,P029,SUP13,100,114.7,11470.0
PO-06951,2025-05-01,P035,SUP05,100,44.35,4435.0
PO-06952,2025-05-01,P008,SUP02,200,2.07,414.0
PO-06953,2025-05-01,P023,SUP07,60,64.02,3841.2
PO-06954,2025-05-01,P024,SUP07,500,5.11,2555.0
PO-06955,2025-05-02,P037,SUP09,100,17.86,1786.0
PO-06956,2025-05-02,P031,SUP15,150,38.77,5815.5
PO-06957,2025-05-02,P017,SUP06,250,19.31,4827.5
PO-06958,2025-05-02,P041,SUP14,10,52.88,528.8
PO-06959,2025-05-02,P048,SUP15,150,21.03,3154.5
PO-06960,2025-05-02,P008,SUP15,250,2.05,512.5
PO-06961,2025-05-02,P009,SUP01,50,23.42,1171.0
PO-06962,2025-05-02,P030,SUP15,200,72.3,14460.0
PO-06963,2025-05-02,P037,SUP14,400,17.48,6992.0
PO-06964,2025-05-02,P003,SUP11,50,85.88,4294.0
PO-06965,2025-05-02,P032,SUP05,150,22.6,3390.0
PO-06966,2025-05-02,P043,SUP08,300,15.43,4629.0
PO-06967,2025-05-03,P001,SUP01,300,18.32,5496.0
PO-06968,2025-05-03,P033,SUP15,150,16.25,2437.5
PO-06969,2025-05-03,P034,SUP09,250,27.52,6880.0
PO-06970,2025-05-03,P005,SUP11,80,7.84,627.2
PO-06971,2025-05-03,P030,SUP07,150,70.99,10648.5
PO-06972,2025-05-03,P043,SUP01,100,15.42,1542.0
PO-06973,2025-05-03,P025,SUP14,50,36.05,1802.5
PO-06974,2025-05-03,P032,SUP09,400,22.27,8908.0
PO-06975,2025-05-03,P039,SUP14,250,14.82,3705.0
PO-06976,2025-05-03,P032,SUP15,150,22.04,3306.0
PO-06977,2025-05-03,P025,SUP14,100,35.71,3571.0
PO-06978,2025-05-03,P020,SUP10,80,26.89,2151.2
PO-06979,2025-05-04,P039,SUP09,250,14.11,3527.5
PO-06980,2025-05-04,P035,SUP09,80,44.54,3563.2
PO-06981,2025-05-04,P042,SUP08,40,68.59,2743.6
PO-06982,2025-05-04,P025,SUP04,40,34.17,1366.8
PO-06983,2025-05-04,P007,SUP15,60,64.41,3864.6
PO-06984,2025-05-04,P033,SUP15,150,16.49,2473.5
PO-06985,2025-05-04,P001,SUP02,300,18.49,5547.0
PO-06986,2025-05-04,P050,SUP15,10,94.33,943.3
PO-06987,2025-05-04,P038,SUP15,40,24.32,972.8
PO-06988,2025-05-04,P015,SUP01,120,42.11,5053.2
PO-06989,2025-05-04,P002,SUP06,500,6.3,3150.0
PO-06990,2025-05-04,P032,SUP15,100,21.93,2193.0
PO-06991,2025-05-04,P039,SUP15,300,14.67,4401.0
PO-06992,2025-05-04,P034,SUP05,300,28.21,8463.0
PO-06993,2025-05-04,P034,SUP14,400,28.21,11284.0
PO-06994,2025-05-04,P036,SUP05,120,32.22,3866.4
PO-06995,2025-05-04,P046,SUP15,60,29.38,1762.8
PO-06996,2025-05-05,P011,SUP01,300,12.47,3741.0
PO-06997,2025-05-05,P036,SUP14,50,31.09,1554.5
PO-06998,2025-05-05,P046,SUP14,100,28.29,2829.0
PO-06999,2025-05-05,P040,SUP15,400,12.35,4940.0
PO-07000,2025-05-05,P031,SUP14,250,38.52,9630.0
PO-07001,2025-05-05,P035,SUP09,100,43.78,4378.0
PO-07002,2025-05-05,P042,SUP15,120,69.26,8311.2
PO-07003,2025-05-05,P017,SUP10,200,19.46,3892.0
PO-07004,2025-05-05,P025,SUP13,60,34.85,2091.0
PO-07005,2025-05-05,P008,SUP11,300,2.13,639.0
PO-07006,2025-05-05,P045,SUP08,80,36.33,2906.4
PO-07007,2025-05-05,P048,SUP14,200,20.74,4148.0
PO-07008,2025-05-06,P037,SUP14,500,17.9,8950.0
PO-07009,2025-05-06,P016,SUP08,120,57.48,6897.6
PO-07010,2025-05-06,P011,SUP10,250,12.49,3122.5
PO-07011,2025-05-06,P032,SUP05,150,22.46,3369.0
PO-07012,2025-05-06,P034,SUP09,150,28.65,4297.5
PO-07013,2025-05-06,P043,SUP15,300,15.69,4707.0
PO-07014,2025-05-06,P034,SUP14,250,27.99,6997.5
PO-07015,2025-05-06,P035,SUP09,60,46.26,2775.6
PO-07016,2025-05-06,P040,SUP15,500,11.8,5900.0
PO-07017,2025-05-06,P034,SUP05,400,28.7,11480.0
PO-07018,2025-05-06,P023,SUP13,120,62.76,7531.2
PO-07019,2025-05-06,P040,SUP05,400,12.24,4896.0
PO-07020,2025-05-06,P048,SUP15,200,20.71,4142.0
PO-07021,2025-05-06,P027,SUP04,10,136.94,1369.4
PO-07022,2025-05-07,P032,SUP15,250,22.24,5560.0
PO-07023,2025-05-07,P045,SUP01,40,36.27,1450.8
PO-07024,2025-05-07,P021,SUP07,500,47.87,23935.0
PO-07025,2025-05-07,P002,SUP11,500,6.17,3085.0
PO-07026,2025-05-07,P033,SUP09,150,16.05,2407.5
PO-07027,2025-05-07,P049,SUP14,30,388.37,11651.1
PO-07028,2025-05-07,P024,SUP07,400,5.21,2084.0
PO-07029,2025-05-07,P011,SUP06,200,12.25,2450.0
PO-07030,2025-05-07,P048,SUP15,250,20.66,5165.0
PO-07031,2025-05-07,P037,SUP14,300,17.83,5349.0
PO-07032,2025-05-07,P009,SUP02,60,23.82,1429.2
PO-07033,2025-05-07,P002,SUP02,400,6.26,2504.0
PO-07034,2025-05-07,P020,SUP03,60,26.72,1603.2
PO-07035,2025-05-08,P024,SUP04,150,5.33,799.5
PO-07036,2025-05-08,P030,SUP07,500,72.83,36415.0
PO-07037,2025-05-08,P018,SUP03,10,246.36,2463.6
PO-07038,2025-05-08,P011,SUP10,400,12.62,5048.0
PO-07039,2025-05-08,P005,SUP11,120,7.65,918.0
PO-07040,2025-05-08,P046,SUP15,100,29.43,2943.0
PO-07041,2025-05-08,P033,SUP09,150,16.4,2460.0
PO-07042,2025-05-08,P017,SUP06,400,20.34,8136.0
PO-07043,2025-05-08,P034,SUP05,300,28.12,8436.0
PO-07044,2025-05-08,P033,SUP09,100,16.27,1627.0
PO-07045,2025-05-08,P041,SUP12,10,54.11,541.1
PO-07046,2025-05-08,P043,SUP08,250,15.06,3765.0
PO-07047,2025-05-08,P035,SUP14,50,45.45,2272.5
PO-07048,2025-05-08,P016,SUP01,100,59.04,5904.0
PO-07049,2025-05-08,P017,SUP08,500,19.49,9745.0
PO-07050,2025-05-08,P016,SUP08,60,57.67,3460.2
PO-07051,2025-05-08,P004,SUP06,300,3.31,993.0
PO-07052,2025-05-08,P039,SUP05,400,14.67,5868.0
PO-07053,2025-05-08,P016,SUP10,50,58.27,2913.5
PO-07054,2025-05-09,P008,SUP01,200,2.13,426.0
PO-07055,2025-05-09,P045,SUP01,100,36.83,3683.0
PO-07056,2025-05-09,P011,SUP03,150,12.81,1921.5
PO-07057,2025-05-09,P021,SUP04,300,48.1,14430.0
PO-07058,2025-05-09,P032,SUP09,250,22.34,5585.0
PO-07059,2025-05-09,P017,SUP03,300,19.57,5871.0
PO-07060,2025-05-09,P039,SUP15,300,14.14,4242.0
PO-07061,2025-05-09,P026,SUP15,40,53.97,2158.8
PO-07062,2025-05-09,P025,SUP04,120,35.07,4208.4
PO-07063,2025-05-09,P038,SUP14,80,25.63,2050.4
PO-07064,2025-05-09,P048,SUP15,100,21.1,2110.0
PO-07065,2025-05-09,P002,SUP01,300,6.37,1911.0
PO-07066,2025-05-09,P038,SUP14,60,25.11,1506.6
PO-07067,2025-05-09,P031,SUP09,400,39.02,15608.0
PO-07068,2025-05-09,P043,SUP12,400,15.05,6020.0
PO-07069,2025-05-10,P040,SUP05,250,11.94,2985.0
PO-07070,2025-05-10,P032,SUP05,100,22.53,2253.0
PO-07071,2025-05-10,P004,SUP11,250,3.47,867.5
PO-07072,2025-05-10,P014,SUP10,50,75.24,3762.0
PO-07073,2025-05-10,P042,SUP15,60,69.59,4175.4
PO-07074,2025-05-10,P007,SUP15,60,64.23,3853.8
PO-07075,2025-05-10,P037,SUP05,300,18.34,5502.0
PO-07076,2025-05-10,P003,SUP01,60,86.29,5177.4
PO-07077,2025-05-10,P041,SUP12,20,53.95,1079.0
PO-07078,2025-05-10,P042,SUP15,100,69.89,6989.0
PO-07079,2025-05-10,P040,SUP05,200,11.88,2376.0
PO-07080,2025-05-10,P040,SUP09,200,11.97,2394.0
PO-07081,2025-05-10,P036,SUP15,100,31.88,3188.0
PO-07082,2025-05-10,P048,SUP12,500,20.41,10205.0
PO-07083,2025-05-11,P026,SUP04,10,54.01,540.1
PO-07084,2025-05-11,P049,SUP14,20,372.93,7458.6
PO-07085,2025-05-11,P031,SUP15,250,38.3,9575.0
PO-07086,2025-05-11,P029,SUP07,40,116.51,4660.4
PO-07087,2025-05-11,P015,SUP01,60,41.41,2484.6
PO-07088,2025-05-11,P009,SUP01,100,24.34,2434.0
PO-07089,2025-05-11,P030,SUP07,200,70.89,14178.0
PO-07090,2025-05-11,P043,SUP15,400,15.34,6136.0
PO-07091,2025-05-11,P029,SUP04,60,117.94,7076.4
PO-07092,2025-05-11,P037,SUP05,500,17.63,8815.0
PO-07093,2025-05-11,P010,SUP06,100,45.87,4587.0
PO-07094,2025-05-11,P030,SUP13,500,71.08,35540.0
PO-07095,2025-05-11,P038,SUP09,100,24.39,2439.0
PO-07096,2025-05-11,P017,SUP01,100,19.45,1945.0
PO-07097,2025-05-11,P008,SUP06,100,2.06,206.0
PO-07098,2025-05-12,P013,SUP06,40,32.88,1315.2
PO-07099,2025-05-12,P038,SUP14,120,25.32,3038.4
PO-07100,2025-05-12,P007,SUP02,40,65.05,2602.0
PO-07101,2025-05-12,P043,SUP12,500,15.53,7765.0
PO-07102,2025-05-12,P030,SUP13,250,70.08,17520.0
PO-07103,2025-05-12,P043,SUP15,150,15.55,2332.5
PO-07104,2025-05-12,P039,SUP09,250,14.74,3685.0
PO-07105,2025-05-12,P031,SUP14,100,37.5,3750.0
PO-07106,2025-05-12,P030,SUP13,150,73.76,11064.0
PO-07107,2025-05-12,P043,SUP08,150,15.69,2353.5
PO-07108,2025-05-12,P039,SUP05,500,14.75,7375.0
PO-07109,2025-05-12,P025,SUP04,50,35.05,1752.5
PO-07110,2025-05-12,P038,SUP14,80,24.77,1981.6
PO-07111,2025-05-12,P042,SUP14,50,66.0,3300.0
PO-07112,2025-05-13,P043,SUP01,200,15.32,3064.0
PO-07113,2025-05-13,P016,SUP06,120,57.14,6856.8
PO-07114,2025-05-13,P039,SUP14,200,14.18,2836.0
PO-07115,2025-05-13,P004,SUP01,200,3.32,664.0
PO-07116,2025-05-13,P042,SUP14,60,69.31,4158.6
PO-07117,2025-05-13,P002,SUP06,250,6.32,1580.0
PO-07118,2025-05-13,P021,SUP15,400,47.12,18848.0
PO-07119,2025-05-13,P007,SUP02,50,65.68,3284.0
PO-07120,2025-05-13,P006,SUP15,40,122.11,4884.4
PO-07121,2025-05-13,P001,SUP06,250,18.6,4650.0
PO-07122,2025-05-13,P016,SUP06,40,57.45,2298.0
PO-07123,2025-05-13,P008,SUP02,500,2.11,1055.0
PO-07124,2025-05-13,P021,SUP14,500,47.87,23935.0
PO-07125,2025-05-13,P036,SUP15,40,32.29,1291.6
PO-07126,2025-05-13,P034,SUP14,200,28.33,5666.0
PO-07127,2025-05-13,P033,SUP14,500,16.39,8195.0
PO-07128,2025-05-14,P048,SUP01,500,21.52,10760.0
PO-07129,2025-05-14,P043,SUP12,200,15.12,3024.0
PO-07130,2025-05-14,P021,SUP04,150,49.09,7363.5
PO-07131,2025-05-14,P048,SUP08,300,20.38,6114.0
PO-07132,2025-05-14,P004,SUP01,400,3.47,1388.0
PO-07133,2025-05-14,P004,SUP02,400,3.39,1356.0
PO-07134,2025-05-14,P040,SUP14,200,11.84,2368.0
PO-07135,2025-05-14,P026,SUP14,40,53.41,2136.4
PO-07136,2025-05-14,P030,SUP04,200,70.5,14100.0
PO-07137,2025-05-14,P013,SUP08,100,31.96,3196.0
PO-07138,2025-05-14,P030,SUP07,150,71.06,10659.0
PO-07139,2025-05-14,P036,SUP15,120,32.09,3850.8
PO-07140,2025-05-14,P017,SUP01,500,19.75,9875.0
PO-07141,2025-05-14,P017,SUP08,200,19.5,3900.0
PO-07142,2025-05-14,P031,SUP09,400,38.83,15532.0
PO-07143,2025-05-14,P003,SUP15,100,83.12,8312.0
PO-07144,2025-05-15,P011,SUP08,100,12.68,1268.0
PO-07145,2025-05-15,P006,SUP01,20,121.54,2430.8
PO-07146,2025-05-15,P022,SUP04,50,93.6,4680.0
PO-07147,2025-05-15,P029,SUP13,80,116.88,9350.4
PO-07148,2025-05-15,P046,SUP15,40,29.55,1182.0
PO-07149,2025-05-15,P002,SUP15,300,6.29,1887.0
PO-07150,2025-05-15,P039,SUP14,150,14.31,2146.5
PO-07151,2025-05-15,P011,SUP08,500,12.21,6105.0
PO-07152,2025-05-15,P011,SUP06,500,12.31,6155.0
PO-07153,2025-05-15,P021,SUP14,100,48.83,4883.0
PO-07154,2025-05-16,P007,SUP01,80,63.61,5088.8
PO-07155,2025-05-16,P004,SUP01,100,3.44,344.0
PO-07156,2025-05-16,P008,SUP02,150,2.05,307.5
PO-07157,2025-05-16,P008,SUP01,150,2.13,319.5
PO-07158,2025-05-16,P024,SUP15,200,5.32,1064.0
PO-07159,2025-05-16,P032,SUP15,300,21.4,6420.0
PO-07160,2025-05-16,P048,SUP08,400,21.41,8564.0
PO-07161,2025-05-16,P031,SUP09,200,38.54,7708.0
PO-07162,2025-05-16,P007,SUP11,60,63.78,3826.8
PO-07163,2025-05-16,P046,SUP15,50,29.44,1472.0
PO-07164,2025-05-16,P033,SUP09,200,16.13,3226.0
PO-07165,2025-05-16,P022,SUP07,100,92.21,9221.0
PO-07166,2025-05-16,P008,SUP06,250,2.16,540.0
PO-07167,2025-05-17,P037,SUP09,200,17.49,3498.0
PO-07168,2025-05-17,P005,SUP11,80,7.65,612.0
PO-07169,2025-05-17,P017,SUP10,400,19.85,7940.0
PO-07170,2025-05-17,P004,SUP11,150,3.46,519.0
PO-07171,2025-05-17,P045,SUP08,100,36.46,3646.0
PO-07172,2025-05-17,P031,SUP05,300,37.92,11376.0
PO-07173,2025-05-17,P039,SUP09,150,14.44,2166.0
PO-07174,2025-05-17,P038,SUP09,60,25.05,1503.0
PO-07175,2025-05-17,P025,SUP04,100,35.54,3554.0
PO-07176,2025-05-17,P021,SUP15,300,49.01,14703.0
PO-07177,2025-05-17,P025,SUP04,60,35.64,2138.4
PO-07178,2025-05-17,P037,SUP09,300,18.43,5529.0
PO-07179,2025-05-17,P048,SUP14,100,21.12,2112.0
PO-07180,2025-05-17,P024,SUP15,500,5.07,2535.0
PO-07181,2025-05-17,P025,SUP04,80,35.25,2820.0
PO-07182,2025-05-17,P009,SUP02,40,23.87,954.8
PO-07183,2025-05-17,P031,SUP05,250,38.54,9635.0
PO-07184,2025-05-17,P020,SUP06,80,26.18,2094.4
PO-07185,2025-05-18,P017,SUP06,400,19.63,7852.0
PO-07186,2025-05-18,P021,SUP15,400,49.32,19728.0
PO-07187,2025-05-18,P033,SUP09,500,16.52,8260.0
PO-07188,2025-05-18,P042,SUP08,50,67.81,3390.5
PO-07189,2025-05-18,P043,SUP15,500,15.63,7815.0
PO-07190,2025-05-18,P008,SUP11,300,2.16,648.0
PO-07191,2025-05-18,P034,SUP14,150,27.37,4105.5
PO-07192,2025-05-18,P021,SUP13,300,46.87,14061.0
PO-07193,2025-05-18,P004,SUP01,200,3.31,662.0
PO-07194,2025-05-18,P024,SUP15,250,5.04,1260.0
PO-07195,2025-05-18,P031,SUP05,400,38.46,15384.0
PO-07196,2025-05-18,P009,SUP02,80,23.76,1900.8
PO-07197,2025-05-18,P021,SUP15,250,48.96,12240.0
PO-07198,2025-05-18,P045,SUP15,80,35.36,2828.8
PO-07199,2025-05-18,P040,SUP05,150,11.66,1749.0
PO-07200,2025-05-18,P011,SUP06,150,12.61,1891.5
PO-07201,2025-05-18,P031,SUP09,300,37.48,11244.0
PO-07202,2025-05-19,P021,SUP07,100,47.86,4786.0
PO-07203,2025-05-19,P025,SUP13,50,34.03,1701.5
PO-07204,2025-05-19,P020,SUP10,100,26.84,2684.0
PO-07205,2025-05-19,P007,SUP15,80,65.92,5273.6
PO-07206,2025-05-19,P039,SUP05,300,14.62,4386.0
PO-07207,2025-05-19,P024,SUP07,300,5.25,1575.0
PO-07208,2025-05-19,P023,SUP04,120,65.09,7810.8
PO-07209,2025-05-19,P044,SUP08,40,83.73,3349.2
PO-07210,2025-05-19,P039,SUP09,500,14.88,7440.0
PO-07211,2025-05-19,P005,SUP15,120,7.88,945.6
PO-07212,2025-05-19,P048,SUP12,300,20.85,6255.0
PO-07213,2025-05-19,P011,SUP08,400,12.78,5112.0
PO-07214,2025-05-19,P013,SUP10,100,31.25,3125.0
PO-07215,2025-05-20,P004,SUP06,250,3.37,842.5
PO-07216,2025-05-20,P004,SUP01,400,3.37,1348.0
PO-07217,2025-05-20,P039,SUP14,150,14.47,2170.5
PO-07218,2025-05-20,P025,SUP13,100,35.43,3543.0
PO-07219,2025-05-20,P043,SUP01,500,15.89,7945.0
PO-07220,2025-05-20,P033,SUP15,250,16.17,4042.5
PO-07221,2025-05-20,P005,SUP02,100,7.6,760.0
PO-07222,2025-05-20,P037,SUP09,400,18.03,7212.0
PO-07223,2025-05-20,P001,SUP15,100,18.71,1871.0
PO-07224,2025-05-20,P008,SUP06,500,2.11,1055.0
PO-07225,2025-05-20,P043,SUP14,100,15.9,1590.0
PO-07226,2025-05-20,P040,SUP15,200,11.75,2350.0
PO-07227,2025-05-20,P008,SUP02,200,2.06,412.0
PO-07228,2025-05-20,P013,SUP08,50,32.93,1646.5
PO-07229,2025-05-20,P001,SUP06,100,18.78,1878.0
PO-07230,2025-05-20,P015,SUP10,50,43.22,2161.0
PO-07231,2025-05-21,P011,SUP10,300,12.13,3639.0
PO-07232,2025-05-21,P025,SUP13,40,35.71,1428.4
PO-07233,2025-05-21,P048,SUP01,300,20.72,6216.0
PO-07234,2025-05-21,P020,SUP01,40,26.24,1049.6
PO-07235,2025-05-21,P048,SUP14,500,20.75,10375.0
PO-07236,2025-05-21,P043,SUP08,400,15.33,6132.0
PO-07237,2025-05-21,P006,SUP15,20,122.99,2459.8
PO-07238,2025-05-21,P033,SUP05,100,16.37,1637.0
PO-07239,2025-05-21,P036,SUP15,40,32.09,1283.6
PO-07240,2025-05-22,P017,SUP06,500,19.4,9700.0
PO-07241,2025-05-22,P008,SUP06,250,2.15,537.5
PO-07242,2025-05-22,P012,SUP06,40,111.59,4463.6
PO-07243,2025-05-22,P036,SUP05,50,32.42,1621.0
PO-07244,2025-05-22,P040,SUP05,150,11.93,1789.5
PO-07245,2025-05-22,P001,SUP11,300,18.11,5433.0
PO-07246,2025-05-22,P004,SUP06,500,3.38,1690.0
PO-07247,2025-05-22,P037,SUP05,250,17.88,4470.0
PO-07248,2025-05-22,P017,SUP03,250,19.6,4900.0
PO-07249,2025-05-22,P001,SUP11,300,18.89,5667.0
PO-07250,2025-05-22,P021,SUP04,250,47.94,11985.0
PO-07251,2025-05-22,P008,SUP01,250,2.13,532.5
PO-07252,2025-05-22,P002,SUP01,300,6.05,1815.0
PO-07253,2025-05-22,P043,SUP14,200,15.9,3180.0
PO-07254,2025-05-22,P046,SUP12,50,28.31,1415.5
PO-07255,2025-05-22,P043,SUP01,400,15.6,6240.0
PO-07256,2025-05-22,P002,SUP01,300,6.2,1860.0
PO-07257,2025-05-23,P032,SUP05,100,21.36,2136.0
PO-07258,2025-05-23,P009,SUP15,50,23.39,1169.5
PO-07259,2025-05-23,P018,SUP01,15,247.03,3705.45
PO-07260,2025-05-23,P001,SUP06,250,18.26,4565.0
PO-07261,2025-05-23,P023,SUP14,100,63.87,6387.0
PO-07262,2025-05-23,P030,SUP15,100,69.93,6993.0
PO-07263,2025-05-23,P027,SUP04,10,144.09,1440.9
PO-07264,2025-05-23,P021,SUP15,250,48.29,12072.5
PO-07265,2025-05-23,P004,SUP06,400,3.37,1348.0
PO-07266,2025-05-23,P001,SUP02,500,18.49,9245.0
PO-07267,2025-05-23,P001,SUP15,400,18.93,7572.0
PO-07268,2025-05-23,P030,SUP15,500,72.75,36375.0
PO-07269,2025-05-23,P016,SUP08,80,57.94,4635.2
PO-07270,2025-05-23,P015,SUP03,60,42.73,2563.8
PO-07271,2025-05-23,P035,SUP14,40,44.41,1776.4
PO-07272,2025-05-23,P003,SUP15,40,82.94,3317.6
PO-07273,2025-05-24,P042,SUP08,120,66.39,7966.8
PO-07274,2025-05-24,P007,SUP01,120,64.93,7791.6
PO-07275,2025-05-24,P014,SUP01,100,76.39,7639.0
PO-07276,2025-05-24,P013,SUP08,50,32.17,1608.5
PO-07277,2025-05-24,P046,SUP12,40,28.94,1157.6
PO-07278,2025-05-24,P021,SUP13,100,47.4,4740.0
PO-07279,2025-05-24,P001,SUP11,400,18.8,7520.0
PO-07280,2025-05-24,P024,SUP13,400,5.21,2084.0
PO-07281,2025-05-24,P016,SUP01,120,58.42,7010.4
PO-07282,2025-05-24,P024,SUP14,150,5.18,777.0
PO-07283,2025-05-25,P035,SUP15,50,45.24,2262.0
PO-07284,2025-05-25,P029,SUP07,40,113.15,4526.0
PO-07285,2025-05-25,P039,SUP15,400,14.31,5724.0
PO-07286,2025-05-25,P002,SUP02,400,6.06,2424.0
PO-07287,2025-05-25,P019,SUP08,15,92.21,1383.15
PO-07288,2025-05-25,P017,SUP08,250,19.67,4917.5
PO-07289,2025-05-25,P048,SUP08,400,20.52,8208.0
PO-07290,2025-05-25,P048,SUP15,250,20.75,5187.5
PO-07291,2025-05-25,P032,SUP15,200,22.41,4482.0
PO-07292,2025-05-25,P008,SUP01,150,2.05,307.5
PO-07293,2025-05-25,P043,SUP14,200,15.73,3146.0
PO-07294,2025-05-25,P031,SUP05,300,38.75,11625.0
PO-07295,2025-05-25,P024,SUP14,400,5.25,2100.0
PO-07296,2025-05-25,P039,SUP05,300,14.8,4440.0
PO-07297,2025-05-25,P002,SUP15,250,6.38,1595.0
PO-07298,2025-05-25,P048,SUP15,150,21.53,3229.5
PO-07299,2025-05-25,P013,SUP01,100,31.76,3176.0
PO-07300,2025-05-25,P034,SUP15,150,28.1,4215.0
PO-07301,2025-05-25,P039,SUP09,400,14.35,5740.0
PO-07302,2025-05-26,P002,SUP02,500,6.3,3150.0
PO-07303,2025-05-26,P012,SUP10,10,107.95,1079.5
PO-07304,2025-05-26,P001,SUP06,300,18.07,5421.0
PO-07305,2025-05-26,P039,SUP15,150,14.56,2184.0
PO-07306,2025-05-26,P032,SUP09,500,21.85,10925.0
PO-07307,2025-05-26,P039,SUP15,500,14.44,7220.0
PO-07308,2025-05-26,P008,SUP02,100,2.1,210.0
PO-07309,2025-05-26,P016,SUP10,40,57.58,2303.2
PO-07310,2025-05-26,P025,SUP15,120,34.3,4116.0
PO-07311,2025-05-26,P017,SUP06,200,19.8,3960.0
PO-07312,2025-05-26,P023,SUP04,60,62.93,3775.8
PO-07313,2025-05-27,P004,SUP01,200,3.46,692.0
PO-07314,2025-05-27,P002,SUP11,200,6.26,1252.0
PO-07315,2025-05-27,P021,SUP15,300,47.83,14349.0
PO-07316,2025-05-27,P017,SUP03,200,20.33,4066.0
PO-07317,2025-05-27,P004,SUP11,100,3.38,338.0
PO-07318,2025-05-27,P025,SUP13,100,34.16,3416.0
PO-07319,2025-05-27,P030,SUP13,150,73.81,11071.5
PO-07320,2025-05-27,P039,SUP15,100,14.47,1447.0
PO-07321,2025-05-27,P010,SUP11,100,46.0,4600.0
PO-07322,2025-05-27,P015,SUP10,60,41.52,2491.2
PO-07323,2025-05-27,P014,SUP06,50,74.85,3742.5
PO-07324,2025-05-28,P032,SUP14,250,22.07,5517.5
PO-07325,2025-05-28,P003,SUP15,60,87.17,5230.2
PO-07326,2025-05-28,P032,SUP14,300,22.54,6762.0
PO-07327,2025-05-28,P034,SUP05,300,27.78,8334.0
PO-07328,2025-05-28,P030,SUP13,500,71.74,35870.0
PO-07329,2025-05-28,P038,SUP05,80,25.11,2008.8
PO-07330,2025-05-28,P035,SUP05,50,44.93,2246.5
PO-07331,2025-05-28,P011,SUP06,250,12.34,3085.0
PO-07332,2025-05-28,P047,SUP12,30,79.33,2379.9
PO-07333,2025-05-28,P014,SUP01,40,73.85,2954.0
PO-07334,2025-05-28,P025,SUP13,120,34.08,4089.6
PO-07335,2025-05-28,P045,SUP12,40,35.2,1408.0
PO-07336,2025-05-28,P037,SUP09,300,17.7,5310.0
PO-07337,2025-05-28,P036,SUP14,60,31.67,1900.2
PO-07338,2025-05-29,P035,SUP14,60,45.79,2747.4
PO-07339,2025-05-29,P014,SUP03,80,74.64,5971.2
PO-07340,2025-05-29,P036,SUP14,100,31.19,3119.0
PO-07341,2025-05-29,P008,SUP11,300,2.09,627.0
PO-07342,2025-05-29,P013,SUP10,50,32.15,1607.5
PO-07343,2025-05-29,P001,SUP11,200,18.9,3780.0
PO-07344,2025-05-29,P005,SUP15,80,7.87,629.6
PO-07345,2025-05-29,P033,SUP09,400,16.27,6508.0
PO-07346,2025-05-29,P027,SUP14,15,139.37,2090.55
PO-07347,2025-05-29,P013,SUP08,50,32.67,1633.5
PO-07348,2025-05-29,P004,SUP02,500,3.45,1725.0
PO-07349,2025-05-29,P032,SUP15,500,21.47,10735.0
PO-07350,2025-05-29,P046,SUP01,60,29.78,1786.8
PO-07351,2025-05-30,P004,SUP06,400,3.35,1340.0
PO-07352,2025-05-30,P040,SUP14,250,12.19,3047.5
PO-07353,2025-05-30,P021,SUP04,400,46.66,18664.0
PO-07354,2025-05-30,P039,SUP09,300,14.43,4329.0
PO-07355,2025-05-30,P048,SUP14,150,20.88,3132.0
PO-07356,2025-05-30,P029,SUP04,120,113.75,13650.0
PO-07357,2025-05-30,P031,SUP15,250,38.22,9555.0
PO-07358,2025-05-30,P034,SUP15,400,27.96,11184.0
PO-07359,2025-05-30,P037,SUP15,200,17.62,3524.0
PO-07360,2025-05-30,P001,SUP02,500,18.66,9330.0
PO-07361,2025-05-30,P011,SUP08,500,12.68,6340.0
PO-07362,2025-05-30,P033,SUP14,100,16.07,1607.0
PO-07363,2025-05-30,P032,SUP15,250,21.94,5485.0
PO-07364,2025-05-30,P013,SUP10,50,31.16,1558.0
PO-07365,2025-05-30,P041,SUP01,10,53.16,531.6
PO-07366,2025-05-30,P009,SUP02,80,23.32,1865.6
PO-07367,2025-05-30,P011,SUP06,400,12.67,5068.0
PO-07368,2025-05-31,P039,SUP14,300,14.79,4437.0
PO-07369,2025-05-31,P020,SUP10,100,26.37,2637.0
PO-07370,2025-05-31,P027,SUP07,20,136.4,2728.0
PO-07371,2025-05-31,P027,SUP07,30,141.14,4234.2
PO-07372,2025-05-31,P040,SUP15,150,11.77,1765.5
PO-07373,2025-05-31,P022,SUP15,120,93.32,11198.4
PO-07374,2025-05-31,P007,SUP06,40,66.28,2651.2
PO-07375,2025-05-31,P010,SUP15,40,45.53,1821.2
PO-07376,2025-05-31,P033,SUP14,200,16.83,3366.0
PO-07377,2025-05-31,P002,SUP15,500,6.03,3015.0
PO-07378,2025-05-31,P043,SUP01,400,15.8,6320.0
PO-07379,2025-05-31,P031,SUP14,100,38.52,3852.0
PO-07380,2025-05-31,P039,SUP14,150,14.53,2179.5
PO-07381,2025-05-31,P016,SUP10,40,56.3,2252.0
PO-07382,2025-05-31,P011,SUP10,200,12.85,2570.0
PO-07383,2025-05-31,P024,SUP15,150,5.12,768.0
PO-07384,2025-06-01,P011,SUP08,400,12.42,4968.0
PO-07385,2025-06-01,P023,SUP14,80,63.97,5117.6
PO-07386,2025-06-01,P021,SUP07,150,47.01,7051.5
PO-07387,2025-06-01,P030,SUP04,500,71.41,35705.0
PO-07388,2025-06-01,P011,SUP08,400,12.48,4992.0
PO-07389,2025-06-01,P008,SUP11,150,2.11,316.5
PO-07390,2025-06-01,P016,SUP01,120,59.31,7117.2
PO-07391,2025-06-01,P031,SUP14,250,37.87,9467.5
PO-07392,2025-06-01,P007,SUP01,80,64.04,5123.2
PO-07393,2025-06-01,P030,SUP15,500,70.9,35450.0
PO-07394,2025-06-01,P005,SUP01,100,7.93,793.0
PO-07395,2025-06-01,P002,SUP15,150,6.19,928.5
PO-07396,2025-06-02,P033,SUP15,400,16.55,6620.0
PO-07397,2025-06-02,P013,SUP08,120,31.53,3783.6
PO-07398,2025-06-02,P027,SUP07,10,144.16,1441.6
PO-07399,2025-06-02,P034,SUP14,200,28.25,5650.0
PO-07400,2025-06-02,P037,SUP09,400,17.46,6984.0
PO-07401,2025-06-02,P043,SUP14,400,15.42,6168.0
PO-07402,2025-06-02,P017,SUP08,400,19.69,7876.0
PO-07403,2025-06-02,P003,SUP02,100,85.09,8509.0
PO-07404,2025-06-02,P030,SUP04,100,69.96,6996.0
PO-07405,2025-06-02,P045,SUP01,100,36.27,3627.0
PO-07406,2025-06-02,P031,SUP09,250,38.36,9590.0
PO-07407,2025-06-02,P014,SUP06,120,76.89,9226.8
PO-07408,2025-06-03,P050,SUP01,15,92.27,1384.05
PO-07409,2025-06-03,P016,SUP08,100,57.45,5745.0
PO-07410,2025-06-03,P036,SUP15,60,32.77,1966.2
PO-07411,2025-06-03,P013,SUP06,120,32.29,3874.8
PO-07412,2025-06-03,P048,SUP14,300,20.91,6273.0
PO-07413,2025-06-03,P026,SUP14,10,55.4,554.0
PO-07414,2025-06-03,P023,SUP04,60,63.28,3796.8
PO-07415,2025-06-03,P043,SUP15,150,15.78,2367.0
PO-07416,2025-06-03,P009,SUP15,80,23.95,1916.0
PO-07417,2025-06-03,P011,SUP10,400,12.65,5060.0
PO-07418,2025-06-03,P023,SUP14,80,64.67,5173.6
PO-07419,2025-06-03,P035,SUP14,40,45.59,1823.6
PO-07420,2025-06-03,P020,SUP03,40,27.05,1082.0
PO-07421,2025-06-03,P026,SUP14,20,53.37,1067.4
PO-07422,2025-06-03,P036,SUP05,60,31.52,1891.2
PO-07423,2025-06-03,P034,SUP09,200,27.4,5480.0
PO-07424,2025-06-03,P015,SUP01,60,42.99,2579.4
PO-07425,2025-06-03,P003,SUP02,120,82.86,9943.2
PO-07426,2025-06-03,P017,SUP06,250,19.39,4847.5
PO-07427,2025-06-03,P024,SUP07,200,5.28,1056.0
PO-07428,2025-06-03,P015,SUP10,50,43.12,2156.0
PO-07429,2025-06-03,P029,SUP13,60,113.95,6837.0
PO-07430,2025-06-04,P026,SUP13,10,56.43,564.3
PO-07431,2025-06-04,P048,SUP14,400,20.55,8220.0
PO-07432,2025-06-04,P009,SUP06,120,23.74,2848.8
PO-07433,2025-06-04,P044,SUP14,30,83.17,2495.1
PO-07434,2025-06-04,P022,SUP15,40,90.97,3638.8
PO-07435,2025-06-04,P034,SUP14,200,28.25,5650.0
PO-07436,2025-06-04,P027,SUP04,20,143.79,2875.8
PO-07437,2025-06-04,P037,SUP09,150,18.4,2760.0
PO-07438,2025-06-04,P043,SUP15,200,15.13,3026.0
PO-07439,2025-06-04,P014,SUP03,100,76.23,7623.0
PO-07440,2025-06-04,P006,SUP11,10,120.67,1206.7
PO-07441,2025-06-04,P035,SUP09,40,44.07,1762.8
PO-07442,2025-06-04,P011,SUP03,250,12.52,3130.0
PO-07443,2025-06-04,P012,SUP08,10,108.75,1087.5
PO-07444,2025-06-04,P013,SUP08,120,31.31,3757.2
PO-07445,2025-06-04,P030,SUP04,150,72.23,10834.5
PO-07446,2025-06-04,P033,SUP15,300,16.65,4995.0
PO-07447,2025-06-05,P022,SUP15,100,92.89,9289.0
PO-07448,2025-06-05,P030,SUP14,300,71.31,21393.0
PO-07449,2025-06-05,P038,SUP14,50,24.87,1243.5
PO-07450,2025-06-05,P018,SUP08,20,235.0,4700.0
PO-07451,2025-06-05,P009,SUP06,80,24.22,1937.6
PO-07452,2025-06-05,P048,SUP15,150,20.96,3144.0
PO-07453,2025-06-05,P010,SUP02,80,45.98,3678.4
PO-07454,2025-06-05,P040,SUP15,100,11.97,1197.0
PO-07455,2025-06-05,P042,SUP08,60,69.23,4153.8
PO-07456,2025-06-05,P014,SUP03,120,74.7,8964.0
PO-07457,2025-06-05,P040,SUP05,500,11.71,5855.0
PO-07458,2025-06-05,P042,SUP14,50,67.44,3372.0
PO-07459,2025-06-05,P001,SUP15,300,18.77,5631.0
PO-07460,2025-06-05,P003,SUP11,120,84.1,10092.0
PO-07461,2025-06-05,P032,SUP14,500,21.85,10925.0
PO-07462,2025-06-06,P040,SUP15,250,12.06,3015.0
PO-07463,2025-06-06,P001,SUP06,500,18.28,9140.0
PO-07464,2025-06-06,P048,SUP15,500,20.67,10335.0
PO-07465,2025-06-06,P036,SUP15,40,32.95,1318.0
PO-07466,2025-06-06,P009,SUP11,120,24.33,2919.6
PO-07467,2025-06-06,P015,SUP08,50,43.11,2155.5
PO-07468,2025-06-06,P037,SUP15,100,17.73,1773.0
PO-07469,2025-06-06,P004,SUP01,300,3.49,1047.0
PO-07470,2025-06-06,P017,SUP08,200,19.97,3994.0
PO-07471,2025-06-06,P026,SUP15,30,53.61,1608.3
PO-07472,2025-06-06,P011,SUP01,150,12.66,1899.0
PO-07473,2025-06-06,P031,SUP05,100,38.81,3881.0
PO-07474,2025-06-06,P004,SUP06,200,3.4,680.0
PO-07475,2025-06-06,P038,SUP14,60,24.89,1493.4
PO-07476,2025-06-06,P009,SUP01,80,23.63,1890.4
PO-07477,2025-06-06,P029,SUP13,100,115.21,11521.0
PO-07478,2025-06-06,P004,SUP15,250,3.38,845.0
PO-07479,2025-06-07,P014,SUP10,80,76.97,6157.6
PO-07480,2025-06-07,P049,SUP08,15,369.96,5549.4
PO-07481,2025-06-07,P030,SUP07,400,73.74,29496.0
PO-07482,2025-06-07,P038,SUP05,100,24.38,2438.0
PO-07483,2025-06-07,P034,SUP14,400,28.56,11424.0
PO-07484,2025-06-07,P024,SUP04,500,5.09,2545.0
PO-07485,2025-06-07,P005,SUP11,100,7.7,770.0
PO-07486,2025-06-07,P015,SUP10,60,42.45,2547.0
PO-07487,2025-06-07,P048,SUP01,100,21.01,2101.0
PO-07488,2025-06-07,P041,SUP08,15,52.84,792.6
PO-07489,2025-06-07,P023,SUP13,80,62.51,5000.8
PO-07490,2025-06-07,P048,SUP01,200,20.99,4198.0
PO-07491,2025-06-07,P021,SUP15,100,48.41,4841.0
PO-07492,2025-06-07,P034,SUP05,400,28.11,11244.0
PO-07493,2025-06-07,P041,SUP14,10,55.06,550.6
PO-07494,2025-06-08,P043,SUP01,200,15.39,3078.0
PO-07495,2025-06-08,P005,SUP06,80,7.8,624.0
PO-07496,2025-06-08,P024,SUP13,500,5.21,2605.0
PO-07497,2025-06-08,P042,SUP08,40,68.24,2729.6
PO-07498,2025-06-08,P006,SUP15,20,120.76,2415.2
PO-07499,2025-06-08,P030,SUP04,300,71.35,21405.0
PO-07500,2025-06-08,P005,SUP06,80,7.82,625.6
PO-07501,2025-06-08,P025,SUP04,120,34.84,4180.8
PO-07502,2025-06-08,P010,SUP02,50,43.92,2196.0
PO-07503,2025-06-08,P037,SUP14,300,17.49,5247.0
PO-07504,2025-06-08,P007,SUP11,40,65.83,2633.2
PO-07505,2025-06-08,P021,SUP13,200,48.5,9700.0
PO-07506,2025-06-08,P020,SUP06,80,25.85,2068.0
PO-07507,2025-06-08,P001,SUP15,500,18.16,9080.0
PO-07508,2025-06-08,P029,SUP14,100,114.81,11481.0
PO-07509,2025-06-09,P040,SUP14,100,11.9,1190.0
PO-07510,2025-06-09,P038,SUP05,50,25.25,1262.5
PO-07511,2025-06-09,P049,SUP15,20,385.64,7712.8
PO-07512,2025-06-09,P008,SUP02,100,2.11,211.0
PO-07513,2025-06-09,P042,SUP15,120,66.33,7959.6
PO-07514,2025-06-09,P003,SUP11,40,87.41,3496.4
PO-07515,2025-06-09,P031,SUP15,150,37.46,5619.0
PO-07516,2025-06-09,P031,SUP14,300,38.88,11664.0
PO-07517,2025-06-09,P045,SUP14,100,35.82,3582.0
PO-07518,2025-06-09,P043,SUP01,200,15.19,3038.0
PO-07519,2025-06-09,P001,SUP15,300,18.54,5562.0
PO-07520,2025-06-09,P031,SUP09,150,38.26,5739.0
PO-07521,2025-06-09,P008,SUP01,300,2.05,615.0
PO-07522,2025-06-09,P011,SUP10,300,12.6,3780.0
PO-07523,2025-06-09,P029,SUP07,50,118.39,5919.5
PO-07524,2025-06-10,P048,SUP12,100,20.68,2068.0
PO-07525,2025-06-10,P046,SUP01,50,29.81,1490.5
PO-07526,2025-06-10,P022,SUP13,40,93.45,3738.0
PO-07527,2025-06-10,P043,SUP14,250,15.87,3967.5
PO-07528,2025-06-10,P021,SUP07,200,47.82,9564.0
PO-07529,2025-06-10,P047,SUP01,40,78.89,3155.6
PO-07530,2025-06-10,P025,SUP15,40,35.32,1412.8
PO-07531,2025-06-10,P001,SUP06,150,18.06,2709.0
PO-07532,2025-06-10,P007,SUP01,100,66.06,6606.0
PO-07533,2025-06-10,P022,SUP07,60,90.65,5439.0
PO-07534,2025-06-10,P013,SUP08,100,31.27,3127.0
PO-07535,2025-06-10,P023,SUP07,120,62.69,7522.8
PO-07536,2025-06-11,P040,SUP14,100,11.88,1188.0
PO-07537,2025-06-11,P048,SUP12,500,21.5,10750.0
PO-07538,2025-06-11,P025,SUP04,80,34.31,2744.8
PO-07539,2025-06-11,P036,SUP05,100,32.06,3206.0
PO-07540,2025-06-11,P031,SUP14,150,39.23,5884.5
PO-07541,2025-06-11,P049,SUP12,15,373.1,5596.5
PO-07542,2025-06-11,P039,SUP15,200,14.55,2910.0
PO-07543,2025-06-11,P029,SUP15,100,111.79,11179.0
PO-07544,2025-06-11,P031,SUP05,200,38.02,7604.0
PO-07545,2025-06-11,P009,SUP02,80,24.48,1958.4
PO-07546,2025-06-11,P024,SUP04,500,5.27,2635.0
PO-07547,2025-06-11,P009,SUP01,50,24.4,1220.0
PO-07548,2025-06-11,P030,SUP13,400,71.54,28616.0
PO-07549,2025-06-11,P033,SUP09,500,16.49,8245.0
PO-07550,2025-06-11,P023,SUP04,50,62.94,3147.0
PO-07551,2025-06-11,P032,SUP15,400,22.42,8968.0
PO-07552,2025-06-11,P011,SUP10,150,12.41,1861.5
PO-07553,2025-06-12,P011,SUP01,300,12.35,3705.0
PO-07554,2025-06-12,P038,SUP05,120,24.92,2990.4
PO-07555,2025-06-12,P015,SUP10,60,42.99,2579.4
PO-07556,2025-06-12,P034,SUP05,150,27.19,4078.5
PO-07557,2025-06-12,P008,SUP15,200,2.07,414.0
PO-07558,2025-06-12,P035,SUP14,50,43.74,2187.0
PO-07559,2025-06-12,P031,SUP09,200,37.99,7598.0
PO-07560,2025-06-12,P034,SUP15,200,28.22,5644.0
PO-07561,2025-06-12,P025,SUP04,40,35.56,1422.4
PO-07562,2025-06-12,P032,SUP05,300,22.1,6630.0
PO-07563,2025-06-12,P017,SUP08,500,20.17,10085.0
PO-07564,2025-06-12,P048,SUP15,300,21.55,6465.0
PO-07565,2025-06-12,P033,SUP09,400,16.85,6740.0
PO-07566,2025-06-13,P034,SUP09,200,28.14,5628.0
PO-07567,2025-06-13,P036,SUP09,80,31.62,2529.6
PO-07568,2025-06-13,P015,SUP10,100,42.73,4273.0
PO-07569,2025-06-13,P030,SUP15,100,73.74,7374.0
PO-07570,2025-06-13,P030,SUP15,500,71.58,35790.0
PO-07571,2025-06-13,P012,SUP06,20,110.46,2209.2
PO-07572,2025-06-13,P031,SUP05,250,39.21,9802.5
PO-07573,2025-06-13,P028,SUP07,30,87.3,2619.0
PO-07574,2025-06-13,P011,SUP08,200,12.75,2550.0
PO-07575,2025-06-13,P022,SUP07,100,92.51,9251.0
PO-07576,2025-06-13,P034,SUP15,150,28.58,4287.0
PO-07577,2025-06-13,P031,SUP09,150,39.17,5875.5
PO-07578,2025-06-13,P023,SUP15,40,65.72,2628.8
PO-07579,2025-06-13,P029,SUP13,80,112.67,9013.6
PO-07580,2025-06-13,P007,SUP11,60,66.66,3999.6
PO-07581,2025-06-13,P004,SUP06,150,3.34,501.0
PO-07582,2025-06-13,P031,SUP09,300,39.05,11715.0
PO-07583,2025-06-14,P001,SUP06,150,18.41,2761.5
PO-07584,2025-06-14,P050,SUP15,15,92.9,1393.5
PO-07585,2025-06-14,P015,SUP08,50,43.06,2153.0
PO-07586,2025-06-14,P037,SUP14,300,18.4,5520.0
PO-07587,2025-06-14,P033,SUP05,150,16.98,2547.0
PO-07588,2025-06-14,P013,SUP06,80,31.42,2513.6
PO-07589,2025-06-14,P031,SUP14,200,39.35,7870.0
PO-07590,2025-06-14,P041,SUP12,15,53.59,803.85
PO-07591,2025-06-14,P023,SUP07,50,62.55,3127.5
PO-07592,2025-06-14,P025,SUP14,40,34.92,1396.8
PO-07593,2025-06-15,P001,SUP11,250,19.02,4755.0
PO-07594,2025-06-15,P022,SUP14,40,93.94,3757.6
PO-07595,2025-06-15,P007,SUP02,80,63.98,5118.4
PO-07596,2025-06-15,P021,SUP14,300,48.04,14412.0
PO-07597,2025-06-15,P010,SUP15,50,43.69,2184.5
PO-07598,2025-06-15,P040,SUP09,300,12.01,3603.0
PO-07599,2025-06-15,P017,SUP08,150,19.28,2892.0
PO-07600,2025-06-15,P013,SUP01,60,32.64,1958.4
PO-07601,2025-06-15,P001,SUP15,500,18.13,9065.0
PO-07602,2025-06-15,P013,SUP06,80,32.74,2619.2
PO-07603,2025-06-15,P025,SUP13,80,35.76,2860.8
PO-07604,2025-06-15,P032,SUP09,250,21.51,5377.5
PO-07605,2025-06-15,P040,SUP15,500,11.74,5870.0
PO-07606,2025-06-15,P016,SUP03,40,58.86,2354.4
PO-07607,2025-06-15,P039,SUP05,500,14.38,7190.0
PO-07608,2025-06-16,P002,SUP06,250,6.3,1575.0
PO-07609,2025-06-16,P021,SUP14,150,48.88,7332.0
PO-07610,2025-06-16,P045,SUP15,120,35.49,4258.8
PO-07611,2025-06-16,P031,SUP05,100,38.76,3876.0
PO-07612,2025-06-16,P002,SUP02,200,6.34,1268.0
PO-07613,2025-06-16,P001,SUP15,400,18.34,7336.0
PO-07614,2025-06-16,P034,SUP09,100,27.51,2751.0
PO-07615,2025-06-16,P045,SUP15,120,35.61,4273.2
PO-07616,2025-06-16,P024,SUP04,200,5.12,1024.0
PO-07617,2025-06-16,P031,SUP05,300,38.9,11670.0
PO-07618,2025-06-16,P011,SUP08,400,12.18,4872.0
PO-07619,2025-06-16,P017,SUP10,300,20.09,6027.0
PO-07620,2025-06-16,P029,SUP14,100,118.21,11821.0
PO-07621,2025-06-17,P043,SUP08,250,15.33,3832.5
PO-07622,2025-06-17,P017,SUP03,100,19.47,1947.0
PO-07623,2025-06-17,P047,SUP12,30,79.02,2370.6
PO-07624,2025-06-17,P033,SUP14,200,16.14,3228.0
PO-07625,2025-06-17,P025,SUP15,120,35.78,4293.6
PO-07626,2025-06-17,P020,SUP08,40,27.04,1081.6
PO-07627,2025-06-17,P008,SUP11,200,2.12,424.0
PO-07628,2025-06-17,P037,SUP15,150,17.6,2640.0
PO-07629,2025-06-17,P007,SUP02,120,66.27,7952.4
PO-07630,2025-06-17,P043,SUP01,200,15.36,3072.0
PO-07631,2025-06-17,P018,SUP01,15,242.28,3634.2
PO-07632,2025-06-17,P025,SUP14,60,35.9,2154.0
PO-07633,2025-06-17,P038,SUP09,80,24.5,1960.0
PO-07634,2025-06-18,P039,SUP09,150,14.2,2130.0
PO-07635,2025-06-18,P004,SUP15,500,3.35,1675.0
PO-07636,2025-06-18,P031,SUP14,300,38.25,11475.0
PO-07637,2025-06-18,P046,SUP08,40,28.71,1148.4
PO-07638,2025-06-18,P030,SUP04,200,73.9,14780.0
PO-07639,2025-06-18,P039,SUP15,400,14.17,5668.0
PO-07640,2025-06-18,P039,SUP15,300,14.43,4329.0
PO-07641,2025-06-18,P002,SUP15,150,6.04,906.0
PO-07642,2025-06-18,P039,SUP15,300,14.53,4359.0
PO-07643,2025-06-19,P033,SUP05,200,16.02,3204.0
PO-07644,2025-06-19,P042,SUP12,50,66.58,3329.0
PO-07645,2025-06-19,P043,SUP12,300,15.81,4743.0
PO-07646,2025-06-19,P039,SUP14,200,14.91,2982.0
PO-07647,2025-06-19,P007,SUP01,100,63.81,6381.0
PO-07648,2025-06-19,P041,SUP08,15,54.35,815.25
PO-07649,2025-06-19,P039,SUP14,300,14.39,4317.0
PO-07650,2025-06-19,P005,SUP02,120,7.58,909.6
PO-07651,2025-06-19,P022,SUP04,80,89.82,7185.6
PO-07652,2025-06-19,P012,SUP01,10,109.27,1092.7
PO-07653,2025-06-19,P002,SUP15,150,6.32,948.0
PO-07654,2025-06-19,P014,SUP03,40,73.66,2946.4
PO-07655,2025-06-19,P034,SUP05,500,28.11,14055.0
PO-07656,2025-06-19,P043,SUP14,200,15.59,3118.0
PO-07657,2025-06-20,P025,SUP15,50,34.85,1742.5
PO-07658,2025-06-20,P017,SUP08,300,19.84,5952.0
PO-07659,2025-06-20,P040,SUP05,500,12.17,6085.0
PO-07660,2025-06-20,P036,SUP15,100,31.79,3179.0
PO-07661,2025-06-20,P008,SUP02,100,2.12,212.0
PO-07662,2025-06-20,P031,SUP14,150,37.69,5653.5
PO-07663,2025-06-20,P021,SUP04,300,48.45,14535.0
PO-07664,2025-06-20,P031,SUP05,200,38.54,7708.0
PO-07665,2025-06-20,P047,SUP12,10,79.75,797.5
PO-07666,2025-06-20,P038,SUP14,40,24.53,981.2
PO-07667,2025-06-20,P038,SUP15,60,25.68,1540.8
PO-07668,2025-06-20,P032,SUP15,400,21.75,8700.0
PO-07669,2025-06-20,P030,SUP15,100,69.87,6987.0
PO-07670,2025-06-20,P043,SUP08,250,15.89,3972.5
PO-07671,2025-06-20,P047,SUP01,15,76.2,1143.0
PO-07672,2025-06-20,P043,SUP14,500,15.46,7730.0
PO-07673,2025-06-20,P024,SUP13,200,5.28,1056.0
PO-07674,2025-06-20,P009,SUP02,60,24.17,1450.2
PO-07675,2025-06-20,P020,SUP06,100,26.21,2621.0
PO-07676,2025-06-20,P020,SUP03,60,26.4,1584.0
PO-07677,2025-06-20,P032,SUP09,200,21.58,4316.0
PO-07678,2025-06-21,P008,SUP01,500,2.07,1035.0
PO-07679,2025-06-21,P040,SUP09,200,11.82,2364.0
PO-07680,2025-06-21,P005,SUP06,50,7.6,380.0
PO-07681,2025-06-21,P036,SUP05,80,31.5,2520.0
PO-07682,2025-06-21,P042,SUP15,40,67.25,2690.0
PO-07683,2025-06-21,P006,SUP01,30,119.76,3592.8
PO-07684,2025-06-21,P027,SUP14,10,142.46,1424.6
PO-07685,2025-06-21,P016,SUP06,50,58.9,2945.0
PO-07686,2025-06-21,P021,SUP04,300,47.54,14262.0
PO-07687,2025-06-21,P014,SUP01,50,74.95,3747.5
PO-07688,2025-06-21,P049,SUP15,10,372.64,3726.4
PO-07689,2025-06-21,P010,SUP06,60,45.36,2721.6
PO-07690,2025-06-21,P004,SUP01,200,3.47,694.0
PO-07691,2025-06-21,P002,SUP11,500,6.05,3025.0
PO-07692,2025-06-21,P013,SUP10,100,31.48,3148.0
PO-07693,2025-06-21,P023,SUP07,50,63.01,3150.5
PO-07694,2025-06-21,P013,SUP08,50,31.8,1590.0
PO-07695,2025-06-21,P014,SUP03,60,74.63,4477.8
PO-07696,2025-06-21,P047,SUP08,20,79.14,1582.8
PO-07697,2025-06-22,P025,SUP14,120,33.99,4078.8
PO-07698,2025-06-22,P021,SUP04,500,46.8,23400.0
PO-07699,2025-06-22,P043,SUP15,250,15.61,3902.5
PO-07700,2025-06-22,P017,SUP03,300,20.28,6084.0
PO-07701,2025-06-22,P043,SUP15,400,15.81,6324.0
PO-07702,2025-06-22,P042,SUP15,100,69.93,6993.0
PO-07703,2025-06-22,P023,SUP13,50,62.98,3149.0
PO-07704,2025-06-22,P035,SUP05,100,43.88,4388.0
PO-07705,2025-06-22,P037,SUP15,500,18.49,9245.0
PO-07706,2025-06-23,P046,SUP15,100,29.62,2962.0
PO-07707,2025-06-23,P017,SUP10,400,19.86,7944.0
PO-07708,2025-06-23,P011,SUP03,250,12.25,3062.5
PO-07709,2025-06-23,P046,SUP14,100,28.37,2837.0
PO-07710,2025-06-23,P011,SUP10,100,12.23,1223.0
PO-07711,2025-06-23,P039,SUP05,250,14.22,3555.0
PO-07712,2025-06-23,P001,SUP02,400,19.02,7608.0
PO-07713,2025-06-23,P040,SUP14,250,11.71,2927.5
PO-07714,2025-06-23,P039,SUP15,150,14.47,2170.5
PO-07715,2025-06-23,P035,SUP15,40,43.9,1756.0
PO-07716,2025-06-23,P037,SUP09,300,18.5,5550.0
PO-07717,2025-06-23,P030,SUP14,250,71.16,17790.0
PO-07718,2025-06-23,P001,SUP02,200,18.89,3778.0
PO-07719,2025-06-23,P043,SUP08,200,15.17,3034.0
PO-07720,2025-06-23,P004,SUP02,100,3.44,344.0
PO-07721,2025-06-23,P007,SUP06,120,67.11,8053.2
PO-07722,2025-06-23,P031,SUP14,200,38.05,7610.0
PO-07723,2025-06-23,P002,SUP06,400,6.02,2408.0
PO-07724,2025-06-23,P001,SUP11,400,18.33,7332.0
PO-07725,2025-06-24,P030,SUP04,500,71.53,35765.0
PO-07726,2025-06-24,P008,SUP01,500,2.13,1065.0
PO-07727,2025-06-24,P037,SUP15,200,18.11,3622.0
PO-07728,2025-06-24,P008,SUP02,300,2.15,645.0
PO-07729,2025-06-24,P003,SUP06,80,87.49,6999.2
PO-07730,2025-06-24,P015,SUP10,100,41.61,4161.0
PO-07731,2025-06-24,P036,SUP14,50,32.92,1646.0
PO-07732,2025-06-24,P023,SUP13,50,65.64,3282.0
PO-07733,2025-06-24,P004,SUP01,150,3.42,513.0
PO-07734,2025-06-24,P016,SUP08,100,59.43,5943.0
PO-07735,2025-06-24,P011,SUP10,150,12.72,1908.0
PO-07736,2025-06-24,P037,SUP05,100,18.47,1847.0
PO-07737,2025-06-24,P044,SUP08,30,81.47,2444.1
PO-07738,2025-06-24,P030,SUP13,250,70.86,17715.0
PO-07739,2025-06-24,P035,SUP15,100,43.72,4372.0
PO-07740,2025-06-24,P002,SUP15,500,6.13,3065.0
PO-07741,2025-06-25,P008,SUP11,200,2.08,416.0
PO-07742,2025-06-25,P029,SUP04,50,117.67,5883.5
PO-07743,2025-06-25,P029,SUP14,100,117.31,11731.0
PO-07744,2025-06-25,P035,SUP09,120,43.92,5270.4
PO-07745,2025-06-25,P033,SUP15,400,16.74,6696.0
PO-07746,2025-06-25,P020,SUP06,40,26.31,1052.4
PO-07747,2025-06-25,P039,SUP15,300,14.73,4419.0
PO-07748,2025-06-25,P040,SUP15,400,11.91,4764.0
PO-07749,2025-06-25,P014,SUP08,80,74.5,5960.0
PO-07750,2025-06-25,P024,SUP13,150,5.15,772.5
PO-07751,2025-06-25,P017,SUP06,100,19.85,1985.0
PO-07752,2025-06-25,P014,SUP01,50,76.48,3824.0
PO-07753,2025-06-25,P021,SUP14,250,47.37,11842.5
PO-07754,2025-06-25,P004,SUP15,250,3.3,825.0
PO-07755,2025-06-25,P034,SUP14,300,28.29,8487.0
PO-07756,2025-06-25,P001,SUP15,400,18.89,7556.0
PO-07757,2025-06-26,P004,SUP02,100,3.38,338.0
PO-07758,2025-06-26,P031,SUP09,150,39.3,5895.0
PO-07759,2025-06-26,P008,SUP11,400,2.13,852.0
PO-07760,2025-06-26,P003,SUP01,60,84.61,5076.6
PO-07761,2025-06-26,P034,SUP09,500,27.37,13685.0
PO-07762,2025-06-26,P045,SUP14,40,35.39,1415.6
PO-07763,2025-06-26,P004,SUP06,150,3.38,507.0
PO-07764,2025-06-26,P048,SUP15,250,21.29,5322.5
PO-07765,2025-06-26,P016,SUP01,120,56.72,6806.4
PO-07766,2025-06-26,P034,SUP15,400,27.98,11192.0
PO-07767,2025-06-26,P025,SUP15,80,35.11,2808.8
PO-07768,2025-06-26,P033,SUP14,400,16.9,6760.0
PO-07769,2025-06-27,P018,SUP10,10,238.61,2386.1
PO-07770,2025-06-27,P015,SUP03,100,41.37,4137.0
PO-07771,2025-06-27,P004,SUP02,400,3.41,1364.0
PO-07772,2025-06-27,P024,SUP15,150,5.07,760.5
PO-07773,2025-06-27,P012,SUP06,10,111.62,1116.2
PO-07774,2025-06-27,P011,SUP01,250,12.36,3090.0
PO-07775,2025-06-27,P016,SUP06,80,57.87,4629.6
PO-07776,2025-06-27,P033,SUP09,250,16.32,4080.0
PO-07777,2025-06-27,P034,SUP05,150,27.73,4159.5
PO-07778,2025-06-27,P031,SUP14,300,38.7,11610.0
PO-07779,2025-06-27,P031,SUP14,250,38.73,9682.5
PO-07780,2025-06-27,P025,SUP15,60,35.07,2104.2
PO-07781,2025-06-28,P010,SUP15,50,43.75,2187.5
PO-07782,2025-06-28,P011,SUP06,100,12.41,1241.0
PO-07783,2025-06-28,P031,SUP09,200,37.9,7580.0
PO-07784,2025-06-28,P032,SUP15,400,22.57,9028.0
PO-07785,2025-06-28,P003,SUP06,50,82.58,4129.0
PO-07786,2025-06-28,P017,SUP03,100,19.37,1937.0
PO-07787,2025-06-29,P033,SUP14,400,16.07,6428.0
PO-07788,2025-06-29,P036,SUP09,40,31.78,1271.2
PO-07789,2025-06-29,P037,SUP09,300,18.23,5469.0
PO-07790,2025-06-29,P030,SUP04,250,73.44,18360.0
PO-07791,2025-06-29,P005,SUP06,50,8.03,401.5
PO-07792,2025-06-29,P011,SUP06,200,12.13,2426.0
PO-07793,2025-06-29,P032,SUP05,300,22.44,6732.0
PO-07794,2025-06-29,P036,SUP14,60,32.09,1925.4
PO-07795,2025-06-29,P018,SUP06,15,246.99,3704.85
PO-07796,2025-06-29,P026,SUP07,15,55.47,832.05
PO-07797,2025-06-29,P034,SUP14,250,27.7,6925.0
PO-07798,2025-06-29,P045,SUP15,60,35.74,2144.4
PO-07799,2025-06-29,P001,SUP06,200,18.36,3672.0
PO-07800,2025-06-29,P040,SUP14,200,11.97,2394.0
PO-07801,2025-06-29,P033,SUP15,100,16.48,1648.0
PO-07802,2025-06-29,P011,SUP01,300,12.62,3786.0
PO-07803,2025-06-29,P020,SUP01,50,27.03,1351.5
PO-07804,2025-06-30,P026,SUP15,20,54.27,1085.4
PO-07805,2025-06-30,P016,SUP03,80,56.44,4515.2
PO-07806,2025-06-30,P008,SUP11,200,2.12,424.0
PO-07807,2025-06-30,P021,SUP07,250,46.8,11700.0
PO-07808,2025-06-30,P025,SUP07,50,34.73,1736.5
PO-07809,2025-06-30,P036,SUP14,60,31.43,1885.8
PO-07810,2025-06-30,P033,SUP14,150,16.66,2499.0
PO-07811,2025-06-30,P037,SUP05,250,18.5,4625.0
PO-07812,2025-06-30,P048,SUP15,100,21.2,2120.0
PO-07813,2025-06-30,P024,SUP13,100,5.19,519.0
PO-07814,2025-06-30,P023,SUP15,60,64.49,3869.4
PO-07815,2025-06-30,P032,SUP09,300,22.28,6684.0
PO-07816,2025-06-30,P030,SUP14,400,69.91,27964.0
PO-07817,2025-06-30,P030,SUP07,200,71.6,14320.0
PO-07818,2025-06-30,P034,SUP15,200,27.93,5586.0
PO-07819,2025-06-30,P030,SUP13,100,71.04,7104.0
PO-07820,2025-06-30,P021,SUP07,200,47.85,9570.0
PO-07821,2025-06-30,P002,SUP01,400,6.12,2448.0
PO-07822,2025-06-30,P033,SUP09,100,16.73,1673.0
PO-07823,2025-07-01,P009,SUP02,60,24.36,1461.6
PO-07824,2025-07-01,P039,SUP09,250,14.14,3535.0
PO-07825,2025-07-01,P030,SUP04,250,71.57,17892.5
PO-07826,2025-07-01,P030,SUP14,300,72.73,21819.0
PO-07827,2025-07-01,P011,SUP10,250,12.49,3122.5
PO-07828,2025-07-01,P040,SUP05,100,12.0,1200.0
PO-07829,2025-07-01,P008,SUP15,400,2.05,820.0
PO-07830,2025-07-01,P004,SUP02,100,3.43,343.0
PO-07831,2025-07-01,P007,SUP01,60,65.79,3947.4
PO-07832,2025-07-01,P003,SUP02,80,86.8,6944.0
PO-07833,2025-07-01,P042,SUP14,100,67.6,6760.0
PO-07834,2025-07-01,P011,SUP06,150,12.48,1872.0
PO-07835,2025-07-01,P048,SUP08,100,21.16,2116.0
PO-07836,2025-07-02,P037,SUP05,250,18.2,4550.0
PO-07837,2025-07-02,P043,SUP14,150,15.84,2376.0
PO-07838,2025-07-02,P020,SUP10,50,27.13,1356.5
PO-07839,2025-07-02,P044,SUP15,40,82.24,3289.6
PO-07840,2025-07-02,P017,SUP08,200,20.33,4066.0
PO-07841,2025-07-02,P040,SUP14,200,12.33,2466.0
PO-07842,2025-07-02,P002,SUP02,400,6.33,2532.0
PO-07843,2025-07-02,P014,SUP01,60,75.46,4527.6
PO-07844,2025-07-02,P046,SUP08,40,29.63,1185.2
PO-07845,2025-07-02,P002,SUP06,200,6.18,1236.0
PO-07846,2025-07-02,P011,SUP01,300,12.13,3639.0
PO-07847,2025-07-02,P014,SUP06,80,74.77,5981.6
PO-07848,2025-07-02,P025,SUP15,60,35.15,2109.0
PO-07849,2025-07-02,P003,SUP11,60,83.03,4981.8
PO-07850,2025-07-03,P025,SUP13,100,34.96,3496.0
PO-07851,2025-07-03,P043,SUP01,150,15.43,2314.5
PO-07852,2025-07-03,P042,SUP15,40,67.68,2707.2
PO-07853,2025-07-03,P025,SUP07,60,35.86,2151.6
PO-07854,2025-07-03,P034,SUP09,200,28.5,5700.0
PO-07855,2025-07-03,P040,SUP14,400,12.25,4900.0
PO-07856,2025-07-03,P040,SUP05,300,12.28,3684.0
PO-07857,2025-07-03,P040,SUP15,400,12.17,4868.0
PO-07858,2025-07-03,P028,SUP04,20,86.06,1721.2
PO-07859,2025-07-03,P009,SUP15,60,24.4,1464.0
PO-07860,2025-07-03,P037,SUP05,100,18.49,1849.0
PO-07861,2025-07-03,P038,SUP14,60,24.62,1477.2
PO-07862,2025-07-03,P031,SUP05,200,39.06,7812.0
PO-07863,2025-07-03,P006,SUP01,40,118.18,4727.2
PO-07864,2025-07-03,P010,SUP01,80,45.75,3660.0
PO-07865,2025-07-03,P034,SUP09,500,28.04,14020.0
PO-07866,2025-07-03,P007,SUP01,100,67.12,6712.0
PO-07867,2025-07-03,P021,SUP04,150,46.91,7036.5
PO-07868,2025-07-03,P024,SUP15,100,5.18,518.0
PO-07869,2025-07-03,P030,SUP07,150,73.78,11067.0
PO-07870,2025-07-04,P034,SUP05,300,27.88,8364.0
PO-07871,2025-07-04,P009,SUP15,50,23.83,1191.5
PO-07872,2025-07-04,P024,SUP07,500,5.23,2615.0
PO-07873,2025-07-04,P024,SUP15,150,5.33,799.5
PO-07874,2025-07-04,P007,SUP11,80,66.29,5303.2
PO-07875,2025-07-04,P017,SUP01,300,20.24,6072.0
PO-07876,2025-07-04,P030,SUP15,150,70.13,10519.5
PO-07877,2025-07-04,P026,SUP14,40,54.99,2199.6
PO-07878,2025-07-04,P048,SUP12,100,21.27,2127.0
PO-07879,2025-07-04,P015,SUP08,60,43.51,2610.6
PO-07880,2025-07-04,P011,SUP08,100,12.52,1252.0
PO-07881,2025-07-04,P018,SUP01,30,240.41,7212.3
PO-07882,2025-07-04,P033,SUP05,400,16.15,6460.0
PO-07883,2025-07-04,P021,SUP14,200,47.73,9546.0
PO-07884,2025-07-04,P021,SUP14,300,47.36,14208.0
PO-07885,2025-07-04,P024,SUP13,200,5.22,1044.0
PO-07886,2025-07-04,P002,SUP01,100,6.34,634.0
PO-07887,2025-07-04,P031,SUP09,200,39.49,7898.0
PO-07888,2025-07-04,P015,SUP08,120,43.14,5176.8
PO-07889,2025-07-04,P002,SUP02,150,6.14,921.0
PO-07890,2025-07-04,P008,SUP11,200,2.12,424.0
PO-07891,2025-07-05,P011,SUP01,250,12.31,3077.5
PO-07892,2025-07-05,P013,SUP10,60,32.03,1921.8
PO-07893,2025-07-05,P006,SUP15,30,121.33,3639.9
PO-07894,2025-07-05,P046,SUP01,60,28.35,1701.0
PO-07895,2025-07-05,P027,SUP04,40,143.96,5758.4
PO-07896,2025-07-05,P032,SUP15,100,21.86,2186.0
PO-07897,2025-07-05,P033,SUP14,300,16.74,5022.0
PO-07898,2025-07-05,P008,SUP11,500,2.11,1055.0
PO-07899,2025-07-05,P046,SUP14,120,28.51,3421.2
PO-07900,2025-07-05,P037,SUP05,300,18.23,5469.0
PO-07901,2025-07-06,P034,SUP09,500,27.75,13875.0
PO-07902,2025-07-06,P032,SUP15,300,22.37,6711.0
PO-07903,2025-07-06,P004,SUP06,400,3.4,1360.0
PO-07904,2025-07-06,P006,SUP11,20,120.47,2409.4
PO-07905,2025-07-06,P043,SUP14,100,15.56,1556.0
PO-07906,2025-07-06,P048,SUP12,300,20.95,6285.0
PO-07907,2025-07-06,P002,SUP01,250,6.07,1517.5
PO-07908,2025-07-06,P025,SUP13,50,34.66,1733.0
PO-07909,2025-07-06,P032,SUP14,250,21.86,5465.0
PO-07910,2025-07-06,P034,SUP15,200,27.27,5454.0
PO-07911,2025-07-06,P002,SUP02,200,6.34,1268.0
PO-07912,2025-07-07,P035,SUP14,50,44.14,2207.0
PO-07913,2025-07-07,P002,SUP01,300,6.18,1854.0
PO-07914,2025-07-07,P001,SUP02,400,18.23,7292.0
PO-07915,2025-07-07,P039,SUP05,400,14.07,5628.0
PO-07916,2025-07-07,P024,SUP15,250,5.07,1267.5
PO-07917,2025-07-07,P024,SUP07,500,5.07,2535.0
PO-07918,2025-07-07,P024,SUP14,300,5.31,1593.0
PO-07919,2025-07-07,P031,SUP14,100,37.74,3774.0
PO-07920,2025-07-07,P008,SUP15,500,2.14,1070.0
PO-07921,2025-07-07,P007,SUP15,80,64.02,5121.6
PO-07922,2025-07-07,P017,SUP10,250,20.26,5065.0
PO-07923,2025-07-07,P021,SUP13,100,48.54,4854.0
PO-07924,2025-07-07,P044,SUP08,20,82.79,1655.8
PO-07925,2025-07-07,P030,SUP07,250,74.04,18510.0
PO-07926,2025-07-07,P025,SUP07,120,34.78,4173.6
PO-07927,2025-07-07,P040,SUP14,500,11.94,5970.0
PO-07928,2025-07-07,P034,SUP05,100,27.79,2779.0
PO-07929,2025-07-07,P034,SUP09,500,28.32,14160.0
PO-07930,2025-07-07,P028,SUP04,20,86.57,1731.4
PO-07931,2025-07-07,P039,SUP09,500,14.51,7255.0
PO-07932,2025-07-08,P034,SUP15,100,27.35,2735.0
PO-07933,2025-07-08,P021,SUP07,400,47.01,18804.0
PO-07934,2025-07-08,P041,SUP01,40,53.39,2135.6
PO-07935,2025-07-08,P048,SUP15,300,20.67,6201.0
PO-07936,2025-07-08,P011,SUP01,500,12.46,6230.0
PO-07937,2025-07-08,P021,SUP07,500,47.44,23720.0
PO-07938,2025-07-08,P001,SUP15,500,18.2,9100.0
PO-07939,2025-07-08,P029,SUP13,40,115.5,4620.0
PO-07940,2025-07-08,P034,SUP15,300,27.53,8259.0
PO-07941,2025-07-08,P037,SUP09,200,17.53,3506.0
PO-07942,2025-07-08,P014,SUP08,80,73.09,5847.2
PO-07943,2025-07-09,P017,SUP06,100,19.33,1933.0
PO-07944,2025-07-09,P033,SUP15,100,16.84,1684.0
PO-07945,2025-07-09,P034,SUP14,100,28.08,2808.0
PO-07946,2025-07-09,P003,SUP01,100,87.16,8716.0
PO-07947,2025-07-09,P011,SUP08,150,12.35,1852.5
PO-07948,2025-07-09,P009,SUP01,60,23.74,1424.4
PO-07949,2025-07-09,P034,SUP05,150,27.97,4195.5
PO-07950,2025-07-09,P039,SUP05,250,14.28,3570.0
PO-07951,2025-07-09,P040,SUP14,500,11.98,5990.0
PO-07952,2025-07-09,P026,SUP15,20,54.58,1091.6
PO-07953,2025-07-09,P002,SUP15,400,6.06,2424.0
PO-07954,2025-07-09,P039,SUP14,500,14.73,7365.0
PO-07955,2025-07-09,P045,SUP08,80,35.09,2807.2
PO-07956,2025-07-09,P037,SUP15,300,17.5,5250.0
PO-07957,2025-07-09,P039,SUP15,200,14.5,2900.0
PO-07958,2025-07-09,P031,SUP09,400,38.13,15252.0
PO-07959,2025-07-09,P046,SUP15,120,29.09,3490.8
PO-07960,2025-07-09,P021,SUP15,250,49.34,12335.0
PO-07961,2025-07-10,P002,SUP11,400,6.08,2432.0
PO-07962,2025-07-10,P024,SUP13,100,5.12,512.0
PO-07963,2025-07-10,P015,SUP01,120,42.89,5146.8
PO-07964,2025-07-10,P030,SUP13,100,73.03,7303.0
PO-07965,2025-07-10,P021,SUP04,300,48.48,14544.0
PO-07966,2025-07-10,P035,SUP14,60,44.33,2659.8
PO-07967,2025-07-10,P043,SUP12,250,15.12,3780.0
PO-07968,2025-07-10,P030,SUP14,300,72.17,21651.0
PO-07969,2025-07-10,P017,SUP06,400,20.15,8060.0
PO-07970,2025-07-10,P021,SUP15,300,49.36,14808.0
PO-07971,2025-07-10,P011,SUP06,400,12.57,5028.0
PO-07972,2025-07-10,P009,SUP06,80,23.63,1890.4
PO-07973,2025-07-10,P019,SUP03,10,94.11,941.1
PO-07974,2025-07-10,P030,SUP13,150,70.19,10528.5
PO-07975,2025-07-10,P016,SUP03,60,57.78,3466.8
PO-07976,2025-07-11,P009,SUP11,40,23.28,931.2
PO-07977,2025-07-11,P044,SUP12,20,82.65,1653.0
PO-07978,2025-07-11,P001,SUP11,250,18.81,4702.5
PO-07979,2025-07-11,P043,SUP12,400,15.52,6208.0
PO-07980,2025-07-11,P035,SUP09,100,44.33,4433.0
PO-07981,2025-07-11,P005,SUP06,120,7.91,949.2
PO-07982,2025-07-11,P025,SUP14,100,34.18,3418.0
PO-07983,2025-07-11,P028,SUP14,15,90.13,1351.95
PO-07984,2025-07-11,P033,SUP15,400,16.98,6792.0
PO-07985,2025-07-11,P040,SUP05,150,11.96,1794.0
PO-07986,2025-07-11,P048,SUP12,250,20.69,5172.5
PO-07987,2025-07-11,P030,SUP15,300,73.02,21906.0
PO-07988,2025-07-11,P033,SUP09,400,16.46,6584.0
PO-07989,2025-07-11,P008,SUP15,150,2.11,316.5
PO-07990,2025-07-11,P024,SUP15,100,5.29,529.0
PO-07991,2025-07-11,P017,SUP06,150,19.88,2982.0
PO-07992,2025-07-11,P031,SUP05,100,38.56,3856.0
PO-07993,2025-07-11,P030,SUP04,200,70.77,14154.0
PO-07994,2025-07-11,P011,SUP03,150,12.31,1846.5
PO-07995,2025-07-11,P011,SUP06,250,12.78,3195.0
PO-07996,2025-07-11,P008,SUP01,250,2.11,527.5
PO-07997,2025-07-11,P020,SUP06,80,26.68,2134.4
PO-07998,2025-07-12,P032,SUP09,300,22.31,6693.0
PO-07999,2025-07-12,P014,SUP06,120,75.62,9074.4
PO-08000,2025-07-12,P008,SUP15,100,2.15,215.0
PO-08001,2025-07-12,P025,SUP04,60,36.0,2160.0
PO-08002,2025-07-12,P036,SUP14,50,32.75,1637.5
PO-08003,2025-07-12,P022,SUP04,60,91.42,5485.2
PO-08004,2025-07-12,P029,SUP14,40,116.45,4658.0
PO-08005,2025-07-12,P034,SUP14,100,28.56,2856.0
PO-08006,2025-07-12,P024,SUP13,500,5.33,2665.0
PO-08007,2025-07-12,P047,SUP08,10,80.25,802.5
PO-08008,2025-07-12,P048,SUP15,400,20.47,8188.0
PO-08009,2025-07-12,P008,SUP02,100,2.05,205.0
PO-08010,2025-07-12,P050,SUP15,40,96.68,3867.2
PO-08011,2025-07-12,P038,SUP05,120,24.77,2972.4
PO-08012,2025-07-12,P017,SUP10,400,20.22,8088.0
PO-08013,2025-07-12,P009,SUP11,120,23.61,2833.2
PO-08014,2025-07-12,P008,SUP01,100,2.1,210.0
PO-08015,2025-07-13,P029,SUP15,50,118.12,5906.0
PO-08016,2025-07-13,P026,SUP13,15,54.71,820.65
PO-08017,2025-07-13,P043,SUP12,200,15.66,3132.0
PO-08018,2025-07-13,P016,SUP08,100,58.16,5816.0
PO-08019,2025-07-13,P043,SUP01,400,15.11,6044.0
PO-08020,2025-07-13,P033,SUP15,250,16.21,4052.5
PO-08021,2025-07-13,P031,SUP15,200,38.94,7788.0
PO-08022,2025-07-13,P042,SUP01,60,66.88,4012.8
PO-08023,2025-07-13,P001,SUP15,200,18.25,3650.0
PO-08024,2025-07-13,P001,SUP02,500,18.05,9025.0
PO-08025,2025-07-13,P001,SUP11,500,18.57,9285.0
PO-08026,2025-07-13,P048,SUP12,150,20.54,3081.0
PO-08027,2025-07-13,P004,SUP06,100,3.34,334.0
PO-08028,2025-07-13,P033,SUP15,150,16.88,2532.0
PO-08029,2025-07-13,P030,SUP14,150,70.11,10516.5
PO-08030,2025-07-13,P037,SUP09,150,17.84,2676.0
PO-08031,2025-07-13,P044,SUP12,40,82.73,3309.2
PO-08032,2025-07-13,P002,SUP11,300,6.27,1881.0
PO-08033,2025-07-13,P014,SUP06,40,74.53,2981.2
PO-08034,2025-07-13,P041,SUP08,30,55.48,1664.4
PO-08035,2025-07-13,P032,SUP05,200,21.42,4284.0
PO-08036,2025-07-14,P037,SUP14,200,17.74,3548.0
PO-08037,2025-07-14,P017,SUP08,150,20.14,3021.0
PO-08038,2025-07-14,P035,SUP05,120,46.15,5538.0
PO-08039,2025-07-14,P011,SUP10,500,12.37,6185.0
PO-08040,2025-07-14,P024,SUP14,500,5.24,2620.0
PO-08041,2025-07-14,P021,SUP04,300,48.4,14520.0
PO-08042,2025-07-14,P046,SUP15,50,28.25,1412.5
PO-08043,2025-07-14,P040,SUP14,300,11.99,3597.0
PO-08044,2025-07-14,P030,SUP13,150,73.1,10965.0
PO-08045,2025-07-14,P003,SUP06,50,86.28,4314.0
PO-08046,2025-07-14,P043,SUP12,100,15.25,1525.0
PO-08047,2025-07-14,P036,SUP05,60,31.87,1912.2
PO-08048,2025-07-14,P009,SUP06,80,24.62,1969.6
PO-08049,2025-07-14,P022,SUP04,100,90.51,9051.0
PO-08050,2025-07-14,P017,SUP10,250,19.95,4987.5
PO-08051,2025-07-14,P034,SUP05,400,27.71,11084.0
PO-08052,2025-07-14,P010,SUP11,50,45.99,2299.5
PO-08053,2025-07-14,P040,SUP14,500,12.32,6160.0
PO-08054,2025-07-14,P008,SUP15,500,2.04,1020.0
PO-08055,2025-07-15,P001,SUP06,150,18.2,2730.0
PO-08056,2025-07-15,P026,SUP15,15,55.27,829.05
PO-08057,2025-07-15,P031,SUP05,250,38.1,9525.0
PO-08058,2025-07-15,P022,SUP04,80,91.96,7356.8
PO-08059,2025-07-15,P045,SUP14,80,35.7,2856.0
PO-08060,2025-07-15,P030,SUP13,100,69.9,6990.0
PO-08061,2025-07-15,P032,SUP05,250,21.41,5352.5
PO-08062,2025-07-15,P038,SUP09,40,24.69,987.6
PO-08063,2025-07-15,P048,SUP14,150,21.0,3150.0
PO-08064,2025-07-15,P040,SUP09,300,11.99,3597.0
PO-08065,2025-07-15,P043,SUP14,300,15.06,4518.0
PO-08066,2025-07-16,P007,SUP15,80,66.74,5339.2
PO-08067,2025-07-16,P003,SUP02,80,83.04,6643.2
PO-08068,2025-07-16,P031,SUP09,250,38.8,9700.0
PO-08069,2025-07-16,P043,SUP08,200,15.33,3066.0
PO-08070,2025-07-16,P011,SUP01,400,12.61,5044.0
PO-08071,2025-07-16,P004,SUP01,300,3.43,1029.0
PO-08072,2025-07-16,P025,SUP04,60,34.63,2077.8
PO-08073,2025-07-16,P021,SUP04,250,46.88,11720.0
PO-08074,2025-07-16,P019,SUP01,15,94.75,1421.25
PO-08075,2025-07-16,P016,SUP10,100,59.47,5947.0
PO-08076,2025-07-16,P004,SUP01,200,3.48,696.0
PO-08077,2025-07-16,P033,SUP14,200,16.83,3366.0
PO-08078,2025-07-16,P003,SUP01,80,86.17,6893.6
PO-08079,2025-07-16,P008,SUP01,300,2.11,633.0
PO-08080,2025-07-16,P007,SUP02,120,63.74,7648.8
PO-08081,2025-07-17,P032,SUP15,100,22.4,2240.0
PO-08082,2025-07-17,P039,SUP14,200,14.8,2960.0
PO-08083,2025-07-17,P050,SUP12,40,95.82,3832.8
PO-08084,2025-07-17,P042,SUP15,40,68.66,2746.4
PO-08085,2025-07-17,P005,SUP02,40,7.97,318.8
PO-08086,2025-07-17,P002,SUP15,500,6.08,3040.0
PO-08087,2025-07-17,P037,SUP05,150,17.47,2620.5
PO-08088,2025-07-17,P043,SUP01,250,15.48,3870.0
PO-08089,2025-07-17,P001,SUP02,250,18.66,4665.0
PO-08090,2025-07-17,P012,SUP08,15,109.77,1646.55
PO-08091,2025-07-17,P017,SUP08,300,20.12,6036.0
PO-08092,2025-07-17,P031,SUP05,100,39.09,3909.0
PO-08093,2025-07-18,P002,SUP11,400,6.36,2544.0
PO-08094,2025-07-18,P043,SUP15,100,15.62,1562.0
PO-08095,2025-07-18,P002,SUP06,300,6.07,1821.0
PO-08096,2025-07-18,P047,SUP01,15,80.07,1201.05
PO-08097,2025-07-18,P021,SUP14,150,49.16,7374.0
PO-08098,2025-07-18,P033,SUP09,150,16.06,2409.0
PO-08099,2025-07-18,P039,SUP15,150,14.91,2236.5
PO-08100,2025-07-18,P036,SUP14,50,31.6,1580.0
PO-08101,2025-07-18,P003,SUP01,80,86.44,6915.2
PO-08102,2025-07-18,P004,SUP11,200,3.32,664.0
PO-08103,2025-07-18,P030,SUP04,200,72.5,14500.0
PO-08104,2025-07-18,P033,SUP15,250,16.82,4205.0
PO-08105,2025-07-18,P037,SUP09,200,17.66,3532.0
PO-08106,2025-07-19,P010,SUP15,100,44.64,4464.0
PO-08107,2025-07-19,P011,SUP06,400,12.43,4972.0
PO-08108,2025-07-19,P030,SUP07,400,71.49,28596.0
PO-08109,2025-07-19,P033,SUP14,300,16.6,4980.0
PO-08110,2025-07-19,P045,SUP08,50,36.91,1845.5
PO-08111,2025-07-19,P048,SUP14,200,20.87,4174.0
PO-08112,2025-07-19,P016,SUP06,50,56.77,2838.5
PO-08113,2025-07-19,P037,SUP05,100,17.93,1793.0
PO-08114,2025-07-19,P004,SUP01,150,3.48,522.0
PO-08115,2025-07-19,P001,SUP11,200,18.83,3766.0
PO-08116,2025-07-19,P001,SUP01,400,18.22,7288.0
PO-08117,2025-07-19,P030,SUP15,150,73.32,10998.0
PO-08118,2025-07-19,P010,SUP06,40,45.07,1802.8
PO-08119,2025-07-19,P018,SUP08,10,245.86,2458.6
PO-08120,2025-07-20,P017,SUP10,250,20.08,5020.0
PO-08121,2025-07-20,P017,SUP03,200,19.62,3924.0
PO-08122,2025-07-20,P009,SUP06,80,24.64,1971.2
PO-08123,2025-07-20,P032,SUP15,100,21.63,2163.0
PO-08124,2025-07-20,P043,SUP14,200,15.53,3106.0
PO-08125,2025-07-20,P002,SUP15,300,6.25,1875.0
PO-08126,2025-07-20,P043,SUP12,500,15.76,7880.0
PO-08127,2025-07-20,P005,SUP15,50,7.77,388.5
PO-08128,2025-07-20,P017,SUP10,200,19.27,3854.0
PO-08129,2025-07-20,P011,SUP03,500,12.79,6395.0
PO-08130,2025-07-20,P011,SUP08,500,12.31,6155.0
PO-08131,2025-07-20,P025,SUP07,50,35.92,1796.0
PO-08132,2025-07-20,P035,SUP05,50,45.26,2263.0
PO-08133,2025-07-20,P048,SUP14,400,21.05,8420.0
PO-08134,2025-07-20,P024,SUP13,300,5.3,1590.0
PO-08135,2025-07-20,P004,SUP06,200,3.41,682.0
PO-08136,2025-07-21,P030,SUP04,500,73.2,36600.0
PO-08137,2025-07-21,P021,SUP13,200,49.26,9852.0
PO-08138,2025-07-21,P048,SUP08,250,21.34,5335.0
PO-08139,2025-07-21,P016,SUP10,100,59.03,5903.0
PO-08140,2025-07-21,P022,SUP13,40,91.6,3664.0
PO-08141,2025-07-21,P031,SUP14,400,37.81,15124.0
PO-08142,2025-07-21,P008,SUP11,250,2.07,517.5
PO-08143,2025-07-21,P023,SUP14,100,64.66,6466.0
PO-08144,2025-07-21,P029,SUP14,80,112.74,9019.2
PO-08145,2025-07-21,P039,SUP15,300,14.26,4278.0
PO-08146,2025-07-21,P048,SUP08,300,21.51,6453.0
PO-08147,2025-07-21,P011,SUP08,500,12.6,6300.0
PO-08148,2025-07-21,P030,SUP13,400,71.94,28776.0
PO-08149,2025-07-21,P001,SUP15,200,19.05,3810.0
PO-08150,2025-07-22,P040,SUP14,250,11.69,2922.5
PO-08151,2025-07-22,P012,SUP08,40,109.79,4391.6
PO-08152,2025-07-22,P003,SUP02,50,84.16,4208.0
PO-08153,2025-07-22,P010,SUP01,100,45.41,4541.0
PO-08154,2025-07-22,P040,SUP15,100,12.08,1208.0
PO-08155,2025-07-22,P008,SUP15,100,2.07,207.0
PO-08156,2025-07-22,P040,SUP09,300,11.69,3507.0
PO-08157,2025-07-22,P030,SUP04,100,69.89,6989.0
PO-08158,2025-07-22,P043,SUP08,100,15.96,1596.0
PO-08159,2025-07-22,P037,SUP09,100,18.07,1807.0
PO-08160,2025-07-22,P002,SUP01,400,6.13,2452.0
PO-08161,2025-07-22,P043,SUP12,150,15.65,2347.5
PO-08162,2025-07-23,P017,SUP08,250,19.27,4817.5
PO-08163,2025-07-23,P013,SUP08,50,32.16,1608.0
PO-08164,2025-07-23,P031,SUP05,200,38.36,7672.0
PO-08165,2025-07-23,P048,SUP14,400,20.57,8228.0
PO-08166,2025-07-23,P022,SUP13,120,91.94,11032.8
PO-08167,2025-07-23,P022,SUP14,120,93.59,11230.8
PO-08168,2025-07-23,P035,SUP15,100,45.54,4554.0
PO-08169,2025-07-23,P022,SUP04,40,90.41,3616.4
PO-08170,2025-07-23,P011,SUP01,400,12.16,4864.0
PO-08171,2025-07-23,P005,SUP06,120,7.77,932.4
PO-08172,2025-07-23,P027,SUP14,20,139.31,2786.2
PO-08173,2025-07-23,P046,SUP08,100,28.34,2834.0
PO-08174,2025-07-23,P032,SUP14,400,21.99,8796.0
PO-08175,2025-07-23,P036,SUP05,60,32.45,1947.0
PO-08176,2025-07-23,P016,SUP08,50,57.88,2894.0
PO-08177,2025-07-24,P034,SUP15,100,28.18,2818.0
PO-08178,2025-07-24,P039,SUP05,400,14.16,5664.0
PO-08179,2025-07-24,P045,SUP08,60,35.37,2122.2
PO-08180,2025-07-24,P022,SUP04,120,92.64,11116.8
PO-08181,2025-07-24,P001,SUP15,500,18.59,9295.0
PO-08182,2025-07-24,P040,SUP05,500,12.04,6020.0
PO-08183,2025-07-24,P045,SUP08,40,35.04,1401.6
PO-08184,2025-07-24,P039,SUP05,100,14.93,1493.0
PO-08185,2025-07-24,P008,SUP02,200,2.15,430.0
PO-08186,2025-07-24,P017,SUP01,150,19.64,2946.0
PO-08187,2025-07-24,P018,SUP06,20,240.66,4813.2
PO-08188,2025-07-24,P010,SUP15,80,45.61,3648.8
PO-08189,2025-07-24,P039,SUP14,250,14.13,3532.5
PO-08190,2025-07-24,P017,SUP01,250,19.92,4980.0
PO-08191,2025-07-24,P038,SUP09,50,25.17,1258.5
PO-08192,2025-07-24,P008,SUP02,100,2.08,208.0
PO-08193,2025-07-25,P024,SUP07,500,5.32,2660.0
PO-08194,2025-07-25,P033,SUP05,250,16.01,4002.5
PO-08195,2025-07-25,P013,SUP03,40,31.66,1266.4
PO-08196,2025-07-25,P031,SUP15,200,38.91,7782.0
PO-08197,2025-07-25,P025,SUP13,100,34.74,3474.0
PO-08198,2025-07-25,P029,SUP13,120,114.7,13764.0
PO-08199,2025-07-25,P043,SUP08,200,15.07,3014.0
PO-08200,2025-07-25,P002,SUP11,500,6.26,3130.0
PO-08201,2025-07-25,P005,SUP15,40,7.98,319.2
PO-08202,2025-07-26,P010,SUP11,80,45.17,3613.6
PO-08203,2025-07-26,P048,SUP08,300,21.35,6405.0
PO-08204,2025-07-26,P021,SUP14,250,48.48,12120.0
PO-08205,2025-07-26,P043,SUP12,100,15.26,1526.0
PO-08206,2025-07-26,P017,SUP06,150,19.84,2976.0
PO-08207,2025-07-26,P011,SUP10,500,12.86,6430.0
PO-08208,2025-07-26,P037,SUP09,250,17.85,4462.5
PO-08209,2025-07-26,P015,SUP10,40,42.62,1704.8
PO-08210,2025-07-26,P006,SUP01,30,121.44,3643.2
PO-08211,2025-07-26,P043,SUP15,400,15.22,6088.0
PO-08212,2025-07-26,P034,SUP15,200,27.17,5434.0
PO-08213,2025-07-26,P029,SUP13,60,112.54,6752.4
PO-08214,2025-07-26,P045,SUP01,80,36.89,2951.2
PO-08215,2025-07-26,P020,SUP01,60,26.54,1592.4
PO-08216,2025-07-26,P008,SUP01,400,2.16,864.0
PO-08217,2025-07-26,P004,SUP11,500,3.41,1705.0
PO-08218,2025-07-26,P034,SUP15,100,27.4,2740.0
PO-08219,2025-07-26,P023,SUP15,80,63.02,5041.6
PO-08220,2025-07-26,P029,SUP13,120,114.06,13687.2
PO-08221,2025-07-26,P007,SUP11,80,67.21,5376.8
PO-08222,2025-07-26,P032,SUP14,150,21.86,3279.0
PO-08223,2025-07-26,P010,SUP11,120,43.85,5262.0
PO-08224,2025-07-27,P039,SUP09,100,14.38,1438.0
PO-08225,2025-07-27,P037,SUP09,250,18.16,4540.0
PO-08226,2025-07-27,P033,SUP05,250,16.16,4040.0
PO-08227,2025-07-27,P004,SUP01,400,3.34,1336.0
PO-08228,2025-07-27,P037,SUP05,300,17.69,5307.0
PO-08229,2025-07-27,P008,SUP11,300,2.14,642.0
PO-08230,2025-07-27,P034,SUP14,250,27.17,6792.5
PO-08231,2025-07-27,P004,SUP06,100,3.41,341.0
PO-08232,2025-07-27,P001,SUP02,150,18.61,2791.5
PO-08233,2025-07-27,P030,SUP15,300,71.48,21444.0
PO-08234,2025-07-27,P037,SUP05,500,18.28,9140.0
PO-08235,2025-07-27,P040,SUP05,100,11.9,1190.0
PO-08236,2025-07-27,P001,SUP06,200,18.22,3644.0
PO-08237,2025-07-27,P030,SUP15,500,70.96,35480.0
PO-08238,2025-07-27,P034,SUP05,150,28.54,4281.0
PO-08239,2025-07-27,P013,SUP03,80,32.56,2604.8
PO-08240,2025-07-27,P048,SUP12,150,20.83,3124.5
PO-08241,2025-07-27,P032,SUP05,200,21.94,4388.0
PO-08242,2025-07-27,P001,SUP11,150,19.04,2856.0
PO-08243,2025-07-27,P008,SUP01,150,2.15,322.5
PO-08244,2025-07-27,P036,SUP05,80,31.5,2520.0
PO-08245,2025-07-28,P011,SUP08,400,12.14,4856.0
PO-08246,2025-07-28,P017,SUP01,400,19.82,7928.0
PO-08247,2025-07-28,P040,SUP15,100,11.73,1173.0
PO-08248,2025-07-28,P043,SUP01,150,15.92,2388.0
PO-08249,2025-07-28,P011,SUP01,100,12.42,1242.0
PO-08250,2025-07-28,P014,SUP01,60,74.46,4467.6
PO-08251,2025-07-28,P045,SUP15,50,35.14,1757.0
PO-08252,2025-07-28,P006,SUP15,10,119.37,1193.7
PO-08253,2025-07-28,P043,SUP12,200,15.55,3110.0
PO-08254,2025-07-28,P022,SUP15,120,93.95,11274.0
PO-08255,2025-07-28,P037,SUP09,300,17.57,5271.0
PO-08256,2025-07-28,P011,SUP01,150,12.35,1852.5
PO-08257,2025-07-28,P024,SUP07,200,5.25,1050.0
PO-08258,2025-07-28,P021,SUP07,500,46.75,23375.0
PO-08259,2025-07-28,P025,SUP13,40,35.46,1418.4
PO-08260,2025-07-28,P048,SUP01,500,20.97,10485.0
PO-08261,2025-07-28,P036,SUP05,50,32.34,1617.0
PO-08262,2025-07-28,P040,SUP14,150,11.96,1794.0
PO-08263,2025-07-28,P038,SUP14,100,25.36,2536.0
PO-08264,2025-07-28,P004,SUP11,100,3.42,342.0
PO-08265,2025-07-29,P001,SUP01,100,18.06,1806.0
PO-08266,2025-07-29,P005,SUP01,80,7.7,616.0
PO-08267,2025-07-29,P032,SUP15,150,22.48,3372.0
PO-08268,2025-07-29,P020,SUP01,120,27.25,3270.0
PO-08269,2025-07-29,P033,SUP09,250,16.12,4030.0
PO-08270,2025-07-29,P038,SUP15,80,24.58,1966.4
PO-08271,2025-07-29,P001,SUP15,300,18.91,5673.0
PO-08272,2025-07-29,P040,SUP05,200,11.92,2384.0
PO-08273,2025-07-29,P048,SUP15,500,21.39,10695.0
PO-08274,2025-07-29,P030,SUP15,200,70.72,14144.0
PO-08275,2025-07-29,P032,SUP15,300,21.52,6456.0
PO-08276,2025-07-30,P022,SUP14,80,94.38,7550.4
PO-08277,2025-07-30,P024,SUP15,400,5.05,2020.0
PO-08278,2025-07-30,P043,SUP01,250,15.42,3855.0
PO-08279,2025-07-30,P038,SUP05,120,25.58,3069.6
PO-08280,2025-07-30,P046,SUP08,50,29.04,1452.0
PO-08281,2025-07-30,P021,SUP14,250,47.29,11822.5
PO-08282,2025-07-30,P043,SUP01,250,15.61,3902.5
PO-08283,2025-07-30,P029,SUP15,100,118.08,11808.0
PO-08284,2025-07-30,P002,SUP01,400,6.02,2408.0
PO-08285,2025-07-30,P007,SUP02,120,64.27,7712.4
PO-08286,2025-07-30,P009,SUP06,120,24.48,2937.6
PO-08287,2025-07-31,P003,SUP01,50,87.22,4361.0
PO-08288,2025-07-31,P037,SUP14,500,17.88,8940.0
PO-08289,2025-07-31,P048,SUP12,500,21.35,10675.0
PO-08290,2025-07-31,P023,SUP04,60,62.98,3778.8
PO-08291,2025-07-31,P002,SUP11,200,6.33,1266.0
PO-08292,2025-07-31,P049,SUP15,30,391.06,11731.8
PO-08293,2025-07-31,P004,SUP15,250,3.47,867.5
PO-08294,2025-07-31,P039,SUP15,150,14.24,2136.0
PO-08295,2025-07-31,P019,SUP10,40,95.44,3817.6
PO-08296,2025-07-31,P001,SUP11,150,18.4,2760.0
PO-08297,2025-07-31,P047,SUP14,10,77.78,777.8
PO-08298,2025-08-01,P036,SUP14,50,31.33,1566.5
PO-08299,2025-08-01,P031,SUP09,300,38.34,11502.0
PO-08300,2025-08-01,P024,SUP14,400,5.06,2024.0
PO-08301,2025-08-01,P025,SUP14,100,34.29,3429.0
PO-08302,2025-08-01,P014,SUP03,40,75.68,3027.2
PO-08303,2025-08-01,P005,SUP11,100,7.99,799.0
PO-08304,2025-08-01,P043,SUP12,150,15.62,2343.0
PO-08305,2025-08-01,P036,SUP05,80,32.52,2601.6
PO-08306,2025-08-01,P014,SUP03,40,73.76,2950.4
PO-08307,2025-08-01,P004,SUP06,100,3.44,344.0
PO-08308,2025-08-01,P044,SUP15,40,80.02,3200.8
PO-08309,2025-08-01,P008,SUP06,250,2.15,537.5
PO-08310,2025-08-01,P014,SUP01,60,76.59,4595.4
PO-08311,2025-08-02,P031,SUP14,400,38.56,15424.0
PO-08312,2025-08-02,P030,SUP13,400,70.62,28248.0
PO-08313,2025-08-02,P043,SUP12,150,15.89,2383.5
PO-08314,2025-08-02,P029,SUP14,60,114.73,6883.8
PO-08315,2025-08-02,P036,SUP05,100,32.61,3261.0
PO-08316,2025-08-02,P024,SUP15,200,5.18,1036.0
PO-08317,2025-08-02,P021,SUP15,200,49.3,9860.0
PO-08318,2025-08-02,P001,SUP06,500,18.56,9280.0
PO-08319,2025-08-02,P002,SUP11,250,6.37,1592.5
PO-08320,2025-08-02,P043,SUP01,150,15.93,2389.5
PO-08321,2025-08-02,P010,SUP11,100,43.95,4395.0
PO-08322,2025-08-02,P037,SUP15,200,17.91,3582.0
PO-08323,2025-08-02,P021,SUP13,250,47.44,11860.0
PO-08324,2025-08-02,P036,SUP14,100,32.84,3284.0
PO-08325,2025-08-02,P031,SUP15,150,39.03,5854.5
PO-08326,2025-08-02,P043,SUP12,400,15.37,6148.0
PO-08327,2025-08-03,P003,SUP15,40,86.1,3444.0
PO-08328,2025-08-03,P019,SUP10,30,96.6,2898.0
PO-08329,2025-08-03,P001,SUP06,100,18.95,1895.0
PO-08330,2025-08-03,P039,SUP15,400,14.54,5816.0
PO-08331,2025-08-03,P015,SUP01,50,42.56,2128.0
PO-08332,2025-08-03,P027,SUP14,40,136.95,5478.0
PO-08333,2025-08-03,P040,SUP05,100,11.86,1186.0
PO-08334,2025-08-03,P045,SUP08,40,35.15,1406.0
PO-08335,2025-08-03,P038,SUP14,40,24.56,982.4
PO-08336,2025-08-03,P043,SUP15,100,15.16,1516.0
PO-08337,2025-08-03,P022,SUP04,120,94.76,11371.2
PO-08338,2025-08-03,P048,SUP08,150,21.62,3243.0
PO-08339,2025-08-04,P037,SUP14,400,17.64,7056.0
PO-08340,2025-08-04,P049,SUP08,30,390.35,11710.5
PO-08341,2025-08-04,P001,SUP15,500,18.08,9040.0
PO-08342,2025-08-04,P011,SUP03,400,12.57,5028.0
PO-08343,2025-08-04,P021,SUP07,500,49.44,24720.0
PO-08344,2025-08-04,P017,SUP01,500,19.34,9670.0
PO-08345,2025-08-04,P012,SUP03,15,112.59,1688.85
PO-08346,2025-08-04,P020,SUP06,100,26.47,2647.0
PO-08347,2025-08-04,P031,SUP15,300,38.07,11421.0
PO-08348,2025-08-04,P022,SUP14,50,91.28,4564.0
PO-08349,2025-08-04,P032,SUP14,300,21.99,6597.0
PO-08350,2025-08-04,P030,SUP13,400,72.98,29192.0
PO-08351,2025-08-04,P034,SUP05,100,28.37,2837.0
PO-08352,2025-08-04,P003,SUP01,60,86.54,5192.4
PO-08353,2025-08-04,P022,SUP04,120,93.52,11222.4
PO-08354,2025-08-04,P035,SUP15,120,45.73,5487.6
PO-08355,2025-08-05,P032,SUP15,300,21.71,6513.0
PO-08356,2025-08-05,P020,SUP08,40,25.92,1036.8
PO-08357,2025-08-05,P048,SUP15,200,21.17,4234.0
PO-08358,2025-08-05,P040,SUP14,250,12.09,3022.5
PO-08359,2025-08-05,P024,SUP07,300,5.25,1575.0
PO-08360,2025-08-05,P048,SUP15,250,21.42,5355.0
PO-08361,2025-08-05,P030,SUP04,150,73.48,11022.0
PO-08362,2025-08-05,P032,SUP15,250,22.53,5632.5
PO-08363,2025-08-05,P001,SUP02,400,18.84,7536.0
PO-08364,2025-08-06,P038,SUP15,40,24.48,979.2
PO-08365,2025-08-06,P005,SUP02,60,7.7,462.0
PO-08366,2025-08-06,P021,SUP13,150,46.74,7011.0
PO-08367,2025-08-06,P002,SUP15,400,6.35,2540.0
PO-08368,2025-08-06,P004,SUP01,100,3.39,339.0
PO-08369,2025-08-06,P013,SUP06,50,31.72,1586.0
PO-08370,2025-08-06,P011,SUP01,200,12.75,2550.0
PO-08371,2025-08-06,P023,SUP14,80,63.67,5093.6
PO-08372,2025-08-06,P033,SUP15,100,16.04,1604.0
PO-08373,2025-08-06,P018,SUP10,15,246.92,3703.8
PO-08374,2025-08-06,P008,SUP11,250,2.11,527.5
PO-08375,2025-08-06,P001,SUP06,500,18.54,9270.0
PO-08376,2025-08-06,P036,SUP14,60,32.84,1970.4
PO-08377,2025-08-06,P004,SUP06,200,3.44,688.0
PO-08378,2025-08-06,P003,SUP02,40,83.58,3343.2
PO-08379,2025-08-06,P036,SUP14,120,32.47,3896.4
PO-08380,2025-08-06,P032,SUP14,500,21.65,10825.0
PO-08381,2025-08-07,P031,SUP14,250,39.06,9765.0
PO-08382,2025-08-07,P045,SUP12,80,35.34,2827.2
PO-08383,2025-08-07,P038,SUP15,40,25.22,1008.8
PO-08384,2025-08-07,P028,SUP15,10,90.48,904.8
PO-08385,2025-08-07,P037,SUP15,100,17.9,1790.0
PO-08386,2025-08-07,P033,SUP15,500,16.87,8435.0
PO-08387,2025-08-07,P031,SUP09,100,39.63,3963.0
PO-08388,2025-08-07,P017,SUP03,400,19.22,7688.0
PO-08389,2025-08-07,P040,SUP14,100,11.88,1188.0
PO-08390,2025-08-08,P030,SUP13,300,71.22,21366.0
PO-08391,2025-08-08,P025,SUP13,60,35.88,2152.8
PO-08392,2025-08-08,P015,SUP06,100,41.56,4156.0
PO-08393,2025-08-08,P030,SUP14,250,70.9,17725.0
PO-08394,2025-08-08,P032,SUP14,250,22.46,5615.0
PO-08395,2025-08-08,P003,SUP01,80,84.45,6756.0
PO-08396,2025-08-08,P005,SUP15,80,7.9,632.0
PO-08397,2025-08-08,P013,SUP10,80,31.06,2484.8
PO-08398,2025-08-08,P028,SUP04,15,86.79,1301.85
PO-08399,2025-08-08,P002,SUP02,200,6.32,1264.0
PO-08400,2025-08-08,P001,SUP11,300,18.84,5652.0
PO-08401,2025-08-08,P005,SUP11,60,7.59,455.4
PO-08402,2025-08-08,P044,SUP08,10,82.39,823.9
PO-08403,2025-08-09,P021,SUP07,400,46.72,18688.0
PO-08404,2025-08-09,P013,SUP01,60,31.8,1908.0
PO-08405,2025-08-09,P008,SUP15,200,2.1,420.0
PO-08406,2025-08-09,P032,SUP09,500,22.42,11210.0
PO-08407,2025-08-09,P014,SUP08,80,73.03,5842.4
PO-08408,2025-08-09,P039,SUP15,100,14.53,1453.0
PO-08409,2025-08-09,P035,SUP09,100,45.26,4526.0
PO-08410,2025-08-09,P011,SUP06,100,12.49,1249.0
PO-08411,2025-08-09,P021,SUP13,150,46.82,7023.0
PO-08412,2025-08-09,P039,SUP05,500,14.56,7280.0
PO-08413,2025-08-10,P006,SUP11,40,121.84,4873.6
PO-08414,2025-08-10,P002,SUP15,250,6.19,1547.5
PO-08415,2025-08-10,P015,SUP08,40,43.01,1720.4
PO-08416,2025-08-10,P002,SUP01,100,6.3,630.0
PO-08417,2025-08-10,P016,SUP01,100,58.61,5861.0
PO-08418,2025-08-10,P004,SUP01,200,3.4,680.0
PO-08419,2025-08-10,P037,SUP05,500,18.27,9135.0
PO-08420,2025-08-10,P032,SUP15,250,22.07,5517.5
PO-08421,2025-08-10,P037,SUP05,100,18.15,1815.0
PO-08422,2025-08-10,P030,SUP14,500,73.2,36600.0
PO-08423,2025-08-10,P029,SUP14,60,117.06,7023.6
PO-08424,2025-08-10,P016,SUP10,80,58.86,4708.8
PO-08425,2025-08-10,P021,SUP15,200,47.51,9502.0
PO-08426,2025-08-10,P002,SUP15,400,6.18,2472.0
PO-08427,2025-08-10,P013,SUP10,100,32.84,3284.0
PO-08428,2025-08-10,P031,SUP09,100,39.08,3908.0
PO-08429,2025-08-10,P037,SUP14,500,17.84,8920.0
PO-08430,2025-08-11,P017,SUP03,200,19.7,3940.0
PO-08431,2025-08-11,P030,SUP13,200,72.29,14458.0
PO-08432,2025-08-11,P023,SUP04,80,62.85,5028.0
PO-08433,2025-08-11,P003,SUP11,120,86.96,10435.2
PO-08434,2025-08-11,P021,SUP07,100,47.5,4750.0
PO-08435,2025-08-11,P018,SUP10,40,236.31,9452.4
PO-08436,2025-08-11,P049,SUP14,30,373.7,11211.0
PO-08437,2025-08-11,P022,SUP07,60,92.52,5551.2
PO-08438,2025-08-11,P017,SUP08,100,20.2,2020.0
PO-08439,2025-08-11,P008,SUP01,200,2.06,412.0
PO-08440,2025-08-11,P048,SUP08,100,21.54,2154.0
PO-08441,2025-08-11,P030,SUP07,150,73.07,10960.5
PO-08442,2025-08-11,P033,SUP09,500,16.29,8145.0
PO-08443,2025-08-11,P014,SUP03,40,74.74,2989.6
PO-08444,2025-08-11,P017,SUP08,150,19.32,2898.0
PO-08445,2025-08-11,P014,SUP08,120,74.72,8966.4
PO-08446,2025-08-11,P037,SUP15,250,18.16,4540.0
PO-08447,2025-08-11,P017,SUP01,500,20.03,10015.0
PO-08448,2025-08-12,P036,SUP05,60,32.92,1975.2
PO-08449,2025-08-12,P002,SUP15,150,6.3,945.0
PO-08450,2025-08-12,P010,SUP02,80,46.29,3703.2
PO-08451,2025-08-12,P003,SUP15,50,84.17,4208.5
PO-08452,2025-08-12,P043,SUP14,150,15.13,2269.5
PO-08453,2025-08-12,P048,SUP12,400,20.72,8288.0
PO-08454,2025-08-12,P014,SUP06,80,75.93,6074.4
PO-08455,2025-08-12,P011,SUP03,500,12.61,6305.0
PO-08456,2025-08-12,P002,SUP02,300,6.03,1809.0
PO-08457,2025-08-12,P031,SUP05,300,38.78,11634.0
PO-08458,2025-08-12,P001,SUP01,250,18.93,4732.5
PO-08459,2025-08-13,P007,SUP02,50,63.81,3190.5
PO-08460,2025-08-13,P004,SUP02,300,3.31,993.0
PO-08461,2025-08-13,P031,SUP09,100,39.6,3960.0
PO-08462,2025-08-13,P020,SUP01,80,26.03,2082.4
PO-08463,2025-08-13,P030,SUP14,100,73.79,7379.0
PO-08464,2025-08-13,P001,SUP06,500,18.09,9045.0
PO-08465,2025-08-13,P021,SUP15,250,48.84,12210.0
PO-08466,2025-08-13,P030,SUP15,200,71.32,14264.0
PO-08467,2025-08-13,P002,SUP15,250,6.16,1540.0
PO-08468,2025-08-13,P036,SUP15,50,31.41,1570.5
PO-08469,2025-08-13,P001,SUP11,500,18.62,9310.0
PO-08470,2025-08-14,P030,SUP04,100,71.56,7156.0
PO-08471,2025-08-14,P034,SUP05,300,28.22,8466.0
PO-08472,2025-08-14,P004,SUP06,300,3.41,1023.0
PO-08473,2025-08-14,P017,SUP08,150,20.34,3051.0
PO-08474,2025-08-14,P031,SUP15,200,37.49,7498.0
PO-08475,2025-08-14,P011,SUP03,400,12.77,5108.0
PO-08476,2025-08-14,P032,SUP05,300,22.13,6639.0
PO-08477,2025-08-14,P002,SUP02,400,6.04,2416.0
PO-08478,2025-08-14,P031,SUP14,100,39.41,3941.0
PO-08479,2025-08-14,P047,SUP08,10,78.86,788.6
PO-08480,2025-08-15,P046,SUP14,80,29.27,2341.6
PO-08481,2025-08-15,P024,SUP13,100,5.24,524.0
PO-08482,2025-08-15,P016,SUP01,60,58.81,3528.6
PO-08483,2025-08-15,P008,SUP15,300,2.05,615.0
PO-08484,2025-08-15,P035,SUP05,80,44.55,3564.0
PO-08485,2025-08-15,P008,SUP06,250,2.08,520.0
PO-08486,2025-08-15,P011,SUP01,250,12.68,3170.0
PO-08487,2025-08-15,P021,SUP14,400,48.87,19548.0
PO-08488,2025-08-15,P014,SUP03,60,73.23,4393.8
PO-08489,2025-08-15,P017,SUP10,500,19.26,9630.0
PO-08490,2025-08-16,P023,SUP13,60,63.07,3784.2
PO-08491,2025-08-16,P029,SUP04,40,115.74,4629.6
PO-08492,2025-08-16,P017,SUP10,200,20.27,4054.0
PO-08493,2025-08-16,P022,SUP15,100,92.48,9248.0
PO-08494,2025-08-16,P039,SUP05,100,14.08,1408.0
PO-08495,2025-08-16,P031,SUP09,150,39.14,5871.0
PO-08496,2025-08-16,P039,SUP15,250,14.87,3717.5
PO-08497,2025-08-16,P001,SUP01,150,18.32,2748.0
PO-08498,2025-08-16,P013,SUP03,120,31.53,3783.6
PO-08499,2025-08-16,P029,SUP14,100,114.33,11433.0
PO-08500,2025-08-16,P045,SUP01,50,36.88,1844.0
PO-08501,2025-08-16,P032,SUP09,500,21.51,10755.0
PO-08502,2025-08-16,P023,SUP04,80,63.81,5104.8
PO-08503,2025-08-16,P032,SUP14,150,21.79,3268.5
PO-08504,2025-08-16,P035,SUP14,80,45.75,3660.0
PO-08505,2025-08-17,P023,SUP07,60,64.55,3873.0
PO-08506,2025-08-17,P013,SUP03,60,32.48,1948.8
PO-08507,2025-08-17,P031,SUP14,200,38.99,7798.0
PO-08508,2025-08-17,P036,SUP15,40,31.22,1248.8
PO-08509,2025-08-17,P035,SUP09,60,44.4,2664.0
PO-08510,2025-08-17,P043,SUP01,200,15.42,3084.0
PO-08511,2025-08-17,P048,SUP12,500,20.77,10385.0
PO-08512,2025-08-17,P034,SUP09,150,27.43,4114.5
PO-08513,2025-08-17,P023,SUP07,50,62.72,3136.0
PO-08514,2025-08-18,P008,SUP01,150,2.04,306.0
PO-08515,2025-08-18,P036,SUP15,60,32.54,1952.4
PO-08516,2025-08-18,P032,SUP09,150,22.3,3345.0
PO-08517,2025-08-18,P002,SUP02,200,6.05,1210.0
PO-08518,2025-08-18,P007,SUP01,100,66.66,6666.0
PO-08519,2025-08-18,P033,SUP09,150,16.37,2455.5
PO-08520,2025-08-18,P037,SUP14,100,18.18,1818.0
PO-08521,2025-08-18,P036,SUP15,100,32.25,3225.0
PO-08522,2025-08-18,P021,SUP04,250,49.31,12327.5
PO-08523,2025-08-18,P020,SUP06,80,26.57,2125.6
PO-08524,2025-08-18,P048,SUP08,400,21.52,8608.0
PO-08525,2025-08-18,P022,SUP04,100,92.53,9253.0
PO-08526,2025-08-18,P032,SUP14,300,22.66,6798.0
PO-08527,2025-08-18,P030,SUP14,400,74.02,29608.0
PO-08528,2025-08-18,P040,SUP14,300,12.14,3642.0
PO-08529,2025-08-18,P001,SUP02,150,17.97,2695.5
PO-08530,2025-08-18,P007,SUP15,60,66.07,3964.2
PO-08531,2025-08-19,P015,SUP01,50,42.95,2147.5
PO-08532,2025-08-19,P017,SUP01,250,19.98,4995.0
PO-08533,2025-08-19,P025,SUP07,80,35.26,2820.8
PO-08534,2025-08-19,P030,SUP15,500,70.95,35475.0
PO-08535,2025-08-19,P037,SUP14,100,18.04,1804.0
PO-08536,2025-08-19,P014,SUP10,50,74.94,3747.0
PO-08537,2025-08-19,P030,SUP07,200,70.5,14100.0
PO-08538,2025-08-19,P048,SUP12,200,20.75,4150.0
PO-08539,2025-08-19,P024,SUP14,200,5.2,1040.0
PO-08540,2025-08-19,P039,SUP15,250,14.69,3672.5
PO-08541,2025-08-19,P030,SUP14,250,72.83,18207.5
PO-08542,2025-08-19,P043,SUP14,150,15.88,2382.0
PO-08543,2025-08-20,P011,SUP08,250,12.48,3120.0
PO-08544,2025-08-20,P018,SUP06,10,234.11,2341.1
PO-08545,2025-08-20,P050,SUP01,40,94.51,3780.4
PO-08546,2025-08-20,P030,SUP07,300,73.56,22068.0
PO-08547,2025-08-20,P025,SUP07,60,35.43,2125.8
PO-08548,2025-08-20,P014,SUP08,100,75.05,7505.0
PO-08549,2025-08-20,P034,SUP09,150,28.4,4260.0
PO-08550,2025-08-20,P008,SUP02,500,2.12,1060.0
PO-08551,2025-08-20,P035,SUP09,60,45.2,2712.0
PO-08552,2025-08-20,P025,SUP14,40,34.38,1375.2
PO-08553,2025-08-20,P021,SUP04,300,46.86,14058.0
PO-08554,2025-08-20,P010,SUP06,40,45.59,1823.6
PO-08555,2025-08-20,P043,SUP08,150,15.3,2295.0
PO-08556,2025-08-20,P031,SUP09,250,38.28,9570.0
PO-08557,2025-08-21,P034,SUP09,500,28.71,14355.0
PO-08558,2025-08-21,P001,SUP15,200,18.39,3678.0
PO-08559,2025-08-21,P013,SUP01,120,32.86,3943.2
PO-08560,2025-08-21,P024,SUP14,100,5.33,533.0
PO-08561,2025-08-21,P045,SUP08,120,36.0,4320.0
PO-08562,2025-08-21,P021,SUP13,300,48.08,14424.0
PO-08563,2025-08-21,P011,SUP03,100,12.83,1283.0
PO-08564,2025-08-21,P048,SUP01,200,20.61,4122.0
PO-08565,2025-08-21,P035,SUP05,60,45.48,2728.8
PO-08566,2025-08-21,P002,SUP01,300,6.09,1827.0
PO-08567,2025-08-21,P036,SUP15,60,31.21,1872.6
PO-08568,2025-08-21,P001,SUP11,250,18.09,4522.5
PO-08569,2025-08-21,P022,SUP14,40,89.52,3580.8
PO-08570,2025-08-21,P007,SUP01,100,65.72,6572.0
PO-08571,2025-08-21,P006,SUP02,30,117.77,3533.1
PO-08572,2025-08-22,P031,SUP09,500,39.39,19695.0
PO-08573,2025-08-22,P014,SUP01,60,73.53,4411.8
PO-08574,2025-08-22,P015,SUP08,120,41.95,5034.0
PO-08575,2025-08-22,P025,SUP14,50,35.34,1767.0
PO-08576,2025-08-22,P047,SUP01,10,79.51,795.1
PO-08577,2025-08-22,P024,SUP04,100,5.05,505.0
PO-08578,2025-08-22,P024,SUP07,200,5.33,1066.0
PO-08579,2025-08-23,P017,SUP06,500,20.09,10045.0
PO-08580,2025-08-23,P033,SUP09,200,16.35,3270.0
PO-08581,2025-08-23,P015,SUP06,50,41.73,2086.5
PO-08582,2025-08-23,P035,SUP15,50,43.78,2189.0
PO-08583,2025-08-23,P046,SUP15,100,29.24,2924.0
PO-08584,2025-08-23,P024,SUP15,250,5.11,1277.5
PO-08585,2025-08-23,P039,SUP15,150,14.56,2184.0
PO-08586,2025-08-23,P043,SUP14,150,15.04,2256.0
PO-08587,2025-08-23,P036,SUP05,120,32.02,3842.4
PO-08588,2025-08-23,P019,SUP08,20,96.33,1926.6
PO-08589,2025-08-23,P037,SUP15,100,18.21,1821.0
PO-08590,2025-08-23,P033,SUP05,250,16.6,4150.0
PO-08591,2025-08-23,P043,SUP14,300,15.84,4752.0
PO-08592,2025-08-23,P031,SUP09,200,38.19,7638.0
PO-08593,2025-08-23,P028,SUP07,40,87.6,3504.0
PO-08594,2025-08-23,P029,SUP13,40,113.48,4539.2
PO-08595,2025-08-23,P022,SUP14,120,91.17,10940.4
PO-08596,2025-08-23,P029,SUP13,50,115.78,5789.0
PO-08597,2025-08-23,P029,SUP14,60,116.38,6982.8
PO-08598,2025-08-23,P044,SUP01,30,81.81,2454.3
PO-08599,2025-08-23,P046,SUP01,100,29.33,2933.0
PO-08600,2025-08-23,P040,SUP14,500,11.74,5870.0
PO-08601,2025-08-24,P033,SUP15,300,16.99,5097.0
PO-08602,2025-08-24,P017,SUP03,200,20.28,4056.0
PO-08603,2025-08-24,P048,SUP15,300,20.82,6246.0
PO-08604,2025-08-24,P025,SUP14,120,34.25,4110.0
PO-08605,2025-08-24,P049,SUP15,40,382.66,15306.4
PO-08606,2025-08-24,P048,SUP12,200,21.52,4304.0
PO-08607,2025-08-24,P046,SUP12,60,29.41,1764.6
PO-08608,2025-08-24,P033,SUP05,500,16.93,8465.0
PO-08609,2025-08-24,P017,SUP08,200,19.75,3950.0
PO-08610,2025-08-24,P035,SUP15,40,45.5,1820.0
PO-08611,2025-08-24,P020,SUP03,80,26.29,2103.2
PO-08612,2025-08-24,P038,SUP09,80,24.68,1974.4
PO-08613,2025-08-24,P021,SUP15,500,47.41,23705.0
PO-08614,2025-08-24,P030,SUP04,400,73.36,29344.0
PO-08615,2025-08-24,P039,SUP05,200,14.13,2826.0
PO-08616,2025-08-24,P033,SUP09,500,16.23,8115.0
PO-08617,2025-08-24,P021,SUP04,250,47.24,11810.0
PO-08618,2025-08-24,P033,SUP14,100,16.21,1621.0
PO-08619,2025-08-24,P012,SUP06,20,109.1,2182.0
PO-08620,2025-08-24,P030,SUP14,300,71.62,21486.0
PO-08621,2025-08-24,P038,SUP14,60,24.68,1480.8
PO-08622,2025-08-25,P005,SUP06,40,7.77,310.8
PO-08623,2025-08-25,P011,SUP03,200,12.34,2468.0
PO-08624,2025-08-25,P002,SUP15,500,6.39,3195.0
PO-08625,2025-08-25,P008,SUP01,400,2.16,864.0
PO-08626,2025-08-25,P021,SUP14,300,46.63,13989.0
PO-08627,2025-08-25,P048,SUP08,250,20.46,5115.0
PO-08628,2025-08-25,P008,SUP11,100,2.08,208.0
PO-08629,2025-08-26,P018,SUP06,10,238.58,2385.8
PO-08630,2025-08-26,P015,SUP03,60,43.3,2598.0
PO-08631,2025-08-26,P048,SUP01,100,20.49,2049.0
PO-08632,2025-08-26,P033,SUP15,400,16.72,6688.0
PO-08633,2025-08-26,P006,SUP11,20,122.02,2440.4
PO-08634,2025-08-26,P046,SUP15,80,28.16,2252.8
PO-08635,2025-08-26,P024,SUP07,400,5.21,2084.0
PO-08636,2025-08-26,P036,SUP15,50,31.83,1591.5
PO-08637,2025-08-26,P002,SUP01,100,6.28,628.0
PO-08638,2025-08-26,P005,SUP01,100,7.85,785.0
PO-08639,2025-08-26,P029,SUP04,50,112.24,5612.0
PO-08640,2025-08-26,P016,SUP08,50,59.41,2970.5
PO-08641,2025-08-26,P034,SUP09,100,28.38,2838.0
PO-08642,2025-08-26,P007,SUP02,60,64.75,3885.0
PO-08643,2025-08-26,P001,SUP01,100,18.55,1855.0
PO-08644,2025-08-26,P008,SUP01,150,2.09,313.5
PO-08645,2025-08-26,P047,SUP14,10,78.11,781.1
PO-08646,2025-08-26,P017,SUP03,200,19.25,3850.0
PO-08647,2025-08-27,P036,SUP15,100,32.74,3274.0
PO-08648,2025-08-27,P048,SUP01,150,21.05,3157.5
PO-08649,2025-08-27,P033,SUP14,250,16.2,4050.0
PO-08650,2025-08-27,P011,SUP03,250,12.62,3155.0
PO-08651,2025-08-27,P036,SUP05,120,31.67,3800.4
PO-08652,2025-08-27,P048,SUP01,150,20.39,3058.5
PO-08653,2025-08-27,P037,SUP05,300,18.24,5472.0
PO-08654,2025-08-27,P038,SUP15,50,25.24,1262.0
PO-08655,2025-08-27,P032,SUP05,300,22.39,6717.0
PO-08656,2025-08-27,P009,SUP15,120,23.57,2828.4
PO-08657,2025-08-27,P042,SUP08,120,68.98,8277.6
PO-08658,2025-08-27,P009,SUP11,40,24.34,973.6
PO-08659,2025-08-27,P021,SUP04,250,46.8,11700.0
PO-08660,2025-08-27,P040,SUP14,500,12.12,6060.0
PO-08661,2025-08-27,P034,SUP14,150,27.86,4179.0
PO-08662,2025-08-27,P048,SUP12,250,21.14,5285.0
PO-08663,2025-08-28,P034,SUP05,100,27.44,2744.0
PO-08664,2025-08-28,P015,SUP01,60,42.28,2536.8
PO-08665,2025-08-28,P024,SUP04,100,5.33,533.0
PO-08666,2025-08-28,P030,SUP07,200,72.06,14412.0
PO-08667,2025-08-28,P007,SUP06,120,64.33,7719.6
PO-08668,2025-08-28,P016,SUP01,100,59.53,5953.0
PO-08669,2025-08-28,P034,SUP15,400,28.1,11240.0
PO-08670,2025-08-28,P033,SUP15,400,16.37,6548.0
PO-08671,2025-08-28,P005,SUP06,100,7.73,773.0
PO-08672,2025-08-28,P003,SUP11,80,83.37,6669.6
PO-08673,2025-08-28,P020,SUP10,50,27.13,1356.5
PO-08674,2025-08-28,P043,SUP15,150,15.09,2263.5
PO-08675,2025-08-28,P043,SUP14,400,15.95,6380.0
PO-08676,2025-08-28,P039,SUP05,300,14.29,4287.0
PO-08677,2025-08-28,P032,SUP09,200,22.4,4480.0
PO-08678,2025-08-28,P016,SUP01,80,57.43,4594.4
PO-08679,2025-08-28,P001,SUP02,400,18.26,7304.0
PO-08680,2025-08-28,P004,SUP15,250,3.41,852.5
PO-08681,2025-08-28,P039,SUP15,300,14.23,4269.0
PO-08682,2025-08-28,P002,SUP15,100,6.16,616.0
PO-08683,2025-08-28,P023,SUP13,50,65.37,3268.5
PO-08684,2025-08-28,P035,SUP09,40,44.57,1782.8
PO-08685,2025-08-28,P034,SUP09,300,27.6,8280.0
PO-08686,2025-08-29,P032,SUP15,200,22.32,4464.0
PO-08687,2025-08-29,P030,SUP13,300,72.2,21660.0
PO-08688,2025-08-29,P017,SUP06,100,20.33,2033.0
PO-08689,2025-08-29,P043,SUP12,400,15.43,6172.0
PO-08690,2025-08-29,P017,SUP08,250,19.42,4855.0
PO-08691,2025-08-29,P040,SUP09,300,11.91,3573.0
PO-08692,2025-08-29,P034,SUP14,200,28.44,5688.0
PO-08693,2025-08-29,P043,SUP01,100,15.29,1529.0
PO-08694,2025-08-29,P013,SUP08,120,32.54,3904.8
PO-08695,2025-08-29,P024,SUP13,150,5.24,786.0
PO-08696,2025-08-29,P011,SUP10,100,12.46,1246.0
PO-08697,2025-08-29,P034,SUP15,100,27.76,2776.0
PO-08698,2025-08-29,P043,SUP15,150,15.12,2268.0
PO-08699,2025-08-30,P029,SUP04,100,116.14,11614.0
PO-08700,2025-08-30,P017,SUP10,250,19.98,4995.0
PO-08701,2025-08-30,P037,SUP15,100,17.54,1754.0
PO-08702,2025-08-30,P013,SUP06,80,32.13,2570.4
PO-08703,2025-08-30,P035,SUP09,40,46.2,1848.0
PO-08704,2025-08-30,P001,SUP06,200,18.47,3694.0
PO-08705,2025-08-30,P042,SUP01,40,66.94,2677.6
PO-08706,2025-08-30,P022,SUP14,80,89.42,7153.6
PO-08707,2025-08-30,P011,SUP08,500,12.72,6360.0
PO-08708,2025-08-30,P021,SUP14,400,49.36,19744.0
PO-08709,2025-08-30,P002,SUP11,400,6.37,2548.0
PO-08710,2025-08-30,P018,SUP10,30,244.93,7347.9
PO-08711,2025-08-30,P024,SUP14,100,5.2,520.0
PO-08712,2025-08-31,P024,SUP04,500,5.18,2590.0
PO-08713,2025-08-31,P040,SUP09,400,12.18,4872.0
PO-08714,2025-08-31,P031,SUP15,400,39.38,15752.0
PO-08715,2025-08-31,P033,SUP05,150,16.04,2406.0
PO-08716,2025-08-31,P022,SUP14,80,92.78,7422.4
PO-08717,2025-08-31,P032,SUP15,250,22.66,5665.0
PO-08718,2025-08-31,P025,SUP14,100,35.54,3554.0
PO-08719,2025-08-31,P031,SUP14,300,38.83,11649.0
PO-08720,2025-08-31,P046,SUP14,100,29.75,2975.0
PO-08721,2025-08-31,P033,SUP14,250,16.29,4072.5
PO-08722,2025-08-31,P008,SUP01,250,2.08,520.0
PO-08723,2025-08-31,P040,SUP05,200,11.67,2334.0
PO-08724,2025-09-01,P040,SUP15,100,11.85,1185.0
PO-08725,2025-09-01,P015,SUP01,120,42.96,5155.2
PO-08726,2025-09-01,P039,SUP09,500,14.81,7405.0
PO-08727,2025-09-01,P044,SUP08,30,83.45,2503.5
PO-08728,2025-09-01,P035,SUP15,80,45.02,3601.6
PO-08729,2025-09-01,P021,SUP13,250,48.11,12027.5
PO-08730,2025-09-01,P003,SUP11,120,85.36,10243.2
PO-08731,2025-09-01,P002,SUP15,150,6.3,945.0
PO-08732,2025-09-01,P017,SUP10,250,19.31,4827.5
PO-08733,2025-09-01,P048,SUP15,250,20.49,5122.5
PO-08734,2025-09-01,P005,SUP01,100,7.6,760.0
PO-08735,2025-09-01,P001,SUP02,100,18.79,1879.0
PO-08736,2025-09-01,P040,SUP09,400,12.24,4896.0
PO-08737,2025-09-01,P007,SUP01,40,66.06,2642.4
PO-08738,2025-09-01,P008,SUP06,300,2.06,618.0
PO-08739,2025-09-01,P032,SUP09,500,21.51,10755.0
PO-08740,2025-09-01,P031,SUP15,150,38.72,5808.0
PO-08741,2025-09-01,P031,SUP14,300,37.85,11355.0
PO-08742,2025-09-01,P005,SUP15,40,7.72,308.8
PO-08743,2025-09-01,P034,SUP09,400,28.79,11516.0
PO-08744,2025-09-01,P017,SUP10,500,20.32,10160.0
PO-08745,2025-09-02,P001,SUP01,400,17.99,7196.0
PO-08746,2025-09-02,P005,SUP15,80,7.59,607.2
PO-08747,2025-09-02,P038,SUP15,120,24.72,2966.4
PO-08748,2025-09-02,P040,SUP05,250,12.18,3045.0
PO-08749,2025-09-02,P021,SUP07,100,47.53,4753.0
PO-08750,2025-09-02,P045,SUP15,80,35.37,2829.6
PO-08751,2025-09-02,P033,SUP05,300,16.58,4974.0
PO-08752,2025-09-02,P004,SUP01,100,3.42,342.0
PO-08753,2025-09-02,P048,SUP12,100,21.53,2153.0
PO-08754,2025-09-02,P024,SUP07,200,5.34,1068.0
PO-08755,2025-09-02,P039,SUP05,300,14.74,4422.0
PO-08756,2025-09-02,P025,SUP04,100,34.52,3452.0
PO-08757,2025-09-02,P002,SUP11,400,6.32,2528.0
PO-08758,2025-09-02,P007,SUP11,80,65.03,5202.4
PO-08759,2025-09-02,P001,SUP01,250,18.88,4720.0
PO-08760,2025-09-03,P013,SUP01,80,31.78,2542.4
PO-08761,2025-09-03,P050,SUP08,15,95.21,1428.15
PO-08762,2025-09-03,P037,SUP05,200,18.27,3654.0
PO-08763,2025-09-03,P038,SUP14,50,24.85,1242.5
PO-08764,2025-09-03,P037,SUP15,300,17.6,5280.0
PO-08765,2025-09-03,P039,SUP09,400,14.78,5912.0
PO-08766,2025-09-03,P032,SUP14,300,22.32,6696.0
PO-08767,2025-09-03,P037,SUP15,200,18.37,3674.0
PO-08768,2025-09-03,P037,SUP15,250,17.75,4437.5
PO-08769,2025-09-03,P033,SUP09,300,16.88,5064.0
PO-08770,2025-09-03,P020,SUP03,80,26.16,2092.8
PO-08771,2025-09-03,P039,SUP09,500,14.25,7125.0
PO-08772,2025-09-03,P038,SUP15,100,25.7,2570.0
PO-08773,2025-09-03,P024,SUP13,150,5.24,786.0
PO-08774,2025-09-03,P040,SUP09,400,12.17,4868.0
PO-08775,2025-09-03,P043,SUP08,400,15.57,6228.0
PO-08776,2025-09-03,P032,SUP09,250,22.08,5520.0
PO-08777,2025-09-04,P032,SUP14,400,21.43,8572.0
PO-08778,2025-09-04,P020,SUP01,40,25.89,1035.6
PO-08779,2025-09-04,P017,SUP03,300,19.77,5931.0
PO-08780,2025-09-04,P040,SUP15,150,12.13,1819.5
PO-08781,2025-09-04,P040,SUP05,100,11.65,1165.0
PO-08782,2025-09-04,P036,SUP15,120,32.66,3919.2
PO-08783,2025-09-04,P013,SUP08,80,32.05,2564.0
PO-08784,2025-09-04,P024,SUP07,500,5.32,2660.0
PO-08785,2025-09-04,P043,SUP12,400,15.14,6056.0
PO-08786,2025-09-04,P015,SUP08,100,43.1,4310.0
PO-08787,2025-09-04,P001,SUP02,300,18.03,5409.0
PO-08788,2025-09-04,P036,SUP15,80,32.24,2579.2
PO-08789,2025-09-04,P045,SUP14,40,36.69,1467.6
PO-08790,2025-09-04,P005,SUP11,40,7.85,314.0
PO-08791,2025-09-04,P026,SUP13,20,54.57,1091.4
PO-08792,2025-09-04,P024,SUP13,500,5.31,2655.0
PO-08793,2025-09-04,P015,SUP03,40,42.89,1715.6
PO-08794,2025-09-04,P033,SUP05,250,16.78,4195.0
PO-08795,2025-09-05,P008,SUP06,200,2.12,424.0
PO-08796,2025-09-05,P033,SUP09,200,16.84,3368.0
PO-08797,2025-09-05,P038,SUP09,40,24.93,997.2
PO-08798,2025-09-05,P001,SUP11,100,18.42,1842.0
PO-08799,2025-09-05,P012,SUP06,15,112.7,1690.5
PO-08800,2025-09-05,P008,SUP11,250,2.05,512.5
PO-08801,2025-09-05,P048,SUP15,400,20.65,8260.0
PO-08802,2025-09-05,P030,SUP15,150,74.07,11110.5
PO-08803,2025-09-05,P021,SUP07,500,46.56,23280.0
PO-08804,2025-09-05,P043,SUP15,200,15.25,3050.0
PO-08805,2025-09-05,P035,SUP14,50,44.95,2247.5
PO-08806,2025-09-06,P017,SUP08,200,19.76,3952.0
PO-08807,2025-09-06,P012,SUP06,15,108.36,1625.4
PO-08808,2025-09-06,P004,SUP15,250,3.43,857.5
PO-08809,2025-09-06,P040,SUP15,500,12.29,6145.0
PO-08810,2025-09-06,P038,SUP15,80,25.69,2055.2
PO-08811,2025-09-06,P001,SUP11,200,18.53,3706.0
PO-08812,2025-09-06,P029,SUP14,120,115.03,13803.6
PO-08813,2025-09-06,P023,SUP04,40,64.16,2566.4
PO-08814,2025-09-06,P017,SUP01,250,19.71,4927.5
PO-08815,2025-09-06,P039,SUP05,500,14.52,7260.0
PO-08816,2025-09-06,P041,SUP01,30,54.75,1642.5
PO-08817,2025-09-06,P023,SUP15,60,65.48,3928.8
PO-08818,2025-09-06,P031,SUP14,500,38.57,19285.0
PO-08819,2025-09-06,P017,SUP10,500,19.99,9995.0
PO-08820,2025-09-06,P001,SUP02,100,18.75,1875.0
PO-08821,2025-09-06,P031,SUP05,400,38.66,15464.0
PO-08822,2025-09-07,P016,SUP01,120,57.6,6912.0
PO-08823,2025-09-07,P017,SUP10,150,19.73,2959.5
PO-08824,2025-09-07,P028,SUP04,30,89.9,2697.0
PO-08825,2025-09-07,P032,SUP05,250,22.58,5645.0
PO-08826,2025-09-07,P032,SUP09,100,22.14,2214.0
PO-08827,2025-09-07,P045,SUP12,120,35.16,4219.2
PO-08828,2025-09-07,P040,SUP14,400,11.74,4696.0
PO-08829,2025-09-07,P037,SUP15,500,17.69,8845.0
PO-08830,2025-09-07,P045,SUP14,120,37.07,4448.4
PO-08831,2025-09-07,P046,SUP01,40,28.32,1132.8
PO-08832,2025-09-07,P020,SUP08,100,26.68,2668.0
PO-08833,2025-09-07,P043,SUP01,500,15.56,7780.0
PO-08834,2025-09-07,P017,SUP06,400,19.92,7968.0
PO-08835,2025-09-07,P023,SUP14,50,64.69,3234.5
PO-08836,2025-09-07,P007,SUP06,120,64.42,7730.4
PO-08837,2025-09-07,P034,SUP05,200,27.96,5592.0
PO-08838,2025-09-08,P011,SUP08,400,12.64,5056.0
PO-08839,2025-09-08,P019,SUP06,40,96.09,3843.6
PO-08840,2025-09-08,P033,SUP15,150,16.65,2497.5
PO-08841,2025-09-08,P042,SUP15,120,66.92,8030.4
PO-08842,2025-09-08,P002,SUP06,400,6.34,2536.0
PO-08843,2025-09-08,P002,SUP11,100,6.02,602.0
PO-08844,2025-09-08,P039,SUP09,500,14.22,7110.0
PO-08845,2025-09-08,P035,SUP15,80,45.63,3650.4
PO-08846,2025-09-08,P030,SUP14,100,72.29,7229.0
PO-08847,2025-09-08,P030,SUP04,250,74.01,18502.5
PO-08848,2025-09-08,P034,SUP09,500,28.58,14290.0
PO-08849,2025-09-08,P037,SUP09,250,17.77,4442.5
PO-08850,2025-09-08,P044,SUP12,15,82.36,1235.4
PO-08851,2025-09-08,P023,SUP15,80,63.2,5056.0
PO-08852,2025-09-09,P039,SUP09,300,14.41,4323.0
PO-08853,2025-09-09,P046,SUP12,80,28.28,2262.4
PO-08854,2025-09-09,P002,SUP15,150,6.06,909.0
PO-08855,2025-09-09,P023,SUP15,120,65.81,7897.2
PO-08856,2025-09-09,P040,SUP09,100,11.75,1175.0
PO-08857,2025-09-09,P043,SUP15,500,15.96,7980.0
PO-08858,2025-09-09,P035,SUP15,40,44.33,1773.2
PO-08859,2025-09-09,P030,SUP04,500,70.68,35340.0
PO-08860,2025-09-09,P039,SUP05,500,14.4,7200.0
PO-08861,2025-09-09,P021,SUP15,100,47.49,4749.0
PO-08862,2025-09-09,P025,SUP04,60,34.33,2059.8
PO-08863,2025-09-09,P046,SUP01,100,29.75,2975.0
PO-08864,2025-09-09,P003,SUP01,100,82.51,8251.0
PO-08865,2025-09-09,P025,SUP04,80,35.67,2853.6
PO-08866,2025-09-09,P004,SUP01,150,3.49,523.5
PO-08867,2025-09-09,P035,SUP15,80,44.68,3574.4
PO-08868,2025-09-09,P016,SUP01,50,57.23,2861.5
PO-08869,2025-09-09,P030,SUP04,150,70.8,10620.0
PO-08870,2025-09-10,P043,SUP12,400,15.96,6384.0
PO-08871,2025-09-10,P016,SUP10,100,58.05,5805.0
PO-08872,2025-09-10,P039,SUP14,300,14.09,4227.0
PO-08873,2025-09-10,P029,SUP13,40,115.31,4612.4
PO-08874,2025-09-10,P045,SUP12,100,35.36,3536.0
PO-08875,2025-09-10,P017,SUP03,500,19.73,9865.0
PO-08876,2025-09-10,P040,SUP09,500,11.93,5965.0
PO-08877,2025-09-10,P017,SUP01,100,20.23,2023.0
PO-08878,2025-09-10,P039,SUP09,400,14.7,5880.0
PO-08879,2025-09-10,P035,SUP09,60,44.71,2682.6
PO-08880,2025-09-10,P036,SUP15,120,31.5,3780.0
PO-08881,2025-09-10,P011,SUP10,150,12.28,1842.0
PO-08882,2025-09-10,P045,SUP15,40,35.25,1410.0
PO-08883,2025-09-10,P031,SUP15,150,37.71,5656.5
PO-08884,2025-09-10,P032,SUP09,300,21.5,6450.0
PO-08885,2025-09-10,P039,SUP14,250,14.65,3662.5
PO-08886,2025-09-11,P039,SUP09,500,14.24,7120.0
PO-08887,2025-09-11,P022,SUP07,120,94.39,11326.8
PO-08888,2025-09-11,P001,SUP01,250,18.45,4612.5
PO-08889,2025-09-11,P025,SUP04,40,35.4,1416.0
PO-08890,2025-09-11,P006,SUP01,10,122.37,1223.7
PO-08891,2025-09-11,P044,SUP01,15,83.34,1250.1
PO-08892,2025-09-11,P016,SUP03,40,56.36,2254.4
PO-08893,2025-09-11,P016,SUP01,60,56.72,3403.2
PO-08894,2025-09-11,P004,SUP06,400,3.4,1360.0
PO-08895,2025-09-11,P045,SUP15,50,36.64,1832.0
PO-08896,2025-09-11,P023,SUP14,50,62.87,3143.5
PO-08897,2025-09-11,P024,SUP04,150,5.31,796.5
PO-08898,2025-09-11,P002,SUP11,400,6.33,2532.0
PO-08899,2025-09-11,P033,SUP05,200,16.09,3218.0
PO-08900,2025-09-11,P040,SUP15,200,11.94,2388.0
PO-08901,2025-09-11,P002,SUP02,500,6.36,3180.0
PO-08902,2025-09-11,P008,SUP15,400,2.07,828.0
PO-08903,2025-09-11,P039,SUP09,100,14.6,1460.0
PO-08904,2025-09-12,P023,SUP04,120,63.96,7675.2
PO-08905,2025-09-12,P020,SUP03,80,25.92,2073.6
PO-08906,2025-09-12,P024,SUP04,150,5.25,787.5
PO-08907,2025-09-12,P011,SUP03,250,12.16,3040.0
PO-08908,2025-09-12,P039,SUP09,400,14.07,5628.0
PO-08909,2025-09-12,P004,SUP15,100,3.45,345.0
PO-08910,2025-09-12,P021,SUP07,100,46.62,4662.0
PO-08911,2025-09-12,P039,SUP14,400,14.26,5704.0
PO-08912,2025-09-12,P040,SUP14,400,12.31,4924.0
PO-08913,2025-09-12,P035,SUP05,50,44.25,2212.5
PO-08914,2025-09-12,P022,SUP15,60,91.73,5503.8
PO-08915,2025-09-12,P022,SUP04,60,90.95,5457.0
PO-08916,2025-09-12,P011,SUP06,100,12.3,1230.0
PO-08917,2025-09-12,P008,SUP01,400,2.06,824.0
PO-08918,2025-09-13,P024,SUP04,400,5.13,2052.0
PO-08919,2025-09-13,P021,SUP07,400,47.8,19120.0
PO-08920,2025-09-13,P034,SUP09,200,28.75,5750.0
PO-08921,2025-09-13,P027,SUP14,30,139.86,4195.8
PO-08922,2025-09-13,P024,SUP07,250,5.1,1275.0
PO-08923,2025-09-13,P042,SUP08,120,68.22,8186.4
PO-08924,2025-09-13,P032,SUP05,250,21.88,5470.0
PO-08925,2025-09-13,P024,SUP13,150,5.35,802.5
PO-08926,2025-09-13,P017,SUP03,300,19.32,5796.0
PO-08927,2025-09-13,P036,SUP09,50,32.9,1645.0
PO-08928,2025-09-13,P008,SUP01,200,2.06,412.0
PO-08929,2025-09-13,P031,SUP05,150,37.63,5644.5
PO-08930,2025-09-13,P025,SUP13,100,34.81,3481.0
PO-08931,2025-09-13,P040,SUP09,200,11.65,2330.0
PO-08932,2025-09-14,P003,SUP01,60,83.43,5005.8
PO-08933,2025-09-14,P038,SUP14,100,24.5,2450.0
PO-08934,2025-09-14,P035,SUP09,80,45.01,3600.8
PO-08935,2025-09-14,P040,SUP05,100,12.26,1226.0
PO-08936,2025-09-14,P024,SUP07,500,5.32,2660.0
PO-08937,2025-09-14,P033,SUP05,300,16.09,4827.0
PO-08938,2025-09-14,P005,SUP06,100,7.92,792.0
PO-08939,2025-09-14,P040,SUP15,200,12.28,2456.0
PO-08940,2025-09-14,P022,SUP15,120,89.87,10784.4
PO-08941,2025-09-14,P012,SUP06,30,108.44,3253.2
PO-08942,2025-09-14,P043,SUP08,250,15.15,3787.5
PO-08943,2025-09-14,P004,SUP01,250,3.34,835.0
PO-08944,2025-09-14,P031,SUP05,100,37.45,3745.0
PO-08945,2025-09-14,P039,SUP14,500,14.19,7095.0
PO-08946,2025-09-14,P011,SUP06,200,12.65,2530.0
PO-08947,2025-09-14,P017,SUP08,200,19.71,3942.0
PO-08948,2025-09-14,P001,SUP06,150,18.81,2821.5
PO-08949,2025-09-15,P029,SUP14,60,115.24,6914.4
PO-08950,2025-09-15,P010,SUP15,40,45.34,1813.6
PO-08951,2025-09-15,P042,SUP01,60,66.08,3964.8
PO-08952,2025-09-15,P016,SUP01,40,57.24,2289.6
PO-08953,2025-09-15,P020,SUP08,40,26.18,1047.2
PO-08954,2025-09-15,P014,SUP06,80,74.2,5936.0
PO-08955,2025-09-15,P033,SUP05,200,16.63,3326.0
PO-08956,2025-09-15,P014,SUP06,100,73.78,7378.0
PO-08957,2025-09-15,P002,SUP15,300,6.02,1806.0
PO-08958,2025-09-15,P023,SUP04,80,62.83,5026.4
PO-08959,2025-09-16,P001,SUP15,200,18.78,3756.0
PO-08960,2025-09-16,P033,SUP09,500,16.07,8035.0
PO-08961,2025-09-16,P016,SUP10,40,59.01,2360.4
PO-08962,2025-09-16,P017,SUP08,150,19.81,2971.5
PO-08963,2025-09-16,P050,SUP08,40,96.34,3853.6
PO-08964,2025-09-16,P028,SUP13,10,85.74,857.4
PO-08965,2025-09-16,P004,SUP02,100,3.4,340.0
PO-08966,2025-09-16,P039,SUP09,500,14.49,7245.0
PO-08967,2025-09-16,P011,SUP03,500,12.49,6245.0
PO-08968,2025-09-16,P022,SUP13,100,92.42,9242.0
PO-08969,2025-09-16,P020,SUP01,60,26.37,1582.2
PO-08970,2025-09-16,P003,SUP15,80,82.71,6616.8
PO-08971,2025-09-16,P031,SUP14,100,39.45,3945.0
PO-08972,2025-09-16,P033,SUP09,200,16.34,3268.0
PO-08973,2025-09-17,P001,SUP06,100,18.45,1845.0
PO-08974,2025-09-17,P037,SUP05,400,17.53,7012.0
PO-08975,2025-09-17,P032,SUP15,400,22.27,8908.0
PO-08976,2025-09-17,P034,SUP05,100,28.11,2811.0
PO-08977,2025-09-17,P039,SUP14,200,14.48,2896.0
PO-08978,2025-09-17,P024,SUP07,200,5.07,1014.0
PO-08979,2025-09-17,P027,SUP14,15,136.5,2047.5
PO-08980,2025-09-17,P023,SUP04,50,62.39,3119.5
PO-08981,2025-09-17,P039,SUP05,250,14.51,3627.5
PO-08982,2025-09-17,P048,SUP08,200,20.68,4136.0
PO-08983,2025-09-17,P042,SUP08,50,69.34,3467.0
PO-08984,2025-09-17,P011,SUP08,150,12.29,1843.5
PO-08985,2025-09-17,P017,SUP08,250,20.24,5060.0
PO-08986,2025-09-18,P040,SUP14,500,12.2,6100.0
PO-08987,2025-09-18,P004,SUP15,250,3.33,832.5
PO-08988,2025-09-18,P003,SUP15,120,85.8,10296.0
PO-08989,2025-09-18,P043,SUP12,250,15.64,3910.0
PO-08990,2025-09-18,P043,SUP12,150,15.89,2383.5
PO-08991,2025-09-18,P002,SUP15,300,6.06,1818.0
PO-08992,2025-09-18,P021,SUP14,250,46.85,11712.5
PO-08993,2025-09-19,P011,SUP10,250,12.32,3080.0
PO-08994,2025-09-19,P027,SUP13,15,142.93,2143.95
PO-08995,2025-09-19,P007,SUP06,60,63.58,3814.8
PO-08996,2025-09-19,P046,SUP12,50,28.68,1434.0
PO-08997,2025-09-19,P032,SUP05,300,22.12,6636.0
PO-08998,2025-09-19,P040,SUP14,150,11.7,1755.0
PO-08999,2025-09-19,P025,SUP13,60,34.37,2062.2
PO-09000,2025-09-19,P024,SUP07,200,5.1,1020.0
PO-09001,2025-09-19,P011,SUP01,400,12.56,5024.0
PO-09002,2025-09-19,P029,SUP04,100,114.47,11447.0
PO-09003,2025-09-19,P013,SUP03,60,31.67,1900.2
PO-09004,2025-09-19,P043,SUP15,400,15.94,6376.0
PO-09005,2025-09-19,P034,SUP14,400,27.69,11076.0
PO-09006,2025-09-19,P042,SUP14,120,67.01,8041.2
PO-09007,2025-09-19,P048,SUP12,150,21.0,3150.0
PO-09008,2025-09-19,P019,SUP06,10,92.26,922.6
PO-09009,2025-09-19,P027,SUP07,20,142.69,2853.8
PO-09010,2025-09-19,P045,SUP15,120,36.44,4372.8
PO-09011,2025-09-19,P022,SUP04,80,89.78,7182.4
PO-09012,2025-09-19,P001,SUP11,100,18.04,1804.0
PO-09013,2025-09-20,P011,SUP10,300,12.34,3702.0
PO-09014,2025-09-20,P001,SUP06,100,18.8,1880.0
PO-09015,2025-09-20,P038,SUP15,40,25.15,1006.0
PO-09016,2025-09-20,P037,SUP15,500,18.4,9200.0
PO-09017,2025-09-20,P032,SUP09,200,21.85,4370.0
PO-09018,2025-09-20,P008,SUP02,150,2.06,309.0
PO-09019,2025-09-20,P035,SUP09,40,46.08,1843.2
PO-09020,2025-09-20,P029,SUP15,100,113.79,11379.0
PO-09021,2025-09-20,P010,SUP02,100,45.26,4526.0
PO-09022,2025-09-20,P008,SUP02,400,2.06,824.0
PO-09023,2025-09-20,P042,SUP15,100,68.85,6885.0
PO-09024,2025-09-20,P008,SUP11,250,2.09,522.5
PO-09025,2025-09-20,P041,SUP01,20,53.7,1074.0
PO-09026,2025-09-20,P042,SUP08,120,66.41,7969.2
PO-09027,2025-09-21,P024,SUP07,400,5.35,2140.0
PO-09028,2025-09-21,P037,SUP14,500,17.9,8950.0
PO-09029,2025-09-21,P043,SUP15,500,15.39,7695.0
PO-09030,2025-09-21,P033,SUP14,250,16.88,4220.0
PO-09031,2025-09-21,P023,SUP15,100,65.25,6525.0
PO-09032,2025-09-21,P032,SUP15,400,21.96,8784.0
PO-09033,2025-09-21,P030,SUP04,150,72.65,10897.5
PO-09034,2025-09-21,P032,SUP09,200,22.24,4448.0
PO-09035,2025-09-21,P021,SUP04,250,47.63,11907.5
PO-09036,2025-09-21,P008,SUP11,400,2.11,844.0
PO-09037,2025-09-21,P005,SUP02,120,8.02,962.4
PO-09038,2025-09-21,P011,SUP03,300,12.5,3750.0
PO-09039,2025-09-21,P027,SUP14,40,144.04,5761.6
PO-09040,2025-09-21,P048,SUP08,500,20.89,10445.0
PO-09041,2025-09-21,P042,SUP01,50,67.03,3351.5
PO-09042,2025-09-21,P032,SUP14,100,21.47,2147.0
PO-09043,2025-09-22,P024,SUP07,150,5.15,772.5
PO-09044,2025-09-22,P017,SUP10,400,19.82,7928.0
PO-09045,2025-09-22,P036,SUP15,60,32.62,1957.2
PO-09046,2025-09-22,P008,SUP11,500,2.15,1075.0
PO-09047,2025-09-22,P040,SUP05,500,12.16,6080.0
PO-09048,2025-09-22,P021,SUP15,500,48.25,24125.0
PO-09049,2025-09-22,P030,SUP07,500,72.49,36245.0
PO-09050,2025-09-22,P034,SUP05,150,27.52,4128.0
PO-09051,2025-09-22,P003,SUP15,120,87.53,10503.6
PO-09052,2025-09-22,P004,SUP01,150,3.47,520.5
PO-09053,2025-09-22,P015,SUP01,120,41.6,4992.0
PO-09054,2025-09-22,P040,SUP14,100,11.88,1188.0
PO-09055,2025-09-22,P039,SUP14,200,14.84,2968.0
PO-09056,2025-09-23,P039,SUP09,200,14.72,2944.0
PO-09057,2025-09-23,P037,SUP05,400,17.55,7020.0
PO-09058,2025-09-23,P033,SUP05,250,16.19,4047.5
PO-09059,2025-09-23,P048,SUP15,300,21.04,6312.0
PO-09060,2025-09-23,P013,SUP01,50,31.96,1598.0
PO-09061,2025-09-23,P046,SUP08,120,28.29,3394.8
PO-09062,2025-09-23,P029,SUP15,50,114.37,5718.5
PO-09063,2025-09-23,P039,SUP05,200,14.41,2882.0
PO-09064,2025-09-23,P016,SUP10,80,57.11,4568.8
PO-09065,2025-09-23,P004,SUP01,100,3.34,334.0
PO-09066,2025-09-23,P040,SUP05,150,12.3,1845.0
PO-09067,2025-09-23,P020,SUP01,120,26.46,3175.2
PO-09068,2025-09-24,P014,SUP06,60,74.83,4489.8
PO-09069,2025-09-24,P040,SUP15,200,12.04,2408.0
PO-09070,2025-09-24,P001,SUP02,150,18.59,2788.5
PO-09071,2025-09-24,P011,SUP10,100,12.86,1286.0
PO-09072,2025-09-24,P010,SUP01,60,45.97,2758.2
PO-09073,2025-09-24,P033,SUP15,500,16.71,8355.0
PO-09074,2025-09-24,P008,SUP02,100,2.06,206.0
PO-09075,2025-09-24,P014,SUP03,80,76.08,6086.4
PO-09076,2025-09-24,P027,SUP04,10,138.9,1389.0
PO-09077,2025-09-24,P003,SUP02,100,86.13,8613.0
PO-09078,2025-09-24,P004,SUP06,500,3.43,1715.0
PO-09079,2025-09-24,P011,SUP06,200,12.83,2566.0
PO-09080,2025-09-25,P039,SUP05,100,14.29,1429.0
PO-09081,2025-09-25,P024,SUP13,250,5.1,1275.0
PO-09082,2025-09-25,P004,SUP11,250,3.42,855.0
PO-09083,2025-09-25,P008,SUP15,250,2.05,512.5
PO-09084,2025-09-25,P003,SUP15,80,86.68,6934.4
PO-09085,2025-09-25,P043,SUP14,400,15.17,6068.0
PO-09086,2025-09-25,P048,SUP15,100,20.75,2075.0
PO-09087,2025-09-25,P033,SUP09,250,16.12,4030.0
PO-09088,2025-09-25,P040,SUP14,500,11.96,5980.0
PO-09089,2025-09-25,P043,SUP08,150,15.22,2283.0
PO-09090,2025-09-25,P030,SUP04,250,70.52,17630.0
PO-09091,2025-09-25,P023,SUP04,100,62.72,6272.0
PO-09092,2025-09-25,P011,SUP03,100,12.59,1259.0
PO-09093,2025-09-25,P015,SUP06,120,43.68,5241.6
PO-09094,2025-09-25,P015,SUP08,120,42.43,5091.6
PO-09095,2025-09-25,P001,SUP11,200,17.99,3598.0
PO-09096,2025-09-26,P040,SUP09,200,11.94,2388.0
PO-09097,2025-09-26,P009,SUP02,80,23.36,1868.8
PO-09098,2025-09-26,P023,SUP07,120,64.65,7758.0
PO-09099,2025-09-26,P017,SUP10,100,20.35,2035.0
PO-09100,2025-09-26,P023,SUP14,100,65.39,6539.0
PO-09101,2025-09-26,P048,SUP12,100,21.37,2137.0
PO-09102,2025-09-26,P048,SUP14,400,20.87,8348.0
PO-09103,2025-09-26,P043,SUP15,400,15.25,6100.0
PO-09104,2025-09-26,P025,SUP04,120,34.52,4142.4
PO-09105,2025-09-26,P033,SUP15,250,16.47,4117.5
PO-09106,2025-09-26,P040,SUP05,400,12.13,4852.0
PO-09107,2025-09-26,P002,SUP01,500,6.19,3095.0
PO-09108,2025-09-27,P003,SUP06,60,85.95,5157.0
PO-09109,2025-09-27,P030,SUP07,250,72.58,18145.0
PO-09110,2025-09-27,P048,SUP14,200,21.31,4262.0
PO-09111,2025-09-27,P029,SUP15,120,116.39,13966.8
PO-09112,2025-09-27,P004,SUP15,500,3.31,1655.0
PO-09113,2025-09-27,P046,SUP15,50,28.19,1409.5
PO-09114,2025-09-27,P048,SUP12,300,21.21,6363.0
PO-09115,2025-09-27,P045,SUP12,60,36.63,2197.8
PO-09116,2025-09-28,P021,SUP14,250,47.88,11970.0
PO-09117,2025-09-28,P002,SUP11,100,6.18,618.0
PO-09118,2025-09-28,P008,SUP11,500,2.07,1035.0
PO-09119,2025-09-28,P039,SUP09,300,14.65,4395.0
PO-09120,2025-09-28,P034,SUP15,200,28.52,5704.0
PO-09121,2025-09-28,P017,SUP01,150,19.71,2956.5
PO-09122,2025-09-28,P034,SUP15,200,27.4,5480.0
PO-09123,2025-09-28,P037,SUP15,500,18.22,9110.0
PO-09124,2025-09-28,P036,SUP15,100,31.85,3185.0
PO-09125,2025-09-28,P041,SUP14,20,53.53,1070.6
PO-09126,2025-09-28,P014,SUP06,50,74.42,3721.0
PO-09127,2025-09-28,P025,SUP15,120,35.34,4240.8
PO-09128,2025-09-28,P033,SUP05,200,16.81,3362.0
PO-09129,2025-09-28,P008,SUP01,500,2.14,1070.0
PO-09130,2025-09-28,P031,SUP09,400,37.66,15064.0
PO-09131,2025-09-29,P004,SUP11,150,3.34,501.0
PO-09132,2025-09-29,P031,SUP15,300,38.06,11418.0
PO-09133,2025-09-29,P022,SUP14,120,93.9,11268.0
PO-09134,2025-09-29,P029,SUP07,80,112.23,8978.4
PO-09135,2025-09-29,P001,SUP01,100,18.72,1872.0
PO-09136,2025-09-29,P038,SUP14,80,24.36,1948.8
PO-09137,2025-09-29,P034,SUP15,400,28.22,11288.0
PO-09138,2025-09-29,P007,SUP11,100,64.97,6497.0
PO-09139,2025-09-29,P048,SUP15,300,21.53,6459.0
PO-09140,2025-09-29,P043,SUP08,500,15.77,7885.0
PO-09141,2025-09-29,P043,SUP08,500,15.34,7670.0
PO-09142,2025-09-29,P048,SUP14,150,20.48,3072.0
PO-09143,2025-09-29,P005,SUP15,100,7.89,789.0
PO-09144,2025-09-29,P030,SUP15,400,70.63,28252.0
PO-09145,2025-09-29,P037,SUP15,150,17.68,2652.0
PO-09146,2025-09-29,P011,SUP03,250,12.87,3217.5
PO-09147,2025-09-30,P048,SUP15,150,20.41,3061.5
PO-09148,2025-09-30,P010,SUP06,50,45.69,2284.5
PO-09149,2025-09-30,P043,SUP01,150,15.95,2392.5
PO-09150,2025-09-30,P018,SUP03,20,244.59,4891.8
PO-09151,2025-09-30,P017,SUP10,250,19.4,4850.0
PO-09152,2025-09-30,P014,SUP01,40,73.24,2929.6
PO-09153,2025-09-30,P030,SUP07,100,71.09,7109.0
PO-09154,2025-09-30,P033,SUP15,200,16.98,3396.0
PO-09155,2025-09-30,P048,SUP01,300,21.29,6387.0
PO-09156,2025-09-30,P041,SUP14,10,55.35,553.5
PO-09157,2025-09-30,P031,SUP09,150,39.6,5940.0
PO-09158,2025-09-30,P030,SUP04,100,74.02,7402.0
PO-09159,2025-09-30,P033,SUP05,250,16.49,4122.5
PO-09160,2025-09-30,P017,SUP01,500,20.06,10030.0
PO-09161,2025-09-30,P004,SUP11,250,3.35,837.5
PO-09162,2025-09-30,P034,SUP09,150,27.3,4095.0
PO-09163,2025-09-30,P002,SUP01,100,6.17,617.0
PO-09164,2025-10-01,P014,SUP06,40,73.13,2925.2
PO-09165,2025-10-01,P016,SUP03,80,59.69,4775.2
PO-09166,2025-10-01,P031,SUP15,200,37.52,7504.0
PO-09167,2025-10-01,P046,SUP01,40,28.69,1147.6
PO-09168,2025-10-01,P021,SUP15,150,47.85,7177.5
PO-09169,2025-10-01,P022,SUP04,40,94.46,3778.4
PO-09170,2025-10-01,P040,SUP05,200,12.06,2412.0
PO-09171,2025-10-01,P001,SUP01,300,18.77,5631.0
PO-09172,2025-10-01,P017,SUP10,150,20.22,3033.0
PO-09173,2025-10-01,P004,SUP01,250,3.5,875.0
PO-09174,2025-10-01,P021,SUP14,100,48.94,4894.0
PO-09175,2025-10-01,P022,SUP04,80,94.59,7567.2
PO-09176,2025-10-01,P031,SUP05,200,37.66,7532.0
PO-09177,2025-10-01,P011,SUP03,400,12.45,4980.0
PO-09178,2025-10-02,P008,SUP01,200,2.05,410.0
PO-09179,2025-10-02,P001,SUP02,150,18.2,2730.0
PO-09180,2025-10-02,P032,SUP05,400,21.51,8604.0
PO-09181,2025-10-02,P007,SUP02,100,63.61,6361.0
PO-09182,2025-10-02,P024,SUP04,200,5.17,1034.0
PO-09183,2025-10-02,P040,SUP14,400,12.22,4888.0
PO-09184,2025-10-02,P030,SUP04,150,70.23,10534.5
PO-09185,2025-10-02,P037,SUP15,200,17.73,3546.0
PO-09186,2025-10-02,P014,SUP10,50,73.79,3689.5
PO-09187,2025-10-02,P038,SUP14,60,25.71,1542.6
PO-09188,2025-10-02,P024,SUP07,250,5.13,1282.5
PO-09189,2025-10-03,P001,SUP06,300,18.26,5478.0
PO-09190,2025-10-03,P039,SUP09,150,14.81,2221.5
PO-09191,2025-10-03,P035,SUP05,80,44.74,3579.2
PO-09192,2025-10-03,P032,SUP05,300,22.2,6660.0
PO-09193,2025-10-03,P034,SUP15,500,28.13,14065.0
PO-09194,2025-10-03,P002,SUP11,250,6.08,1520.0
PO-09195,2025-10-03,P014,SUP03,40,76.72,3068.8
PO-09196,2025-10-03,P033,SUP15,500,16.65,8325.0
PO-09197,2025-10-03,P022,SUP07,80,89.38,7150.4
PO-09198,2025-10-03,P036,SUP09,40,31.27,1250.8
PO-09199,2025-10-03,P002,SUP15,100,6.21,621.0
PO-09200,2025-10-04,P002,SUP15,400,6.07,2428.0
PO-09201,2025-10-04,P025,SUP13,50,35.06,1753.0
PO-09202,2025-10-04,P048,SUP01,100,21.39,2139.0
PO-09203,2025-10-04,P035,SUP09,50,44.04,2202.0
PO-09204,2025-10-04,P012,SUP03,20,106.78,2135.6
PO-09205,2025-10-04,P036,SUP14,60,31.83,1909.8
PO-09206,2025-10-04,P037,SUP05,300,17.6,5280.0
PO-09207,2025-10-04,P032,SUP14,150,22.53,3379.5
PO-09208,2025-10-04,P037,SUP09,100,17.68,1768.0
PO-09209,2025-10-04,P021,SUP07,500,46.81,23405.0
PO-09210,2025-10-04,P040,SUP14,150,12.27,1840.5
PO-09211,2025-10-04,P003,SUP02,80,82.82,6625.6
PO-09212,2025-10-05,P040,SUP05,500,11.98,5990.0
PO-09213,2025-10-05,P030,SUP13,150,73.43,11014.5
PO-09214,2025-10-05,P031,SUP14,500,38.81,19405.0
PO-09215,2025-10-05,P016,SUP01,50,57.08,2854.0
PO-09216,2025-10-05,P030,SUP13,250,71.84,17960.0
PO-09217,2025-10-05,P047,SUP14,20,78.24,1564.8
PO-09218,2025-10-05,P038,SUP05,50,24.58,1229.0
PO-09219,2025-10-05,P025,SUP07,50,35.87,1793.5
PO-09220,2025-10-05,P002,SUP06,100,6.21,621.0
PO-09221,2025-10-05,P014,SUP08,60,74.56,4473.6
PO-09222,2025-10-05,P002,SUP11,200,6.1,1220.0
PO-09223,2025-10-05,P033,SUP05,200,16.71,3342.0
PO-09224,2025-10-05,P024,SUP13,100,5.14,514.0
PO-09225,2025-10-06,P015,SUP06,100,43.44,4344.0
PO-09226,2025-10-06,P022,SUP04,120,92.53,11103.6
PO-09227,2025-10-06,P017,SUP08,100,20.07,2007.0
PO-09228,2025-10-06,P040,SUP14,300,11.92,3576.0
PO-09229,2025-10-06,P025,SUP04,60,35.02,2101.2
PO-09230,2025-10-06,P039,SUP09,500,14.27,7135.0
PO-09231,2025-10-06,P050,SUP01,40,97.46,3898.4
PO-09232,2025-10-06,P048,SUP12,200,21.39,4278.0
PO-09233,2025-10-06,P022,SUP07,60,91.81,5508.6
PO-09234,2025-10-06,P014,SUP10,50,75.66,3783.0
PO-09235,2025-10-06,P002,SUP02,500,6.19,3095.0
PO-09236,2025-10-06,P033,SUP14,200,16.02,3204.0
PO-09237,2025-10-07,P043,SUP01,100,15.73,1573.0
PO-09238,2025-10-07,P030,SUP14,200,74.11,14822.0
PO-09239,2025-10-07,P045,SUP01,60,35.35,2121.0
PO-09240,2025-10-07,P048,SUP14,100,20.43,2043.0
PO-09241,2025-10-07,P048,SUP15,100,21.24,2124.0
PO-09242,2025-10-07,P040,SUP14,150,11.68,1752.0
PO-09243,2025-10-07,P033,SUP15,250,16.31,4077.5
PO-09244,2025-10-07,P033,SUP15,250,16.75,4187.5
PO-09245,2025-10-07,P010,SUP06,60,45.55,2733.0
PO-09246,2025-10-07,P048,SUP12,400,21.35,8540.0
PO-09247,2025-10-07,P006,SUP11,30,118.9,3567.0
PO-09248,2025-10-07,P010,SUP06,60,46.12,2767.2
PO-09249,2025-10-07,P031,SUP15,200,39.53,7906.0
PO-09250,2025-10-07,P037,SUP05,500,18.33,9165.0
PO-09251,2025-10-07,P026,SUP13,20,54.14,1082.8
PO-09252,2025-10-08,P010,SUP02,100,46.18,4618.0
PO-09253,2025-10-08,P008,SUP02,500,2.11,1055.0
PO-09254,2025-10-08,P033,SUP15,200,16.7,3340.0
PO-09255,2025-10-08,P030,SUP15,150,72.31,10846.5
PO-09256,2025-10-08,P002,SUP01,400,6.22,2488.0
PO-09257,2025-10-08,P001,SUP06,250,18.59,4647.5
PO-09258,2025-10-08,P008,SUP06,400,2.14,856.0
PO-09259,2025-10-08,P049,SUP08,20,384.53,7690.6
PO-09260,2025-10-08,P008,SUP01,500,2.14,1070.0
PO-09261,2025-10-08,P001,SUP06,400,18.97,7588.0
PO-09262,2025-10-08,P029,SUP14,100,116.53,11653.0
PO-09263,2025-10-09,P036,SUP09,120,32.91,3949.2
PO-09264,2025-10-09,P035,SUP05,80,44.26,3540.8
PO-09265,2025-10-09,P004,SUP06,300,3.48,1044.0
PO-09266,2025-10-09,P044,SUP01,40,83.04,3321.6
PO-09267,2025-10-09,P035,SUP15,100,45.58,4558.0
PO-09268,2025-10-09,P048,SUP15,150,20.62,3093.0
PO-09269,2025-10-09,P046,SUP15,100,28.65,2865.0
PO-09270,2025-10-09,P010,SUP06,40,44.83,1793.2
PO-09271,2025-10-09,P037,SUP05,100,17.51,1751.0
PO-09272,2025-10-09,P023,SUP15,40,62.73,2509.2
PO-09273,2025-10-09,P024,SUP15,300,5.3,1590.0
PO-09274,2025-10-09,P008,SUP01,150,2.14,321.0
PO-09275,2025-10-09,P016,SUP08,40,59.17,2366.8
PO-09276,2025-10-09,P014,SUP10,100,73.68,7368.0
PO-09277,2025-10-09,P004,SUP02,200,3.36,672.0
PO-09278,2025-10-10,P015,SUP08,60,43.6,2616.0
PO-09279,2025-10-10,P004,SUP11,150,3.44,516.0
PO-09280,2025-10-10,P014,SUP01,40,75.38,3015.2
PO-09281,2025-10-10,P038,SUP05,100,25.61,2561.0
PO-09282,2025-10-10,P004,SUP11,150,3.44,516.0
PO-09283,2025-10-10,P014,SUP01,50,76.68,3834.0
PO-09284,2025-10-10,P035,SUP14,100,43.87,4387.0
PO-09285,2025-10-10,P033,SUP14,400,16.34,6536.0
PO-09286,2025-10-10,P048,SUP08,150,20.96,3144.0
PO-09287,2025-10-10,P037,SUP14,250,18.48,4620.0
PO-09288,2025-10-10,P030,SUP07,100,73.33,7333.0
PO-09289,2025-10-10,P037,SUP14,400,17.93,7172.0
PO-09290,2025-10-10,P008,SUP01,500,2.15,1075.0
PO-09291,2025-10-10,P034,SUP09,250,28.46,7115.0
PO-09292,2025-10-10,P025,SUP15,100,34.28,3428.0
PO-09293,2025-10-11,P031,SUP05,300,37.48,11244.0
PO-09294,2025-10-11,P033,SUP09,500,16.04,8020.0
PO-09295,2025-10-11,P038,SUP05,50,25.18,1259.0
PO-09296,2025-10-11,P021,SUP04,500,46.72,23360.0
PO-09297,2025-10-11,P004,SUP02,300,3.44,1032.0
PO-09298,2025-10-11,P025,SUP14,60,34.12,2047.2
PO-09299,2025-10-11,P015,SUP06,40,41.34,1653.6
PO-09300,2025-10-11,P031,SUP15,100,39.64,3964.0
PO-09301,2025-10-11,P008,SUP06,200,2.11,422.0
PO-09302,2025-10-11,P001,SUP02,300,18.92,5676.0
PO-09303,2025-10-11,P002,SUP01,100,6.25,625.0
PO-09304,2025-10-11,P020,SUP10,50,25.78,1289.0
PO-09305,2025-10-11,P040,SUP05,500,12.03,6015.0
PO-09306,2025-10-11,P002,SUP01,200,6.08,1216.0
PO-09307,2025-10-11,P048,SUP14,500,21.24,10620.0
PO-09308,2025-10-12,P040,SUP15,200,12.19,2438.0
PO-09309,2025-10-12,P045,SUP12,80,36.97,2957.6
PO-09310,2025-10-12,P001,SUP01,150,18.71,2806.5
PO-09311,2025-10-12,P001,SUP11,300,18.75,5625.0
PO-09312,2025-10-12,P040,SUP09,150,11.85,1777.5
PO-09313,2025-10-12,P004,SUP02,300,3.33,999.0
PO-09314,2025-10-12,P032,SUP05,500,21.65,10825.0
PO-09315,2025-10-12,P005,SUP11,120,7.77,932.4
PO-09316,2025-10-12,P015,SUP06,120,41.47,4976.4
PO-09317,2025-10-12,P048,SUP15,300,20.51,6153.0
PO-09318,2025-10-12,P037,SUP09,300,17.8,5340.0
PO-09319,2025-10-12,P037,SUP14,400,18.22,7288.0
PO-09320,2025-10-12,P022,SUP07,100,91.03,9103.0
PO-09321,2025-10-13,P022,SUP04,40,91.57,3662.8
PO-09322,2025-10-13,P007,SUP15,100,64.64,6464.0
PO-09323,2025-10-13,P003,SUP15,50,85.33,4266.5
PO-09324,2025-10-13,P038,SUP14,60,24.44,1466.4
PO-09325,2025-10-13,P043,SUP15,250,15.76,3940.0
PO-09326,2025-10-13,P001,SUP15,200,18.74,3748.0
PO-09327,2025-10-13,P024,SUP07,150,5.3,795.0
PO-09328,2025-10-13,P017,SUP08,300,19.81,5943.0
PO-09329,2025-10-13,P029,SUP15,100,113.99,11399.0
PO-09330,2025-10-13,P008,SUP11,150,2.09,313.5
PO-09331,2025-10-14,P002,SUP15,500,6.31,3155.0
PO-09332,2025-10-14,P025,SUP13,100,34.52,3452.0
PO-09333,2025-10-14,P048,SUP01,250,21.32,5330.0
PO-09334,2025-10-14,P044,SUP08,30,82.32,2469.6
PO-09335,2025-10-14,P037,SUP15,200,18.01,3602.0
PO-09336,2025-10-14,P036,SUP14,120,31.9,3828.0
PO-09337,2025-10-14,P007,SUP06,80,67.44,5395.2
PO-09338,2025-10-14,P023,SUP07,60,64.66,3879.6
PO-09339,2025-10-14,P045,SUP12,50,37.03,1851.5
PO-09340,2025-10-14,P010,SUP02,40,44.51,1780.4
PO-09341,2025-10-14,P047,SUP14,15,76.31,1144.65
PO-09342,2025-10-14,P008,SUP01,500,2.11,1055.0
PO-09343,2025-10-14,P037,SUP14,300,17.5,5250.0
PO-09344,2025-10-14,P001,SUP02,100,18.02,1802.0
PO-09345,2025-10-14,P043,SUP01,100,15.27,1527.0
PO-09346,2025-10-14,P004,SUP02,500,3.38,1690.0
PO-09347,2025-10-14,P039,SUP14,500,14.49,7245.0
PO-09348,2025-10-14,P013,SUP03,60,32.5,1950.0
PO-09349,2025-10-14,P040,SUP05,500,11.96,5980.0
PO-09350,2025-10-15,P046,SUP12,120,29.25,3510.0
PO-09351,2025-10-15,P038,SUP15,100,25.37,2537.0
PO-09352,2025-10-15,P033,SUP14,400,16.76,6704.0
PO-09353,2025-10-15,P034,SUP15,200,28.13,5626.0
PO-09354,2025-10-15,P043,SUP12,150,15.04,2256.0
PO-09355,2025-10-15,P040,SUP14,400,12.02,4808.0
PO-09356,2025-10-15,P024,SUP14,200,5.06,1012.0
PO-09357,2025-10-15,P033,SUP09,300,16.26,4878.0
PO-09358,2025-10-15,P022,SUP14,60,90.52,5431.2
PO-09359,2025-10-15,P007,SUP02,120,66.12,7934.4
PO-09360,2025-10-15,P043,SUP14,500,15.56,7780.0
PO-09361,2025-10-16,P033,SUP14,250,16.07,4017.5
PO-09362,2025-10-16,P048,SUP14,200,21.12,4224.0
PO-09363,2025-10-16,P032,SUP14,400,21.43,8572.0
PO-09364,2025-10-16,P046,SUP12,80,28.49,2279.2
PO-09365,2025-10-16,P039,SUP14,500,14.43,7215.0
PO-09366,2025-10-16,P010,SUP01,40,45.39,1815.6
PO-09367,2025-10-16,P008,SUP06,200,2.06,412.0
PO-09368,2025-10-16,P003,SUP01,100,83.66,8366.0
PO-09369,2025-10-16,P039,SUP14,200,14.25,2850.0
PO-09370,2025-10-16,P037,SUP09,300,18.1,5430.0
PO-09371,2025-10-16,P017,SUP06,150,20.06,3009.0
PO-09372,2025-10-16,P021,SUP14,250,47.07,11767.5
PO-09373,2025-10-16,P017,SUP10,300,20.18,6054.0
PO-09374,2025-10-16,P038,SUP14,60,24.86,1491.6
PO-09375,2025-10-17,P047,SUP08,15,80.12,1201.8
PO-09376,2025-10-17,P022,SUP14,50,90.85,4542.5
PO-09377,2025-10-17,P015,SUP06,120,41.82,5018.4
PO-09378,2025-10-17,P002,SUP02,150,6.12,918.0
PO-09379,2025-10-17,P050,SUP15,15,95.11,1426.65
PO-09380,2025-10-17,P037,SUP15,300,18.32,5496.0
PO-09381,2025-10-17,P029,SUP07,40,112.59,4503.6
PO-09382,2025-10-17,P040,SUP09,100,12.12,1212.0
PO-09383,2025-10-17,P012,SUP10,30,112.98,3389.4
PO-09384,2025-10-17,P011,SUP10,500,12.2,6100.0
PO-09385,2025-10-17,P021,SUP07,400,48.2,19280.0
PO-09386,2025-10-17,P032,SUP14,200,22.57,4514.0
PO-09387,2025-10-17,P007,SUP02,120,63.91,7669.2
PO-09388,2025-10-18,P021,SUP14,300,47.12,14136.0
PO-09389,2025-10-18,P036,SUP14,40,32.67,1306.8
PO-09390,2025-10-18,P002,SUP15,400,6.14,2456.0
PO-09391,2025-10-18,P008,SUP01,100,2.16,216.0
PO-09392,2025-10-18,P019,SUP10,15,93.52,1402.8
PO-09393,2025-10-18,P025,SUP15,50,34.08,1704.0
PO-09394,2025-10-18,P043,SUP01,150,15.15,2272.5
PO-09395,2025-10-18,P032,SUP05,200,21.36,4272.0
PO-09396,2025-10-18,P043,SUP12,500,15.77,7885.0
PO-09397,2025-10-18,P046,SUP01,100,29.59,2959.0
PO-09398,2025-10-18,P037,SUP09,200,18.29,3658.0
PO-09399,2025-10-18,P017,SUP06,400,19.96,7984.0
PO-09400,2025-10-18,P020,SUP10,120,26.45,3174.0
PO-09401,2025-10-18,P016,SUP01,40,59.37,2374.8
PO-09402,2025-10-18,P034,SUP14,400,28.73,11492.0
PO-09403,2025-10-18,P030,SUP04,200,73.5,14700.0
PO-09404,2025-10-18,P002,SUP15,150,6.11,916.5
PO-09405,2025-10-19,P001,SUP01,150,18.87,2830.5
PO-09406,2025-10-19,P031,SUP14,500,38.35,19175.0
PO-09407,2025-10-19,P040,SUP05,500,12.12,6060.0
PO-09408,2025-10-19,P012,SUP01,40,110.86,4434.4
PO-09409,2025-10-19,P040,SUP15,500,11.84,5920.0
PO-09410,2025-10-19,P034,SUP14,250,27.47,6867.5
PO-09411,2025-10-19,P025,SUP14,60,35.68,2140.8
PO-09412,2025-10-19,P010,SUP02,120,46.31,5557.2
PO-09413,2025-10-19,P034,SUP09,200,28.36,5672.0
PO-09414,2025-10-19,P030,SUP13,400,73.56,29424.0
PO-09415,2025-10-19,P014,SUP03,40,74.34,2973.6
PO-09416,2025-10-19,P048,SUP01,500,21.12,10560.0
PO-09417,2025-10-19,P015,SUP03,50,42.6,2130.0
PO-09418,2025-10-19,P004,SUP15,500,3.32,1660.0
PO-09419,2025-10-19,P049,SUP01,20,372.0,7440.0
PO-09420,2025-10-19,P036,SUP05,60,31.78,1906.8
PO-09421,2025-10-19,P037,SUP05,500,18.17,9085.0
PO-09422,2025-10-19,P043,SUP12,300,15.2,4560.0
PO-09423,2025-10-19,P001,SUP06,400,18.2,7280.0
PO-09424,2025-10-19,P048,SUP14,100,20.73,2073.0
PO-09425,2025-10-19,P007,SUP02,60,66.36,3981.6
PO-09426,2025-10-19,P040,SUP05,500,12.36,6180.0
PO-09427,2025-10-20,P034,SUP15,200,28.35,5670.0
PO-09428,2025-10-20,P004,SUP11,100,3.48,348.0
PO-09429,2025-10-20,P048,SUP08,300,20.54,6162.0
PO-09430,2025-10-20,P001,SUP11,100,18.57,1857.0
PO-09431,2025-10-20,P048,SUP08,300,21.46,6438.0
PO-09432,2025-10-20,P011,SUP08,300,12.8,3840.0
PO-09433,2025-10-20,P025,SUP15,50,35.15,1757.5
PO-09434,2025-10-20,P033,SUP05,200,16.72,3344.0
PO-09435,2025-10-20,P030,SUP04,400,72.55,29020.0
PO-09436,2025-10-20,P020,SUP03,100,26.51,2651.0
PO-09437,2025-10-20,P034,SUP15,500,28.13,14065.0
PO-09438,2025-10-20,P043,SUP08,100,15.48,1548.0
PO-09439,2025-10-20,P002,SUP15,400,6.04,2416.0
PO-09440,2025-10-20,P020,SUP03,40,25.98,1039.2
PO-09441,2025-10-20,P013,SUP10,50,32.92,1646.0
PO-09442,2025-10-20,P020,SUP01,120,26.6,3192.0
PO-09443,2025-10-20,P001,SUP01,500,18.97,9485.0
PO-09444,2025-10-21,P004,SUP11,300,3.36,1008.0
PO-09445,2025-10-21,P017,SUP01,400,20.17,8068.0
PO-09446,2025-10-21,P011,SUP08,400,12.83,5132.0
PO-09447,2025-10-21,P034,SUP14,200,27.36,5472.0
PO-09448,2025-10-21,P030,SUP15,250,70.67,17667.5
PO-09449,2025-10-21,P020,SUP01,120,26.13,3135.6
PO-09450,2025-10-21,P030,SUP04,100,70.52,7052.0
PO-09451,2025-10-21,P017,SUP01,500,19.41,9705.0
PO-09452,2025-10-21,P043,SUP12,100,15.34,1534.0
PO-09453,2025-10-21,P024,SUP04,400,5.08,2032.0
PO-09454,2025-10-21,P035,SUP09,50,46.05,2302.5
PO-09455,2025-10-21,P008,SUP02,200,2.05,410.0
PO-09456,2025-10-21,P008,SUP15,100,2.09,209.0
PO-09457,2025-10-21,P037,SUP14,300,17.57,5271.0
PO-09458,2025-10-21,P033,SUP05,500,16.23,8115.0
PO-09459,2025-10-21,P040,SUP05,150,12.03,1804.5
PO-09460,2025-10-21,P024,SUP13,200,5.35,1070.0
PO-09461,2025-10-22,P034,SUP09,400,27.9,11160.0
PO-09462,2025-10-22,P045,SUP15,120,35.57,4268.4
PO-09463,2025-10-22,P013,SUP03,50,32.94,1647.0
PO-09464,2025-10-22,P027,SUP14,40,137.75,5510.0
PO-09465,2025-10-22,P046,SUP12,80,28.53,2282.4
PO-09466,2025-10-22,P036,SUP05,60,31.97,1918.2
PO-09467,2025-10-22,P047,SUP01,40,80.34,3213.6
PO-09468,2025-10-22,P003,SUP01,50,86.28,4314.0
PO-09469,2025-10-22,P040,SUP09,150,11.99,1798.5
PO-09470,2025-10-22,P018,SUP06,10,244.15,2441.5
PO-09471,2025-10-22,P016,SUP10,40,57.73,2309.2
PO-09472,2025-10-22,P024,SUP07,400,5.19,2076.0
PO-09473,2025-10-22,P040,SUP15,500,12.23,6115.0
PO-09474,2025-10-22,P031,SUP09,200,39.61,7922.0
PO-09475,2025-10-22,P046,SUP12,60,29.8,1788.0
PO-09476,2025-10-22,P043,SUP14,100,15.37,1537.0
PO-09477,2025-10-22,P029,SUP14,50,112.02,5601.0
PO-09478,2025-10-22,P002,SUP15,150,6.27,940.5
PO-09479,2025-10-23,P049,SUP08,20,382.4,7648.0
PO-09480,2025-10-23,P021,SUP14,150,47.34,7101.0
PO-09481,2025-10-23,P008,SUP11,100,2.04,204.0
PO-09482,2025-10-23,P008,SUP01,500,2.12,1060.0
PO-09483,2025-10-23,P008,SUP15,500,2.08,1040.0
PO-09484,2025-10-23,P031,SUP05,250,38.52,9630.0
PO-09485,2025-10-23,P045,SUP12,40,35.88,1435.2
PO-09486,2025-10-23,P025,SUP15,80,35.83,2866.4
PO-09487,2025-10-23,P030,SUP07,400,72.2,28880.0
PO-09488,2025-10-23,P024,SUP14,150,5.2,780.0
PO-09489,2025-10-23,P033,SUP14,500,16.23,8115.0
PO-09490,2025-10-23,P009,SUP15,50,24.6,1230.0
PO-09491,2025-10-23,P037,SUP05,200,18.08,3616.0
PO-09492,2025-10-23,P042,SUP01,100,66.68,6668.0
PO-09493,2025-10-23,P032,SUP05,400,21.89,8756.0
PO-09494,2025-10-23,P021,SUP13,100,48.95,4895.0
PO-09495,2025-10-23,P002,SUP11,300,6.09,1827.0
PO-09496,2025-10-23,P048,SUP08,300,20.78,6234.0
PO-09497,2025-10-23,P013,SUP06,100,31.58,3158.0
PO-09498,2025-10-23,P043,SUP15,200,15.18,3036.0
PO-09499,2025-10-24,P019,SUP01,10,94.07,940.7
PO-09500,2025-10-24,P006,SUP02,30,118.64,3559.2
PO-09501,2025-10-24,P004,SUP15,150,3.33,499.5
PO-09502,2025-10-24,P017,SUP08,250,20.15,5037.5
PO-09503,2025-10-24,P017,SUP08,200,20.14,4028.0
PO-09504,2025-10-24,P033,SUP15,150,16.28,2442.0
PO-09505,2025-10-24,P019,SUP03,20,93.97,1879.4
PO-09506,2025-10-24,P004,SUP11,200,3.39,678.0
PO-09507,2025-10-24,P011,SUP06,100,12.55,1255.0
PO-09508,2025-10-24,P031,SUP14,150,37.48,5622.0
PO-09509,2025-10-24,P043,SUP15,200,15.67,3134.0
PO-09510,2025-10-24,P010,SUP15,50,45.5,2275.0
PO-09511,2025-10-24,P007,SUP02,100,64.44,6444.0
PO-09512,2025-10-24,P023,SUP15,40,65.43,2617.2
PO-09513,2025-10-24,P034,SUP09,500,27.92,13960.0
PO-09514,2025-10-24,P020,SUP08,80,25.77,2061.6
PO-09515,2025-10-24,P022,SUP14,50,92.88,4644.0
PO-09516,2025-10-24,P035,SUP14,60,46.26,2775.6
PO-09517,2025-10-24,P011,SUP06,150,12.17,1825.5
PO-09518,2025-10-25,P038,SUP14,40,25.34,1013.6
PO-09519,2025-10-25,P024,SUP14,500,5.1,2550.0
PO-09520,2025-10-25,P048,SUP08,200,21.35,4270.0
PO-09521,2025-10-25,P023,SUP13,50,64.13,3206.5
PO-09522,2025-10-25,P024,SUP14,100,5.2,520.0
PO-09523,2025-10-25,P037,SUP14,100,18.09,1809.0
PO-09524,2025-10-25,P002,SUP02,300,6.09,1827.0
PO-09525,2025-10-25,P040,SUP15,300,11.99,3597.0
PO-09526,2025-10-25,P039,SUP15,300,14.83,4449.0
PO-09527,2025-10-25,P043,SUP12,150,15.81,2371.5
PO-09528,2025-10-25,P011,SUP01,150,12.77,1915.5
PO-09529,2025-10-25,P006,SUP06,10,120.6,1206.0
PO-09530,2025-10-25,P041,SUP12,20,52.52,1050.4
PO-09531,2025-10-25,P007,SUP06,50,65.31,3265.5
PO-09532,2025-10-25,P001,SUP15,300,18.66,5598.0
PO-09533,2025-10-25,P048,SUP15,250,20.83,5207.5
PO-09534,2025-10-25,P023,SUP04,80,64.82,5185.6
PO-09535,2025-10-25,P043,SUP08,100,15.11,1511.0
PO-09536,2025-10-25,P017,SUP06,400,20.18,8072.0
PO-09537,2025-10-25,P048,SUP14,150,20.82,3123.0
PO-09538,2025-10-25,P033,SUP15,250,16.15,4037.5
PO-09539,2025-10-25,P037,SUP14,500,17.69,8845.0
PO-09540,2025-10-25,P048,SUP08,300,20.93,6279.0
PO-09541,2025-10-25,P016,SUP01,40,56.34,2253.6
PO-09542,2025-10-26,P041,SUP14,40,55.24,2209.6
PO-09543,2025-10-26,P008,SUP06,100,2.11,211.0
PO-09544,2025-10-26,P025,SUP04,100,34.51,3451.0
PO-09545,2025-10-26,P022,SUP15,60,92.94,5576.4
PO-09546,2025-10-26,P031,SUP15,400,39.14,15656.0
PO-09547,2025-10-26,P033,SUP15,200,16.02,3204.0
PO-09548,2025-10-26,P038,SUP09,40,24.48,979.2
PO-09549,2025-10-26,P017,SUP08,250,19.97,4992.5
PO-09550,2025-10-26,P032,SUP09,100,21.65,2165.0
PO-09551,2025-10-26,P031,SUP15,150,39.51,5926.5
PO-09552,2025-10-26,P045,SUP15,120,35.56,4267.2
PO-09553,2025-10-26,P031,SUP15,300,38.79,11637.0
PO-09554,2025-10-26,P032,SUP05,150,22.21,3331.5
PO-09555,2025-10-26,P024,SUP07,100,5.26,526.0
PO-09556,2025-10-27,P004,SUP02,150,3.48,522.0
PO-09557,2025-10-27,P031,SUP09,400,39.39,15756.0
PO-09558,2025-10-27,P042,SUP01,40,68.62,2744.8
PO-09559,2025-10-27,P008,SUP11,500,2.16,1080.0
PO-09560,2025-10-27,P025,SUP13,100,35.54,3554.0
PO-09561,2025-10-27,P017,SUP03,300,19.81,5943.0
PO-09562,2025-10-27,P042,SUP01,60,66.93,4015.8
PO-09563,2025-10-27,P031,SUP14,200,38.19,7638.0
PO-09564,2025-10-27,P011,SUP10,200,12.49,2498.0
PO-09565,2025-10-27,P020,SUP01,120,25.79,3094.8
PO-09566,2025-10-27,P046,SUP01,100,29.49,2949.0
PO-09567,2025-10-27,P048,SUP01,100,21.23,2123.0
PO-09568,2025-10-27,P043,SUP08,400,15.8,6320.0
PO-09569,2025-10-27,P034,SUP14,100,27.48,2748.0
PO-09570,2025-10-27,P046,SUP15,50,28.66,1433.0
PO-09571,2025-10-27,P003,SUP02,50,83.35,4167.5
PO-09572,2025-10-27,P042,SUP14,100,68.39,6839.0
PO-09573,2025-10-27,P039,SUP14,300,14.59,4377.0
PO-09574,2025-10-27,P048,SUP08,150,21.17,3175.5
PO-09575,2025-10-27,P001,SUP15,400,18.07,7228.0
PO-09576,2025-10-27,P011,SUP08,300,12.46,3738.0
PO-09577,2025-10-27,P003,SUP01,60,84.15,5049.0
PO-09578,2025-10-28,P002,SUP15,300,6.13,1839.0
PO-09579,2025-10-28,P001,SUP11,100,18.33,1833.0
PO-09580,2025-10-28,P045,SUP14,50,36.15,1807.5
PO-09581,2025-10-28,P002,SUP01,400,6.08,2432.0
PO-09582,2025-10-28,P012,SUP03,20,108.56,2171.2
PO-09583,2025-10-28,P025,SUP14,60,34.99,2099.4
PO-09584,2025-10-28,P031,SUP05,150,37.84,5676.0
PO-09585,2025-10-28,P039,SUP14,100,14.37,1437.0
PO-09586,2025-10-28,P020,SUP06,100,26.44,2644.0
PO-09587,2025-10-28,P025,SUP04,80,35.67,2853.6
PO-09588,2025-10-28,P001,SUP06,100,17.99,1799.0
PO-09589,2025-10-29,P002,SUP02,200,6.1,1220.0
PO-09590,2025-10-29,P034,SUP14,200,28.48,5696.0
PO-09591,2025-10-29,P007,SUP11,60,66.26,3975.6
PO-09592,2025-10-29,P010,SUP01,120,44.1,5292.0
PO-09593,2025-10-29,P038,SUP14,120,24.26,2911.2
PO-09594,2025-10-29,P043,SUP01,200,15.62,3124.0
PO-09595,2025-10-29,P008,SUP15,200,2.07,414.0
PO-09596,2025-10-29,P004,SUP01,250,3.44,860.0
PO-09597,2025-10-29,P016,SUP08,50,58.68,2934.0
PO-09598,2025-10-29,P019,SUP03,15,92.23,1383.45
PO-09599,2025-10-29,P037,SUP09,300,18.06,5418.0
PO-09600,2025-10-29,P017,SUP01,100,19.66,1966.0
PO-09601,2025-10-29,P034,SUP05,500,27.42,13710.0
PO-09602,2025-10-29,P030,SUP13,200,73.81,14762.0
PO-09603,2025-10-29,P005,SUP02,50,7.74,387.0
PO-09604,2025-10-29,P002,SUP15,300,6.33,1899.0
PO-09605,2025-10-30,P004,SUP11,150,3.48,522.0
PO-09606,2025-10-30,P024,SUP15,100,5.34,534.0
PO-09607,2025-10-30,P023,SUP04,50,65.9,3295.0
PO-09608,2025-10-30,P031,SUP14,400,38.79,15516.0
PO-09609,2025-10-30,P031,SUP09,300,37.88,11364.0
PO-09610,2025-10-30,P003,SUP06,50,84.17,4208.5
PO-09611,2025-10-30,P001,SUP11,400,18.83,7532.0
PO-09612,2025-10-30,P020,SUP10,40,26.75,1070.0
PO-09613,2025-10-30,P005,SUP15,60,7.58,454.8
PO-09614,2025-10-30,P029,SUP04,40,117.74,4709.6
PO-09615,2025-10-31,P048,SUP15,400,20.89,8356.0
PO-09616,2025-10-31,P046,SUP12,80,29.36,2348.8
PO-09617,2025-10-31,P008,SUP15,300,2.13,639.0
PO-09618,2025-10-31,P033,SUP14,100,16.29,1629.0
PO-09619,2025-10-31,P013,SUP06,50,32.87,1643.5
PO-09620,2025-10-31,P045,SUP14,120,35.14,4216.8
PO-09621,2025-10-31,P023,SUP13,100,62.65,6265.0
PO-09622,2025-10-31,P040,SUP15,150,11.96,1794.0
PO-09623,2025-10-31,P049,SUP12,40,386.14,15445.6
PO-09624,2025-10-31,P049,SUP14,30,382.77,11483.1
PO-09625,2025-10-31,P003,SUP02,60,84.4,5064.0
PO-09626,2025-10-31,P046,SUP12,120,28.59,3430.8
PO-09627,2025-10-31,P040,SUP15,400,11.99,4796.0
PO-09628,2025-10-31,P004,SUP06,100,3.45,345.0
PO-09629,2025-10-31,P002,SUP06,400,6.2,2480.0
PO-09630,2025-10-31,P020,SUP01,80,26.35,2108.0
PO-09631,2025-10-31,P043,SUP15,300,15.17,4551.0
PO-09632,2025-10-31,P030,SUP07,200,70.03,14006.0
PO-09633,2025-10-31,P032,SUP09,150,22.29,3343.5
PO-09634,2025-11-01,P046,SUP14,120,29.72,3566.4
PO-09635,2025-11-01,P049,SUP01,20,369.02,7380.4
PO-09636,2025-11-01,P031,SUP14,300,38.98,11694.0
PO-09637,2025-11-01,P040,SUP05,200,11.76,2352.0
PO-09638,2025-11-01,P035,SUP05,40,44.47,1778.8
PO-09639,2025-11-01,P043,SUP01,150,15.83,2374.5
PO-09640,2025-11-01,P024,SUP15,150,5.27,790.5
PO-09641,2025-11-01,P037,SUP09,250,18.29,4572.5
PO-09642,2025-11-02,P039,SUP15,200,14.38,2876.0
PO-09643,2025-11-02,P027,SUP14,40,137.39,5495.6
PO-09644,2025-11-02,P039,SUP05,100,14.66,1466.0
PO-09645,2025-11-02,P048,SUP12,150,20.78,3117.0
PO-09646,2025-11-02,P027,SUP04,30,136.07,4082.1
PO-09647,2025-11-02,P010,SUP02,80,45.97,3677.6
PO-09648,2025-11-02,P022,SUP14,60,90.04,5402.4
PO-09649,2025-11-02,P024,SUP07,200,5.2,1040.0
PO-09650,2025-11-02,P014,SUP03,60,73.86,4431.6
PO-09651,2025-11-02,P017,SUP08,300,19.72,5916.0
PO-09652,2025-11-02,P032,SUP09,200,22.52,4504.0
PO-09653,2025-11-02,P015,SUP06,120,42.95,5154.0
PO-09654,2025-11-02,P021,SUP04,200,47.82,9564.0
PO-09655,2025-11-02,P011,SUP06,500,12.84,6420.0
PO-09656,2025-11-02,P039,SUP05,150,14.39,2158.5
PO-09657,2025-11-02,P036,SUP05,120,32.79,3934.8
PO-09658,2025-11-02,P020,SUP03,60,25.97,1558.2
PO-09659,2025-11-02,P031,SUP14,200,38.34,7668.0
PO-09660,2025-11-03,P005,SUP11,120,7.61,913.2
PO-09661,2025-11-03,P013,SUP01,50,32.79,1639.5
PO-09662,2025-11-03,P009,SUP01,60,23.96,1437.6
PO-09663,2025-11-03,P038,SUP15,60,24.55,1473.0
PO-09664,2025-11-03,P040,SUP05,150,12.02,1803.0
PO-09665,2025-11-03,P037,SUP15,200,18.01,3602.0
PO-09666,2025-11-03,P017,SUP01,100,20.13,2013.0
PO-09667,2025-11-03,P010,SUP11,40,44.48,1779.2
PO-09668,2025-11-03,P039,SUP09,150,14.75,2212.5
PO-09669,2025-11-03,P031,SUP05,300,39.14,11742.0
PO-09670,2025-11-03,P030,SUP04,200,73.44,14688.0
PO-09671,2025-11-03,P042,SUP14,60,67.97,4078.2
PO-09672,2025-11-03,P048,SUP08,150,20.82,3123.0
PO-09673,2025-11-03,P046,SUP08,120,28.16,3379.2
PO-09674,2025-11-03,P048,SUP12,150,20.88,3132.0
PO-09675,2025-11-04,P029,SUP07,40,114.77,4590.8
PO-09676,2025-11-04,P032,SUP05,300,21.95,6585.0
PO-09677,2025-11-04,P001,SUP01,250,18.41,4602.5
PO-09678,2025-11-04,P037,SUP14,150,17.88,2682.0
PO-09679,2025-11-04,P045,SUP08,50,35.36,1768.0
PO-09680,2025-11-04,P040,SUP05,400,12.02,4808.0
PO-09681,2025-11-04,P021,SUP14,150,49.34,7401.0
PO-09682,2025-11-04,P031,SUP15,250,39.52,9880.0
PO-09683,2025-11-04,P003,SUP06,80,83.17,6653.6
PO-09684,2025-11-04,P021,SUP14,300,49.15,14745.0
PO-09685,2025-11-04,P017,SUP08,200,19.34,3868.0
PO-09686,2025-11-04,P030,SUP14,400,70.02,28008.0
PO-09687,2025-11-05,P008,SUP02,250,2.11,527.5
PO-09688,2025-11-05,P046,SUP01,60,28.48,1708.8
PO-09689,2025-11-05,P017,SUP03,150,20.16,3024.0
PO-09690,2025-11-05,P048,SUP01,300,20.98,6294.0
PO-09691,2025-11-05,P035,SUP09,120,43.82,5258.4
PO-09692,2025-11-05,P036,SUP15,100,31.13,3113.0
PO-09693,2025-11-05,P032,SUP14,250,21.4,5350.0
PO-09694,2025-11-05,P021,SUP15,200,46.64,9328.0
PO-09695,2025-11-05,P025,SUP15,120,35.46,4255.2
PO-09696,2025-11-05,P037,SUP14,200,17.57,3514.0
PO-09697,2025-11-05,P040,SUP09,250,11.88,2970.0
PO-09698,2025-11-05,P021,SUP15,100,49.31,4931.0
PO-09699,2025-11-05,P046,SUP12,120,29.4,3528.0
PO-09700,2025-11-05,P025,SUP07,40,35.87,1434.8
PO-09701,2025-11-05,P017,SUP06,500,19.74,9870.0
PO-09702,2025-11-05,P004,SUP06,500,3.41,1705.0
PO-09703,2025-11-06,P007,SUP02,50,64.13,3206.5
PO-09704,2025-11-06,P021,SUP15,300,46.62,13986.0
PO-09705,2025-11-06,P002,SUP11,400,6.06,2424.0
PO-09706,2025-11-06,P002,SUP15,250,6.29,1572.5
PO-09707,2025-11-06,P042,SUP08,60,68.09,4085.4
PO-09708,2025-11-06,P021,SUP04,500,48.35,24175.0
PO-09709,2025-11-06,P017,SUP01,250,19.97,4992.5
PO-09710,2025-11-06,P033,SUP15,150,16.86,2529.0
PO-09711,2025-11-06,P048,SUP14,400,21.5,8600.0
PO-09712,2025-11-06,P009,SUP01,50,23.98,1199.0
PO-09713,2025-11-06,P017,SUP01,250,20.39,5097.5
PO-09714,2025-11-06,P024,SUP07,100,5.17,517.0
PO-09715,2025-11-06,P033,SUP05,250,16.09,4022.5
PO-09716,2025-11-06,P045,SUP15,120,36.09,4330.8
PO-09717,2025-11-06,P032,SUP09,200,21.65,4330.0
PO-09718,2025-11-06,P033,SUP15,250,16.92,4230.0
PO-09719,2025-11-06,P023,SUP14,40,62.55,2502.0
PO-09720,2025-11-06,P025,SUP15,40,34.88,1395.2
PO-09721,2025-11-06,P030,SUP04,250,72.94,18235.0
PO-09722,2025-11-06,P045,SUP08,80,36.22,2897.6
PO-09723,2025-11-07,P033,SUP05,200,16.16,3232.0
PO-09724,2025-11-07,P032,SUP14,100,22.12,2212.0
PO-09725,2025-11-07,P050,SUP01,40,97.49,3899.6
PO-09726,2025-11-07,P020,SUP01,80,26.88,2150.4
PO-09727,2025-11-07,P035,SUP15,100,46.17,4617.0
PO-09728,2025-11-07,P034,SUP15,100,28.76,2876.0
PO-09729,2025-11-07,P025,SUP07,80,35.56,2844.8
PO-09730,2025-11-07,P037,SUP09,250,17.61,4402.5
PO-09731,2025-11-07,P030,SUP15,500,72.54,36270.0
PO-09732,2025-11-07,P035,SUP14,50,43.95,2197.5
PO-09733,2025-11-07,P003,SUP06,120,85.2,10224.0
PO-09734,2025-11-07,P037,SUP14,400,17.97,7188.0
PO-09735,2025-11-08,P019,SUP01,40,95.23,3809.2
PO-09736,2025-11-08,P005,SUP11,120,8.0,960.0
PO-09737,2025-11-08,P003,SUP15,40,87.27,3490.8
PO-09738,2025-11-08,P028,SUP14,10,86.47,864.7
PO-09739,2025-11-08,P008,SUP06,150,2.07,310.5
PO-09740,2025-11-08,P046,SUP12,50,29.38,1469.0
PO-09741,2025-11-08,P049,SUP01,20,386.96,7739.2
PO-09742,2025-11-08,P017,SUP08,500,19.36,9680.0
PO-09743,2025-11-08,P025,SUP04,120,34.86,4183.2
PO-09744,2025-11-08,P006,SUP15,10,121.76,1217.6
PO-09745,2025-11-08,P005,SUP11,100,7.77,777.0
PO-09746,2025-11-08,P045,SUP15,80,35.62,2849.6
PO-09747,2025-11-08,P039,SUP05,150,14.81,2221.5
PO-09748,2025-11-08,P043,SUP14,200,15.17,3034.0
PO-09749,2025-11-09,P025,SUP13,120,34.68,4161.6
PO-09750,2025-11-09,P029,SUP07,40,117.71,4708.4
PO-09751,2025-11-09,P004,SUP01,100,3.39,339.0
PO-09752,2025-11-09,P022,SUP04,50,93.35,4667.5
PO-09753,2025-11-09,P033,SUP14,250,16.55,4137.5
PO-09754,2025-11-09,P017,SUP01,200,20.04,4008.0
PO-09755,2025-11-09,P031,SUP14,250,38.03,9507.5
PO-09756,2025-11-09,P007,SUP01,50,67.32,3366.0
PO-09757,2025-11-09,P022,SUP14,40,92.58,3703.2
PO-09758,2025-11-09,P043,SUP14,250,15.44,3860.0
PO-09759,2025-11-09,P011,SUP08,100,12.34,1234.0
PO-09760,2025-11-09,P023,SUP13,50,62.93,3146.5
PO-09761,2025-11-09,P033,SUP05,250,16.91,4227.5
PO-09762,2025-11-10,P008,SUP02,400,2.13,852.0
PO-09763,2025-11-10,P016,SUP10,120,56.33,6759.6
PO-09764,2025-11-10,P037,SUP05,200,18.23,3646.0
PO-09765,2025-11-10,P040,SUP15,300,11.64,3492.0
PO-09766,2025-11-10,P032,SUP14,100,21.39,2139.0
PO-09767,2025-11-10,P023,SUP14,40,62.77,2510.8
PO-09768,2025-11-10,P050,SUP14,10,93.51,935.1
PO-09769,2025-11-10,P021,SUP15,250,48.55,12137.5
PO-09770,2025-11-10,P010,SUP01,80,45.53,3642.4
PO-09771,2025-11-10,P045,SUP12,40,35.0,1400.0
PO-09772,2025-11-10,P017,SUP08,300,19.73,5919.0
PO-09773,2025-11-11,P045,SUP14,40,36.52,1460.8
PO-09774,2025-11-11,P024,SUP04,250,5.07,1267.5
PO-09775,2025-11-11,P021,SUP14,400,49.4,19760.0
PO-09776,2025-11-11,P041,SUP12,15,54.27,814.05
PO-09777,2025-11-11,P006,SUP15,10,122.25,1222.5
PO-09778,2025-11-11,P031,SUP05,400,38.14,15256.0
PO-09779,2025-11-11,P007,SUP11,120,66.98,8037.6
PO-09780,2025-11-11,P037,SUP09,150,18.53,2779.5
PO-09781,2025-11-11,P011,SUP01,100,12.68,1268.0
PO-09782,2025-11-11,P038,SUP05,100,24.89,2489.0
PO-09783,2025-11-11,P014,SUP06,50,76.12,3806.0
PO-09784,2025-11-11,P035,SUP05,80,44.2,3536.0
PO-09785,2025-11-11,P021,SUP13,500,47.34,23670.0
PO-09786,2025-11-11,P023,SUP13,120,65.38,7845.6
PO-09787,2025-11-11,P024,SUP13,500,5.17,2585.0
PO-09788,2025-11-11,P015,SUP10,100,42.01,4201.0
PO-09789,2025-11-11,P004,SUP11,250,3.44,860.0
PO-09790,2025-11-11,P025,SUP15,80,35.53,2842.4
PO-09791,2025-11-12,P039,SUP09,500,14.55,7275.0
PO-09792,2025-11-12,P024,SUP14,300,5.32,1596.0
PO-09793,2025-11-12,P021,SUP13,500,48.01,24005.0
PO-09794,2025-11-12,P023,SUP14,80,65.62,5249.6
PO-09795,2025-11-12,P030,SUP04,250,74.15,18537.5
PO-09796,2025-11-12,P033,SUP09,250,16.88,4220.0
PO-09797,2025-11-12,P042,SUP01,120,68.06,8167.2
PO-09798,2025-11-12,P002,SUP15,400,6.37,2548.0
PO-09799,2025-11-12,P032,SUP09,300,21.73,6519.0
PO-09800,2025-11-12,P039,SUP05,400,14.13,5652.0
PO-09801,2025-11-12,P021,SUP04,300,48.32,14496.0
PO-09802,2025-11-12,P024,SUP13,200,5.34,1068.0
PO-09803,2025-11-12,P034,SUP14,100,27.27,2727.0
PO-09804,2025-11-12,P038,SUP09,40,25.13,1005.2
PO-09805,2025-11-12,P034,SUP14,300,28.02,8406.0
PO-09806,2025-11-12,P020,SUP08,60,26.05,1563.0
PO-09807,2025-11-13,P026,SUP14,40,55.21,2208.4
PO-09808,2025-11-13,P045,SUP08,80,36.52,2921.6
PO-09809,2025-11-13,P011,SUP06,200,12.47,2494.0
PO-09810,2025-11-13,P046,SUP15,40,29.39,1175.6
PO-09811,2025-11-13,P030,SUP04,400,70.83,28332.0
PO-09812,2025-11-13,P039,SUP14,300,14.91,4473.0
PO-09813,2025-11-13,P037,SUP15,300,17.56,5268.0
PO-09814,2025-11-13,P034,SUP14,250,28.43,7107.5
PO-09815,2025-11-13,P040,SUP14,400,11.99,4796.0
PO-09816,2025-11-13,P043,SUP08,150,15.15,2272.5
PO-09817,2025-11-13,P047,SUP14,40,76.21,3048.4
PO-09818,2025-11-14,P043,SUP14,250,15.25,3812.5
PO-09819,2025-11-14,P003,SUP01,50,83.54,4177.0
PO-09820,2025-11-14,P034,SUP15,100,28.75,2875.0
PO-09821,2025-11-14,P003,SUP11,120,83.65,10038.0
PO-09822,2025-11-14,P037,SUP15,150,18.22,2733.0
PO-09823,2025-11-14,P029,SUP04,60,113.05,6783.0
PO-09824,2025-11-14,P043,SUP14,500,15.08,7540.0
PO-09825,2025-11-14,P021,SUP14,150,48.83,7324.5
PO-09826,2025-11-15,P022,SUP04,50,89.6,4480.0
PO-09827,2025-11-15,P033,SUP15,150,16.31,2446.5
PO-09828,2025-11-15,P022,SUP15,100,93.73,9373.0
PO-09829,2025-11-15,P030,SUP07,300,69.86,20958.0
PO-09830,2025-11-15,P033,SUP09,300,16.38,4914.0
PO-09831,2025-11-15,P024,SUP15,100,5.12,512.0
PO-09832,2025-11-15,P032,SUP05,200,22.46,4492.0
PO-09833,2025-11-15,P040,SUP05,400,12.09,4836.0
PO-09834,2025-11-15,P023,SUP07,50,62.58,3129.0
PO-09835,2025-11-15,P008,SUP06,500,2.04,1020.0
PO-09836,2025-11-15,P045,SUP08,40,35.79,1431.6
PO-09837,2025-11-15,P037,SUP05,400,17.52,7008.0
PO-09838,2025-11-15,P017,SUP08,200,20.18,4036.0
PO-09839,2025-11-15,P007,SUP01,100,66.78,6678.0
PO-09840,2025-11-15,P016,SUP10,60,56.7,3402.0
PO-09841,2025-11-15,P037,SUP05,150,17.46,2619.0
PO-09842,2025-11-15,P001,SUP06,300,18.71,5613.0
PO-09843,2025-11-15,P043,SUP15,200,15.79,3158.0
PO-09844,2025-11-15,P036,SUP15,50,31.77,1588.5
PO-09845,2025-11-15,P001,SUP01,300,18.13,5439.0
PO-09846,2025-11-16,P030,SUP15,200,73.26,14652.0
PO-09847,2025-11-16,P033,SUP15,200,16.83,3366.0
PO-09848,2025-11-16,P008,SUP01,150,2.13,319.5
PO-09849,2025-11-16,P029,SUP14,100,117.0,11700.0
PO-09850,2025-11-16,P005,SUP01,100,7.8,780.0
PO-09851,2025-11-16,P036,SUP09,100,32.83,3283.0
PO-09852,2025-11-16,P026,SUP13,10,56.33,563.3
PO-09853,2025-11-16,P024,SUP07,400,5.06,2024.0
PO-09854,2025-11-16,P011,SUP01,250,12.63,3157.5
PO-09855,2025-11-16,P009,SUP01,40,24.14,965.6
PO-09856,2025-11-16,P033,SUP05,400,16.83,6732.0
PO-09857,2025-11-17,P039,SUP05,500,14.1,7050.0
PO-09858,2025-11-17,P011,SUP03,150,12.81,1921.5
PO-09859,2025-11-17,P007,SUP02,40,65.43,2617.2
PO-09860,2025-11-17,P043,SUP08,150,15.62,2343.0
PO-09861,2025-11-17,P011,SUP01,200,12.65,2530.0
PO-09862,2025-11-17,P029,SUP13,60,116.53,6991.8
PO-09863,2025-11-17,P041,SUP14,40,55.05,2202.0
PO-09864,2025-11-17,P032,SUP05,300,22.61,6783.0
PO-09865,2025-11-17,P040,SUP14,500,11.89,5945.0
PO-09866,2025-11-17,P032,SUP14,100,22.47,2247.0
PO-09867,2025-11-17,P034,SUP05,300,27.73,8319.0
PO-09868,2025-11-17,P031,SUP14,100,38.32,3832.0
PO-09869,2025-11-17,P039,SUP15,500,14.17,7085.0
PO-09870,2025-11-17,P046,SUP14,60,29.66,1779.6
PO-09871,2025-11-17,P016,SUP03,40,59.15,2366.0
PO-09872,2025-11-17,P017,SUP06,200,19.91,3982.0
PO-09873,2025-11-17,P034,SUP05,250,27.34,6835.0
PO-09874,2025-11-17,P039,SUP09,100,14.17,1417.0
PO-09875,2025-11-17,P037,SUP14,150,17.76,2664.0
PO-09876,2025-11-18,P007,SUP11,100,65.59,6559.0
PO-09877,2025-11-18,P048,SUP15,500,21.61,10805.0
PO-09878,2025-11-18,P046,SUP08,100,28.73,2873.0
PO-09879,2025-11-18,P048,SUP15,200,21.6,4320.0
PO-09880,2025-11-18,P008,SUP06,300,2.1,630.0
PO-09881,2025-11-18,P027,SUP14,15,137.55,2063.25
PO-09882,2025-11-18,P029,SUP15,100,116.97,11697.0
PO-09883,2025-11-18,P008,SUP11,200,2.1,420.0
PO-09884,2025-11-18,P034,SUP09,300,27.28,8184.0
PO-09885,2025-11-18,P043,SUP14,150,15.53,2329.5
PO-09886,2025-11-18,P007,SUP02,50,64.54,3227.0
PO-09887,2025-11-18,P024,SUP14,100,5.2,520.0
PO-09888,2025-11-18,P022,SUP04,60,91.44,5486.4
PO-09889,2025-11-18,P017,SUP08,400,20.16,8064.0
PO-09890,2025-11-18,P031,SUP14,150,38.99,5848.5
PO-09891,2025-11-18,P007,SUP02,40,65.28,2611.2
PO-09892,2025-11-18,P008,SUP01,500,2.04,1020.0
PO-09893,2025-11-18,P004,SUP02,150,3.36,504.0
PO-09894,2025-11-18,P005,SUP15,50,7.93,396.5
PO-09895,2025-11-19,P018,SUP08,30,235.34,7060.2
PO-09896,2025-11-19,P024,SUP13,400,5.32,2128.0
PO-09897,2025-11-19,P029,SUP07,60,116.33,6979.8
PO-09898,2025-11-19,P022,SUP14,50,93.98,4699.0
PO-09899,2025-11-19,P008,SUP01,250,2.12,530.0
PO-09900,2025-11-19,P021,SUP14,500,47.24,23620.0
PO-09901,2025-11-19,P032,SUP09,300,21.84,6552.0
PO-09902,2025-11-19,P033,SUP15,500,16.01,8005.0
PO-09903,2025-11-19,P034,SUP14,150,27.86,4179.0
PO-09904,2025-11-19,P001,SUP06,100,18.07,1807.0
PO-09905,2025-11-19,P020,SUP06,120,25.98,3117.6
PO-09906,2025-11-19,P032,SUP14,300,22.49,6747.0
PO-09907,2025-11-19,P040,SUP14,150,11.87,1780.5
PO-09908,2025-11-19,P017,SUP08,100,19.76,1976.0
PO-09909,2025-11-19,P022,SUP13,100,92.43,9243.0
PO-09910,2025-11-19,P040,SUP15,200,12.0,2400.0
PO-09911,2025-11-20,P001,SUP11,150,18.31,2746.5
PO-09912,2025-11-20,P029,SUP14,120,114.3,13716.0
PO-09913,2025-11-20,P041,SUP01,30,53.11,1593.3
PO-09914,2025-11-20,P039,SUP05,400,14.58,5832.0
PO-09915,2025-11-20,P009,SUP15,120,24.62,2954.4
PO-09916,2025-11-20,P005,SUP11,80,7.82,625.6
PO-09917,2025-11-20,P035,SUP09,40,46.21,1848.4
PO-09918,2025-11-20,P011,SUP08,200,12.48,2496.0
PO-09919,2025-11-20,P002,SUP11,200,6.12,1224.0
PO-09920,2025-11-20,P015,SUP01,80,42.29,3383.2
PO-09921,2025-11-20,P016,SUP03,80,58.74,4699.2
PO-09922,2025-11-20,P048,SUP01,100,20.99,2099.0
PO-09923,2025-11-20,P031,SUP14,400,38.59,15436.0
PO-09924,2025-11-20,P020,SUP03,80,26.19,2095.2
PO-09925,2025-11-21,P008,SUP11,200,2.11,422.0
PO-09926,2025-11-21,P033,SUP15,150,16.07,2410.5
PO-09927,2025-11-21,P034,SUP09,250,28.72,7180.0
PO-09928,2025-11-21,P033,SUP09,200,16.95,3390.0
PO-09929,2025-11-21,P010,SUP06,60,43.69,2621.4
PO-09930,2025-11-21,P001,SUP15,250,18.17,4542.5
PO-09931,2025-11-21,P033,SUP05,150,16.2,2430.0
PO-09932,2025-11-21,P031,SUP05,300,39.03,11709.0
PO-09933,2025-11-21,P027,SUP15,30,139.27,4178.1
PO-09934,2025-11-21,P031,SUP14,400,37.95,15180.0
PO-09935,2025-11-21,P039,SUP05,250,14.36,3590.0
PO-09936,2025-11-21,P040,SUP09,200,11.84,2368.0
PO-09937,2025-11-21,P016,SUP08,120,59.25,7110.0
PO-09938,2025-11-21,P042,SUP01,50,69.31,3465.5
PO-09939,2025-11-21,P024,SUP14,250,5.21,1302.5
PO-09940,2025-11-22,P008,SUP15,250,2.14,535.0
PO-09941,2025-11-22,P002,SUP15,100,6.02,602.0
PO-09942,2025-11-22,P035,SUP09,120,44.45,5334.0
PO-09943,2025-11-22,P042,SUP15,100,68.58,6858.0
PO-09944,2025-11-22,P038,SUP15,60,24.8,1488.0
PO-09945,2025-11-22,P032,SUP09,500,21.59,10795.0
PO-09946,2025-11-22,P009,SUP06,120,23.3,2796.0
PO-09947,2025-11-22,P003,SUP02,100,84.82,8482.0
PO-09948,2025-11-22,P031,SUP15,300,39.04,11712.0
PO-09949,2025-11-22,P038,SUP14,50,25.71,1285.5
PO-09950,2025-11-22,P048,SUP14,200,21.25,4250.0
PO-09951,2025-11-22,P043,SUP12,500,15.43,7715.0
PO-09952,2025-11-22,P002,SUP11,400,6.34,2536.0
PO-09953,2025-11-23,P026,SUP15,20,53.97,1079.4
PO-09954,2025-11-23,P017,SUP06,150,19.64,2946.0
PO-09955,2025-11-23,P030,SUP15,300,70.0,21000.0
PO-09956,2025-11-23,P032,SUP09,100,21.95,2195.0
PO-09957,2025-11-23,P037,SUP15,250,17.92,4480.0
PO-09958,2025-11-23,P034,SUP14,150,27.41,4111.5
PO-09959,2025-11-23,P001,SUP02,300,18.04,5412.0
PO-09960,2025-11-23,P013,SUP03,40,32.24,1289.6
PO-09961,2025-11-23,P015,SUP10,80,43.25,3460.0
PO-09962,2025-11-23,P005,SUP11,80,7.84,627.2
PO-09963,2025-11-23,P033,SUP05,400,16.44,6576.0
PO-09964,2025-11-23,P042,SUP08,120,67.84,8140.8
PO-09965,2025-11-23,P010,SUP06,40,45.05,1802.0
PO-09966,2025-11-23,P039,SUP14,300,14.18,4254.0
PO-09967,2025-11-23,P031,SUP09,400,39.33,15732.0
PO-09968,2025-11-23,P011,SUP01,300,12.44,3732.0
PO-09969,2025-11-23,P020,SUP10,40,26.95,1078.0
PO-09970,2025-11-23,P025,SUP07,50,35.81,1790.5
PO-09971,2025-11-23,P034,SUP15,250,28.51,7127.5
PO-09972,2025-11-23,P011,SUP08,150,12.25,1837.5
PO-09973,2025-11-23,P031,SUP05,150,38.36,5754.0
PO-09974,2025-11-23,P033,SUP09,200,16.96,3392.0
PO-09975,2025-11-24,P005,SUP11,100,7.67,767.0
PO-09976,2025-11-24,P021,SUP04,300,47.15,14145.0
PO-09977,2025-11-24,P010,SUP15,80,45.75,3660.0
PO-09978,2025-11-24,P029,SUP07,50,116.69,5834.5
PO-09979,2025-11-24,P016,SUP03,80,57.1,4568.0
PO-09980,2025-11-24,P020,SUP10,100,26.91,2691.0
PO-09981,2025-11-24,P017,SUP01,500,19.85,9925.0
PO-09982,2025-11-24,P037,SUP05,500,18.47,9235.0
PO-09983,2025-11-24,P037,SUP15,150,18.19,2728.5
PO-09984,2025-11-24,P048,SUP15,400,20.47,8188.0
PO-09985,2025-11-24,P032,SUP15,200,21.4,4280.0
PO-09986,2025-11-24,P031,SUP15,300,37.81,11343.0
PO-09987,2025-11-24,P034,SUP05,300,28.74,8622.0
PO-09988,2025-11-24,P012,SUP06,40,107.02,4280.8
PO-09989,2025-11-24,P048,SUP15,100,21.49,2149.0
PO-09990,2025-11-25,P042,SUP12,50,66.74,3337.0
PO-09991,2025-11-25,P030,SUP14,100,74.13,7413.0
PO-09992,2025-11-25,P045,SUP12,60,36.09,2165.4
PO-09993,2025-11-25,P003,SUP02,80,84.17,6733.6
PO-09994,2025-11-25,P028,SUP14,40,87.22,3488.8
PO-09995,2025-11-25,P031,SUP14,300,37.75,11325.0
PO-09996,2025-11-25,P048,SUP14,500,20.74,10370.0
PO-09997,2025-11-25,P031,SUP14,400,37.87,15148.0
PO-09998,2025-11-26,P034,SUP14,150,27.86,4179.0
PO-09999,2025-11-26,P005,SUP06,100,7.79,779.0
PO-10000,2025-11-26,P037,SUP15,400,18.16,7264.0
PO-10001,2025-11-26,P020,SUP03,100,26.91,2691.0
PO-10002,2025-11-26,P038,SUP09,100,25.38,2538.0
PO-10003,2025-11-26,P032,SUP09,250,22.06,5515.0
PO-10004,2025-11-26,P038,SUP09,50,24.73,1236.5
PO-10005,2025-11-26,P001,SUP11,100,18.74,1874.0
PO-10006,2025-11-26,P046,SUP08,120,29.46,3535.2
PO-10007,2025-11-26,P020,SUP01,120,26.48,3177.6
PO-10008,2025-11-26,P031,SUP09,500,38.74,19370.0
PO-10009,2025-11-26,P022,SUP15,80,92.43,7394.4
PO-10010,2025-11-27,P013,SUP10,120,31.59,3790.8
PO-10011,2025-11-27,P008,SUP06,100,2.07,207.0
PO-10012,2025-11-27,P018,SUP01,15,236.31,3544.65
PO-10013,2025-11-27,P037,SUP14,150,17.63,2644.5
PO-10014,2025-11-27,P044,SUP08,10,82.63,826.3
PO-10015,2025-11-27,P021,SUP04,100,48.81,4881.0
PO-10016,2025-11-27,P039,SUP09,150,14.11,2116.5
PO-10017,2025-11-27,P006,SUP11,15,120.51,1807.65
PO-10018,2025-11-27,P035,SUP09,80,45.32,3625.6
PO-10019,2025-11-27,P004,SUP01,400,3.33,1332.0
PO-10020,2025-11-27,P008,SUP02,250,2.09,522.5
PO-10021,2025-11-28,P030,SUP07,100,71.87,7187.0
PO-10022,2025-11-28,P043,SUP14,100,15.58,1558.0
PO-10023,2025-11-28,P030,SUP04,250,71.16,17790.0
PO-10024,2025-11-28,P043,SUP08,100,15.86,1586.0
PO-10025,2025-11-28,P016,SUP06,100,59.36,5936.0
PO-10026,2025-11-28,P050,SUP15,10,93.25,932.5
PO-10027,2025-11-28,P024,SUP07,300,5.34,1602.0
PO-10028,2025-11-28,P038,SUP05,100,25.3,2530.0
PO-10029,2025-11-28,P030,SUP13,500,73.98,36990.0
PO-10030,2025-11-28,P043,SUP12,300,15.85,4755.0
PO-10031,2025-11-28,P001,SUP06,400,18.39,7356.0
PO-10032,2025-11-28,P030,SUP07,250,71.05,17762.5
PO-10033,2025-11-28,P036,SUP15,40,31.92,1276.8
PO-10034,2025-11-28,P036,SUP14,50,32.88,1644.0
PO-10035,2025-11-28,P008,SUP15,500,2.06,1030.0
PO-10036,2025-11-28,P042,SUP08,60,67.93,4075.8
PO-10037,2025-11-28,P034,SUP15,150,27.89,4183.5
PO-10038,2025-11-28,P009,SUP11,40,24.07,962.8
PO-10039,2025-11-28,P048,SUP15,400,21.23,8492.0
PO-10040,2025-11-28,P010,SUP11,80,46.34,3707.2
PO-10041,2025-11-29,P043,SUP14,200,15.87,3174.0
PO-10042,2025-11-29,P022,SUP04,120,89.33,10719.6
PO-10043,2025-11-29,P002,SUP15,250,6.26,1565.0
PO-10044,2025-11-29,P004,SUP01,150,3.49,523.5
PO-10045,2025-11-29,P011,SUP06,400,12.73,5092.0
PO-10046,2025-11-29,P024,SUP14,300,5.19,1557.0
PO-10047,2025-11-29,P036,SUP09,60,31.66,1899.6
PO-10048,2025-11-29,P015,SUP06,50,42.16,2108.0
PO-10049,2025-11-29,P024,SUP15,400,5.15,2060.0
PO-10050,2025-11-29,P017,SUP03,200,19.59,3918.0
PO-10051,2025-11-29,P033,SUP14,250,16.85,4212.5
PO-10052,2025-11-29,P033,SUP05,500,16.86,8430.0
PO-10053,2025-11-29,P024,SUP07,250,5.16,1290.0
PO-10054,2025-11-29,P004,SUP01,150,3.46,519.0
PO-10055,2025-11-29,P043,SUP08,150,15.57,2335.5
PO-10056,2025-11-29,P021,SUP07,300,48.41,14523.0
PO-10057,2025-11-29,P046,SUP14,40,28.26,1130.4
PO-10058,2025-11-29,P040,SUP15,400,11.84,4736.0
PO-10059,2025-11-30,P009,SUP01,50,24.23,1211.5
PO-10060,2025-11-30,P037,SUP05,150,17.92,2688.0
PO-10061,2025-11-30,P037,SUP09,500,18.45,9225.0
PO-10062,2025-11-30,P044,SUP15,20,79.9,1598.0
PO-10063,2025-11-30,P048,SUP14,100,21.3,2130.0
PO-10064,2025-11-30,P008,SUP15,200,2.11,422.0
PO-10065,2025-11-30,P002,SUP02,250,6.12,1530.0
PO-10066,2025-11-30,P004,SUP01,500,3.42,1710.0
PO-10067,2025-11-30,P005,SUP02,50,7.98,399.0
PO-10068,2025-11-30,P013,SUP08,80,32.46,2596.8
PO-10069,2025-11-30,P020,SUP06,60,26.49,1589.4
PO-10070,2025-11-30,P038,SUP14,120,25.41,3049.2
PO-10071,2025-11-30,P048,SUP15,500,20.37,10185.0
PO-10072,2025-11-30,P041,SUP08,20,54.14,1082.8
PO-10073,2025-11-30,P034,SUP05,100,28.71,2871.0
PO-10074,2025-11-30,P045,SUP08,100,35.56,3556.0
PO-10075,2025-11-30,P049,SUP01,10,374.19,3741.9
PO-10076,2025-11-30,P005,SUP02,120,7.91,949.2
PO-10077,2025-11-30,P013,SUP08,50,32.77,1638.5
PO-10078,2025-11-30,P016,SUP06,80,58.53,4682.4
PO-10079,2025-11-30,P016,SUP08,40,57.37,2294.8
PO-10080,2025-11-30,P045,SUP15,120,36.53,4383.6
PO-10081,2025-11-30,P042,SUP01,80,65.98,5278.4
PO-10082,2025-11-30,P045,SUP15,100,35.24,3524.0
PO-10083,2025-12-01,P043,SUP14,400,15.18,6072.0
PO-10084,2025-12-01,P040,SUP15,200,12.13,2426.0
PO-10085,2025-12-01,P032,SUP09,500,21.54,10770.0
PO-10086,2025-12-01,P033,SUP15,150,16.22,2433.0
PO-10087,2025-12-01,P027,SUP07,30,138.6,4158.0
PO-10088,2025-12-01,P017,SUP06,500,20.23,10115.0
PO-10089,2025-12-01,P031,SUP09,100,38.38,3838.0
PO-10090,2025-12-01,P036,SUP05,100,32.46,3246.0
PO-10091,2025-12-01,P040,SUP09,200,11.83,2366.0
PO-10092,2025-12-01,P005,SUP02,40,7.6,304.0
PO-10093,2025-12-01,P008,SUP02,250,2.12,530.0
PO-10094,2025-12-01,P036,SUP14,100,31.92,3192.0
PO-10095,2025-12-01,P020,SUP03,40,26.38,1055.2
PO-10096,2025-12-01,P030,SUP13,100,70.71,7071.0
PO-10097,2025-12-02,P022,SUP07,50,93.53,4676.5
PO-10098,2025-12-02,P042,SUP14,50,69.67,3483.5
PO-10099,2025-12-02,P004,SUP01,500,3.31,1655.0
PO-10100,2025-12-02,P045,SUP01,80,35.48,2838.4
PO-10101,2025-12-02,P030,SUP15,250,73.71,18427.5
PO-10102,2025-12-02,P037,SUP15,100,18.26,1826.0
PO-10103,2025-12-02,P033,SUP14,400,16.54,6616.0
PO-10104,2025-12-02,P008,SUP06,100,2.15,215.0
PO-10105,2025-12-02,P007,SUP11,120,67.28,8073.6
PO-10106,2025-12-02,P045,SUP01,60,35.37,2122.2
PO-10107,2025-12-02,P028,SUP14,20,85.56,1711.2
PO-10108,2025-12-02,P049,SUP14,30,374.45,11233.5
PO-10109,2025-12-02,P022,SUP04,80,93.65,7492.0
PO-10110,2025-12-02,P036,SUP05,60,31.93,1915.8
PO-10111,2025-12-02,P033,SUP15,200,16.28,3256.0
PO-10112,2025-12-02,P020,SUP03,40,27.19,1087.6
PO-10113,2025-12-02,P001,SUP01,400,18.2,7280.0
PO-10114,2025-12-02,P030,SUP07,100,72.16,7216.0
PO-10115,2025-12-02,P033,SUP15,250,16.51,4127.5
PO-10116,2025-12-03,P030,SUP14,300,71.88,21564.0
PO-10117,2025-12-03,P002,SUP11,250,6.38,1595.0
PO-10118,2025-12-03,P013,SUP10,100,31.1,3110.0
PO-10119,2025-12-03,P038,SUP09,60,25.51,1530.6
PO-10120,2025-12-03,P037,SUP15,200,17.59,3518.0
PO-10121,2025-12-03,P034,SUP09,100,27.44,2744.0
PO-10122,2025-12-03,P008,SUP01,250,2.15,537.5
PO-10123,2025-12-03,P048,SUP14,200,20.6,4120.0
PO-10124,2025-12-03,P002,SUP06,300,6.09,1827.0
PO-10125,2025-12-03,P034,SUP05,150,27.29,4093.5
PO-10126,2025-12-03,P045,SUP14,120,37.0,4440.0
PO-10127,2025-12-03,P009,SUP11,120,23.34,2800.8
PO-10128,2025-12-03,P031,SUP15,100,38.99,3899.0
PO-10129,2025-12-03,P022,SUP07,80,89.67,7173.6
PO-10130,2025-12-04,P010,SUP02,120,44.58,5349.6
PO-10131,2025-12-04,P011,SUP01,500,12.25,6125.0
PO-10132,2025-12-04,P002,SUP01,250,6.12,1530.0
PO-10133,2025-12-04,P037,SUP09,100,18.33,1833.0
PO-10134,2025-12-04,P029,SUP14,50,112.21,5610.5
PO-10135,2025-12-04,P003,SUP06,80,84.87,6789.6
PO-10136,2025-12-04,P022,SUP13,120,94.29,11314.8
PO-10137,2025-12-04,P016,SUP03,60,57.63,3457.8
PO-10138,2025-12-04,P037,SUP05,200,17.64,3528.0
PO-10139,2025-12-04,P039,SUP14,400,14.22,5688.0
PO-10140,2025-12-04,P033,SUP15,300,16.1,4830.0
PO-10141,2025-12-04,P048,SUP15,400,20.93,8372.0
PO-10142,2025-12-04,P008,SUP01,400,2.07,828.0
PO-10143,2025-12-04,P007,SUP02,60,63.9,3834.0
PO-10144,2025-12-04,P003,SUP02,60,85.8,5148.0
PO-10145,2025-12-04,P008,SUP11,250,2.06,515.0
PO-10146,2025-12-04,P016,SUP01,80,56.46,4516.8
PO-10147,2025-12-05,P011,SUP01,250,12.6,3150.0
PO-10148,2025-12-05,P020,SUP06,100,26.71,2671.0
PO-10149,2025-12-05,P004,SUP01,150,3.32,498.0
PO-10150,2025-12-05,P008,SUP02,250,2.05,512.5
PO-10151,2025-12-05,P025,SUP07,60,34.92,2095.2
PO-10152,2025-12-05,P005,SUP11,50,7.98,399.0
PO-10153,2025-12-05,P008,SUP02,100,2.12,212.0
PO-10154,2025-12-05,P008,SUP06,100,2.04,204.0
PO-10155,2025-12-05,P039,SUP15,200,14.84,2968.0
PO-10156,2025-12-06,P011,SUP06,250,12.81,3202.5
PO-10157,2025-12-06,P010,SUP02,60,45.69,2741.4
PO-10158,2025-12-06,P010,SUP06,100,45.79,4579.0
PO-10159,2025-12-06,P031,SUP15,150,38.15,5722.5
PO-10160,2025-12-06,P025,SUP07,50,35.39,1769.5
PO-10161,2025-12-06,P034,SUP05,250,27.49,6872.5
PO-10162,2025-12-06,P009,SUP11,80,24.32,1945.6
PO-10163,2025-12-06,P046,SUP08,100,28.53,2853.0
PO-10164,2025-12-06,P012,SUP06,30,109.12,3273.6
PO-10165,2025-12-06,P039,SUP14,200,14.23,2846.0
PO-10166,2025-12-07,P017,SUP08,500,19.72,9860.0
PO-10167,2025-12-07,P022,SUP15,60,92.96,5577.6
PO-10168,2025-12-07,P042,SUP01,60,66.45,3987.0
PO-10169,2025-12-07,P032,SUP14,500,21.83,10915.0
PO-10170,2025-12-07,P005,SUP01,60,8.0,480.0
PO-10171,2025-12-07,P048,SUP08,500,21.08,10540.0
PO-10172,2025-12-07,P002,SUP11,250,6.28,1570.0
PO-10173,2025-12-08,P043,SUP14,250,15.34,3835.0
PO-10174,2025-12-08,P048,SUP12,100,21.57,2157.0
PO-10175,2025-12-08,P018,SUP01,20,246.09,4921.8
PO-10176,2025-12-08,P007,SUP01,100,66.81,6681.0
PO-10177,2025-12-08,P009,SUP02,50,23.75,1187.5
PO-10178,2025-12-08,P043,SUP14,150,15.49,2323.5
PO-10179,2025-12-08,P048,SUP15,100,21.16,2116.0
PO-10180,2025-12-08,P017,SUP01,200,20.22,4044.0
PO-10181,2025-12-08,P046,SUP14,120,28.92,3470.4
PO-10182,2025-12-08,P039,SUP14,400,14.42,5768.0
PO-10183,2025-12-08,P007,SUP11,50,65.76,3288.0
PO-10184,2025-12-08,P048,SUP15,100,20.74,2074.0
PO-10185,2025-12-08,P040,SUP09,400,11.87,4748.0
PO-10186,2025-12-08,P031,SUP15,100,37.91,3791.0
PO-10187,2025-12-08,P014,SUP08,40,76.37,3054.8
PO-10188,2025-12-08,P011,SUP06,150,12.85,1927.5
PO-10189,2025-12-09,P036,SUP14,80,32.46,2596.8
PO-10190,2025-12-09,P031,SUP05,300,38.53,11559.0
PO-10191,2025-12-09,P001,SUP01,400,18.91,7564.0
PO-10192,2025-12-09,P009,SUP06,120,24.26,2911.2
PO-10193,2025-12-09,P029,SUP07,100,111.96,11196.0
PO-10194,2025-12-09,P005,SUP11,50,7.6,380.0
PO-10195,2025-12-09,P008,SUP11,250,2.16,540.0
PO-10196,2025-12-09,P046,SUP14,120,28.19,3382.8
PO-10197,2025-12-09,P039,SUP05,200,14.22,2844.0
PO-10198,2025-12-09,P032,SUP05,250,21.68,5420.0
PO-10199,2025-12-09,P026,SUP14,40,54.72,2188.8
PO-10200,2025-12-09,P011,SUP03,400,12.26,4904.0
PO-10201,2025-12-09,P009,SUP11,50,24.12,1206.0
PO-10202,2025-12-09,P015,SUP03,120,41.97,5036.4
PO-10203,2025-12-10,P017,SUP01,250,19.93,4982.5
PO-10204,2025-12-10,P038,SUP09,100,25.22,2522.0
PO-10205,2025-12-10,P008,SUP01,100,2.06,206.0
PO-10206,2025-12-10,P021,SUP14,250,49.21,12302.5
PO-10207,2025-12-10,P043,SUP15,300,15.8,4740.0
PO-10208,2025-12-10,P041,SUP15,15,53.73,805.95
PO-10209,2025-12-10,P002,SUP01,150,6.21,931.5
PO-10210,2025-12-10,P033,SUP15,150,16.3,2445.0
PO-10211,2025-12-10,P017,SUP06,200,20.34,4068.0
PO-10212,2025-12-10,P004,SUP11,100,3.45,345.0
PO-10213,2025-12-10,P027,SUP14,20,141.26,2825.2
PO-10214,2025-12-10,P004,SUP11,200,3.33,666.0
PO-10215,2025-12-10,P033,SUP05,300,16.81,5043.0
PO-10216,2025-12-10,P021,SUP13,300,47.53,14259.0
PO-10217,2025-12-10,P024,SUP07,400,5.11,2044.0
PO-10218,2025-12-10,P035,SUP09,50,45.95,2297.5
PO-10219,2025-12-10,P008,SUP06,500,2.12,1060.0
PO-10220,2025-12-11,P025,SUP07,50,34.47,1723.5
PO-10221,2025-12-11,P048,SUP08,300,21.31,6393.0
PO-10222,2025-12-11,P017,SUP03,150,20.3,3045.0
PO-10223,2025-12-11,P002,SUP15,200,6.03,1206.0
PO-10224,2025-12-11,P001,SUP15,150,18.34,2751.0
PO-10225,2025-12-11,P039,SUP14,250,14.29,3572.5
PO-10226,2025-12-11,P046,SUP01,50,28.57,1428.5
PO-10227,2025-12-11,P029,SUP14,40,114.06,4562.4
PO-10228,2025-12-11,P029,SUP04,40,113.62,4544.8
PO-10229,2025-12-11,P035,SUP05,120,44.5,5340.0
PO-10230,2025-12-11,P034,SUP09,250,28.09,7022.5
PO-10231,2025-12-12,P043,SUP12,100,15.21,1521.0
PO-10232,2025-12-12,P016,SUP03,50,56.39,2819.5
PO-10233,2025-12-12,P040,SUP15,250,12.05,3012.5
PO-10234,2025-12-12,P037,SUP15,500,17.57,8785.0
PO-10235,2025-12-12,P039,SUP05,200,14.38,2876.0
PO-10236,2025-12-12,P030,SUP04,250,74.1,18525.0
PO-10237,2025-12-12,P039,SUP09,100,14.28,1428.0
PO-10238,2025-12-12,P032,SUP15,400,21.46,8584.0
PO-10239,2025-12-12,P001,SUP02,500,18.29,9145.0
PO-10240,2025-12-12,P001,SUP06,400,18.73,7492.0
PO-10241,2025-12-12,P029,SUP07,60,116.81,7008.6
PO-10242,2025-12-12,P021,SUP13,300,48.16,14448.0
PO-10243,2025-12-12,P048,SUP08,200,20.97,4194.0
PO-10244,2025-12-13,P020,SUP10,100,26.88,2688.0
PO-10245,2025-12-13,P030,SUP07,400,73.5,29400.0
PO-10246,2025-12-13,P030,SUP14,500,71.35,35675.0
PO-10247,2025-12-13,P037,SUP15,150,18.41,2761.5
PO-10248,2025-12-13,P028,SUP13,15,87.86,1317.9
PO-10249,2025-12-13,P002,SUP01,300,6.09,1827.0
PO-10250,2025-12-13,P020,SUP10,80,26.66,2132.8
PO-10251,2025-12-13,P034,SUP15,100,27.7,2770.0
PO-10252,2025-12-13,P030,SUP14,150,73.03,10954.5
PO-10253,2025-12-13,P007,SUP02,40,64.15,2566.0
PO-10254,2025-12-13,P045,SUP15,80,35.13,2810.4
PO-10255,2025-12-13,P044,SUP15,10,79.87,798.7
PO-10256,2025-12-13,P008,SUP02,500,2.13,1065.0
PO-10257,2025-12-13,P030,SUP14,200,70.97,14194.0
PO-10258,2025-12-14,P043,SUP01,200,15.65,3130.0
PO-10259,2025-12-14,P015,SUP10,80,42.1,3368.0
PO-10260,2025-12-14,P037,SUP15,150,18.37,2755.5
PO-10261,2025-12-14,P007,SUP01,80,64.24,5139.2
PO-10262,2025-12-14,P036,SUP15,120,32.12,3854.4
PO-10263,2025-12-14,P048,SUP14,150,20.7,3105.0
PO-10264,2025-12-14,P021,SUP13,300,49.18,14754.0
PO-10265,2025-12-14,P015,SUP08,60,41.5,2490.0
PO-10266,2025-12-14,P021,SUP04,200,47.97,9594.0
PO-10267,2025-12-14,P035,SUP09,40,44.07,1762.8
PO-10268,2025-12-14,P001,SUP06,400,18.82,7528.0
PO-10269,2025-12-14,P014,SUP03,80,76.51,6120.8
PO-10270,2025-12-14,P030,SUP14,400,72.35,28940.0
PO-10271,2025-12-14,P004,SUP11,200,3.48,696.0
PO-10272,2025-12-15,P021,SUP15,400,47.38,18952.0
PO-10273,2025-12-15,P040,SUP14,150,12.03,1804.5
PO-10274,2025-12-15,P004,SUP06,400,3.43,1372.0
PO-10275,2025-12-15,P032,SUP14,300,21.53,6459.0
PO-10276,2025-12-15,P010,SUP06,50,45.96,2298.0
PO-10277,2025-12-15,P036,SUP05,100,32.94,3294.0
PO-10278,2025-12-15,P045,SUP14,80,35.82,2865.6
PO-10279,2025-12-15,P045,SUP01,100,35.42,3542.0
PO-10280,2025-12-15,P024,SUP04,500,5.09,2545.0
PO-10281,2025-12-15,P008,SUP15,100,2.1,210.0
PO-10282,2025-12-15,P036,SUP05,60,32.25,1935.0
PO-10283,2025-12-15,P035,SUP09,120,44.32,5318.4
PO-10284,2025-12-15,P013,SUP01,120,31.37,3764.4
PO-10285,2025-12-15,P010,SUP02,120,44.43,5331.6
PO-10286,2025-12-15,P039,SUP14,300,14.37,4311.0
PO-10287,2025-12-16,P015,SUP10,100,41.94,4194.0
PO-10288,2025-12-16,P033,SUP14,250,16.89,4222.5
PO-10289,2025-12-16,P011,SUP10,250,12.42,3105.0
PO-10290,2025-12-16,P037,SUP14,250,17.48,4370.0
PO-10291,2025-12-16,P038,SUP05,100,25.65,2565.0
PO-10292,2025-12-16,P009,SUP06,120,23.76,2851.2
PO-10293,2025-12-16,P037,SUP09,250,17.56,4390.0
PO-10294,2025-12-16,P035,SUP09,60,44.66,2679.6
PO-10295,2025-12-16,P031,SUP09,500,37.4,18700.0
PO-10296,2025-12-16,P028,SUP15,10,90.2,902.0
PO-10297,2025-12-16,P012,SUP03,30,108.17,3245.1
PO-10298,2025-12-16,P003,SUP11,50,83.99,4199.5
PO-10299,2025-12-16,P032,SUP14,150,21.38,3207.0
PO-10300,2025-12-16,P025,SUP04,50,36.03,1801.5
PO-10301,2025-12-16,P031,SUP09,150,38.94,5841.0
PO-10302,2025-12-16,P022,SUP15,40,92.28,3691.2
PO-10303,2025-12-17,P031,SUP09,400,39.09,15636.0
PO-10304,2025-12-17,P031,SUP09,150,38.09,5713.5
PO-10305,2025-12-17,P048,SUP08,100,20.53,2053.0
PO-10306,2025-12-17,P010,SUP01,100,44.21,4421.0
PO-10307,2025-12-17,P030,SUP14,150,73.85,11077.5
PO-10308,2025-12-17,P032,SUP14,500,22.11,11055.0
PO-10309,2025-12-17,P011,SUP06,200,12.83,2566.0
PO-10310,2025-12-17,P038,SUP05,120,24.4,2928.0
PO-10311,2025-12-17,P004,SUP02,200,3.32,664.0
PO-10312,2025-12-17,P009,SUP02,120,24.45,2934.0
PO-10313,2025-12-17,P009,SUP06,60,24.13,1447.8
PO-10314,2025-12-18,P040,SUP14,250,12.18,3045.0
PO-10315,2025-12-18,P043,SUP14,500,15.34,7670.0
PO-10316,2025-12-18,P004,SUP06,100,3.46,346.0
PO-10317,2025-12-18,P022,SUP04,120,89.44,10732.8
PO-10318,2025-12-18,P043,SUP01,250,15.11,3777.5
PO-10319,2025-12-18,P001,SUP02,150,18.99,2848.5
PO-10320,2025-12-18,P017,SUP01,150,20.34,3051.0
PO-10321,2025-12-18,P039,SUP15,500,14.57,7285.0
PO-10322,2025-12-18,P001,SUP06,150,18.54,2781.0
PO-10323,2025-12-18,P036,SUP14,100,32.63,3263.0
PO-10324,2025-12-18,P010,SUP01,40,43.86,1754.4
PO-10325,2025-12-18,P008,SUP02,300,2.1,630.0
PO-10326,2025-12-18,P048,SUP15,250,20.8,5200.0
PO-10327,2025-12-18,P048,SUP08,100,20.61,2061.0
PO-10328,2025-12-18,P009,SUP02,50,24.14,1207.0
PO-10329,2025-12-18,P031,SUP05,100,38.72,3872.0
PO-10330,2025-12-19,P008,SUP11,500,2.09,1045.0
PO-10331,2025-12-19,P012,SUP03,15,109.2,1638.0
PO-10332,2025-12-19,P002,SUP15,400,6.04,2416.0
PO-10333,2025-12-19,P044,SUP01,40,81.36,3254.4
PO-10334,2025-12-19,P004,SUP06,200,3.47,694.0
PO-10335,2025-12-19,P011,SUP01,150,12.82,1923.0
PO-10336,2025-12-19,P040,SUP05,250,12.32,3080.0
PO-10337,2025-12-20,P025,SUP15,120,33.98,4077.6
PO-10338,2025-12-20,P039,SUP14,200,14.36,2872.0
PO-10339,2025-12-20,P037,SUP09,150,17.73,2659.5
PO-10340,2025-12-20,P031,SUP05,150,37.45,5617.5
PO-10341,2025-12-20,P022,SUP14,60,90.69,5441.4
PO-10342,2025-12-20,P016,SUP10,60,58.61,3516.6
PO-10343,2025-12-20,P001,SUP01,100,19.04,1904.0
PO-10344,2025-12-20,P029,SUP07,50,116.97,5848.5
PO-10345,2025-12-20,P024,SUP13,200,5.22,1044.0
PO-10346,2025-12-20,P034,SUP05,200,28.45,5690.0
PO-10347,2025-12-20,P014,SUP03,80,73.84,5907.2
PO-10348,2025-12-20,P036,SUP15,80,31.71,2536.8
PO-10349,2025-12-20,P032,SUP05,150,22.33,3349.5
PO-10350,2025-12-20,P001,SUP06,150,18.69,2803.5
PO-10351,2025-12-20,P010,SUP06,40,45.84,1833.6
PO-10352,2025-12-20,P039,SUP15,200,14.78,2956.0
PO-10353,2025-12-20,P040,SUP09,400,11.79,4716.0
PO-10354,2025-12-20,P021,SUP07,500,47.17,23585.0
PO-10355,2025-12-20,P011,SUP10,200,12.4,2480.0
PO-10356,2025-12-20,P043,SUP14,400,15.91,6364.0
PO-10357,2025-12-21,P008,SUP02,300,2.08,624.0
PO-10358,2025-12-21,P031,SUP05,400,39.6,15840.0
PO-10359,2025-12-21,P023,SUP14,50,65.11,3255.5
PO-10360,2025-12-21,P034,SUP15,400,28.29,11316.0
PO-10361,2025-12-21,P037,SUP09,150,18.28,2742.0
PO-10362,2025-12-21,P036,SUP15,80,32.26,2580.8
PO-10363,2025-12-21,P021,SUP04,400,48.27,19308.0
PO-10364,2025-12-21,P017,SUP01,500,19.42,9710.0
PO-10365,2025-12-21,P040,SUP09,300,12.08,3624.0
PO-10366,2025-12-21,P043,SUP15,400,15.64,6256.0
PO-10367,2025-12-21,P013,SUP08,60,31.61,1896.6
PO-10368,2025-12-21,P021,SUP04,500,49.12,24560.0
PO-10369,2025-12-22,P045,SUP12,60,36.42,2185.2
PO-10370,2025-12-22,P043,SUP12,500,15.28,7640.0
PO-10371,2025-12-22,P004,SUP01,250,3.36,840.0
PO-10372,2025-12-22,P003,SUP01,100,83.31,8331.0
PO-10373,2025-12-22,P033,SUP15,300,16.09,4827.0
PO-10374,2025-12-22,P031,SUP14,150,38.98,5847.0
PO-10375,2025-12-22,P033,SUP15,100,16.95,1695.0
PO-10376,2025-12-22,P032,SUP14,150,21.88,3282.0
PO-10377,2025-12-22,P034,SUP15,400,27.46,10984.0
PO-10378,2025-12-22,P039,SUP15,150,14.76,2214.0
PO-10379,2025-12-22,P039,SUP09,100,14.43,1443.0
PO-10380,2025-12-22,P037,SUP14,250,17.55,4387.5
PO-10381,2025-12-23,P041,SUP14,15,54.49,817.35
PO-10382,2025-12-23,P025,SUP07,50,35.48,1774.0
PO-10383,2025-12-23,P009,SUP01,120,24.17,2900.4
PO-10384,2025-12-23,P003,SUP15,60,84.03,5041.8
PO-10385,2025-12-23,P011,SUP01,100,12.68,1268.0
PO-10386,2025-12-23,P024,SUP15,150,5.25,787.5
PO-10387,2025-12-23,P025,SUP14,100,35.64,3564.0
PO-10388,2025-12-23,P006,SUP01,40,119.33,4773.2
PO-10389,2025-12-23,P046,SUP01,50,28.87,1443.5
PO-10390,2025-12-24,P004,SUP01,100,3.32,332.0
PO-10391,2025-12-24,P003,SUP01,80,84.15,6732.0
PO-10392,2025-12-24,P011,SUP08,150,12.72,1908.0
PO-10393,2025-12-24,P033,SUP05,250,16.62,4155.0
PO-10394,2025-12-24,P049,SUP08,10,371.76,3717.6
PO-10395,2025-12-24,P006,SUP06,40,121.55,4862.0
PO-10396,2025-12-24,P043,SUP08,500,15.27,7635.0
PO-10397,2025-12-25,P017,SUP01,300,19.9,5970.0
PO-10398,2025-12-25,P043,SUP01,500,15.38,7690.0
PO-10399,2025-12-25,P024,SUP14,150,5.31,796.5
PO-10400,2025-12-25,P024,SUP07,300,5.28,1584.0
PO-10401,2025-12-25,P021,SUP14,500,47.97,23985.0
PO-10402,2025-12-25,P024,SUP15,200,5.14,1028.0
PO-10403,2025-12-25,P033,SUP14,200,16.67,3334.0
PO-10404,2025-12-25,P017,SUP06,150,19.9,2985.0
PO-10405,2025-12-25,P039,SUP09,500,14.12,7060.0
PO-10406,2025-12-25,P045,SUP12,50,35.47,1773.5
PO-10407,2025-12-25,P001,SUP06,400,18.79,7516.0
PO-10408,2025-12-25,P030,SUP14,400,72.23,28892.0
PO-10409,2025-12-25,P025,SUP04,40,35.19,1407.6
PO-10410,2025-12-25,P009,SUP15,40,23.43,937.2
PO-10411,2025-12-26,P024,SUP15,400,5.29,2116.0
PO-10412,2025-12-26,P027,SUP14,40,135.9,5436.0
PO-10413,2025-12-26,P050,SUP15,20,97.07,1941.4
PO-10414,2025-12-26,P002,SUP02,150,6.05,907.5
PO-10415,2025-12-26,P003,SUP15,120,83.76,10051.2
PO-10416,2025-12-26,P042,SUP15,100,67.41,6741.0
PO-10417,2025-12-26,P016,SUP01,60,57.93,3475.8
PO-10418,2025-12-26,P024,SUP14,150,5.1,765.0
PO-10419,2025-12-26,P030,SUP14,100,71.4,7140.0
PO-10420,2025-12-26,P027,SUP15,10,141.62,1416.2
PO-10421,2025-12-26,P013,SUP06,60,32.02,1921.2
PO-10422,2025-12-26,P004,SUP15,300,3.3,990.0
PO-10423,2025-12-26,P036,SUP14,80,31.57,2525.6
PO-10424,2025-12-26,P021,SUP13,300,47.94,14382.0
PO-10425,2025-12-26,P008,SUP01,150,2.04,306.0
PO-10426,2025-12-26,P009,SUP02,60,24.22,1453.2
PO-10427,2025-12-26,P011,SUP01,250,12.85,3212.5
PO-10428,2025-12-26,P014,SUP10,100,75.14,7514.0
PO-10429,2025-12-26,P036,SUP15,100,31.17,3117.0
PO-10430,2025-12-26,P017,SUP03,500,19.24,9620.0
PO-10431,2025-12-26,P034,SUP15,400,27.54,11016.0
PO-10432,2025-12-26,P048,SUP15,100,20.45,2045.0
PO-10433,2025-12-26,P016,SUP10,60,58.93,3535.8
PO-10434,2025-12-26,P031,SUP14,100,37.74,3774.0
PO-10435,2025-12-26,P023,SUP07,60,63.31,3798.6
PO-10436,2025-12-26,P024,SUP14,200,5.15,1030.0
PO-10437,2025-12-26,P031,SUP14,150,37.49,5623.5
PO-10438,2025-12-27,P020,SUP08,80,26.88,2150.4
PO-10439,2025-12-27,P048,SUP12,250,20.62,5155.0
PO-10440,2025-12-27,P045,SUP08,60,36.98,2218.8
PO-10441,2025-12-27,P021,SUP15,500,48.7,24350.0
PO-10442,2025-12-27,P007,SUP11,100,65.68,6568.0
PO-10443,2025-12-27,P009,SUP11,80,23.76,1900.8
PO-10444,2025-12-27,P003,SUP11,80,87.12,6969.6
PO-10445,2025-12-27,P017,SUP01,300,19.5,5850.0
PO-10446,2025-12-27,P007,SUP15,100,63.8,6380.0
PO-10447,2025-12-27,P026,SUP07,20,55.49,1109.8
PO-10448,2025-12-27,P021,SUP13,150,49.3,7395.0
PO-10449,2025-12-27,P030,SUP04,500,72.03,36015.0
PO-10450,2025-12-27,P043,SUP12,150,15.4,2310.0
PO-10451,2025-12-27,P023,SUP15,80,63.81,5104.8
PO-10452,2025-12-27,P033,SUP05,400,16.92,6768.0
PO-10453,2025-12-27,P030,SUP07,100,70.82,7082.0
PO-10454,2025-12-27,P021,SUP13,300,49.08,14724.0
PO-10455,2025-12-28,P030,SUP15,250,71.54,17885.0
PO-10456,2025-12-28,P026,SUP15,10,54.76,547.6
PO-10457,2025-12-28,P020,SUP03,50,27.22,1361.0
PO-10458,2025-12-28,P032,SUP14,400,21.78,8712.0
PO-10459,2025-12-28,P001,SUP02,400,18.51,7404.0
PO-10460,2025-12-28,P032,SUP15,500,21.71,10855.0
PO-10461,2025-12-28,P042,SUP14,80,69.6,5568.0
PO-10462,2025-12-28,P034,SUP15,250,28.7,7175.0
PO-10463,2025-12-28,P001,SUP02,400,18.23,7292.0
PO-10464,2025-12-28,P017,SUP01,400,19.87,7948.0
PO-10465,2025-12-28,P048,SUP15,300,20.74,6222.0
PO-10466,2025-12-28,P021,SUP15,500,47.91,23955.0
PO-10467,2025-12-28,P015,SUP10,80,42.22,3377.6
PO-10468,2025-12-28,P044,SUP12,20,83.13,1662.6
PO-10469,2025-12-28,P009,SUP11,80,23.84,1907.2
PO-10470,2025-12-28,P037,SUP14,100,18.17,1817.0
PO-10471,2025-12-28,P001,SUP11,150,18.03,2704.5
PO-10472,2025-12-28,P017,SUP01,500,19.5,9750.0
PO-10473,2025-12-28,P030,SUP14,250,71.88,17970.0
PO-10474,2025-12-28,P036,SUP15,80,32.5,2600.0
PO-10475,2025-12-29,P023,SUP15,100,62.17,6217.0
PO-10476,2025-12-29,P047,SUP08,40,76.43,3057.2
PO-10477,2025-12-29,P002,SUP06,200,6.14,1228.0
PO-10478,2025-12-29,P037,SUP05,400,17.96,7184.0
PO-10479,2025-12-29,P024,SUP04,400,5.27,2108.0
PO-10480,2025-12-29,P046,SUP01,100,28.92,2892.0
PO-10481,2025-12-29,P023,SUP04,50,64.16,3208.0
PO-10482,2025-12-29,P033,SUP09,300,16.92,5076.0
PO-10483,2025-12-29,P021,SUP07,400,47.98,19192.0
PO-10484,2025-12-29,P002,SUP06,150,6.22,933.0
PO-10485,2025-12-29,P031,SUP14,400,37.77,15108.0
PO-10486,2025-12-30,P047,SUP01,40,75.79,3031.6
PO-10487,2025-12-30,P039,SUP05,500,14.08,7040.0
PO-10488,2025-12-30,P038,SUP05,40,25.28,1011.2
PO-10489,2025-12-30,P043,SUP08,400,15.16,6064.0
PO-10490,2025-12-30,P039,SUP09,150,14.34,2151.0
PO-10491,2025-12-30,P043,SUP15,400,15.88,6352.0
PO-10492,2025-12-30,P036,SUP09,40,32.51,1300.4
PO-10493,2025-12-30,P025,SUP07,50,34.14,1707.0
PO-10494,2025-12-30,P048,SUP15,300,20.98,6294.0
PO-10495,2025-12-30,P040,SUP05,500,11.87,5935.0
PO-10496,2025-12-30,P032,SUP05,200,21.56,4312.0
PO-10497,2025-12-30,P046,SUP14,60,28.53,1711.8
PO-10498,2025-12-30,P018,SUP10,30,233.57,7007.1
PO-10499,2025-12-30,P022,SUP04,50,91.72,4586.0
PO-10500,2025-12-30,P013,SUP01,80,32.76,2620.8
